2300 0 1 0           
4 HQH1 12 ACIS 23.0 NT 24 Mon Jul 01 19:42:24 2024 
1 9.9999999999999995e-007 1e-010 
body $1 -1 -1 $-1 $2 $-1 $-1 T -36.702921814433196 -79.822824286131507 0.35635499776478968 36.702921814433218 76.227096001443101 3.1952822670142953 #
rgb_color-st-attrib $-1 -1 $3 $-1 $0 2 1 2 1 1 1 1 1 1 1 1 1 1 1 0 1 1 1 0.50196099281311035 1 1 #
lump $-1 -1 -1 $-1 $4 $5 $0 T 29.460246759487799 -79.82140000000004 3.191976663773747 31.722027736165199 -79.767560156837206 3.1950843586752327 #
name_attrib-gen-attrib $-1 -1 $6 $1 $0 2 1 1 1 1 1 1 1 1 1 1 1 1 1 0 1 1 1 @27 c0.501961 1.000000 1.000000 #
lump $-1 -1 -1 $-1 $7 $8 $0 T -36.702921814433196 -79.822824286131507 0.35635499776478968 36.702921814433218 76.227096001443101 3.1952822670142953 #
shell $-1 -1 -1 $-1 $-1 $-1 $9 $-1 $2 T 29.460246759487799 -79.82140000000004 3.191976663773747 31.722027736165199 -79.767560156837206 3.1950843586752327 #
integer_attrib-name_attrib-gen-attrib $-1 -1 $10 $3 $0 2 1 1 1 1 1 1 1 1 1 1 1 1 1 0 1 1 1 @4 type 5 #
lump $-1 -1 -1 $-1 $-1 $11 $0 T -31.651692651713699 -79.821400000000594 3.192289328623549 -29.460247720353401 -79.767922180622492 3.1950843847031889 #
shell $-1 -1 -1 $-1 $-1 $-1 $12 $-1 $4 T -36.702921814433196 -79.822824286131507 0.35635499776478968 36.702921814433218 76.227096001443101 3.1952822670142953 #
face $13 -1 -1 $-1 $-1 $14 $5 $-1 $15 forward double out F T 0.74160673924889797 0.79868061471201701 -76.976399999999998 -76.923507131986199 #
name_attrib-gen-attrib $-1 -1 $16 $6 $0 2 1 1 1 1 1 1 1 1 1 1 1 1 1 0 1 1 1 @7 mVacuum #
shell $-1 -1 -1 $-1 $-1 $-1 $17 $-1 $7 T -31.651692651713699 -79.821400000000594 3.192289328623549 -29.460247720353401 -79.767922180622492 3.1950843847031889 #
face $18 -1 -1 $-1 $19 $20 $8 $-1 $21 forward double out F T -0.0052799892090823197 0.98803788283308003 -77.071412026493903 78.976475463823306 #
integer_attrib-name_attrib-gen-attrib $-1 -1 $22 $-1 $9 2 0 0 1 1 1 1 1 1 1 1 1 1 1 0 1 1 1 @3 fif 0 #
loop $-1 -1 -1 $-1 $-1 $23 $9 T 29.498999038627389 -79.82140000000004 3.191976663773747 31.720953092701237 -79.767560156837206 3.1950843586752327 periphery $15 F #
spline-surface $-1 -1 -1 $-1 forward { exactsur full nubs 3 1 open open none none 4 2 
	0.74160673924889797 3 0.77911366041319996 1 0.79502425167379998 1 0.79868061471201701 3 
	-76.976399999999998 1 -76.923507131986199 1 
	29.460246759487799 -79.821399999999997 3.19395468413164 
	29.957241398648002 -79.821399999999997 3.1938999988404801 
	30.665106301959501 -79.821399999999997 3.1938300965057298 
	31.419241886690799 -79.821399999999997 3.1941849677998002 
	31.6744675086074 -79.821399999999997 3.1932109074136301 
	31.722027736165199 -79.821399999999997 3.1929660217484201 
	29.460246759487799 -79.768507131986198 3.19395468413164 
	29.957241398648002 -79.768507131986198 3.1938999988404801 
	30.665106301959501 -79.768507131986198 3.1938300965057298 
	31.419241886690799 -79.768507131986198 3.1941849677998002 
	31.6744675086074 -79.768507131986198 3.1932109074136301 
	31.722027736165199 -79.768507131986198 3.1929660217484201 
	0 
	0 
	0 
	2 0.77911366041319996 0.79502425167379998 
	0 
	0 
	0 
	F 1 F 0 F 1 F 0 } I I I I #
name_attrib-gen-attrib $-1 -1 $24 $10 $0 2 1 1 1 1 1 1 1 1 1 1 1 1 1 0 1 1 1 @6 nx:s56 #
face $25 -1 -1 $-1 $-1 $26 $11 $-1 $27 forward double out F T 0.741606763420257 0.79688060893164703 78.923804307130595 78.976399999999998 #
integer_attrib-name_attrib-gen-attrib $-1 -1 $28 $-1 $12 2 0 0 1 1 1 1 1 1 1 1 1 1 1 0 1 1 1 @3 fif 0 #
face $29 -1 -1 $-1 $-1 $30 $8 $-1 $31 forward double out F T -0.0052799891335147901 0.98803787827893197 -76.975028466192398 79.072003941192094 #
loop $-1 -1 -1 $-1 $-1 $32 $12 T -36.702921814433196 -79.822331117854446 0.35635499776478968 0.001 76.221000000000032 3.1952822670142953 periphery $21 F #
spline-surface $-1 -1 -1 $-1 forward { exactsur full nubs 3 1 open open none none 21 2 
	-0.0052799892090823197 3 0 3 0.19477841510329999 1 0.38955683020659998 1 0.5843352453099 1 
	0.68172445286149996 1 0.73041905663740003 1 0.77911366041319996 1 0.79502425167379998 1 0.81093135335779998 1 
	0.84253989381780003 1 0.85815501161240004 1 0.87362113613350001 1 0.8889655951273 1 0.90423526022580003 1 
	0.91948120819029999 1 0.93475305182269997 1 0.95010669109430002 1 0.96561829081619999 1 0.9813878819945 1 
	0.98803788283308003 3 
	-77.071412026493903 1 78.976475463823306 1 
	0.209745639763213 76.225187932746294 3.194 
	0.139830426508809 76.2252186195348 3.194 
	0.069915213254404293 76.225249306323406 3.194 
	0 76.225279993111997 3.194 
	-2.5791670948640002 76.226412026493904 3.194 
	-7.7374660877570003 76.226412026493904 3.1940034957260002 
	-15.47511419678 76.226412026493904 3.1939877649590001 
	-21.922596149749999 76.226412026493904 3.1940358312099999 
	-26.43687780862 76.226412026493904 3.1939501860120001 
	-29.014974624299999 76.226412026493904 3.194087394211 
	-30.517279831450001 76.226412026493904 3.1937605342520001 
	-31.581114860570001 76.226412026493904 3.194261139874 
	-32.401692482000001 76.226412026493904 3.1888799780950001 
	-33.176423849130003 76.226412026493904 3.150917755869 
	-33.89126614525 76.226412026493904 3.0340777042439999 
	-34.391203973780001 76.226412026493904 2.9009243874639998 
	-34.85486759274 76.226412026493904 2.7174224091550001 
	-35.279527164660003 76.226412026493904 2.4816602744040002 
	-35.661229710199997 76.226412026493904 2.1938419289510001 
	-35.994783532230002 76.226412026493904 1.856118227082 
	-36.274939750039998 76.226412026493904 1.471687167162 
	-36.497813913919998 76.226412026493904 1.0429621815700001 
	-36.628960250636197 76.226412026493904 0.66444957607778998 
	-36.686500756317301 76.226412026493904 0.42844338854077002 
	-36.701921863455098 76.226412026493904 0.35735477178201203 
	0.209745639763213 -79.822824286131507 3.194 
	0.139830426508809 -79.822790472524503 3.194 
	0.069915213254404293 -79.822756658917399 3.194 
	0 -79.822722845310395 3.194 
	-2.5791670948640002 -79.821475463823305 3.194 
	-7.7374660877570003 -79.821475463823305 3.1940034957260002 
	-15.47511419678 -79.821475463823305 3.1939877649590001 
	-21.922596149749999 -79.821475463823305 3.1940358312099999 
	-26.43687780862 -79.821475463823305 3.1939501860120001 
	-29.014974624299999 -79.821475463823305 3.194087394211 
	-30.517279831450001 -79.821475463823305 3.1937605342520001 
	-31.581114860570001 -79.821475463823305 3.194261139874 
	-32.401692482000001 -79.821475463823305 3.1888799780950001 
	-33.176423849130003 -79.821475463823305 3.150917755869 
	-33.89126614525 -79.821475463823305 3.0340777042439999 
	-34.391203973780001 -79.821475463823305 2.9009243874639998 
	-34.85486759274 -79.821475463823305 2.7174224091550001 
	-35.279527164660003 -79.821475463823305 2.4816602744040002 
	-35.661229710199997 -79.821475463823305 2.1938419289510001 
	-35.994783532230002 -79.821475463823305 1.856118227082 
	-36.274939750039998 -79.821475463823305 1.471687167162 
	-36.497813913919998 -79.821475463823305 1.0429621815700001 
	-36.628960250636197 -79.821475463823305 0.66444957607778998 
	-36.686500756317301 -79.821475463823305 0.42844338854077002 
	-36.701921863455198 -79.821475463823205 0.35735477178201203 
	0 
	0 
	1 0 
	18 0.19477841510329999 0.38955683020659998 0.5843352453099 0.68172445286149996 0.73041905663740003 0.77911366041319996 0.79502425167379998 0.81093135335779998 0.84253989381780003 0.85815501161240004 0.87362113613350001 0.8889655951273 0.90423526022580003 0.91948120819029999 0.93475305182269997 0.95010669109430002 0.96561829081619999 0.9813878819945 
	0 
	0 
	0 
	F 1 F 0 F 1 F 0 } I I I I #
integer_attrib-name_attrib-gen-attrib $-1 -1 $-1 $13 $9 2 1 1 1 1 1 1 1 1 1 1 1 1 1 0 1 1 1 @3 pid 1 #
coedge $-1 -1 -1 $-1 $33 $34 $-1 $35 forward $14 $36 #
integer_attrib-name_attrib-gen-attrib $-1 -1 $37 $16 $0 2 1 1 1 1 1 1 1 1 1 1 1 1 1 0 1 1 1 @3 noe 403 #
integer_attrib-name_attrib-gen-attrib $-1 -1 $38 $-1 $17 2 0 0 1 1 1 1 1 1 1 1 1 1 1 0 1 1 1 @3 fif 0 #
loop $-1 -1 -1 $-1 $-1 $39 $17 T -31.651576565543252 -79.821400000000594 3.192289328623549 -29.498999999494593 -79.767922180622492 3.1950843847031889 periphery $27 F #
spline-surface $-1 -1 -1 $-1 forward { exactsur full nubs 3 1 open open none none 4 2 
	0.741606763420257 3 0.77911366041319996 1 0.79502425167379998 1 0.79688060893164703 3 
	78.923804307130595 1 78.976399999999998 1 
	-29.460247720353401 -79.768804307130495 3.1939546840259099 
	-29.957242039263999 -79.768804307130495 3.1938999987772201 
	-30.665106621343501 -79.768804307130495 3.1938300966560198 
	-31.395457827860302 -79.768804307130495 3.1941737758073998 
	-31.627481925864299 -79.768804307130495 3.1933808465790201 
	-31.651692651713699 -79.768804307130495 3.19328491566568 
	-29.460247720353401 -79.821399999999997 3.1939546840259099 
	-29.957242039263999 -79.821399999999898 3.1938999987772201 
	-30.665106621343501 -79.821399999999997 3.1938300966560198 
	-31.395457827860302 -79.821399999999997 3.1941737758073998 
	-31.627481925864299 -79.821399999999997 3.1933808465790201 
	-31.651692651713699 -79.821399999999997 3.19328491566568 
	0 
	0 
	0 
	2 0.77911366041319996 0.79502425167379998 
	0 
	0 
	0 
	F 1 F 0 F 1 F 0 } I I I I #
integer_attrib-name_attrib-gen-attrib $-1 -1 $-1 $18 $12 2 1 1 1 1 1 1 1 1 1 1 1 1 1 0 1 1 1 @3 pid 2 #
integer_attrib-name_attrib-gen-attrib $-1 -1 $40 $-1 $19 2 0 0 1 1 1 1 1 1 1 1 1 1 1 0 1 1 1 @3 fif 0 #
loop $-1 -1 -1 $-1 $-1 $41 $19 T -0.001000000000003549 -79.820827262346697 0.35635499776483559 36.702921814433218 76.221002589444424 3.1952796909188512 unknown #
spline-surface $-1 -1 -1 $-1 forward { exactsur full nubs 3 1 open open none none 21 2 
	-0.0052799891335147901 3 0 3 0.19477841510329999 1 0.38955683020659998 1 0.5843352453099 1 
	0.68172445286149996 1 0.73041905663740003 1 0.77911366041319996 1 0.79502425167379998 1 0.81093135335779998 1 
	0.84253989381780003 1 0.85815501161240004 1 0.87362113613350001 1 0.8889655951273 1 0.90423526022580003 1 
	0.91948120819029999 1 0.93475305182269997 1 0.95010669109430002 1 0.96561829081619999 1 0.9813878819945 1 
	0.98803787827893197 3 
	-76.975028466192398 1 79.072003941192094 1 
	-0.20974561439391201 -79.819927025545496 3.194 
	-0.13983040959594101 -79.819960839094406 3.194 
	-0.069915204797970504 -79.819994652643402 3.194 
	0 -79.820028466192397 3.194 
	2.57916681981997 -79.821275845554894 3.194 
	7.7374660877570003 -79.820028466192397 3.1940034957260002 
	15.47511419678 -79.820028466192397 3.1939877649590001 
	21.922596149749999 -79.820028466192397 3.1940358312099999 
	26.43687780862 -79.820028466192397 3.1939501860120001 
	29.014974624299999 -79.820028466192397 3.194087394211 
	30.517279831450001 -79.820028466192397 3.1937605342520001 
	31.581114860570001 -79.820028466192397 3.194261139874 
	32.401692482000001 -79.820028466192397 3.1888799780950001 
	33.176423849130003 -79.820028466192397 3.150917755869 
	33.89126614525 -79.820028466192397 3.0340777042439999 
	34.391203973780001 -79.820028466192397 2.9009243874639998 
	34.85486759274 -79.820028466192397 2.7174224091550001 
	35.279527164660003 -79.820028466192397 2.4816602744040002 
	35.661229710199997 -79.820028466192397 2.1938419289510001 
	35.994783532230002 -79.820028466192397 1.856118227082 
	36.274939750039998 -79.820028466192397 1.471687167162 
	36.497813913919998 -79.820028466192397 1.0429621815700001 
	36.6289602348903 -79.820028466192397 0.66444962152329601 
	36.686500732940601 -79.820028466192397 0.42844348442181701 
	36.701921831772502 -79.820028466192397 0.35735491783374201 
	-0.20974561439391201 76.227096001443101 3.194 
	-0.13983040959594101 76.227065314692794 3.194 
	-0.069915204797970504 76.227034627942501 3.194 
	0 76.227003941192194 3.194 
	2.57916681981997 76.225871909205296 3.194 
	7.7374660877570003 76.227003941192194 3.1940034957260002 
	15.47511419678 76.227003941192194 3.1939877649590001 
	21.922596149749999 76.227003941192194 3.1940358312099999 
	26.43687780862 76.227003941192194 3.1939501860120001 
	29.014974624299999 76.227003941192194 3.194087394211 
	30.517279831450001 76.227003941192194 3.1937605342520001 
	31.581114860570001 76.227003941192194 3.194261139874 
	32.401692482000001 76.227003941192194 3.1888799780950001 
	33.176423849130003 76.227003941192194 3.150917755869 
	33.89126614525 76.227003941192194 3.0340777042439999 
	34.391203973780001 76.227003941192194 2.9009243874639998 
	34.85486759274 76.227003941192194 2.7174224091550001 
	35.279527164660003 76.227003941192194 2.4816602744040002 
	35.661229710199997 76.227003941192194 2.1938419289510001 
	35.994783532230002 76.227003941192194 1.856118227082 
	36.274939750039998 76.227003941192194 1.471687167162 
	36.497813913919998 76.227003941192194 1.0429621815700001 
	36.6289602348903 76.227003941192194 0.66444962152329601 
	36.686500732940601 76.227003941192194 0.42844348442181701 
	36.701921831772502 76.227003941192194 0.35735491783374201 
	0 
	0 
	1 0 
	18 0.19477841510329999 0.38955683020659998 0.5843352453099 0.68172445286149996 0.73041905663740003 0.77911366041319996 0.79502425167379998 0.81093135335779998 0.84253989381780003 0.85815501161240004 0.87362113613350001 0.8889655951273 0.90423526022580003 0.91948120819029999 0.93475305182269997 0.95010669109430002 0.96561829081619999 0.9813878819945 
	0 
	0 
	0 
	F 1 F 0 F 1 F 0 } I I I I #
coedge $-1 -1 -1 $-1 $42 $43 $-1 $44 forward $20 $45 #
coedge $-1 -1 -1 $-1 $46 $23 $-1 $47 forward $14 $48 #
coedge $-1 -1 -1 $-1 $23 $49 $-1 $50 forward $14 $51 #
edge $52 -1 -1 $-1 $53 0.0041122011392918413 $54 0.054112201139290425 $23 $55 reversed @7 unknown T 29.49899903862741 -79.821399999999997 3.1929503257159424 29.500999038627416 -79.76939999999999 3.1949503257159422 #
pcurve $-1 -1 -1 $-1 0 forward { exppc nubs 1 open 2 
	0.0041122011392918413 1 0.054112201139290425 1 
	0.74260673924889864 -76.92540000000001 
	0.74260673924889864 -76.975400000000008 
	0.001 
	-1 
	spline forward { ref 0 } I I I I 
	} 0 0 #
integer_attrib-name_attrib-gen-attrib $-1 -1 $56 $24 $0 2 1 1 1 1 1 1 1 1 1 1 1 1 1 0 1 1 1 @3 nof 4 #
integer_attrib-name_attrib-gen-attrib $-1 -1 $-1 $25 $17 2 1 1 1 1 1 1 1 1 1 1 1 1 1 0 1 1 1 @3 pid 4 #
coedge $-1 -1 -1 $-1 $57 $58 $-1 $59 forward $26 $60 #
integer_attrib-name_attrib-gen-attrib $-1 -1 $-1 $29 $19 2 1 1 1 1 1 1 1 1 1 1 1 1 1 0 1 1 1 @3 pid 3 #
coedge $-1 -1 -1 $-1 $61 $62 $-1 $63 forward $30 $64 #
coedge $-1 -1 -1 $-1 $65 $32 $-1 $66 forward $20 $67 #
coedge $-1 -1 -1 $-1 $32 $68 $-1 $69 forward $20 $70 #
edge $71 -1 -1 $-1 $72 -28.490581246437728 $73 -28.008383187874255 $32 $74 reversed @7 unknown T -31.409057994119973 76.168999999999883 3.1927851226494859 -29.498999999494586 76.171000000000006 3.1952811960131635 #
pcurve $-1 -1 -1 $-1 0 forward { exppc nubs 2 open 10 
	-28.490581246437728 2 -28.410214903343817 2 -28.329848560249903 2 -28.249482217155993 2 -28.209299045609033 2 
	-28.169115874062079 2 -28.128932702515122 2 -28.088749530968165 2 -28.048566359421212 2 -28.008383187874255 2 
	0.79067872558746888 -77.015000000000001 
	0.78892669385702896 -77.015000000000001 
	0.78627500930761085 -77.015000000000001 
	0.78362683560927193 -77.015000000000001 
	0.780178032985128 -77.015000000000001 
	0.77673077178106364 -77.015000000000001 
	0.77257481962428853 -77.015000000000001 
	0.76911153913174768 -77.015000000000001 
	0.76826660003360814 -77.015000000000001 
	0.7674576166300241 -77.015000000000001 
	0.76365237605833092 -77.015000000000001 
	0.75961387815273096 -77.014999999999986 
	0.75875580917060192 -77.014999999999986 
	0.75792675575748625 -77.014999999999986 
	0.75360043467589799 -77.014999999999986 
	0.74907632278943981 -77.014999999999972 
	0.74820965914398174 -77.014999999999986 
	0.74736582930378692 -77.014999999999986 
	0.74260676263004977 -77.015000000000001 
	0.001 
	-1 
	spline forward { ref 1 } I I I I 
	} 0 0 #
coedge $-1 -1 -1 $-1 $75 $33 $-1 $76 forward $14 $77 #
edge $78 -1 -1 $-1 $54 35.993565665818366 $79 44.015444357244384 $33 $80 forward @7 unknown T 29.498999038627389 -79.82140000000004 3.192847916843522 31.21895817568501 -79.819399999999987 3.195083575387514 #
pcurve $-1 -1 -1 $-1 0 forward { exppc nubs 2 open 7 
	35.993565665818366 2 37.330545447722699 2 38.667525229627039 2 40.004505011531378 2 41.341484793435711 2 
	42.678464575340044 2 44.015444357244384 2 
	0.74260673883453565 -76.975400000000008 
	0.74850700264536141 -76.975400000000008 
	0.75364977082893536 -76.975400000000022 
	0.7587927035102584 -76.975400000000008 
	0.76317379885155234 -76.975400000000008 
	0.76755504425035237 -76.975400000000008 
	0.77116902492252715 -76.975400000000008 
	0.77478315038255041 -76.975400000000008 
	0.77762394167248761 -76.975399999999979 
	0.78046465956785749 -76.975400000000008 
	0.78252663907670572 -76.975400000000008 
	0.78458913221995807 -76.975400000000008 
	0.78586681660416191 -76.975400000000008 
	0.001 
	-1 
	spline forward { ref 0 } I I I I 
	} 0 0 #
coedge $-1 -1 -1 $-1 $34 $81 $-1 $82 forward $14 $83 #
edge $84 -1 -1 $-1 $85 -44.03729346723923 $53 -35.993565668042336 $34 $86 reversed @7 unknown T 29.498999038627392 -79.771400000000028 3.192847637878645 31.220601917270749 -79.76939999999999 3.1950843586752327 #
pcurve $-1 -1 -1 $-1 0 forward { exppc nubs 2 open 7 
	-44.03729346723923 2 -42.69667216737308 2 -41.35605086750693 2 -40.015429567640787 2 -38.67480826777463 2 
	-37.334186967908479 2 -35.993565668042336 2 
	0.78590835015538629 -76.925400000000025 
	0.78464010455548361 -76.925400000000025 
	0.78258264857500581 -76.92540000000001 
	0.78052571541704996 -76.92540000000001 
	0.77768573902738847 -76.92540000000001 
	0.77484568943353471 -76.92540000000001 
	0.77122802653352751 -76.925400000000025 
	0.7676105100166104 -76.925400000000025 
	0.76322150301044922 -76.925400000000025 
	0.75883264764955949 -76.925400000000025 
	0.7536777782719658 -76.92540000000001 
	0.74852307514277161 -76.92540000000001 
	0.74260673883453565 -76.92540000000001 
	0.001 
	-1 
	spline forward { ref 0 } I I I I 
	} 0 0 #
name_attrib-gen-attrib $-1 -1 $87 $-1 $35 2 1 1 1 1 1 1 1 1 1 1 1 1 1 0 1 1 1 @3 eif #
vertex $88 -1 -1 $-1 $35 $89 #
vertex $90 -1 -1 $-1 $35 $91 #
intcurve-curve $-1 -1 -1 $-1 forward { parcur summary 3 3 -0.054112201139290425 -0.027853946980194149 -0.0041122011392918413 0.001 OPEN 
	spline forward { ref 0 } I I I I 
	null_surface 
	nubs 1 open 2 
	-0.054112201139290425 1 -0.0041122011392918413 1 
	0.74260673924889864 -76.975400000000008 
	0.74260673924889864 -76.92540000000001 
	
	nullbs 
	-1 
	-1 
	I I 
	0 
	0 
	0 
	
	-1 
	none F surf1 } I I #
name_attrib-gen-attrib $-1 -1 $92 $37 $0 2 1 1 1 1 1 1 1 1 1 1 1 1 1 0 1 1 1 @17 abody_is_no_solid #
coedge $-1 -1 -1 $-1 $93 $39 $-1 $94 forward $26 $95 #
coedge $-1 -1 -1 $-1 $39 $96 $-1 $97 forward $26 $98 #
edge $99 -1 -1 $-1 $100 0.0028648941163106866 $101 0.052864894116919608 $39 $102 reversed @7 unknown T -29.500999999494617 -79.821400000000594 3.1929503256110547 -29.498999999494597 -79.76939999999999 3.1949503256110554 #
pcurve $-1 -1 -1 $-1 0 forward { exppc nubs 1 open 2 
	0.0028648941163106866 1 0.052864894116919608 1 
	0.74260676342025522 78.975400000000633 
	0.74260676342025522 78.925400000000096 
	0.001 
	-1 
	spline forward { ref 2 } I I I I 
	} 0 0 #
coedge $-1 -1 -1 $-1 $103 $41 $-1 $104 forward $30 $105 #
coedge $-1 -1 -1 $-1 $41 $106 $-1 $107 forward $30 $108 #
edge $109 -1 -1 $-1 $110 0.0069889318045881091 $111 0.79583407663290628 $41 $112 forward @7 unknown T 29.498999038627399 76.218999999999966 3.192798379018992 31.414369881319299 76.221000000000117 3.1952796909188512 #
pcurve $-1 -1 -1 $-1 0 forward { exppc nubs 2 open 10 
	0.0069889318045881091 2 0.13846312260930779 2 0.26993731341402749 2 0.40141150421874722 2 0.46714859962110705 2 
	0.53288569502346694 2 0.59862279042582678 2 0.66435988582818672 2 0.73009698123054645 2 0.7958340766329064 2 
	0.7908134723142316 79.064999999999898 
	0.78908727623833319 79.064999999999898 
	0.78644588204957433 79.06499999999987 
	0.78380812326590132 79.064999999999884 
	0.78035647911561601 79.064999999999927 
	0.77690648817925667 79.064999999999912 
	0.77273637385305927 79.064999999999898 
	0.76964235312376017 79.064999999999898 
	0.7684116077334322 79.064999999999898 
	0.76721978255235002 79.064999999999898 
	0.76377606279268928 79.064999999999898 
	0.7601188348523038 79.064999999999884 
	0.7588538687950428 79.064999999999898 
	0.75762193822277057 79.064999999999898 
	0.75366902617013443 79.064999999999898 
	0.74953373310366678 79.064999999999912 
	0.74824540324498712 79.064999999999912 
	0.74698392559610682 79.064999999999912 
	0.7426067384586893 79.064999999999898 
	0.001 
	-1 
	spline forward { ref 3 } I I I I 
	} 0 0 #
coedge $-1 -1 -1 $-1 $113 $42 $103 $114 forward $20 $115 #
edge $116 -1 -1 $-1 $73 -28.0083831845382 $117 -4.3895015670160352e-021 $42 $118 reversed @7 unknown T -29.500999968082056 76.16899999999994 3.1929503256144844 0.001 76.171000000000049 3.1951683293284927 #
pcurve $-1 -1 -1 $-1 0 forward { exppc nubs 2 open 8 
	-28.0083831845382 2 -25.674351252493352 2 -23.340319320448501 2 -18.672255456358801 2 -14.0041915922691 2 
	-9.3361277281794006 2 -4.6680638640896985 2 -4.3895015670160352e-021 2 
	0.74260676263004977 -77.015000000000001 
	0.59458172286688615 -77.014999999999986 
	0.56831995620102405 -77.015000000000001 
	0.54302788088026621 -77.015000000000001 
	0.52736287678802396 -77.015000000000001 
	0.49356120273256915 -77.015000000000001 
	0.45661793374163784 -77.015000000000001 
	0.41460280485401141 -77.015000000000001 
	0.35253104884278186 -77.014999999999986 
	0.29377539036453737 -77.014999999999986 
	0.2350208416905028 -77.015000000000001 
	0.14326664551658852 -77.015000000000001 
	0.1175107589408847 -77.015070671765898 
	0.05029558374723439 -77.015255103977623 
	0 -77.01613207424397 
	0.001 
	-1 
	spline forward { ref 1 } I I I I 
	} 0 0 #
coedge $-1 -1 -1 $-1 $43 $119 $-1 $120 forward $20 $121 #
edge $122 -1 -1 $-1 $123 0.074323974191448344 $72 0.52898128428485502 $43 $124 reversed @7 unknown T -31.872335988413486 76.143429536211613 3.1909586333748701 -31.407057993895357 76.170999995895784 3.1949025947324436 #
pcurve $-1 -1 -1 $-1 0 forward { exppc nubs 2 open 7 
	0.074323974191448344 2 0.15010019254034945 2 0.22587641088925059 2 0.30165262923815167 2 0.37742884758705281 2 
	0.45320506593595389 2 0.52898128428485502 2 
	0.80251850971512695 -76.989429536130984 
	0.80149924015375462 -76.99161121253438 
	0.80045828281969822 -76.993847014788997 
	0.79943032389723234 -76.996054898629495 
	0.79837900141713547 -76.998320310691497 
	0.79736255728200067 -77.000510566153253 
	0.79632137227909883 -77.002760840295963 
	0.79533798145093915 -77.004886206053854 
	0.79432562886558955 -77.00708002005986 
	0.79339776195749978 -77.009090749768205 
	0.79243157804815434 -77.011189266440624 
	0.79157383298527417 -77.013052257841878 
	0.79067872558177155 -77.014999995895778 
	0.001 
	-1 
	spline forward { ref 1 } I I I I 
	} 0 0 #
name_attrib-gen-attrib $-1 -1 $125 $-1 $44 2 1 1 1 1 1 1 1 1 1 1 1 1 1 0 1 1 1 @3 eif #
vertex $126 -1 -1 $-1 $44 $127 #
vertex $128 -1 -1 $-1 $44 $129 #
intcurve-curve $-1 -1 -1 $-1 forward { parcur summary 3 2 28.0083831845382 28.490581246437728 0.001 OPEN 
	spline forward { ref 1 } I I I I 
	null_surface 
	nubs 2 open 10 
	28.0083831845382 2 28.04856635636316 2 28.088749528188121 2 28.128932700013081 2 28.169115871838041 2 
	28.209299043663002 2 28.249482215487966 2 28.329848559137886 2 28.410214902787807 2 28.490581246437728 2 
	0.74260676263004977 -77.015000000000001 
	0.74736582930378692 -77.014999999999986 
	0.74820965914398174 -77.014999999999986 
	0.74907632278943981 -77.014999999999972 
	0.75360043467589799 -77.014999999999986 
	0.75792675575748625 -77.014999999999986 
	0.75875580917060192 -77.014999999999986 
	0.75961387815273096 -77.014999999999986 
	0.76365237605833092 -77.015000000000001 
	0.7674576166300241 -77.015000000000001 
	0.76826660003360814 -77.015000000000001 
	0.76911153913174768 -77.015000000000001 
	0.77257481962428853 -77.015000000000001 
	0.77673077178106364 -77.015000000000001 
	0.780178032985128 -77.015000000000001 
	0.78362683560927193 -77.015000000000001 
	0.78627500930761085 -77.015000000000001 
	0.78892669385702896 -77.015000000000001 
	0.79067872558746888 -77.015000000000001 
	
	nullbs 
	-1 
	-1 
	I I 
	8 28.04856635636316 28.088749528188121 28.128932700013081 28.169115871838041 28.209299043663002 28.249482215487966 28.329848559137886 28.410214902787807 
	0 
	1 28.317632518055451 
	
	-1 
	none F surf1 } I I #
coedge $-1 -1 -1 $-1 $130 $46 $-1 $131 forward $14 $132 #
edge $133 -1 -1 $-1 $79 44.015444357244384 $134 44.038522434602399 $46 $135 forward @7 unknown T 31.216958175685008 -79.82140000000004 3.1930413832221456 31.220693878219581 -79.819400000000002 3.1950417487104419 #
pcurve $-1 -1 -1 $-1 0 forward { imppc forward { parcur summary 3 2 44.015444357244384 44.038522434602399 0.001 OPEN 
	spline forward { ref 0 } I I I I 
	null_surface 
	nubs 1 open 2 
	44.015444357244384 1 44.038522434602399 1 
	0.78586681660416191 -76.975400000000008 
	0.78591067382775825 -76.975400000000036 
	
	nullbs 
	-1 
	-1 
	I I 
	0 
	0 
	0 
	
	-1 
	none F surf1 } I I surf1 } 0 0 #
name_attrib-gen-attrib $-1 -1 $136 $-1 $47 2 1 1 1 1 1 1 1 1 1 1 1 1 1 0 1 1 1 @3 eif #
vertex $137 -1 -1 $-1 $47 $138 #
intcurve-curve $-1 -1 -1 $-1 forward { parcur summary 3 2 35.993565618871784 44.015444357244384 0.001 OPEN 
	spline forward { ref 0 } I I I I 
	null_surface 
	nubs 2 open 7 
	35.993565618871784 2 37.33054540860055 2 38.667525198329322 2 40.004504988058088 2 41.341484777786853 2 
	42.678464567515618 2 44.015444357244384 2 
	0.74260673883453565 -76.975400000000008 
	0.74850700264536141 -76.975400000000008 
	0.75364977082893536 -76.975400000000022 
	0.7587927035102584 -76.975400000000008 
	0.76317379885155234 -76.975400000000008 
	0.76755504425035237 -76.975400000000008 
	0.77116902492252715 -76.975400000000008 
	0.77478315038255041 -76.975400000000008 
	0.77762394167248761 -76.975399999999979 
	0.78046465956785749 -76.975400000000008 
	0.78252663907670572 -76.975400000000008 
	0.78458913221995807 -76.975400000000008 
	0.78586681660416191 -76.975400000000008 
	
	nullbs 
	-1 
	-1 
	I I 
	5 37.33054540860055 38.667525198329322 40.004504988058088 41.341484777786853 42.678464567515618 
	0 
	1 41.705647399718906 
	
	-1 
	none F surf1 } I I #
coedge $-1 -1 -1 $-1 $49 $130 $-1 $139 forward $14 $140 #
edge $141 -1 -1 $-1 $142 0.0045259928968456875 $85 0.48237117309546401 $49 $143 reversed @7 unknown T 31.218601917267602 -79.771399999971933 3.1919776033273215 31.720769173176148 -79.767560156837206 3.1950414029164627 #
pcurve $-1 -1 -1 $-1 0 forward { exppc nubs 2 open 7 
	0.0045259928968456875 2 0.084166856263282075 2 0.16380771962971846 2 0.24344858299615485 2 0.32308944636259124 2 
	0.40273030972902762 2 0.48237117309546401 2 
	0.79862273888250279 -76.923560156837212 
	0.7975978516510952 -76.923707283099404 
	0.79654749766664046 -76.923858524579543 
	0.79550261396096955 -76.924008978388983 
	0.7944262533151154 -76.924164409321605 
	0.79337802734724971 -76.924315777490278 
	0.79228062083307105 -76.92447465514762 
	0.79123476292455708 -76.924626069826019 
	0.79013179780693443 -76.924786106141866 
	0.78909964601948335 -76.924935867695353 
	0.78800075960944505 -76.925095606388552 
	0.78699410041503293 -76.925241938550599 
	0.78590835015530669 -76.925399999971944 
	0.001 
	-1 
	spline forward { ref 0 } I I I I 
	} 0 0 #
name_attrib-gen-attrib $-1 -1 $144 $-1 $50 2 1 1 1 1 1 1 1 1 1 1 1 1 1 0 1 1 1 @3 eif #
vertex $145 -1 -1 $-1 $82 $146 #
intcurve-curve $-1 -1 -1 $-1 forward { parcur summary 3 2 35.993565621095769 44.03729346723923 0.001 OPEN 
	spline forward { ref 0 } I I I I 
	null_surface 
	nubs 2 open 7 
	35.993565621095769 2 37.334186928786345 2 38.67480823647692 2 40.015429544167503 2 41.356050851858079 2 
	42.696672159548655 2 44.03729346723923 2 
	0.74260673883453565 -76.92540000000001 
	0.74852307514277161 -76.92540000000001 
	0.7536777782719658 -76.92540000000001 
	0.75883264764955949 -76.925400000000025 
	0.76322150301044922 -76.925400000000025 
	0.7676105100166104 -76.925400000000025 
	0.77122802653352751 -76.925400000000025 
	0.77484568943353471 -76.92540000000001 
	0.77768573902738847 -76.92540000000001 
	0.78052571541704996 -76.92540000000001 
	0.78258264857500581 -76.92540000000001 
	0.78464010455548361 -76.925400000000025 
	0.78590835015538629 -76.925400000000025 
	
	nullbs 
	-1 
	-1 
	I I 
	5 37.334186928786345 38.67480823647692 40.015429544167503 41.356050851858079 42.696672159548655 
	0 
	1 41.705646658166579 
	
	-1 
	none F surf1 } I I #
integer_attrib-name_attrib-gen-attrib $-1 -1 $-1 $52 $35 2 1 1 1 1 1 1 1 1 1 1 1 1 1 0 1 1 1 @3 pid 1 #
integer_attrib-name_attrib-gen-attrib $-1 -1 $-1 $-1 $53 2 1 1 1 1 1 1 1 1 1 1 1 1 1 0 1 1 1 @3 pid 1 #
point $-1 -1 -1 $-1 29.499999038627401 -79.770399999999995 3.1939503257159401 #
integer_attrib-name_attrib-gen-attrib $-1 -1 $-1 $-1 $54 2 1 1 1 1 1 1 1 1 1 1 1 1 1 0 1 1 1 @3 pid 2 #
point $-1 -1 -1 $-1 29.499999038627401 -79.820400000000006 3.1939503257159401 #
cstishape-cst-attrib $-1 -1 $147 $56 $0 1 1 1 1 1 1 1 1 1 1 1 1 0 1 0 1 1 1 3 1 #
coedge $-1 -1 -1 $-1 $148 $57 $-1 $149 forward $26 $150 #
edge $151 -1 -1 $-1 $101 -0.59976889779257725 $152 -0.00077006059327491567 $57 $153 reversed @7 unknown T -31.22065763300321 -79.7714 3.1928476283559548 -29.498999999494593 -79.769399999999933 3.1950843847031889 #
pcurve $-1 -1 -1 $-1 0 forward { exppc nubs 2 open 7 
	-0.59976889779257725 2 -0.49993575825936015 2 -0.40010261872614317 2 -0.30026947919292607 2 -0.20043633965970903 2 
	-0.10060320012649193 2 -0.00077006059327488845 2 
	0.74260676300589223 78.925400000000096 
	0.74852364342890754 78.925400000000096 
	0.75367874998547679 78.925400000000096 
	0.75883402285000789 78.925400000000096 
	0.76322313968111344 78.925400000000096 
	0.76761240821150467 78.925400000000081 
	0.77123004256844108 78.925400000000096 
	0.77484782336276425 78.925400000000081 
	0.77768784535451374 78.925400000000096 
	0.78052779415390128 78.925400000000096 
	0.78258455335854382 78.925400000000096 
	0.78464183569492185 78.925400000000081 
	0.78590975798200047 78.925400000000096 
	0.001 
	-1 
	spline forward { ref 2 } I I I I 
	} 0 0 #
coedge $-1 -1 -1 $-1 $58 $154 $-1 $155 forward $26 $156 #
edge $157 -1 -1 $-1 $158 0.002354829737231182 $100 0.59976889664230715 $58 $159 forward @7 unknown T -31.219057228970751 -79.821400000000082 3.1928479000956855 -29.498999999494607 -79.819399999999931 3.1950836233869602 #
pcurve $-1 -1 -1 $-1 0 forward { exppc nubs 2 open 7 
	0.002354829737231182 2 0.10192384088807718 2 0.20149285203892317 2 0.30106186318976924 2 0.40063087434061517 2 
	0.50019988549146122 2 0.59976889664230715 2 
	0.78586931942143334 78.975400000000022 
	0.78459219949545611 78.975400000000036 
	0.78253000775559756 78.975400000000022 
	0.78046833020553619 78.975400000000022 
	0.77762765697574276 78.975400000000022 
	0.77478691035392067 78.975400000000008 
	0.77117257379331627 78.975400000000022 
	0.76755838211553917 78.97540000000005 
	0.76317667312369819 78.975400000000093 
	0.75879511428393687 78.975400000000093 
	0.75365146844227471 78.975400000000079 
	0.74850798720264966 78.975400000000064 
	0.74260676300589279 78.97540000000005 
	0.001 
	-1 
	spline forward { ref 2 } I I I I 
	} 0 0 #
name_attrib-gen-attrib $-1 -1 $160 $-1 $59 2 1 1 1 1 1 1 1 1 1 1 1 1 1 0 1 1 1 @3 eif #
vertex $161 -1 -1 $-1 $59 $162 #
vertex $163 -1 -1 $-1 $59 $164 #
intcurve-curve $-1 -1 -1 $-1 forward { parcur summary 3 3 -0.052864894116919608 -0.027853964898660901 -0.0028648941163106866 0.001 OPEN 
	spline forward { ref 2 } I I I I 
	null_surface 
	nubs 1 open 2 
	-0.052864894116919608 1 -0.0028648941163106866 1 
	0.74260676342025522 78.925400000000096 
	0.74260676342025522 78.975400000000633 
	
	nullbs 
	-1 
	-1 
	I I 
	0 
	0 
	0 
	
	-1 
	none F surf1 } I I #
coedge $-1 -1 -1 $-1 $165 $61 $65 $114 reversed $30 $166 #
edge $167 -1 -1 $-1 $111 0.79583408256663013 $168 43.64346191835488 $61 $169 forward @7 unknown T -0.001000000000003549 76.218997816194786 3.1929503257193681 29.500999007214777 76.221002589444424 3.1951605911196723 #
pcurve $-1 -1 -1 $-1 0 forward { imppc forward { parcur summary 3 4 0.79583408256663013 2.72723217024329 23.185312984228101 43.64346191835488 0.001 OPEN 
	spline forward { ref 3 } I I I I 
	null_surface 
	nubs 2 open 8 
	0.79583408256663013 2 4.3664697355489839 2 7.9371053885313376 2 15.078376694496045 2 22.219648000460754 2 
	29.360919306425462 2 36.502190612390173 2 43.64346191835488 2 
	0.7426067384586893 79.064999999999898 
	0.60822921241121097 79.064999999999912 
	0.56947974144390234 79.064999999999927 
	0.5366313954365447 79.064999999999927 
	0.51771064191194149 79.064999999999927 
	0.46593962727882765 79.064999999999927 
	0.41416673128130044 79.064999999999927 
	0.33693477153008622 79.064999999999927 
	0.31062374166340284 79.065018834560576 
	0.25201811649368266 79.065060786973959 
	0.20708297827283112 79.065232691255957 
	0.15531242344678575 79.065448038687293 
	0.10354169337076514 79.065663386847589 
	0.044014352633549997 79.065767424094318 
	-8.9338259012805565e-017 79.064999999999898 
	
	nullbs 
	-1 
	-1 
	I I 
	6 4.3664697355489839 7.9371053885313376 15.078376694496045 22.219648000460754 29.360919306425462 36.502190612390173 
	0 
	5 0.96045829333624322 1.6831677524298025 3.7949171788858105 16.283162833239324 30.209569726688901 
	
	-1 
	none F surf1 } I I surf1 } 0 0 #
coedge $-1 -1 -1 $-1 $62 $170 $-1 $171 forward $30 $172 #
edge $173 -1 -1 $-1 $174 0.0030280634826775525 $110 0.0069889318045881091 $62 $175 forward @7 unknown T 31.412369881319297 76.218999999999994 3.192889418048583 31.418418782173401 76.221000000000018 3.1948952036088101 #
pcurve $-1 -1 -1 $-1 0 forward { imppc forward { parcur summary 3 2 0.0030280634826775525 0.0069889318045881091 0.001 OPEN 
	spline forward { ref 3 } I I I I 
	null_surface 
	nubs 1 open 2 
	0.0030280634826775525 1 0.0069889318045881091 1 
	0.79091619302089944 79.064999999999898 
	0.7908134723142316 79.064999999999898 
	
	nullbs 
	-1 
	-1 
	I I 
	0 
	0 
	0 
	
	-1 
	none F surf1 } I I surf1 } 0 0 #
name_attrib-gen-attrib $-1 -1 $176 $-1 $63 2 1 1 1 1 1 1 1 1 1 1 1 1 1 0 1 1 1 @3 eif #
vertex $177 -1 -1 $-1 $63 $178 #
vertex $179 -1 -1 $-1 $63 $180 #
intcurve-curve $-1 -1 -1 $-1 forward { parcur summary 3 2 0.0069889318045881091 0.79583408256663013 0.001 OPEN 
	spline forward { ref 3 } I I I I 
	null_surface 
	nubs 2 open 10 
	0.0069889318045881091 2 0.13846312359826177 2 0.26993731539193544 2 0.40141150718560914 2 0.46714860308244593 2 
	0.53288569897928273 2 0.59862279487611958 2 0.66435989077295654 2 0.73009698666979328 2 0.79583408256663013 2 
	0.7908134723142316 79.064999999999898 
	0.78908727623833319 79.064999999999898 
	0.78644588204957433 79.06499999999987 
	0.78380812326590132 79.064999999999884 
	0.78035647911561601 79.064999999999927 
	0.77690648817925667 79.064999999999912 
	0.77273637385305927 79.064999999999898 
	0.76964235312376017 79.064999999999898 
	0.7684116077334322 79.064999999999898 
	0.76721978255235002 79.064999999999898 
	0.76377606279268928 79.064999999999898 
	0.7601188348523038 79.064999999999884 
	0.7588538687950428 79.064999999999898 
	0.75762193822277057 79.064999999999898 
	0.75366902617013443 79.064999999999898 
	0.74953373310366678 79.064999999999912 
	0.74824540324498712 79.064999999999912 
	0.74698392559610682 79.064999999999912 
	0.7426067384586893 79.064999999999898 
	
	nullbs 
	-1 
	-1 
	I I 
	8 0.13846312359826177 0.26993731539193544 0.40141150718560914 0.46714860308244593 0.53288569897928273 0.59862279487611958 0.66435989077295654 0.73009698666979328 
	0 
	1 0.29318915806532725 
	
	-1 
	none F surf1 } I I #
coedge $-1 -1 -1 $-1 $181 $65 $-1 $182 forward $20 $183 #
edge $184 -1 -1 $-1 $117 78.765141509280554 $168 78.815141504660701 $65 $185 forward @7 unknown T 0 76.169999999999973 3.194 2.0174584012498399e-022 76.220000000000027 3.194 #
pcurve $-1 -1 -1 $-1 0 forward { exppc nubs 1 open 2 
	78.765141509280554 1 78.815141504660701 1 
	0 -77.016132074243941 
	0 -77.066132037284817 
	0.001 
	-1 
	spline forward { ref 1 } I I I I 
	} 0 0 #
name_attrib-gen-attrib $-1 -1 $186 $-1 $66 2 1 1 1 1 1 1 1 1 1 1 1 1 1 0 1 1 1 @3 eif #
vertex $187 -1 -1 $-1 $66 $188 #
intcurve-curve $-1 -1 -1 $-1 forward { parcur summary 3 4 4.3895015670160352e-021 15.7109584484006 26.820097959710498 28.0083831845382 0.001 OPEN 
	spline forward { ref 1 } I I I I 
	null_surface 
	nubs 2 open 8 
	4.3895015670160352e-021 2 4.6680638640896985 2 9.3361277281794006 2 14.0041915922691 2 18.672255456358801 2 
	23.340319320448501 2 25.674351252493352 2 28.0083831845382 2 
	0 -77.01613207424397 
	0.05029558374723439 -77.015255103977623 
	0.1175107589408847 -77.015070671765898 
	0.14326664551658852 -77.015000000000001 
	0.2350208416905028 -77.015000000000001 
	0.29377539036453737 -77.014999999999986 
	0.35253104884278186 -77.014999999999986 
	0.41460280485401141 -77.015000000000001 
	0.45661793374163784 -77.015000000000001 
	0.49356120273256915 -77.015000000000001 
	0.52736287678802396 -77.015000000000001 
	0.54302788088026621 -77.015000000000001 
	0.56831995620102405 -77.015000000000001 
	0.59458172286688615 -77.014999999999986 
	0.74260676263004977 -77.015000000000001 
	
	nullbs 
	-1 
	-1 
	I I 
	6 4.6680638640896985 9.3361277281794006 14.0041915922691 18.672255456358801 23.340319320448501 25.674351252493352 
	0 
	5 8.2157335211145348 15.470893617695941 26.15580473472642 27.479010783793598 27.910611934535375 
	
	-1 
	none F surf1 } I I #
coedge $-1 -1 -1 $-1 $68 $189 $-1 $190 forward $20 $191 #
edge $192 -1 -1 $-1 $193 0.17202798420579241 $123 0.62460891947679897 $68 $194 reversed @7 unknown T -32.321107057218789 76.071553759388024 3.1835451691553152 -31.870335962178213 76.145429466623199 3.1929586335991083 #
pcurve $-1 -1 -1 $-1 0 forward { exppc nubs 2 open 7 
	0.17202798420579241 2 0.24745814008429351 2 0.32288829596279461 2 0.39831845184129566 2 0.47374860771979677 2 
	0.54917876359829787 2 0.62460891947679897 2 
	0.81422301953729825 -76.917553759388028 
	0.81323865255554817 -76.923523381525683 
	0.81224796237403063 -76.929558219525745 
	0.81126860600065354 -76.935524017075679 
	0.81028051857294014 -76.941569132445977 
	0.80930945821836597 -76.947510076243361 
	0.80832235051928247 -76.953574105882225 
	0.80735704243302941 -76.959504215485367 
	0.80637496867235003 -76.965560747568134 
	0.80541617526267051 -76.971473707753972 
	0.80443986118334743 -76.97751666523726 
	0.80348833817445797 -76.983406176828723 
	0.80251850900093402 -76.989429466623193 
	0.001 
	-1 
	spline forward { ref 1 } I I I I 
	} 0 0 #
name_attrib-gen-attrib $-1 -1 $195 $-1 $69 2 1 1 1 1 1 1 1 1 1 1 1 1 1 0 1 1 1 @3 eif #
vertex $196 -1 -1 $-1 $120 $197 #
intcurve-curve $-1 -1 -1 $-1 forward { parcur summary 3 2 -0.52898128428485502 -0.074323972790994897 0.001 OPEN 
	spline forward { ref 1 } I I I I 
	null_surface 
	nubs 2 open 7 
	-0.52898128428485502 2 -0.45320506570254498 2 -0.377428847120235 2 -0.30165262853792496 2 -0.22587640995561495 2 
	-0.15010019137330494 2 -0.074323972790994897 2 
	0.79067872558177155 -77.014999995895778 
	0.79157383298527417 -77.013052257841878 
	0.79243157804815434 -77.011189266440624 
	0.79339776195749978 -77.009090749768205 
	0.79432562886558955 -77.00708002005986 
	0.79533798145093915 -77.004886206053854 
	0.79632137227909883 -77.002760840295963 
	0.79736255728200067 -77.000510566153253 
	0.79837900141713547 -76.998320310691497 
	0.79943032389723234 -76.996054898629495 
	0.80045828281969822 -76.993847014788997 
	0.80149924015375462 -76.99161121253438 
	0.80251850971512695 -76.989429536130984 
	
	nullbs 
	-1 
	-1 
	I I 
	5 -0.45320506570254498 -0.377428847120235 -0.30165262853792496 -0.22587640995561495 -0.15010019137330494 
	0 
	1 -0.35115198711021511 
	
	-1 
	none F surf1 } I I #
integer_attrib-name_attrib-gen-attrib $-1 -1 $-1 $71 $44 2 1 1 1 1 1 1 1 1 1 1 1 1 1 0 1 1 1 @3 pid 9 #
integer_attrib-name_attrib-gen-attrib $-1 -1 $-1 $-1 $72 2 1 1 1 1 1 1 1 1 1 1 1 1 1 0 1 1 1 @3 pid 9 #
point $-1 -1 -1 $-1 -31.408057994121901 76.170000000000002 3.1939025947321298 #
integer_attrib-name_attrib-gen-attrib $-1 -1 $-1 $-1 $73 2 1 1 1 1 1 1 1 1 1 1 1 1 1 0 1 1 1 @3 pid 10 #
point $-1 -1 -1 $-1 -29.499999999494602 76.170000000000002 3.19395032561106 #
coedge $-1 -1 -1 $-1 $81 $75 $-1 $198 forward $14 $199 #
edge $200 -1 -1 $-1 $134 -0.48193138467628377 $201 -0.48121546550000316 $75 $202 forward @7 unknown T 31.218693878217582 -79.82139999994429 3.193041224333601 31.221429565809903 -79.819397293732749 3.1950413832221463 #
pcurve $-1 -1 -1 $-1 0 forward { imppc forward { parcur summary 3 2 -0.48193138467628377 -0.48121546550000316 0.001 OPEN 
	spline forward { ref 0 } I I I I 
	null_surface 
	nubs 1 open 2 
	-0.48193138467628377 1 -0.48121546550000316 1 
	0.78591067382770796 -76.975399999944301 
	0.78592926332802004 -76.97539729373274 
	
	nullbs 
	-1 
	-1 
	I I 
	0 
	0 
	0 
	
	-1 
	none F surf1 } I I surf1 } 0 0 #
name_attrib-gen-attrib $-1 -1 $203 $-1 $76 2 1 1 1 1 1 1 1 1 1 1 1 1 1 0 1 1 1 @3 eif #
vertex $204 -1 -1 $-1 $76 $205 #
intcurve-curve $-1 -1 -1 $-1 forward { ref 15 } I I #
integer_attrib-name_attrib-gen-attrib $-1 -1 $-1 $78 $47 2 1 1 1 1 1 1 1 1 1 1 1 1 1 0 1 1 1 @3 pid 2 #
integer_attrib-name_attrib-gen-attrib $-1 -1 $-1 $-1 $79 2 1 1 1 1 1 1 1 1 1 1 1 1 1 0 1 1 1 @3 pid 3 #
point $-1 -1 -1 $-1 31.217958175684998 -79.820400000000006 3.1940417487104602 #
edge $206 -1 -1 $-1 $207 0.086591075785601671 $142 0.13659107578597121 $81 $208 reversed @7 unknown T 31.718769173176902 -79.819559818770173 3.191976663773747 31.720953092701237 -79.767560157043718 3.1939776033273186 #
pcurve $-1 -1 -1 $-1 0 forward { exppc nubs 1 open 2 
	0.086591075785601671 1 0.13659107578597121 1 
	0.79862745164241888 -76.97355981877017 
	0.798622738882522 -76.923560157043738 
	0.001 
	-1 
	spline forward { ref 0 } I I I I 
	} 0 0 #
name_attrib-gen-attrib $-1 -1 $209 $-1 $82 2 1 1 1 1 1 1 1 1 1 1 1 1 1 0 1 1 1 @3 eif #
vertex $210 -1 -1 $-1 $139 $211 #
intcurve-curve $-1 -1 -1 $-1 forward { parcur summary 3 2 -0.48237117309546401 -0.0045259928968456875 0.001 OPEN 
	spline forward { ref 0 } I I I I 
	null_surface 
	nubs 2 open 7 
	-0.48237117309546401 2 -0.40273030972902762 2 -0.32308944636259124 2 -0.24344858299615485 2 -0.16380771962971846 2 
	-0.084166856263282075 2 -0.0045259928968456875 2 
	0.78590835015530669 -76.925399999971944 
	0.78699410041503293 -76.925241938550599 
	0.78800075960944505 -76.925095606388552 
	0.78909964601948335 -76.924935867695353 
	0.79013179780693443 -76.924786106141866 
	0.79123476292455708 -76.924626069826019 
	0.79228062083307105 -76.92447465514762 
	0.79337802734724971 -76.924315777490278 
	0.7944262533151154 -76.924164409321605 
	0.79550261396096955 -76.924008978388983 
	0.79654749766664046 -76.923858524579543 
	0.7975978516510952 -76.923707283099404 
	0.79862273888250279 -76.923560156837212 
	
	nullbs 
	-1 
	-1 
	I I 
	5 -0.40273030972902762 -0.32308944636259124 -0.24344858299615485 -0.16380771962971846 -0.084166856263282075 
	0 
	1 -0.14159391226431128 
	
	-1 
	none F surf1 } I I #
integer_attrib-name_attrib-gen-attrib $-1 -1 $-1 $84 $50 2 1 1 1 1 1 1 1 1 1 1 1 1 1 0 1 1 1 @3 pid 8 #
integer_attrib-name_attrib-gen-attrib $-1 -1 $-1 $-1 $85 2 1 1 1 1 1 1 1 1 1 1 1 1 1 0 1 1 1 @3 pid 8 #
point $-1 -1 -1 $-1 31.219601917267699 -79.770399999999995 3.1940414029164601 #
string_attrib-name_attrib-gen-attrib $-1 -1 $212 $92 $0 2 1 1 1 1 1 1 1 1 1 1 1 1 1 0 1 1 1 @15 ATTRIB_XACIS_ID @5 81259 #
coedge $-1 -1 -1 $-1 $213 $93 $-1 $214 forward $26 $215 #
edge $216 -1 -1 $-1 $152 0.002699197748864568 $217 0.44576312002158186 $93 $218 reversed @7 unknown T -31.651405027932064 -79.771399999980602 3.1922900052214751 -31.218657633003115 -79.767922180622492 3.1950413909888273 #
pcurve $-1 -1 -1 $-1 0 forward { exppc nubs 2 open 7 
	0.002699197748864568 2 0.076543184794317445 2 0.15038717183977032 2 0.22423115888522321 2 0.29807514593067608 2 
	0.371919132976129 2 0.44576312002158186 2 
	0.78590975798199825 78.925399999980698 
	0.78687157544312569 78.925269406655701 
	0.78777003264435241 78.925147573586401 
	0.78872023540470249 78.925018723688382 
	0.78961845614507264 78.924897110830742 
	0.79055753421833486 78.924769966173642 
	0.79145276182172775 78.924648975935057 
	0.79238056580777461 78.924523582990062 
	0.7932706465081838 78.924403533120881 
	0.79418665124372079 78.924279986740629 
	0.79506976518221573 78.924161146609578 
	0.79596863760284786 78.924040185868719 
	0.79684770018769191 78.923922180622597 
	0.001 
	-1 
	spline forward { ref 2 } I I I I 
	} 0 0 #
name_attrib-gen-attrib $-1 -1 $219 $-1 $94 2 1 1 1 1 1 1 1 1 1 1 1 1 1 0 1 1 1 @3 eif #
vertex $220 -1 -1 $-1 $94 $221 #
intcurve-curve $-1 -1 -1 $-1 forward { parcur summary 3 2 0.00077006059327491567 0.59976890128826787 0.001 OPEN 
	spline forward { ref 2 } I I I I 
	null_surface 
	nubs 2 open 7 
	0.00077006059327491567 2 0.10060320070910705 2 0.20043634082493925 2 0.30026948094077138 2 0.4001026210566036 2 
	0.49993576117243571 2 0.59976890128826787 2 
	0.78590975798200047 78.925400000000096 
	0.78464183569492185 78.925400000000081 
	0.78258455335854382 78.925400000000096 
	0.78052779415390128 78.925400000000096 
	0.77768784535451374 78.925400000000096 
	0.77484782336276425 78.925400000000081 
	0.77123004256844108 78.925400000000096 
	0.76761240821150467 78.925400000000081 
	0.76322313968111344 78.925400000000096 
	0.75883402285000789 78.925400000000096 
	0.75367874998547679 78.925400000000096 
	0.74852364342890754 78.925400000000096 
	0.74260676300589223 78.925400000000096 
	
	nullbs 
	-1 
	-1 
	I I 
	5 0.10060320070910705 0.20043634082493925 0.30026948094077138 0.4001026210566036 0.49993576117243571 
	0 
	1 0.17444213225547758 
	
	-1 
	none F surf1 } I I #
coedge $-1 -1 -1 $-1 $96 $213 $-1 $222 forward $26 $223 #
edge $224 -1 -1 $-1 $225 0.00068468240064974151 $158 0.002354829737231182 $96 $226 forward @7 unknown T -31.220743403334804 -79.821400000000025 3.1930413726005344 -31.217057228970749 -79.819399999999959 3.1950417282058861 #
pcurve $-1 -1 -1 $-1 0 forward { imppc forward { parcur summary 3 2 0.00068468240064974151 0.002354829737231182 0.001 OPEN 
	spline forward { ref 2 } I I I I 
	null_surface 
	nubs 1 open 2 
	0.00068468240064974151 1 0.002354829737231182 1 
	0.78591192523144326 78.975399999999979 
	0.78586931942143334 78.975400000000022 
	
	nullbs 
	-1 
	-1 
	I I 
	0 
	0 
	0 
	
	-1 
	none F surf1 } I I surf1 } 0 0 #
name_attrib-gen-attrib $-1 -1 $227 $-1 $97 2 1 1 1 1 1 1 1 1 1 1 1 1 1 0 1 1 1 @3 eif #
vertex $228 -1 -1 $-1 $155 $229 #
intcurve-curve $-1 -1 -1 $-1 forward { parcur summary 3 2 0.002354829737231182 0.59976890013799367 0.001 OPEN 
	spline forward { ref 2 } I I I I 
	null_surface 
	nubs 2 open 7 
	0.002354829737231182 2 0.1019238414706916 2 0.201492853204152 2 0.30106186493761244 2 0.40063087667107283 2 
	0.50019988840453322 2 0.59976890013799367 2 
	0.78586931942143334 78.975400000000022 
	0.78459219949545611 78.975400000000036 
	0.78253000775559756 78.975400000000022 
	0.78046833020553619 78.975400000000022 
	0.77762765697574276 78.975400000000022 
	0.77478691035392067 78.975400000000008 
	0.77117257379331627 78.975400000000022 
	0.76755838211553917 78.97540000000005 
	0.76317667312369819 78.975400000000093 
	0.75879511428393687 78.975400000000093 
	0.75365146844227471 78.975400000000079 
	0.74850798720264966 78.975400000000064 
	0.74260676300589279 78.97540000000005 
	
	nullbs 
	-1 
	-1 
	I I 
	5 0.1019238414706916 0.201492853204152 0.30106186493761244 0.40063087667107283 0.50019988840453322 
	0 
	1 0.17444207816832041 
	
	-1 
	none F surf1 } I I #
integer_attrib-name_attrib-gen-attrib $-1 -1 $-1 $99 $59 2 1 1 1 1 1 1 1 1 1 1 1 1 1 0 1 1 1 @3 pid 396 #
integer_attrib-name_attrib-gen-attrib $-1 -1 $-1 $-1 $100 2 1 1 1 1 1 1 1 1 1 1 1 1 1 0 1 1 1 @3 pid 395 #
point $-1 -1 -1 $-1 -29.499999999494602 -79.820400000000006 3.19395032561106 #
integer_attrib-name_attrib-gen-attrib $-1 -1 $-1 $-1 $101 2 1 1 1 1 1 1 1 1 1 1 1 1 1 0 1 1 1 @3 pid 396 #
point $-1 -1 -1 $-1 -29.499999999494602 -79.770399999999995 3.1939503256110502 #
coedge $-1 -1 -1 $-1 $230 $103 $-1 $231 forward $30 $232 #
pcurve $-1 -1 -1 $-1 0 forward { exppc nubs 1 open 2 
	-78.815141504660701 1 -78.765141509280554 1 
	0 79.064999999999927 
	0 79.014999999999858 
	0.001 
	-1 
	spline forward { ref 3 } I I I I 
	} 0 0 #
name_attrib-gen-attrib $-1 -1 $233 $-1 $104 2 1 1 1 1 1 1 1 1 1 1 1 1 1 0 1 1 1 @3 eif #
vertex $234 -1 -1 $-1 $114 $235 #
intcurve-curve $-1 -1 -1 $-1 forward { ref 23 } I I #
coedge $-1 -1 -1 $-1 $106 $236 $-1 $237 forward $30 $238 #
edge $239 -1 -1 $-1 $240 -0.013250084413122087 $174 -0.010201673816999463 $106 $241 forward @7 unknown T 31.416418782172631 76.218953532477911 3.1928849745711827 31.421467212939373 76.220999999950109 3.1948894180485832 #
pcurve $-1 -1 -1 $-1 0 forward { imppc forward { parcur summary 3 2 -0.013250084413122087 -0.010201673816999463 0.001 OPEN 
	spline forward { ref 3 } I I I I 
	null_surface 
	nubs 1 open 2 
	-0.013250084413122087 1 -0.010201673816999463 1 
	0.79099353878632483 79.064953532477816 
	0.79091619302088012 79.064999999950018 
	
	nullbs 
	-1 
	-1 
	I I 
	0 
	0 
	0 
	
	-1 
	none F surf1 } I I surf1 } 0 0 #
name_attrib-gen-attrib $-1 -1 $242 $-1 $107 2 1 1 1 1 1 1 1 1 1 1 1 1 1 0 1 1 1 @3 eif #
vertex $243 -1 -1 $-1 $171 $244 #
intcurve-curve $-1 -1 -1 $-1 forward { ref 25 } I I #
integer_attrib-name_attrib-gen-attrib $-1 -1 $-1 $109 $63 2 1 1 1 1 1 1 1 1 1 1 1 1 1 0 1 1 1 @3 pid 203 #
integer_attrib-name_attrib-gen-attrib $-1 -1 $-1 $-1 $110 2 1 1 1 1 1 1 1 1 1 1 1 1 1 0 1 1 1 @3 pid 203 #
point $-1 -1 -1 $-1 31.413369881319301 76.219999999999999 3.1938952036088102 #
integer_attrib-name_attrib-gen-attrib $-1 -1 $-1 $-1 $111 2 1 1 1 1 1 1 1 1 1 1 1 1 1 0 1 1 1 @3 pid 204 #
point $-1 -1 -1 $-1 29.499999038627401 76.219999999999999 3.1939503257159401 #
coedge $-1 -1 -1 $-1 $245 $113 $-1 $246 forward $20 $247 #
edge $248 -1 -1 $-1 $168 0 $249 28.008383184589711 $113 $250 forward @7 unknown T -29.500999968082056 76.218999999999994 3.1929503256144844 0.001 76.221000000000018 3.195168329328494 #
pcurve $-1 -1 -1 $-1 0 forward { imppc forward { parcur summary 3 4 0 15.7109584484006 26.820097959744999 28.008383184589711 0.001 OPEN 
	spline forward { ref 1 } I I I I 
	null_surface 
	nubs 2 open 8 
	0 2 4.6680638640982846 2 9.3361277281965691 2 14.004191592294855 2 18.672255456393138 2 
	23.340319320491428 2 25.674351252540568 2 28.008383184589711 2 
	0 -77.066132037284788 
	0.050295583743638517 -77.065255095649235 
	0.11751075894110082 -77.065070669458677 
	0.14326664552087148 -77.064999999999998 
	0.23502084169093512 -77.064999999999998 
	0.29377539036507772 -77.064999999999998 
	0.35253104884343023 -77.064999999999998 
	0.41460280485469719 -77.064999999999998 
	0.45661793374234377 -77.064999999999998 
	0.49356120273338888 -77.064999999999998 
	0.52736287678881633 -77.064999999999998 
	0.54302788088093812 -77.064999999999998 
	0.56831995620160292 -77.064999999999998 
	0.59458172286769684 -77.064999999999998 
	0.74260676263004977 -77.064999999999998 
	
	nullbs 
	-1 
	-1 
	I I 
	6 4.6680638640982846 9.3361277281965691 14.004191592294855 18.672255456393138 23.340319320491428 25.674351252540568 
	0 
	5 8.2157335210735436 15.470893617696348 26.15580473476021 27.47901078384109 27.910611934586164 
	
	-1 
	none F surf1 } I I surf1 } 0 0 #
name_attrib-gen-attrib $-1 -1 $251 $-1 $114 2 1 1 1 1 1 1 1 1 1 1 1 1 1 0 1 1 1 @3 eif #
intcurve-curve $-1 -1 -1 $-1 forward { exactcur full nubs 1 open 2 
	-77.625244040569598 1 79.2151414677015 1 
	0 -80.220399999999998 3.194 
	0 76.620000000000005 3.194 
	0 
	null_surface 
	null_surface 
	nullbs 
	nullbs 
	-1 
	-1 
	I I 
	0 
	0 
	0 
	
	-1 
	none F F 1 F 0 } I I #
integer_attrib-name_attrib-gen-attrib $-1 -1 $-1 $116 $66 2 1 1 1 1 1 1 1 1 1 1 1 1 1 0 1 1 1 @3 pid 10 #
integer_attrib-name_attrib-gen-attrib $-1 -1 $-1 $-1 $117 2 1 1 1 1 1 1 1 1 1 1 1 1 1 0 1 1 1 @3 pid 11 #
point $-1 -1 -1 $-1 2.0174584012498399e-022 76.170000000000002 3.194 #
coedge $-1 -1 -1 $-1 $119 $252 $-1 $253 forward $20 $254 #
edge $255 -1 -1 $-1 $256 0.26278485909933957 $193 0.71926434403920936 $119 $257 reversed @7 unknown T -32.764618993797512 75.955363851594143 3.1654681059529683 -32.319107142865185 76.073555747089358 3.1855451668837107 #
pcurve $-1 -1 -1 $-1 0 forward { exppc nubs 2 open 7 
	0.26278485909933957 2 0.33886477325598452 2 0.41494468741262946 2 0.49102460156927447 2 0.56710451572591936 2 
	0.64318442988256441 2 0.71926434403920936 2 
	0.82610465636615338 -76.801363851594147 
	0.82510330711048319 -76.811013937199561 
	0.82409707397379817 -76.820760527884858 
	0.82310047000723408 -76.830413848356329 
	0.82209892496370141 -76.840163239859919 
	0.82110765499031479 -76.849812610218891 
	0.82011133894803012 -76.859558052643536 
	0.81912596540931215 -76.869196461221605 
	0.81813542941636541 -76.878931031360125 
	0.81715649106880628 -76.88855162472916 
	0.8161722951687771 -76.898268241133934 
	0.81520031364790702 -76.90786426931345 
	0.81422302179931805 -76.917555747089352 
	0.001 
	-1 
	spline forward { ref 1 } I I I I 
	} 0 0 #
name_attrib-gen-attrib $-1 -1 $258 $-1 $120 2 1 1 1 1 1 1 1 1 1 1 1 1 1 0 1 1 1 @3 eif #
tvertex-vertex $259 -1 -1 $-1 $190 $260 4.3284580014768242e-006 #
intcurve-curve $-1 -1 -1 $-1 forward { parcur summary 3 2 -0.62460891947679897 -0.17202798420579241 0.001 OPEN 
	spline forward { ref 1 } I I I I 
	null_surface 
	nubs 2 open 7 
	-0.62460891947679897 2 -0.54917876359829787 2 -0.47374860771979677 2 -0.39831845184129566 2 -0.32288829596279461 2 
	-0.24745814008429351 2 -0.17202798420579241 2 
	0.80251850900093402 -76.989429466623193 
	0.80348833817445797 -76.983406176828723 
	0.80443986118334743 -76.97751666523726 
	0.80541617526267051 -76.971473707753972 
	0.80637496867235003 -76.965560747568134 
	0.80735704243302941 -76.959504215485367 
	0.80832235051928247 -76.953574105882225 
	0.80930945821836597 -76.947510076243361 
	0.81028051857294014 -76.941569132445977 
	0.81126860600065354 -76.935524017075679 
	0.81224796237403063 -76.929558219525745 
	0.81323865255554817 -76.923523381525683 
	0.81422301953729825 -76.917553759388028 
	
	nullbs 
	-1 
	-1 
	I I 
	5 -0.54917876359829787 -0.47374860771979677 -0.39831845184129566 -0.32288829596279461 -0.24745814008429351 
	0 
	1 -0.2980098236102357 
	
	-1 
	none F surf1 } I I #
integer_attrib-name_attrib-gen-attrib $-1 -1 $-1 $122 $69 2 1 1 1 1 1 1 1 1 1 1 1 1 1 0 1 1 1 @3 pid 202 #
integer_attrib-name_attrib-gen-attrib $-1 -1 $-1 $-1 $123 2 1 1 1 1 1 1 1 1 1 1 1 1 1 0 1 1 1 @3 pid 202 #
point $-1 -1 -1 $-1 -31.8713359963496 76.144429680007093 3.1919586333070402 #
edge $261 -1 -1 $-1 $201 -0.48121546550000316 $207 -0.0040235809363428077 $130 $262 forward @7 unknown T 31.2194295658099 -79.821397293732758 3.191976663773751 31.720953092700533 -79.817559818586531 3.1950412243336008 #
pcurve $-1 -1 -1 $-1 0 forward { imppc forward { parcur summary 3 2 -0.48121546550000316 -0.0040235809363428077 0.001 OPEN 
	spline forward { ref 0 } I I I I 
	null_surface 
	nubs 2 open 7 
	-0.48121546550000316 2 -0.40168348473939314 2 -0.32215150397878306 2 -0.24261952321817298 2 -0.16308754245756293 2 
	-0.083555561696952843 2 -0.0040235809363428077 2 
	0.78592926332802004 -76.97539729373274 
	0.78701412778678725 -76.975239362874575 
	0.78802038440051347 -76.975093091300536 
	0.78911800909096219 -76.974933538271031 
	0.79014926939437635 -76.974783908529432 
	0.79125068856135561 -76.974624099153658 
	0.79229529898769702 -76.974472867645972 
	0.79339097799621383 -76.974314242780451 
	0.79443772271214663 -76.974163090876644 
	0.79551226147728005 -76.974007925459901 
	0.79655556903487457 -76.973857700447994 
	0.79760417636383618 -76.97370671232629 
	0.7986274516424009 -76.973559818586537 
	
	nullbs 
	-1 
	-1 
	I I 
	5 -0.40168348473939314 -0.32215150397878306 -0.24261952321817298 -0.16308754245756293 -0.083555561696952843 
	0 
	1 -0.14129479367572234 
	
	-1 
	none F surf1 } I I surf1 } 0 0 #
name_attrib-gen-attrib $-1 -1 $263 $-1 $131 2 1 1 1 1 1 1 1 1 1 1 1 1 1 0 1 1 1 @3 eif #
vertex $264 -1 -1 $-1 $131 $265 #
intcurve-curve $-1 -1 -1 $-1 forward { ref 32 } I I #
integer_attrib-name_attrib-gen-attrib $-1 -1 $-1 $133 $76 2 1 1 1 1 1 1 1 1 1 1 1 1 1 0 1 1 1 @3 pid 3 #
integer_attrib-name_attrib-gen-attrib $-1 -1 $-1 $-1 $134 2 1 1 1 1 1 1 1 1 1 1 1 1 1 0 1 1 1 @3 pid 4 #
point $-1 -1 -1 $-1 31.2196938782178 -79.820400000000006 3.1940413832221499 #
name_attrib-gen-attrib $-1 -1 $266 $-1 $139 2 1 1 1 1 1 1 1 1 1 1 1 1 1 0 1 1 1 @3 eif #
vertex $267 -1 -1 $-1 $198 $268 #
intcurve-curve $-1 -1 -1 $-1 forward { parcur summary 3 2 -0.13659107578597121 -0.086591075785601671 0.001 OPEN 
	spline forward { ref 0 } I I I I 
	null_surface 
	nubs 1 open 2 
	-0.13659107578597121 1 -0.086591075785601671 1 
	0.798622738882522 -76.923560157043738 
	0.79862745164241888 -76.97355981877017 
	
	nullbs 
	-1 
	-1 
	I I 
	0 
	0 
	0 
	
	-1 
	none F surf1 } I I #
integer_attrib-name_attrib-gen-attrib $-1 -1 $-1 $141 $82 2 1 1 1 1 1 1 1 1 1 1 1 1 1 0 1 1 1 @3 pid 7 #
integer_attrib-name_attrib-gen-attrib $-1 -1 $-1 $-1 $142 2 1 1 1 1 1 1 1 1 1 1 1 1 1 0 1 1 1 @3 pid 7 #
point $-1 -1 -1 $-1 31.7197691731769 -79.768560157043794 3.1929776033273201 #
string_attrib-name_attrib-gen-attrib $-1 -1 $269 $147 $0 2 1 1 1 1 1 1 1 1 1 1 1 1 1 0 1 1 1 @17 ATTRIB_XACIS_NAME @171 OLED/00-noah-all_asm/01-noah-stacking-asm_asm/01-noah-tp-oled-sh-h52_asm/03-noah-flex-amoled-assy_asm/04-noah-flex-amoled-panel-assy_asm/05-noah-flex-amoled-panel/ITO|Ring #
coedge $-1 -1 -1 $-1 $154 $148 $-1 $270 forward $26 $271 #
edge $272 -1 -1 $-1 $217 0.050000659011353921 $273 0.10000065900669564 $148 $274 reversed @7 unknown T -31.651576565017816 -79.81992188646484 3.1922893286256206 -31.649405025915609 -79.767922180731603 3.1942900052294263 #
pcurve $-1 -1 -1 $-1 0 forward { exppc nubs 1 open 2 
	0.050000659011353921 1 0.10000065900669564 1 
	0.79684770013615724 78.923922180731708 
	0.79685208419758935 78.973921886464865 
	0.001 
	-1 
	spline forward { ref 2 } I I I I 
	} 0 0 #
name_attrib-gen-attrib $-1 -1 $275 $-1 $149 2 1 1 1 1 1 1 1 1 1 1 1 1 1 0 1 1 1 @3 eif #
vertex $276 -1 -1 $-1 $149 $277 #
intcurve-curve $-1 -1 -1 $-1 forward { parcur summary 3 2 -0.44576312002158186 -0.002699197748864568 0.001 OPEN 
	spline forward { ref 2 } I I I I 
	null_surface 
	nubs 2 open 7 
	-0.44576312002158186 2 -0.371919132976129 2 -0.29807514593067608 2 -0.22423115888522321 2 -0.15038717183977032 2 
	-0.076543184794317445 2 -0.002699197748864568 2 
	0.79684770018769191 78.923922180622597 
	0.79596863760284786 78.924040185868719 
	0.79506976518221573 78.924161146609578 
	0.79418665124372079 78.924279986740629 
	0.7932706465081838 78.924403533120881 
	0.79238056580777461 78.924523582990062 
	0.79145276182172775 78.924648975935057 
	0.79055753421833486 78.924769966173642 
	0.78961845614507264 78.924897110830742 
	0.78872023540470249 78.925018723688382 
	0.78777003264435241 78.925147573586401 
	0.78687157544312569 78.925269406655701 
	0.78590975798199825 78.925399999980698 
	
	nullbs 
	-1 
	-1 
	I I 
	5 -0.371919132976129 -0.29807514593067608 -0.22423115888522321 -0.15038717183977032 -0.076543184794317445 
	0 
	1 -0.37001717698857434 
	
	-1 
	none F surf1 } I I #
integer_attrib-name_attrib-gen-attrib $-1 -1 $-1 $151 $94 2 1 1 1 1 1 1 1 1 1 1 1 1 1 0 1 1 1 @3 pid 397 #
integer_attrib-name_attrib-gen-attrib $-1 -1 $-1 $-1 $152 2 1 1 1 1 1 1 1 1 1 1 1 1 1 0 1 1 1 @3 pid 397 #
point $-1 -1 -1 $-1 -31.219657633003202 -79.770399999999995 3.1940413909888199 #
edge $278 -1 -1 $-1 $279 -0.0039183445134087225 $225 -0.0032319647362980541 $154 $280 forward @7 unknown T -31.221429565819879 -79.821399999968719 3.193041224333601 -31.21874340333467 -79.819397645855034 3.1950413726005338 #
pcurve $-1 -1 -1 $-1 0 forward { imppc forward { parcur summary 3 2 -0.0039183445134087225 -0.0032319647362980541 0.001 OPEN 
	spline forward { ref 2 } I I I I 
	null_surface 
	nubs 1 open 2 
	-0.0039183445134087225 1 -0.0032319647362980541 1 
	0.78592926332827218 78.975397645855026 
	0.78591192523143993 78.975399999968715 
	
	nullbs 
	-1 
	-1 
	I I 
	0 
	0 
	0 
	
	-1 
	none F surf1 } I I surf1 } 0 0 #
name_attrib-gen-attrib $-1 -1 $281 $-1 $155 2 1 1 1 1 1 1 1 1 1 1 1 1 1 0 1 1 1 @3 eif #
vertex $282 -1 -1 $-1 $222 $283 #
intcurve-curve $-1 -1 -1 $-1 forward { ref 38 } I I #
integer_attrib-name_attrib-gen-attrib $-1 -1 $-1 $157 $97 2 1 1 1 1 1 1 1 1 1 1 1 1 1 0 1 1 1 @3 pid 403 #
integer_attrib-name_attrib-gen-attrib $-1 -1 $-1 $-1 $158 2 1 1 1 1 1 1 1 1 1 1 1 1 1 0 1 1 1 @3 pid 402 #
point $-1 -1 -1 $-1 -31.2180572289707 -79.820400000000006 3.1940417282058902 #
coedge $-1 -1 -1 $-1 $284 $165 $-1 $285 forward $30 $286 #
edge $287 -1 -1 $-1 $117 -43.643461918357474 $288 -0.79583408256667953 $165 $289 reversed @7 unknown T -0.001000000000003549 76.168997816123508 3.1929503257193681 29.500999007214794 76.171002589528968 3.1951605911196741 #
pcurve $-1 -1 -1 $-1 0 forward { exppc nubs 2 open 8 
	-43.643461918357474 2 -36.502190612392347 2 -29.36091930642721 2 -22.219648000462076 2 -15.078376694496946 2 
	-7.937105388531811 2 -4.366469735549245 2 -0.79583408256667953 2 
	-8.9338259012805565e-017 79.014999999999915 
	0.044014352630448693 79.015767449149493 
	0.10354169337076519 79.015663408506143 
	0.1553124234369988 79.015448053315083 
	0.20708297827283134 79.015232698852927 
	0.25201811647248329 79.015060788958607 
	0.31062374166340301 79.015018835175496 
	0.33693477142217554 79.014999999999986 
	0.4141667312813006 79.014999999999972 
	0.46593962727882793 79.014999999999944 
	0.51771064191194149 79.014999999999915 
	0.53663139543654381 79.014999999999901 
	0.56947974144390223 79.014999999999887 
	0.60822921241121275 79.014999999999887 
	0.74260673845868974 79.014999999999915 
	0.001 
	-1 
	spline forward { ref 3 } I I I I 
	} 0 0 #
integer_attrib-name_attrib-gen-attrib $-1 -1 $-1 $167 $104 2 1 1 1 1 1 1 1 1 1 1 1 1 1 0 1 1 1 @3 pid 204 #
integer_attrib-name_attrib-gen-attrib $-1 -1 $-1 $-1 $168 2 1 1 1 1 1 1 1 1 1 1 1 1 1 0 1 1 1 @3 pid 12 #
point $-1 -1 -1 $-1 1.79329635666654e-022 76.219999999999999 3.194 #
coedge $-1 -1 -1 $-1 $170 $290 $-1 $291 forward $30 $292 #
edge $293 -1 -1 $-1 $294 -0.10685394514224453 $240 -0.013250084413122087 $170 $295 forward @7 unknown T 31.41946721293937 76.217526365751297 3.1927089582649155 31.515094375040086 76.220953532477921 3.1948849745711825 #
pcurve $-1 -1 -1 $-1 0 forward { imppc forward { parcur summary 3 2 -0.10685394514224453 -0.013250084413122087 0.001 OPEN 
	spline forward { ref 3 } I I I I 
	null_surface 
	nubs 1 open 2 
	-0.10685394514224453 1 -0.013250084413122087 1 
	0.79337220653719875 79.063526365751201 
	0.79099353878632483 79.064953532477816 
	
	nullbs 
	-1 
	-1 
	I I 
	0 
	0 
	0 
	
	-1 
	none F surf1 } I I surf1 } 0 0 #
name_attrib-gen-attrib $-1 -1 $296 $-1 $171 2 1 1 1 1 1 1 1 1 1 1 1 1 1 0 1 1 1 @3 eif #
vertex $297 -1 -1 $-1 $237 $298 #
intcurve-curve $-1 -1 -1 $-1 forward { ref 42 } I I #
integer_attrib-name_attrib-gen-attrib $-1 -1 $-1 $173 $107 2 1 1 1 1 1 1 1 1 1 1 1 1 1 0 1 1 1 @3 pid 395 #
integer_attrib-name_attrib-gen-attrib $-1 -1 $-1 $-1 $174 2 1 1 1 1 1 1 1 1 1 1 1 1 1 0 1 1 1 @3 pid 394 #
point $-1 -1 -1 $-1 31.417418782173399 76.219999999999999 3.1938894180485802 #
coedge $-1 -1 -1 $-1 $299 $181 $-1 $300 forward $20 $301 #
edge $302 -1 -1 $-1 $249 28.008383187924995 $303 28.484476260050531 $181 $304 forward @7 unknown T -31.398387998814577 76.218999999999994 3.1927871765668576 -29.498999999494583 76.221000000000032 3.1952822670142953 #
pcurve $-1 -1 -1 $-1 0 forward { exppc nubs 2 open 10 
	28.008383187924995 2 28.048057610602125 2 28.087732033279256 2 28.127406455956379 2 28.167080878633506 2 
	28.206755301310636 2 28.246429723987767 2 28.325778569342017 2 28.405127414696274 2 28.484476260050531 2 
	0.74260676263004977 -77.064999999999998 
	0.74730666129966838 -77.064999999999998 
	0.74813999912175155 -77.064999999999998 
	0.74899555703022302 -77.064999999999998 
	0.75346673865415525 -77.064999999999998 
	0.75774555737081939 -77.064999999999998 
	0.75856457653645826 -77.064999999999998 
	0.75941175530132021 -77.065000000000012 
	0.76341098794250295 -77.064999999999998 
	0.76718367703637025 -77.064999999999998 
	0.76798332568597938 -77.064999999999998 
	0.76881779185514953 -77.064999999999984 
	0.77225882242870503 -77.064999999999998 
	0.77638662111050916 -77.064999999999998 
	0.77982767203203573 -77.064999999999998 
	0.78327006201915295 -77.064999999999998 
	0.78593719708900223 -77.064999999999998 
	0.78860761334814922 -77.065000000000012 
	0.79040811368985886 -77.064999999999998 
	0.001 
	-1 
	spline forward { ref 1 } I I I I 
	} 0 0 #
name_attrib-gen-attrib $-1 -1 $305 $-1 $182 2 1 1 1 1 1 1 1 1 1 1 1 1 1 0 1 1 1 @3 eif #
vertex $306 -1 -1 $-1 $182 $307 #
intcurve-curve $-1 -1 -1 $-1 forward { ref 44 } I I #
integer_attrib-name_attrib-gen-attrib $-1 -1 $-1 $184 $114 2 1 1 1 1 1 1 1 1 1 1 1 1 1 0 1 1 1 @3 pid 11 #
coedge $-1 -1 -1 $-1 $189 $308 $-1 $309 forward $20 $310 #
edge $311 -1 -1 $-1 $312 0.34671981535706831 $256 0.80825650875698141 $189 $313 reversed @7 unknown T -33.198608749923189 75.800968994273106 3.1313097497560705 -32.762619545934506 75.95737279832062 3.1674680742794434 #
pcurve $-1 -1 -1 $-1 0 forward { exppc nubs 2 open 7 
	0.34671981535706831 2 0.42364259759038714 2 0.50056537982370597 2 0.57748816205702491 2 0.65441094429034363 2 
	0.73133372652366258 2 0.80825650875698141 2 
	0.83810244763698449 -76.646968994273109 
	0.8370868982588906 -76.659827661319284 
	0.8360706024128749 -76.672768226566291 
	0.83506111465752531 -76.685622103924331 
	0.83405054021441294 -76.698560771472643 
	0.83304759018573127 -76.711401821508204 
	0.83204309712471669 -76.724332065046724 
	0.83104709807755328 -76.737152970181597 
	0.83004909724856124 -76.75006754334305 
	0.82906041297211686 -76.762861556184419 
	0.82806935399150838 -76.775752642416165 
	0.82708831501805946 -76.788513394551956 
	0.82610467138105104 -76.801372798320614 
	0.001 
	-1 
	spline forward { ref 1 } I I I I 
	} 0 0 #
name_attrib-gen-attrib $-1 -1 $314 $-1 $190 2 1 1 1 1 1 1 1 1 1 1 1 1 1 0 1 1 1 @3 eif #
tvertex-vertex $315 -1 -1 $-1 $253 $316 2.9055394188922872e-005 #
intcurve-curve $-1 -1 -1 $-1 forward { parcur summary 3 2 -0.71926434403920936 -0.26278485909933957 0.001 OPEN 
	spline forward { ref 1 } I I I I 
	null_surface 
	nubs 2 open 7 
	-0.71926434403920936 2 -0.64318442988256441 2 -0.56710451572591936 2 -0.49102460156927447 2 -0.41494468741262946 2 
	-0.33886477325598452 2 -0.26278485909933957 2 
	0.81422302179931805 -76.917555747089352 
	0.81520031364790702 -76.90786426931345 
	0.8161722951687771 -76.898268241133934 
	0.81715649106880628 -76.88855162472916 
	0.81813542941636541 -76.878931031360125 
	0.81912596540931215 -76.869196461221605 
	0.82011133894803012 -76.859558052643536 
	0.82110765499031479 -76.849812610218891 
	0.82209892496370141 -76.840163239859919 
	0.82310047000723408 -76.830413848356329 
	0.82409707397379817 -76.820760527884858 
	0.82510330711048319 -76.811013937199561 
	0.82610465636615338 -76.801363851594147 
	
	nullbs 
	-1 
	-1 
	I I 
	5 -0.64318442988256441 -0.56710451572591936 -0.49102460156927447 -0.41494468741262946 -0.33886477325598452 
	0 
	0 
	
	-1 
	none F surf1 } I I #
integer_attrib-name_attrib-gen-attrib $-1 -1 $-1 $192 $120 2 1 1 1 1 1 1 1 1 1 1 1 1 1 0 1 1 1 @3 pid 201 #
integer_attrib-name_attrib-gen-attrib $-1 -1 $-1 $-1 $193 2 1 1 1 1 1 1 1 1 1 1 1 1 1 0 1 1 1 @3 pid 201 #
point $-1 -1 -1 $-1 -32.3201077412579 76.072558033415405 3.18454515101249 #
name_attrib-gen-attrib $-1 -1 $317 $-1 $198 2 1 1 1 1 1 1 1 1 1 1 1 1 1 0 1 1 1 @3 eif #
intcurve-curve $-1 -1 -1 $-1 forward { ref 49 } I I #
integer_attrib-name_attrib-gen-attrib $-1 -1 $-1 $200 $131 2 1 1 1 1 1 1 1 1 1 1 1 1 1 0 1 1 1 @3 pid 4 #
integer_attrib-name_attrib-gen-attrib $-1 -1 $-1 $-1 $201 2 1 1 1 1 1 1 1 1 1 1 1 1 1 0 1 1 1 @3 pid 5 #
point $-1 -1 -1 $-1 31.2204295658102 -79.820397293814494 3.1940412243336 #
integer_attrib-name_attrib-gen-attrib $-1 -1 $-1 $206 $139 2 1 1 1 1 1 1 1 1 1 1 1 1 1 0 1 1 1 @3 pid 6 #
integer_attrib-name_attrib-gen-attrib $-1 -1 $-1 $-1 $207 2 1 1 1 1 1 1 1 1 1 1 1 1 1 0 1 1 1 @3 pid 6 #
point $-1 -1 -1 $-1 31.7199530927012 -79.818559818770396 3.19297666377375 #
string_attrib-name_attrib-gen-attrib $-1 -1 $318 $212 $0 2 1 1 1 1 1 1 1 1 1 1 1 1 1 0 1 1 1 @23 ATTRIB_XACIS_LAYER_NAME @6 Copper #
edge $319 -1 -1 $-1 $273 -0.44649481967633514 $279 -0.0039183445134087225 $213 $320 forward @7 unknown T -31.651576565543252 -79.821397645855043 3.192289328623549 -31.219429565819876 -79.817921886379182 3.1950412243336008 #
pcurve $-1 -1 -1 $-1 0 forward { imppc forward { parcur summary 3 2 -0.44649481967633514 -0.0039183445134087225 0.001 OPEN 
	spline forward { ref 2 } I I I I 
	null_surface 
	nubs 2 open 7 
	-0.44649481967633514 2 -0.37273207381584739 2 -0.29896932795535969 2 -0.22520658209487193 2 -0.1514438362343842 2 
	-0.077681090373896436 2 -0.0039183445134087225 2 
	0.79685208421101783 78.973921886379188 
	0.79597421302564053 78.974039730844055 
	0.79507660350887122 78.974160520443832 
	0.79419471262997721 78.974279194816518 
	0.79328006307632049 78.974402556969409 
	0.79239121893889275 78.974522438650808 
	0.79146480694500809 78.974647641864607 
	0.79057078479647125 78.974768467638597 
	0.78963310712240309 78.974895421038141 
	0.78873601671721993 78.975016879274563 
	0.78778719436426647 78.975145540398714 
	0.78688974060915595 78.975267235896965 
	0.78592926332827218 78.975397645855026 
	
	nullbs 
	-1 
	-1 
	I I 
	5 -0.37273207381584739 -0.29896932795535969 -0.22520658209487193 -0.1514438362343842 -0.077681090373896436 
	0 
	1 -0.37054388436469476 
	
	-1 
	none F surf1 } I I surf1 } 0 0 #
name_attrib-gen-attrib $-1 -1 $321 $-1 $214 2 1 1 1 1 1 1 1 1 1 1 1 1 1 0 1 1 1 @3 eif #
vertex $322 -1 -1 $-1 $214 $323 #
intcurve-curve $-1 -1 -1 $-1 forward { parcur summary 3 2 -0.10000065900669564 -0.050000659011353921 0.001 OPEN 
	spline forward { ref 2 } I I I I 
	null_surface 
	nubs 1 open 2 
	-0.10000065900669564 1 -0.050000659011353921 1 
	0.79685208419758935 78.973921886464865 
	0.79684770013615724 78.923922180731708 
	
	nullbs 
	-1 
	-1 
	I I 
	0 
	0 
	0 
	
	-1 
	none F surf1 } I I #
integer_attrib-name_attrib-gen-attrib $-1 -1 $-1 $216 $149 2 1 1 1 1 1 1 1 1 1 1 1 1 1 0 1 1 1 @3 pid 398 #
integer_attrib-name_attrib-gen-attrib $-1 -1 $-1 $-1 $217 2 1 1 1 1 1 1 1 1 1 1 1 1 1 0 1 1 1 @3 pid 398 #
point $-1 -1 -1 $-1 -31.650405024321 -79.768922180724601 3.1932890903953299 #
name_attrib-gen-attrib $-1 -1 $324 $-1 $222 2 1 1 1 1 1 1 1 1 1 1 1 1 1 0 1 1 1 @3 eif #
vertex $325 -1 -1 $-1 $270 $326 #
intcurve-curve $-1 -1 -1 $-1 forward { ref 54 } I I #
integer_attrib-name_attrib-gen-attrib $-1 -1 $-1 $224 $155 2 1 1 1 1 1 1 1 1 1 1 1 1 1 0 1 1 1 @3 pid 402 #
integer_attrib-name_attrib-gen-attrib $-1 -1 $-1 $-1 $225 2 1 1 1 1 1 1 1 1 1 1 1 1 1 0 1 1 1 @3 pid 401 #
point $-1 -1 -1 $-1 -31.2197434033348 -79.820400000000006 3.1940413726005299 #
coedge $-1 -1 -1 $-1 $327 $230 $-1 $328 forward $30 $329 #
edge $330 -1 -1 $-1 $288 -0.79583407663246297 $331 -0.0034037519232469858 $230 $332 reversed @7 unknown T 29.498999038627399 76.168999999999897 3.1927977012035917 31.418037728317206 76.171000000000021 3.1952782384830898 #
pcurve $-1 -1 -1 $-1 0 forward { exppc nubs 2 open 10 
	-0.79583407663246297 2 -0.72979821624002827 2 -0.66376235584759369 2 -0.5977264954551591 2 -0.5316906350627244 2 
	-0.46565477467028965 2 -0.3996189142778549 2 -0.26754719349298567 2 -0.13547547270811625 2 -0.0034037519232469398 2 
	0.74260673845868974 79.014999999999915 
	0.74700345168543869 79.014999999999901 
	0.74827055715521829 79.014999999999901 
	0.74956477495914275 79.014999999999901 
	0.7537172662070668 79.014999999999887 
	0.75768556507062035 79.014999999999887 
	0.75892280115222577 79.014999999999901 
	0.76019341785432615 79.014999999999901 
	0.76386296522791974 79.014999999999887 
	0.76731679055115509 79.014999999999901 
	0.76851342716248061 79.014999999999901 
	0.76974940405286207 79.014999999999915 
	0.77284972408920116 79.014999999999915 
	0.77702967693401082 79.014999999999915 
	0.78048139826092766 79.014999999999915 
	0.78393485451164646 79.014999999999901 
	0.78656500891184344 79.014999999999887 
	0.78919888917196923 79.014999999999901 
	0.79090652522425597 79.014999999999915 
	0.001 
	-1 
	spline forward { ref 3 } I I I I 
	} 0 0 #
name_attrib-gen-attrib $-1 -1 $333 $-1 $231 2 1 1 1 1 1 1 1 1 1 1 1 1 1 0 1 1 1 @3 eif #
vertex $334 -1 -1 $-1 $231 $335 #
intcurve-curve $-1 -1 -1 $-1 forward { parcur summary 3 4 0.79583408256667953 2.7272321702434601 23.185312984229501 43.643461918357474 0.001 OPEN 
	spline forward { ref 3 } I I I I 
	null_surface 
	nubs 2 open 8 
	0.79583408256667953 2 4.366469735549245 2 7.937105388531811 2 15.078376694496946 2 22.219648000462076 2 
	29.36091930642721 2 36.502190612392347 2 43.643461918357474 2 
	0.74260673845868974 79.014999999999915 
	0.60822921241121275 79.014999999999887 
	0.56947974144390223 79.014999999999887 
	0.53663139543654381 79.014999999999901 
	0.51771064191194149 79.014999999999915 
	0.46593962727882793 79.014999999999944 
	0.4141667312813006 79.014999999999972 
	0.33693477142217554 79.014999999999986 
	0.31062374166340301 79.015018835175496 
	0.25201811647248329 79.015060788958607 
	0.20708297827283134 79.015232698852927 
	0.1553124234369988 79.015448053315083 
	0.10354169337076519 79.015663408506143 
	0.044014352630448693 79.015767449149493 
	-8.9338259012805565e-017 79.014999999999915 
	
	nullbs 
	-1 
	-1 
	I I 
	6 4.366469735549245 7.937105388531811 15.078376694496946 22.219648000462076 29.36091930642721 36.502190612392347 
	0 
	5 0.96045829333630994 1.6831677524299207 3.7949171788860481 16.283162831665802 30.209569726549343 
	
	-1 
	none F surf1 } I I #
coedge $-1 -1 -1 $-1 $236 $336 $-1 $337 forward $30 $338 #
edge $339 -1 -1 $-1 $340 -0.12129056853405185 $294 -0.10685394514224453 $236 $341 forward @7 unknown T 31.513094375040083 76.21730625754617 3.1926744327675332 31.529534244547765 76.219526365751307 3.1947089582649153 #
pcurve $-1 -1 -1 $-1 0 forward { imppc forward { parcur summary 3 2 -0.12129056853405185 -0.10685394514224453 0.001 OPEN 
	spline forward { ref 3 } I I I I 
	null_surface 
	nubs 1 open 2 
	-0.12129056853405185 1 -0.10685394514224453 1 
	0.79373963953732884 79.063306257546074 
	0.79337220653719875 79.063526365751201 
	
	nullbs 
	-1 
	-1 
	I I 
	0 
	0 
	0 
	
	-1 
	none F surf1 } I I surf1 } 0 0 #
name_attrib-gen-attrib $-1 -1 $342 $-1 $237 2 1 1 1 1 1 1 1 1 1 1 1 1 1 0 1 1 1 @3 eif #
vertex $343 -1 -1 $-1 $291 $344 #
intcurve-curve $-1 -1 -1 $-1 forward { ref 57 } I I #
integer_attrib-name_attrib-gen-attrib $-1 -1 $-1 $239 $171 2 1 1 1 1 1 1 1 1 1 1 1 1 1 0 1 1 1 @3 pid 394 #
integer_attrib-name_attrib-gen-attrib $-1 -1 $-1 $-1 $240 2 1 1 1 1 1 1 1 1 1 1 1 1 1 0 1 1 1 @3 pid 393 #
point $-1 -1 -1 $-1 31.420467212940601 76.219953532558804 3.1938849745711799 #
coedge $-1 -1 -1 $-1 $345 $245 $-1 $346 forward $20 $347 #
edge $348 -1 -1 $-1 $303 28.484476260050531 $349 28.49138869191518 $245 $350 forward @7 unknown T -31.410436796399882 76.218999999999994 3.1929006978051433 -31.396387998814575 76.221000000000004 3.1949167692251996 #
pcurve $-1 -1 -1 $-1 0 forward { imppc forward { parcur summary 3 2 28.484476260050531 28.49138869191518 0.001 OPEN 
	spline forward { ref 1 } I I I I 
	null_surface 
	nubs 1 open 2 
	28.484476260050531 1 28.49138869191518 1 
	0.79040811368985886 -77.064999999999998 
	0.79071369995410401 -77.064999999999998 
	
	nullbs 
	-1 
	-1 
	I I 
	0 
	0 
	0 
	
	-1 
	none F surf1 } I I surf1 } 0 0 #
name_attrib-gen-attrib $-1 -1 $351 $-1 $246 2 1 1 1 1 1 1 1 1 1 1 1 1 1 0 1 1 1 @3 eif #
vertex $352 -1 -1 $-1 $246 $353 #
intcurve-curve $-1 -1 -1 $-1 forward { parcur summary 3 2 28.008383184589711 28.484476260050531 0.001 OPEN 
	spline forward { ref 1 } I I I I 
	null_surface 
	nubs 2 open 10 
	28.008383184589711 2 28.048057607544781 2 28.087732030499851 2 28.127406453454917 2 28.167080876409983 2 
	28.206755299365053 2 28.246429722320123 2 28.325778568230255 2 28.405127414140392 2 28.484476260050531 2 
	0.74260676263004977 -77.064999999999998 
	0.74730666129966838 -77.064999999999998 
	0.74813999912175155 -77.064999999999998 
	0.74899555703022302 -77.064999999999998 
	0.75346673865415525 -77.064999999999998 
	0.75774555737081939 -77.064999999999998 
	0.75856457653645826 -77.064999999999998 
	0.75941175530132021 -77.065000000000012 
	0.76341098794250295 -77.064999999999998 
	0.76718367703637025 -77.064999999999998 
	0.76798332568597938 -77.064999999999998 
	0.76881779185514953 -77.064999999999984 
	0.77225882242870503 -77.064999999999998 
	0.77638662111050916 -77.064999999999998 
	0.77982767203203573 -77.064999999999998 
	0.78327006201915295 -77.064999999999998 
	0.78593719708900223 -77.064999999999998 
	0.78860761334814922 -77.065000000000012 
	0.79040811368985886 -77.064999999999998 
	
	nullbs 
	-1 
	-1 
	I I 
	8 28.048057607544781 28.087732030499851 28.127406453454917 28.167080876409983 28.206755299365053 28.246429722320123 28.325778568230255 28.405127414140392 
	0 
	1 28.31762970803322 
	
	-1 
	none F surf1 } I I #
integer_attrib-name_attrib-gen-attrib $-1 -1 $-1 $248 $182 2 1 1 1 1 1 1 1 1 1 1 1 1 1 0 1 1 1 @3 pid 12 #
integer_attrib-name_attrib-gen-attrib $-1 -1 $-1 $-1 $249 2 1 1 1 1 1 1 1 1 1 1 1 1 1 0 1 1 1 @3 pid 13 #
point $-1 -1 -1 $-1 -29.499999999494602 76.219999999999999 3.19395032561106 #
coedge $-1 -1 -1 $-1 $252 $354 $-1 $355 forward $20 $356 #
edge $357 -1 -1 $-1 $358 0.42733095162438373 $312 0.89058191633348738 $252 $359 reversed @7 unknown T -33.618106219949887 75.609685960301434 3.0759063144530261 -33.196595415594125 75.80296359956894 3.1333111213016349 #
pcurve $-1 -1 -1 $-1 0 forward { exppc nubs 2 open 7 
	0.42733095162438373 2 0.50453944574256759 2 0.58174793986075168 2 0.65895643397893555 2 0.73616492809711964 2 
	0.81337342221530351 2 0.89058191633348738 2 
	0.85012548960924428 -76.455685959011205 
	0.84910705634174155 -76.471607222697628 
	0.84809575873917264 -76.487509717230111 
	0.84708209318335026 -76.503449447452425 
	0.84607616134564534 -76.519360250372813 
	0.84506748720605462 -76.535314428224979 
	0.84406684286000777 -76.551234231874062 
	0.84306343377565041 -76.567198021272063 
	0.84206795170597426 -76.58312833516851 
	0.84107011296994694 -76.599096361883568 
	0.84007964196733287 -76.615039233690894 
	0.83908772381656993 -76.631005399160756 
	0.83810207249441415 -76.646963600875878 
	0.001 
	-1 
	spline forward { ref 1 } I I I I 
	} 0 0 #
name_attrib-gen-attrib $-1 -1 $360 $-1 $253 2 1 1 1 1 1 1 1 1 1 1 1 1 1 0 1 1 1 @3 eif #
tvertex-vertex $361 -1 -1 $-1 $309 $362 0.00012779886165599147 #
intcurve-curve $-1 -1 -1 $-1 forward { parcur summary 3 2 -0.80825650875698141 -0.34671981535706831 0.001 OPEN 
	spline forward { ref 1 } I I I I 
	null_surface 
	nubs 2 open 7 
	-0.80825650875698141 2 -0.73133372652366258 2 -0.65441094429034363 2 -0.57748816205702491 2 -0.50056537982370597 2 
	-0.42364259759038714 2 -0.34671981535706831 2 
	0.82610467138105104 -76.801372798320614 
	0.82708831501805946 -76.788513394551956 
	0.82806935399150838 -76.775752642416165 
	0.82906041297211686 -76.762861556184419 
	0.83004909724856124 -76.75006754334305 
	0.83104709807755328 -76.737152970181597 
	0.83204309712471669 -76.724332065046724 
	0.83304759018573127 -76.711401821508204 
	0.83405054021441294 -76.698560771472643 
	0.83506111465752531 -76.685622103924331 
	0.8360706024128749 -76.672768226566291 
	0.8370868982588906 -76.659827661319284 
	0.83810244763698449 -76.646968994273109 
	
	nullbs 
	-1 
	-1 
	I I 
	5 -0.73133372652366258 -0.65441094429034363 -0.57748816205702491 -0.50056537982370597 -0.42364259759038714 
	0 
	0 
	
	-1 
	none F surf1 } I I #
integer_attrib-name_attrib-gen-attrib $-1 -1 $-1 $255 $190 2 1 1 1 1 1 1 1 1 1 1 1 1 1 0 1 1 1 @3 pid 200 #
integer_attrib-name_attrib-gen-attrib $-1 -1 $-1 $-1 $256 2 1 1 1 1 1 1 1 1 1 1 1 1 1 0 1 1 1 @3 pid 200 #
point $-1 -1 -1 $-1 -32.763626336219197 75.956391960798399 3.1664676847503199 #
integer_attrib-name_attrib-gen-attrib $-1 -1 $-1 $261 $198 2 1 1 1 1 1 1 1 1 1 1 1 1 1 0 1 1 1 @3 pid 5 #
integer_attrib-name_attrib-gen-attrib $-1 -1 $-1 $269 $0 2 1 1 1 1 1 1 1 1 1 1 1 1 1 0 1 1 1 @18 ATTRIB_XACIS_LAYER 0 #
name_attrib-gen-attrib $-1 -1 $363 $-1 $270 2 1 1 1 1 1 1 1 1 1 1 1 1 1 0 1 1 1 @3 eif #
intcurve-curve $-1 -1 -1 $-1 forward { ref 62 } I I #
integer_attrib-name_attrib-gen-attrib $-1 -1 $-1 $272 $214 2 1 1 1 1 1 1 1 1 1 1 1 1 1 0 1 1 1 @3 pid 399 #
integer_attrib-name_attrib-gen-attrib $-1 -1 $-1 $-1 $273 2 1 1 1 1 1 1 1 1 1 1 1 1 1 0 1 1 1 @3 pid 399 #
point $-1 -1 -1 $-1 -31.650576564602598 -79.818921886463002 3.1932890903953299 #
integer_attrib-name_attrib-gen-attrib $-1 -1 $-1 $278 $222 2 1 1 1 1 1 1 1 1 1 1 1 1 1 0 1 1 1 @3 pid 401 #
integer_attrib-name_attrib-gen-attrib $-1 -1 $-1 $-1 $279 2 1 1 1 1 1 1 1 1 1 1 1 1 1 0 1 1 1 @3 pid 400 #
point $-1 -1 -1 $-1 -31.220429565820101 -79.820397645900897 3.1940412243336 #
coedge $-1 -1 -1 $-1 $364 $284 $-1 $365 forward $30 $366 #
edge $367 -1 -1 $-1 $331 0.0053604096291028636 $368 0.11439591458328079 $284 $369 reversed @7 unknown T 31.416037728317011 76.16733761158838 3.1926804104027946 31.527096258453245 76.170999999987373 3.1948899681822551 #
pcurve $-1 -1 -1 $-1 0 forward { exppc nubs 1 open 2 
	0.0053604096291028636 1 0.11439591458328079 1 
	0.79090652522425098 79.014999999987268 
	0.793677591698422 79.013337611588256 
	0.001 
	-1 
	spline forward { ref 3 } I I I I 
	} 0 0 #
name_attrib-gen-attrib $-1 -1 $370 $-1 $285 2 1 1 1 1 1 1 1 1 1 1 1 1 1 0 1 1 1 @3 eif #
vertex $371 -1 -1 $-1 $285 $372 #
intcurve-curve $-1 -1 -1 $-1 forward { parcur summary 3 2 0.0034037519232469858 0.79583408256667953 0.001 OPEN 
	spline forward { ref 3 } I I I I 
	null_surface 
	nubs 2 open 10 
	0.0034037519232469858 2 0.13547547369715238 2 0.26754719547105787 2 0.39961891724496323 2 0.46565477813191603 2 
	0.53169063901886882 2 0.5977264999058215 2 0.66376236079277418 2 0.72979822167972686 2 0.79583408256667953 2 
	0.79090652522425597 79.014999999999915 
	0.78919888917196923 79.014999999999901 
	0.78656500891184344 79.014999999999887 
	0.78393485451164646 79.014999999999901 
	0.78048139826092766 79.014999999999915 
	0.77702967693401082 79.014999999999915 
	0.77284972408920116 79.014999999999915 
	0.76974940405286207 79.014999999999915 
	0.76851342716248061 79.014999999999901 
	0.76731679055115509 79.014999999999901 
	0.76386296522791974 79.014999999999887 
	0.76019341785432615 79.014999999999901 
	0.75892280115222577 79.014999999999901 
	0.75768556507062035 79.014999999999887 
	0.7537172662070668 79.014999999999887 
	0.74956477495914275 79.014999999999901 
	0.74827055715521829 79.014999999999901 
	0.74700345168543869 79.014999999999901 
	0.74260673845868974 79.014999999999915 
	
	nullbs 
	-1 
	-1 
	I I 
	8 0.13547547369715238 0.26754719547105787 0.39961891724496323 0.46565477813191603 0.53169063901886882 0.5977264999058215 0.66376236079277418 0.72979822167972686 
	0 
	1 0.29318863236585113 
	
	-1 
	none F surf1 } I I #
integer_attrib-name_attrib-gen-attrib $-1 -1 $-1 $287 $231 2 1 1 1 1 1 1 1 1 1 1 1 1 1 0 1 1 1 @3 pid 205 #
integer_attrib-name_attrib-gen-attrib $-1 -1 $-1 $-1 $288 2 1 1 1 1 1 1 1 1 1 1 1 1 1 0 1 1 1 @3 pid 205 #
point $-1 -1 -1 $-1 29.499999038627401 76.170000000000002 3.1939503257159401 #
coedge $-1 -1 -1 $-1 $290 $373 $-1 $374 forward $30 $375 #
edge $376 -1 -1 $-1 $377 -0.059887860417432826 $340 -0.046246525530011684 $290 $378 forward @7 unknown T 31.527534239173256 76.216119524183895 3.1926378921576517 31.543926776254182 76.219306192742792 3.1946744327807779 #
pcurve $-1 -1 -1 $-1 0 forward { imppc forward { parcur summary 3 2 -0.059887860417432826 -0.046246525530011684 0.001 OPEN 
	spline forward { ref 3 } I I I I 
	null_surface 
	nubs 1 open 2 
	-0.059887860417432826 1 -0.046246525530011684 1 
	0.79410603272856151 79.062119524183785 
	0.79373963940054004 79.063306192742672 
	
	nullbs 
	-1 
	-1 
	I I 
	0 
	0 
	0 
	
	-1 
	none F surf1 } I I surf1 } 0 0 #
name_attrib-gen-attrib $-1 -1 $379 $-1 $291 2 1 1 1 1 1 1 1 1 1 1 1 1 1 0 1 1 1 @3 eif #
vertex $380 -1 -1 $-1 $337 $381 #
intcurve-curve $-1 -1 -1 $-1 forward { ref 67 } I I #
integer_attrib-name_attrib-gen-attrib $-1 -1 $-1 $293 $237 2 1 1 1 1 1 1 1 1 1 1 1 1 1 0 1 1 1 @3 pid 393 #
integer_attrib-name_attrib-gen-attrib $-1 -1 $-1 $-1 $294 2 1 1 1 1 1 1 1 1 1 1 1 1 1 0 1 1 1 @3 pid 392 #
point $-1 -1 -1 $-1 31.514094375048799 76.218526366323601 3.1937089582647999 #
coedge $-1 -1 -1 $-1 $382 $299 $-1 $383 forward $20 $384 #
edge $385 -1 -1 $-1 $349 -0.52065250405733798 $386 -0.50832902269825031 $299 $387 forward @7 unknown T -31.421467212131088 76.218391159289496 3.1928849745723706 -31.408436795450612 76.220999982796542 3.1949006978064554 #
pcurve $-1 -1 -1 $-1 0 forward { imppc forward { parcur summary 3 2 -0.52065250405733798 -0.50832902269825031 0.001 OPEN 
	spline forward { ref 1 } I I I I 
	null_surface 
	nubs 1 open 2 
	-0.52065250405733798 1 -0.50832902269825031 1 
	0.79071369993002472 -77.064999982796536 
	0.79099353876581602 -77.064391159289499 
	
	nullbs 
	-1 
	-1 
	I I 
	0 
	0 
	0 
	
	-1 
	none F surf1 } I I surf1 } 0 0 #
name_attrib-gen-attrib $-1 -1 $388 $-1 $300 2 1 1 1 1 1 1 1 1 1 1 1 1 1 0 1 1 1 @3 eif #
vertex $389 -1 -1 $-1 $300 $390 #
intcurve-curve $-1 -1 -1 $-1 forward { ref 69 } I I #
integer_attrib-name_attrib-gen-attrib $-1 -1 $-1 $302 $246 2 1 1 1 1 1 1 1 1 1 1 1 1 1 0 1 1 1 @3 pid 13 #
integer_attrib-name_attrib-gen-attrib $-1 -1 $-1 $-1 $303 2 1 1 1 1 1 1 1 1 1 1 1 1 1 0 1 1 1 @3 pid 14 #
point $-1 -1 -1 $-1 -31.397387998813901 76.220000000005498 3.1939167692255501 #
coedge $-1 -1 -1 $-1 $308 $391 $-1 $392 forward $20 $393 #
edge $394 -1 -1 $-1 $395 0.49599583661418661 $358 0.96085912261298911 $308 $396 reversed @7 unknown T -34.020779044741282 75.386918604141727 2.9949895883700872 -33.616242039167666 75.611995182249913 3.0778840114395654 #
pcurve $-1 -1 -1 $-1 0 forward { exppc nubs 2 open 7 
	0.49599583661418661 2 0.57347305094732037 2 0.65095026528045419 2 0.72842747961358789 2 0.8059046939467216 2 
	0.88338190827985541 2 0.96085912261298911 2 
	0.86214798288857664 -76.23291860414173 
	0.86114986513758418 -76.251202989548943 
	0.86011946362944747 -76.270157542086309 
	0.85912430270050133 -76.288463833334731 
	0.85810006580569342 -76.307375622558922 
	0.85706851109392712 -76.326422529950577 
	0.8560904149556724 -76.344561295338423 
	0.85506723427156039 -76.363536152361178 
	0.85409148502353804 -76.381722383722888 
	0.8530764102952898 -76.400641572125892 
	0.85210419698077244 -76.418864981448081 
	0.85109723521768943 -76.437739724373898 
	0.85012945961171926 -76.455995182249907 
	0.001 
	-1 
	spline forward { ref 1 } I I I I 
	} 0 0 #
name_attrib-gen-attrib $-1 -1 $397 $-1 $309 2 1 1 1 1 1 1 1 1 1 1 1 1 1 0 1 1 1 @3 eif #
tvertex-vertex $398 -1 -1 $-1 $355 $399 0.00036036587063948121 #
intcurve-curve $-1 -1 -1 $-1 forward { parcur summary 3 2 -0.89058191949509824 -0.42733094849596931 0.001 OPEN 
	spline forward { ref 1 } I I I I 
	null_surface 
	nubs 2 open 7 
	-0.89058191949509824 2 -0.81337342432857684 2 -0.73616492916205534 2 -0.65895643399553383 2 -0.58174793882901232 2 
	-0.50453944366249082 2 -0.42733094849596931 2 
	0.83810207249441415 -76.646963600875878 
	0.83908772381656993 -76.631005399160756 
	0.84007964196733287 -76.615039233690894 
	0.84107011296994694 -76.599096361883568 
	0.84206795170597426 -76.58312833516851 
	0.84306343377565041 -76.567198021272063 
	0.84406684286000777 -76.551234231874062 
	0.84506748720605462 -76.535314428224979 
	0.84607616134564534 -76.519360250372813 
	0.84708209318335026 -76.503449447452425 
	0.84809575873917264 -76.487509717230111 
	0.84910705634174155 -76.471607222697628 
	0.85012548960924428 -76.455685959011205 
	
	nullbs 
	-1 
	-1 
	I I 
	5 -0.81337342432857684 -0.73616492916205534 -0.65895643399553383 -0.58174793882901232 -0.50453944366249082 
	0 
	1 -0.71788051366645633 
	
	-1 
	none F surf1 } I I #
integer_attrib-name_attrib-gen-attrib $-1 -1 $-1 $311 $253 2 1 1 1 1 1 1 1 1 1 1 1 1 1 0 1 1 1 @3 pid 199 #
integer_attrib-name_attrib-gen-attrib $-1 -1 $-1 $-1 $312 2 1 1 1 1 1 1 1 1 1 1 1 1 1 0 1 1 1 @3 pid 199 #
point $-1 -1 -1 $-1 -33.197647874080602 75.802080010652304 3.1323057253859701 #
integer_attrib-name_attrib-gen-attrib $-1 -1 $-1 $319 $270 2 1 1 1 1 1 1 1 1 1 1 1 1 1 0 1 1 1 @3 pid 400 #
coedge $-1 -1 -1 $-1 $400 $327 $-1 $401 forward $30 $402 #
edge $403 -1 -1 $-1 $368 0.02075961867054954 $404 0.43226892203025419 $327 $405 reversed @7 unknown T 31.52509625735955 76.129401196583416 3.1897853728614232 31.987213159155996 76.169337598590261 3.1946804104054625 #
pcurve $-1 -1 -1 $-1 0 forward { exppc nubs 2 open 7 
	0.02075961867054954 2 0.089344502563833653 2 0.15792938645711777 2 0.22651427035040186 2 0.29509915424368599 2 
	0.36368403813697009 2 0.43226892203025419 2 
	0.79367759167058805 79.013337598590155 
	0.79460474986296425 79.010333875928353 
	0.7955005157279661 79.007438659767629 
	0.79646673441699534 79.00431573214496 
	0.7974105539237174 79.001273352080474 
	0.79840936508167903 78.998053707716764 
	0.79938618217485791 78.994914313713835 
	0.80040652368600684 78.991635036515049 
	0.80140571613905176 78.988434182852856 
	0.80243656284972142 78.985131926656919 
	0.80344726232773667 78.981905597682797 
	0.80447757649516105 78.978616655199772 
	0.80548865964994698 78.975401196388745 
	0.001 
	-1 
	spline forward { ref 3 } I I I I 
	} 0 0 #
name_attrib-gen-attrib $-1 -1 $406 $-1 $328 2 1 1 1 1 1 1 1 1 1 1 1 1 1 0 1 1 1 @3 eif #
vertex $407 -1 -1 $-1 $328 $408 #
intcurve-curve $-1 -1 -1 $-1 forward { parcur summary 3 2 -0.11439591458328079 -0.0053604096291028636 0.001 OPEN 
	spline forward { ref 3 } I I I I 
	null_surface 
	nubs 1 open 2 
	-0.11439591458328079 1 -0.0053604096291028636 1 
	0.793677591698422 79.013337611588256 
	0.79090652522425098 79.014999999987268 
	
	nullbs 
	-1 
	-1 
	I I 
	0 
	0 
	0 
	
	-1 
	none F surf1 } I I #
integer_attrib-name_attrib-gen-attrib $-1 -1 $-1 $330 $285 2 1 1 1 1 1 1 1 1 1 1 1 1 1 0 1 1 1 @3 pid 206 #
integer_attrib-name_attrib-gen-attrib $-1 -1 $-1 $-1 $331 2 1 1 1 1 1 1 1 1 1 1 1 1 1 0 1 1 1 @3 pid 206 #
point $-1 -1 -1 $-1 31.417037728317201 76.170000000000002 3.1938899681822601 #
coedge $-1 -1 -1 $-1 $336 $409 $-1 $410 forward $30 $411 #
edge $412 -1 -1 $-1 $413 -0.42790968917893701 $377 -0.059887860417432826 $336 $414 forward @7 unknown T 31.541926776254179 76.180792980641911 3.1899596733706939 31.9723902079703 76.218119524183905 3.1946378921576515 #
pcurve $-1 -1 -1 $-1 0 forward { exppc nubs 2 open 7 
	-0.42790968917893701 2 -0.36657271771868638 2 -0.30523574625843569 2 -0.24389877479818492 2 -0.18256180333793426 2 
	-0.12122483187768351 2 -0.059887860417432826 2 
	0.80510450245006027 79.026792980316102 
	0.80416509934894531 79.02978263229241 
	0.80320940304823762 79.032834651136042 
	0.80226928005433296 79.035836936580282 
	0.80131215179613524 79.038903499450257 
	0.80038155143864742 79.041885069034706 
	0.79943312932524491 79.044932968085405 
	0.79852206667345094 79.047860806810689 
	0.79759248384679982 79.050856499868203 
	0.79671074503101735 79.053698009815733 
	0.79581017783538222 79.056607537625425 
	0.79496999637870891 79.059321972844941 
	0.79410603272856151 79.062119524183785 
	0.001 
	-1 
	spline forward { ref 3 } I I I I 
	} 0 0 #
name_attrib-gen-attrib $-1 -1 $415 $-1 $337 2 1 1 1 1 1 1 1 1 1 1 1 1 1 0 1 1 1 @3 eif #
vertex $416 -1 -1 $-1 $374 $417 #
intcurve-curve $-1 -1 -1 $-1 forward { ref 76 } I I #
integer_attrib-name_attrib-gen-attrib $-1 -1 $-1 $339 $291 2 1 1 1 1 1 1 1 1 1 1 1 1 1 0 1 1 1 @3 pid 392 #
integer_attrib-name_attrib-gen-attrib $-1 -1 $-1 $-1 $340 2 1 1 1 1 1 1 1 1 1 1 1 1 1 0 1 1 1 @3 pid 391 #
point $-1 -1 -1 $-1 31.528534244552699 76.218306257869898 3.1936744327675202 #
coedge $-1 -1 -1 $-1 $418 $345 $-1 $419 forward $20 $420 #
edge $421 -1 -1 $-1 $386 -0.50832902269825031 $422 -0.08714406034876658 $345 $423 forward @7 unknown T -31.855847618333932 76.194415700333835 3.1910959540905424 -31.419467212131085 76.220391159289505 3.1948849745723704 #
pcurve $-1 -1 -1 $-1 0 forward { exppc nubs 2 open 7 
	-0.50832902269825031 2 -0.43813152897333629 2 -0.36793403524842239 2 -0.29773654152350837 2 -0.22753904779859449 2 
	-0.15734155407368053 2 -0.087144060348766567 2 
	0.79099353876581602 -77.064391159289499 
	0.79184698620752481 -77.062534641944495 
	0.79266750927125496 -77.060752965998034 
	0.7935777200609011 -77.058776542979828 
	0.79445450560828101 -77.056876821470524 
	0.79540086367306551 -77.054826357960337 
	0.79632277459202527 -77.052833874168414 
	0.79729222477072148 -77.050738645954496 
	0.79824030967390669 -77.048695272553246 
	0.79921763843761551 -77.04658887090784 
	0.80017477656192482 -77.044532165086451 
	0.80114353569672048 -77.042450487947633 
	0.80209348658815649 -77.040415700229531 
	0.001 
	-1 
	spline forward { ref 1 } I I I I 
	} 0 0 #
name_attrib-gen-attrib $-1 -1 $424 $-1 $346 2 1 1 1 1 1 1 1 1 1 1 1 1 1 0 1 1 1 @3 eif #
vertex $425 -1 -1 $-1 $346 $426 #
intcurve-curve $-1 -1 -1 $-1 forward { ref 78 } I I #
integer_attrib-name_attrib-gen-attrib $-1 -1 $-1 $348 $300 2 1 1 1 1 1 1 1 1 1 1 1 1 1 0 1 1 1 @3 pid 14 #
integer_attrib-name_attrib-gen-attrib $-1 -1 $-1 $-1 $349 2 1 1 1 1 1 1 1 1 1 1 1 1 1 0 1 1 1 @3 pid 15 #
point $-1 -1 -1 $-1 -31.409436796400499 76.219999999999999 3.1939006978051401 #
coedge $-1 -1 -1 $-1 $354 $427 $-1 $428 forward $20 $429 #
edge $430 -1 -1 $-1 $431 0.55474381762161129 $395 1.0190285390604537 $354 $432 reversed @7 unknown T -34.400893757752513 75.134587390959226 2.8866696591730165 -34.0187642503411 75.388899085466591 2.9969931524057349 #
pcurve $-1 -1 -1 $-1 0 forward { exppc nubs 2 open 7 
	0.55474381762161129 2 0.63212460452808505 2 0.70950539143455882 2 0.78688617834103247 2 0.86426696524750612 2 
	0.94164775215398 2 1.0190285390604537 2 
	0.87403327801068409 -75.980587390959229 
	0.8730553649621422 -76.001126750206851 
	0.8720364146989279 -76.022599760394897 
	0.87106290550900656 -76.043115160909466 
	0.87004358172951979 -76.064658999069295 
	0.86896580755188202 -76.087438211054547 
	0.86805520861197527 -76.106743833033178 
	0.86702635736452027 -76.128556523983519 
	0.86607566660631163 -76.148799532947109 
	0.86505799750933732 -76.170468708201042 
	0.86410624615971243 -76.190842093578567 
	0.86309810113726704 -76.212422653529245 
	0.86214753123198218 -76.232899085466585 
	0.001 
	-1 
	spline forward { ref 1 } I I I I 
	} 0 0 #
name_attrib-gen-attrib $-1 -1 $433 $-1 $355 2 1 1 1 1 1 1 1 1 1 1 1 1 1 0 1 1 1 @3 eif #
tvertex-vertex $434 -1 -1 $-1 $392 $435 5.7189373035059837e-005 #
intcurve-curve $-1 -1 -1 $-1 forward { parcur summary 3 3 -0.96085912261298911 -0.648837413114699 -0.49599583661418661 0.001 OPEN 
	spline forward { ref 1 } I I I I 
	null_surface 
	nubs 2 open 7 
	-0.96085912261298911 2 -0.88338190827985541 2 -0.8059046939467216 2 -0.72842747961358789 2 -0.65095026528045419 2 
	-0.57347305094732037 2 -0.49599583661418661 2 
	0.85012945961171926 -76.455995182249907 
	0.85109723521768943 -76.437739724373898 
	0.85210419698077244 -76.418864981448081 
	0.8530764102952898 -76.400641572125892 
	0.85409148502353804 -76.381722383722888 
	0.85506723427156039 -76.363536152361178 
	0.8560904149556724 -76.344561295338423 
	0.85706851109392712 -76.326422529950577 
	0.85810006580569342 -76.307375622558922 
	0.85912430270050133 -76.288463833334731 
	0.86011946362944747 -76.270157542086309 
	0.86114986513758418 -76.251202989548943 
	0.86214798288857664 -76.23291860414173 
	
	nullbs 
	-1 
	-1 
	I I 
	5 -0.88338190827985541 -0.8059046939467216 -0.72842747961358789 -0.65095026528045419 -0.57347305094732037 
	0 
	1 -0.6488713175041626 
	
	-1 
	none F surf1 } I I #
integer_attrib-name_attrib-gen-attrib $-1 -1 $-1 $357 $309 2 1 1 1 1 1 1 1 1 1 1 1 1 1 0 1 1 1 @3 pid 198 #
integer_attrib-name_attrib-gen-attrib $-1 -1 $-1 $-1 $358 2 1 1 1 1 1 1 1 1 1 1 1 1 1 0 1 1 1 @3 pid 198 #
point $-1 -1 -1 $-1 -33.6172523960578 75.611014471977199 3.0768823105973699 #
coedge $-1 -1 -1 $-1 $436 $364 $-1 $437 forward $30 $438 #
edge $439 -1 -1 $-1 $404 0.041726815908519344 $440 0.49342374568438452 $364 $441 reversed @7 unknown T 31.985213121074132 76.045837821823056 3.1801505685962126 32.435215152853409 76.131401241580178 3.1917853733185608 #
pcurve $-1 -1 -1 $-1 0 forward { exppc nubs 2 open 7 
	0.041726815908519344 2 0.1170096375378302 2 0.19229245916714105 2 0.26757528079645193 2 0.34285810242576276 2 
	0.41814092405507369 2 0.49342374568438452 2 
	0.80548865860146657 78.975401241580059 
	0.80646228560036226 78.968397095863196 
	0.80741889590423088 78.961540971122062 
	0.80839893172587063 78.954516953278244 
	0.80936262828094774 78.947637394138994 
	0.81034802495806746 78.940602923921034 
	0.81131866641234374 78.933702900674305 
	0.81230538383370765 78.926688597797167 
	0.81328575036393869 78.919749880771221 
	0.81427722351120946 78.912732554704306 
	0.81526245912284445 78.905790724473022 
	0.81625797602144567 78.89877645375357 
	0.81724733139017303 78.891837821822961 
	0.001 
	-1 
	spline forward { ref 3 } I I I I 
	} 0 0 #
name_attrib-gen-attrib $-1 -1 $442 $-1 $365 2 1 1 1 1 1 1 1 1 1 1 1 1 1 0 1 1 1 @3 eif #
vertex $443 -1 -1 $-1 $365 $444 #
intcurve-curve $-1 -1 -1 $-1 forward { parcur summary 3 2 -0.43226892410521855 -0.02075961867054954 0.001 OPEN 
	spline forward { ref 3 } I I I I 
	null_surface 
	nubs 2 open 7 
	-0.43226892410521855 2 -0.36368403986610703 2 -0.29509915562699557 2 -0.22651427138788405 2 -0.15792938714877255 2 
	-0.089344502909661047 2 -0.02075961867054954 2 
	0.80548865964994698 78.975401196388745 
	0.80447757649516105 78.978616655199772 
	0.80344726232773667 78.981905597682797 
	0.80243656284972142 78.985131926656919 
	0.80140571613905176 78.988434182852856 
	0.80040652368600684 78.991635036515049 
	0.79938618217485791 78.994914313713835 
	0.79840936508167903 78.998053707716764 
	0.7974105539237174 79.001273352080474 
	0.79646673441699534 79.00431573214496 
	0.7955005157279661 79.007438659767629 
	0.79460474986296425 79.010333875928353 
	0.79367759167058805 79.013337598590155 
	
	nullbs 
	-1 
	-1 
	I I 
	5 -0.36368403986610703 -0.29509915562699557 -0.22651427138788405 -0.15792938714877255 -0.089344502909661047 
	0 
	1 -0.071195922862882718 
	
	-1 
	none F surf1 } I I #
integer_attrib-name_attrib-gen-attrib $-1 -1 $-1 $367 $328 2 1 1 1 1 1 1 1 1 1 1 1 1 1 0 1 1 1 @3 pid 207 #
integer_attrib-name_attrib-gen-attrib $-1 -1 $-1 $-1 $368 2 1 1 1 1 1 1 1 1 1 1 1 1 1 0 1 1 1 @3 pid 207 #
point $-1 -1 -1 $-1 31.5260962584582 76.168337611913003 3.1936804104027798 #
coedge $-1 -1 -1 $-1 $373 $445 $-1 $446 forward $30 $447 #
edge $448 -1 -1 $-1 $449 -0.44603886469933707 $413 -0.42790969252007122 $373 $450 forward @7 unknown T 31.970390211920648 76.179022217529777 3.1897047548269266 31.993867256325085 76.182792980316194 3.1919596733252029 #
pcurve $-1 -1 -1 $-1 0 forward { exppc nubs 1 open 2 
	-0.44603886469933707 1 -0.42790969252007122 1 
	0.80566120057775625 79.025022217282995 
	0.80510450245006027 79.026792980316102 
	0.001 
	-1 
	spline forward { ref 3 } I I I I 
	} 0 0 #
name_attrib-gen-attrib $-1 -1 $451 $-1 $374 2 1 1 1 1 1 1 1 1 1 1 1 1 1 0 1 1 1 @3 eif #
vertex $452 -1 -1 $-1 $410 $453 #
intcurve-curve $-1 -1 -1 $-1 forward { parcur summary 3 2 -0.42790969252007122 -0.059887860417432826 0.001 OPEN 
	spline forward { ref 3 } I I I I 
	null_surface 
	nubs 2 open 7 
	-0.42790969252007122 2 -0.36657272050296485 2 -0.30523574848585849 2 -0.24389877646875202 2 -0.18256180445164566 2 
	-0.12122483243453921 2 -0.059887860417432826 2 
	0.80510450245006027 79.026792980316102 
	0.80416509934894531 79.02978263229241 
	0.80320940304823762 79.032834651136042 
	0.80226928005433296 79.035836936580282 
	0.80131215179613524 79.038903499450257 
	0.80038155143864742 79.041885069034706 
	0.79943312932524491 79.044932968085405 
	0.79852206667345094 79.047860806810689 
	0.79759248384679982 79.050856499868203 
	0.79671074503101735 79.053698009815733 
	0.79581017783538222 79.056607537625425 
	0.79496999637870891 79.059321972844941 
	0.79410603272856151 79.062119524183785 
	
	nullbs 
	-1 
	-1 
	I I 
	5 -0.36657272050296485 -0.30523574848585849 -0.24389877646875202 -0.18256180445164566 -0.12122483243453921 
	0 
	1 -0.092724213252926124 
	
	-1 
	none F surf1 } I I #
integer_attrib-name_attrib-gen-attrib $-1 -1 $-1 $376 $337 2 1 1 1 1 1 1 1 1 1 1 1 1 1 0 1 1 1 @3 pid 391 #
integer_attrib-name_attrib-gen-attrib $-1 -1 $-1 $-1 $377 2 1 1 1 1 1 1 1 1 1 1 1 1 1 0 1 1 1 @3 pid 390 #
point $-1 -1 -1 $-1 31.542926785145301 76.217119631602799 3.1936378921320498 #
coedge $-1 -1 -1 $-1 $454 $382 $-1 $455 forward $20 $456 #
edge $457 -1 -1 $-1 $422 -0.087144058549461556 $458 -0.066261199165459389 $382 $459 forward @7 unknown T -31.877681003212782 76.193210621834595 3.1909125635520019 -31.853847620223828 76.196415700229537 3.1930959540752126 #
pcurve $-1 -1 -1 $-1 0 forward { exppc nubs 1 open 2 
	-0.087144058549461556 1 -0.066261199165459389 1 
	0.80209348658815649 -77.040415700229531 
	0.80265635585844863 -77.039210621764184 
	0.001 
	-1 
	spline forward { ref 1 } I I I I 
	} 0 0 #
name_attrib-gen-attrib $-1 -1 $460 $-1 $383 2 1 1 1 1 1 1 1 1 1 1 1 1 1 0 1 1 1 @3 eif #
vertex $461 -1 -1 $-1 $383 $462 #
intcurve-curve $-1 -1 -1 $-1 forward { parcur summary 3 2 -0.50832902269825031 -0.087144058549461556 0.001 OPEN 
	spline forward { ref 1 } I I I I 
	null_surface 
	nubs 2 open 7 
	-0.50832902269825031 2 -0.43813152867345218 2 -0.3679340346486541 2 -0.29773654062385591 2 -0.22753904659905783 2 
	-0.15734155257425969 2 -0.087144058549461556 2 
	0.79099353876581602 -77.064391159289499 
	0.79184698620752481 -77.062534641944495 
	0.79266750927125496 -77.060752965998034 
	0.7935777200609011 -77.058776542979828 
	0.79445450560828101 -77.056876821470524 
	0.79540086367306551 -77.054826357960337 
	0.79632277459202527 -77.052833874168414 
	0.79729222477072148 -77.050738645954496 
	0.79824030967390669 -77.048695272553246 
	0.79921763843761551 -77.04658887090784 
	0.80017477656192482 -77.044532165086451 
	0.80114353569672048 -77.042450487947633 
	0.80209348658815649 -77.040415700229531 
	
	nullbs 
	-1 
	-1 
	I I 
	5 -0.43813152867345218 -0.3679340346486541 -0.29773654062385591 -0.22753904659905783 -0.15734155257425969 
	0 
	1 -0.3467203563336525 
	
	-1 
	none F surf1 } I I #
integer_attrib-name_attrib-gen-attrib $-1 -1 $-1 $385 $346 2 1 1 1 1 1 1 1 1 1 1 1 1 1 0 1 1 1 @3 pid 15 #
integer_attrib-name_attrib-gen-attrib $-1 -1 $-1 $-1 $386 2 1 1 1 1 1 1 1 1 1 1 1 1 1 0 1 1 1 @3 pid 16 #
point $-1 -1 -1 $-1 -31.420467213750801 76.219391188612406 3.1938849745699902 #
coedge $-1 -1 -1 $-1 $391 $463 $-1 $464 forward $20 $465 #
edge $466 -1 -1 $-1 $467 0.59690733115813566 $431 1.0635183214403234 $391 $468 reversed @7 unknown T -34.754898927067842 74.855543119017511 2.7507454785491388 -34.398904051054267 75.136612377212927 2.8886662357934578 #
pcurve $-1 -1 -1 $-1 0 forward { exppc nubs 1 open 2 
	0.59690733115813566 1 1.0635183214403234 1 
	0.88569717719458252 -75.701542785564001 
	0.87403359775453549 -75.980612624346918 
	0.001 
	-1 
	spline forward { ref 1 } I I I I 
	} 0 0 #
name_attrib-gen-attrib $-1 -1 $469 $-1 $392 2 1 1 1 1 1 1 1 1 1 1 1 1 1 0 1 1 1 @3 eif #
tvertex-vertex $470 -1 -1 $-1 $428 $471 9.7974748553142845e-005 #
intcurve-curve $-1 -1 -1 $-1 forward { parcur summary 3 3 -1.0190285390604537 -0.74880805799094896 -0.55474381762161129 0.001 OPEN 
	spline forward { ref 1 } I I I I 
	null_surface 
	nubs 2 open 7 
	-1.0190285390604537 2 -0.94164775215398 2 -0.86426696524750612 2 -0.78688617834103247 2 -0.70950539143455882 2 
	-0.63212460452808505 2 -0.55474381762161129 2 
	0.86214753123198218 -76.232899085466585 
	0.86309810113726704 -76.212422653529245 
	0.86410624615971243 -76.190842093578567 
	0.86505799750933732 -76.170468708201042 
	0.86607566660631163 -76.148799532947109 
	0.86702635736452027 -76.128556523983519 
	0.86805520861197527 -76.106743833033178 
	0.86896580755188202 -76.087438211054547 
	0.87004358172951979 -76.064658999069295 
	0.87106290550900656 -76.043115160909466 
	0.8720364146989279 -76.022599760394897 
	0.8730553649621422 -76.001126750206851 
	0.87403327801068409 -75.980587390959229 
	
	nullbs 
	-1 
	-1 
	I I 
	5 -0.94164775215398 -0.86426696524750612 -0.78688617834103247 -0.70950539143455882 -0.63212460452808505 
	0 
	1 -0.57097843481679533 
	
	-1 
	none F surf1 } I I #
integer_attrib-name_attrib-gen-attrib $-1 -1 $-1 $394 $355 2 1 1 1 1 1 1 1 1 1 1 1 1 1 0 1 1 1 @3 pid 197 #
integer_attrib-name_attrib-gen-attrib $-1 -1 $-1 $-1 $395 2 1 1 1 1 1 1 1 1 1 1 1 1 1 0 1 1 1 @3 pid 197 #
point $-1 -1 -1 $-1 -34.019794197052803 75.387947270237106 2.9959859380633498 #
coedge $-1 -1 -1 $-1 $472 $400 $-1 $473 forward $30 $474 #
edge $475 -1 -1 $-1 $440 0.072903503389132984 $476 0.5282159728672694 $400 $477 reversed @7 unknown T 32.433215400925128 75.920023872651853 3.1584933569574383 32.876480942959176 76.047841278487326 3.1821505603798581 #
pcurve $-1 -1 -1 $-1 0 forward { exppc nubs 2 open 7 
	0.072903503389132984 2 0.14878891496882238 2 0.22467432654851177 2 0.30055973812820119 2 0.37644514970789056 2 
	0.45233056128758004 2 0.5282159728672694 2 
	0.81724733798844451 78.891841278487234 
	0.81822684837854176 78.881344963150198 
	0.81920130208164965 78.870950711619102 
	0.82018772705543341 78.860428765567377 
	0.82116916508077054 78.850009340159275 
	0.8221619713788314 78.83946922361568 
	0.82314990762968687 78.829031567320314 
	0.82414856877502696 78.818480601322676 
	0.82514249781101057 78.80803179631441 
	0.82614649935993534 78.797477102736806 
	0.82714588974059378 78.787024430354094 
	0.8281547303657526 78.776472917406551 
	0.8291590222243691 78.766023872651758 
	0.001 
	-1 
	spline forward { ref 3 } I I I I 
	} 0 0 #
name_attrib-gen-attrib $-1 -1 $478 $-1 $401 2 1 1 1 1 1 1 1 1 1 1 1 1 1 0 1 1 1 @3 eif #
tvertex-vertex $479 -1 -1 $-1 $401 $480 7.6108946246836676e-006 #
intcurve-curve $-1 -1 -1 $-1 forward { parcur summary 3 2 -0.49342374568438452 -0.041726815908519344 0.001 OPEN 
	spline forward { ref 3 } I I I I 
	null_surface 
	nubs 2 open 7 
	-0.49342374568438452 2 -0.41814092405507369 2 -0.34285810242576276 2 -0.26757528079645193 2 -0.19229245916714105 2 
	-0.1170096375378302 2 -0.041726815908519344 2 
	0.81724733139017303 78.891837821822961 
	0.81625797602144567 78.89877645375357 
	0.81526245912284445 78.905790724473022 
	0.81427722351120946 78.912732554704306 
	0.81328575036393869 78.919749880771221 
	0.81230538383370765 78.926688597797167 
	0.81131866641234374 78.933702900674305 
	0.81034802495806746 78.940602923921034 
	0.80936262828094774 78.947637394138994 
	0.80839893172587063 78.954516953278244 
	0.80741889590423088 78.961540971122062 
	0.80646228560036226 78.968397095863196 
	0.80548865860146657 78.975401241580059 
	
	nullbs 
	-1 
	-1 
	I I 
	5 -0.41814092405507369 -0.34285810242576276 -0.26757528079645193 -0.19229245916714105 -0.1170096375378302 
	0 
	1 -0.25257801472376079 
	
	-1 
	none F surf1 } I I #
integer_attrib-name_attrib-gen-attrib $-1 -1 $-1 $403 $365 2 1 1 1 1 1 1 1 1 1 1 1 1 1 0 1 1 1 @3 pid 208 #
integer_attrib-name_attrib-gen-attrib $-1 -1 $-1 $-1 $404 2 1 1 1 1 1 1 1 1 1 1 1 1 1 0 1 1 1 @3 pid 208 #
point $-1 -1 -1 $-1 31.9862131959786 76.130401643255894 3.1907853724194002 #
coedge $-1 -1 -1 $-1 $409 $481 $-1 $482 forward $30 $483 #
edge $484 -1 -1 $-1 $485 -0.12326491165674902 $449 -0.1018613387072409 $409 $486 forward @7 unknown T 31.991866865170952 76.175069167037947 3.1894380819177353 32.015049607608439 76.181020355138799 3.1917047596097419 #
pcurve $-1 -1 -1 $-1 0 forward { imppc forward { parcur summary 3 2 -0.12326491165674902 -0.1018613387072409 0.001 OPEN 
	spline forward { ref 3 } I I I I 
	null_surface 
	nubs 1 open 2 
	-0.12326491165674902 1 -0.1018613387072409 1 
	0.80621083865776688 79.021069167037851 
	0.80566119035589612 79.025020355138693 
	
	nullbs 
	-1 
	-1 
	I I 
	0 
	0 
	0 
	
	-1 
	none F surf1 } I I surf1 } 0 0 #
name_attrib-gen-attrib $-1 -1 $487 $-1 $410 2 1 1 1 1 1 1 1 1 1 1 1 1 1 0 1 1 1 @3 eif #
tvertex-vertex $488 -1 -1 $-1 $446 $489 2.3229536626360462e-006 #
intcurve-curve $-1 -1 -1 $-1 forward { parcur summary 3 2 -0.44603886722510777 -0.42790969252007122 0.001 OPEN 
	spline forward { ref 3 } I I I I 
	null_surface 
	nubs 1 open 2 
	-0.44603886722510777 1 -0.42790969252007122 1 
	0.80566120057775625 79.025022217282995 
	0.80510450245006027 79.026792980316102 
	
	nullbs 
	-1 
	-1 
	I I 
	0 
	0 
	0 
	
	-1 
	none F surf1 } I I #
integer_attrib-name_attrib-gen-attrib $-1 -1 $-1 $412 $374 2 1 1 1 1 1 1 1 1 1 1 1 1 1 0 1 1 1 @3 pid 390 #
integer_attrib-name_attrib-gen-attrib $-1 -1 $-1 $-1 $413 2 1 1 1 1 1 1 1 1 1 1 1 1 1 0 1 1 1 @3 pid 389 #
point $-1 -1 -1 $-1 31.971390255507099 76.181793557277501 3.1909596728232699 #
coedge $-1 -1 -1 $-1 $490 $418 $-1 $491 forward $20 $492 #
edge $493 -1 -1 $-1 $458 -0.60988207568488007 $494 -0.58800163162111652 $418 $495 forward @7 unknown T -31.899271023969934 76.189751592500073 3.1907184924884597 -31.875680822759399 76.195209582981278 3.1929125651204129 #
pcurve $-1 -1 -1 $-1 0 forward { imppc forward { parcur summary 3 2 -0.60988207568488007 -0.58800163162111652 0.001 OPEN 
	spline forward { ref 1 } I I I I 
	null_surface 
	nubs 1 open 2 
	-0.60988207568488007 1 -0.58800163162111652 1 
	0.80265635117116896 -77.039209582981272 
	0.80321349311241497 -77.035751592500077 
	
	nullbs 
	-1 
	-1 
	I I 
	0 
	0 
	0 
	
	-1 
	none F surf1 } I I surf1 } 0 0 #
name_attrib-gen-attrib $-1 -1 $496 $-1 $419 2 1 1 1 1 1 1 1 1 1 1 1 1 1 0 1 1 1 @3 eif #
tvertex-vertex $497 -1 -1 $-1 $419 $498 1.187941138754444e-006 #
intcurve-curve $-1 -1 -1 $-1 forward { parcur summary 3 2 -0.087144058549461556 -0.06626119794519314 0.001 OPEN 
	spline forward { ref 1 } I I I I 
	null_surface 
	nubs 1 open 2 
	-0.087144058549461556 1 -0.06626119794519314 1 
	0.80209348658815649 -77.040415700229531 
	0.80265635585844863 -77.039210621764184 
	
	nullbs 
	-1 
	-1 
	I I 
	0 
	0 
	0 
	
	-1 
	none F surf1 } I I #
integer_attrib-name_attrib-gen-attrib $-1 -1 $-1 $421 $383 2 1 1 1 1 1 1 1 1 1 1 1 1 1 0 1 1 1 @3 pid 16 #
integer_attrib-name_attrib-gen-attrib $-1 -1 $-1 $-1 $422 2 1 1 1 1 1 1 1 1 1 1 1 1 1 0 1 1 1 @3 pid 17 #
point $-1 -1 -1 $-1 -31.854847629760499 76.195415907371697 3.1920959539978502 #
coedge $-1 -1 -1 $-1 $427 $499 $-1 $500 forward $20 $501 #
edge $502 -1 -1 $-1 $503 0.62149931635780276 $467 1.0908461984655973 $427 $504 reversed @7 unknown T -35.079185512231781 74.552651896278292 2.5892898738821919 -34.752925444050895 74.857589738017012 2.7527338325987487 #
pcurve $-1 -1 -1 $-1 0 forward { exppc nubs 1 open 2 
	0.62149931635780276 1 1.0908461984655973 1 
	0.89704013433332896 -75.39865159984835 
	0.88569805226279585 -75.701590012384798 
	0.001 
	-1 
	spline forward { ref 1 } I I I I 
	} 0 0 #
name_attrib-gen-attrib $-1 -1 $505 $-1 $428 2 1 1 1 1 1 1 1 1 1 1 1 1 1 0 1 1 1 @3 eif #
tvertex-vertex $506 -1 -1 $-1 $464 $507 0.00013987325837439216 #
intcurve-curve $-1 -1 -1 $-1 forward { parcur summary 3 3 -1.0635187346547368 -0.81152594749193996 -0.59690677361529654 0.001 OPEN 
	spline forward { ref 1 } I I I I 
	null_surface 
	nubs 1 open 2 
	-1.0635187346547368 1 -0.59690677361529654 1 
	0.87403359775453549 -75.980612624346918 
	0.88569717719458252 -75.701542785564001 
	
	nullbs 
	-1 
	-1 
	I I 
	0 
	0 
	0 
	
	-1 
	none F surf1 } I I #
integer_attrib-name_attrib-gen-attrib $-1 -1 $-1 $430 $392 2 1 1 1 1 1 1 1 1 1 1 1 1 1 0 1 1 1 @3 pid 196 #
integer_attrib-name_attrib-gen-attrib $-1 -1 $-1 $-1 $431 2 1 1 1 1 1 1 1 1 1 1 1 1 1 0 1 1 1 @3 pid 196 #
point $-1 -1 -1 $-1 -34.399943821744401 75.135669946406097 2.8876530084594201 #
coedge $-1 -1 -1 $-1 $508 $436 $-1 $509 forward $30 $510 #
edge $511 -1 -1 $-1 $476 0.13662300897881052 $512 0.59505880000930289 $436 $513 reversed @7 unknown T 32.874480559040663 75.755280007186727 3.1194185474697544 33.306881321587895 75.922033354945768 3.1604933828753792 #
pcurve $-1 -1 -1 $-1 0 forward { exppc nubs 2 open 7 
	0.13662300897881052 2 0.21302897415055924 2 0.28943493932230796 2 0.36584090449405671 2 0.4422468696658054 2 
	0.5186528348375542 2 0.59505880000930289 2 
	0.82915901169836603 78.766033354945662 
	0.83014354341036456 78.752298874541992 
	0.83112754158798396 78.738643815359396 
	0.83211858603507749 78.724890974261257 
	0.83310953613605498 78.71121267131339 
	0.83410673524472134 78.697448111933184 
	0.83510449386905761 78.683750320640442 
	0.83610753171032326 78.669980053289933 
	0.83711190843545369 78.656267161173204 
	0.83812053947274545 78.64249618435359 
	0.83913126740770938 78.628773590744331 
	0.84014534618324999 78.615005502970092 
	0.84116205103465946 78.601280007186617 
	0.001 
	-1 
	spline forward { ref 3 } I I I I 
	} 0 0 #
name_attrib-gen-attrib $-1 -1 $514 $-1 $437 2 1 1 1 1 1 1 1 1 1 1 1 1 1 0 1 1 1 @3 eif #
tvertex-vertex $515 -1 -1 $-1 $437 $516 4.2907840535368406e-005 #
intcurve-curve $-1 -1 -1 $-1 forward { parcur summary 3 2 -0.5282159728672694 -0.072903503389132984 0.001 OPEN 
	spline forward { ref 3 } I I I I 
	null_surface 
	nubs 2 open 7 
	-0.5282159728672694 2 -0.45233056128758004 2 -0.37644514970789056 2 -0.30055973812820119 2 -0.22467432654851177 2 
	-0.14878891496882238 2 -0.072903503389132984 2 
	0.8291590222243691 78.766023872651758 
	0.8281547303657526 78.776472917406551 
	0.82714588974059378 78.787024430354094 
	0.82614649935993534 78.797477102736806 
	0.82514249781101057 78.80803179631441 
	0.82414856877502696 78.818480601322676 
	0.82314990762968687 78.829031567320314 
	0.8221619713788314 78.83946922361568 
	0.82116916508077054 78.850009340159275 
	0.82018772705543341 78.860428765567377 
	0.81920130208164965 78.870950711619102 
	0.81822684837854176 78.881344963150198 
	0.81724733798844451 78.891841278487234 
	
	nullbs 
	-1 
	-1 
	I I 
	5 -0.45233056128758004 -0.37644514970789056 -0.30055973812820119 -0.22467432654851177 -0.14878891496882238 
	0 
	0 
	
	-1 
	none F surf1 } I I #
integer_attrib-name_attrib-gen-attrib $-1 -1 $-1 $439 $401 2 1 1 1 1 1 1 1 1 1 1 1 1 1 0 1 1 1 @3 pid 209 #
integer_attrib-name_attrib-gen-attrib $-1 -1 $-1 $-1 $440 2 1 1 1 1 1 1 1 1 1 1 1 1 1 0 1 1 1 @3 pid 209 #
point $-1 -1 -1 $-1 32.434216546979101 76.046845303801305 3.1811505224214902 #
coedge $-1 -1 -1 $-1 $445 $517 $-1 $518 forward $30 $519 #
edge $520 -1 -1 $-1 $521 -0.5374383711384112 $485 -0.12326491165674902 $445 $522 forward @7 unknown T 32.013049607608444 76.098176807608667 3.1804110804635113 32.427291365342931 76.177069167037956 3.191438081917735 #
pcurve $-1 -1 -1 $-1 0 forward { imppc forward { parcur summary 3 2 -0.5374383711384112 -0.12326491165674902 0.001 OPEN 
	spline forward { ref 3 } I I I I 
	null_surface 
	nubs 2 open 7 
	-0.5374383711384112 2 -0.46840946122480087 2 -0.39938055131119049 2 -0.33035164139758011 2 -0.26132273148396978 2 
	-0.19229382157035937 2 -0.12326491165674902 2 
	0.81703662527951337 78.944176807608571 
	0.81612660419023497 78.950561826537168 
	0.81521228844743998 78.957004301403387 
	0.81430547259503427 78.963393930350946 
	0.81339435650606717 78.969840587967369 
	0.81249139048091301 78.976229579308793 
	0.81158407648132036 78.982675442556555 
	0.81068827332169024 78.989039528932921 
	0.80978267092568335 78.995498640427328 
	0.80889320080437743 79.001842690210964 
	0.80799124794265431 79.0082999568357 
	0.80710749162797646 79.014626950625896 
	0.80621083865776688 79.021069167037851 
	
	nullbs 
	-1 
	-1 
	I I 
	5 -0.46840946122480087 -0.39938055131119049 -0.33035164139758011 -0.26132273148396978 -0.19229382157035937 
	0 
	1 -0.30525274670830316 
	
	-1 
	none F surf1 } I I surf1 } 0 0 #
name_attrib-gen-attrib $-1 -1 $523 $-1 $446 2 1 1 1 1 1 1 1 1 1 1 1 1 1 0 1 1 1 @3 eif #
tvertex-vertex $524 -1 -1 $-1 $482 $525 3.2439150477262101e-006 #
intcurve-curve $-1 -1 -1 $-1 forward { ref 98 } I I #
integer_attrib-name_attrib-gen-attrib $-1 -1 $-1 $448 $410 2 1 1 1 1 1 1 1 1 1 1 1 1 1 0 1 1 1 @3 pid 389 #
integer_attrib-name_attrib-gen-attrib $-1 -1 $-1 $-1 $449 2 1 1 1 1 1 1 1 1 1 1 1 1 1 0 1 1 1 @3 pid 388 #
point $-1 -1 -1 $-1 31.992867291064201 76.180022638710895 3.1907047544021601 #
coedge $-1 -1 -1 $-1 $526 $454 $-1 $527 forward $20 $528 #
edge $529 -1 -1 $-1 $494 -0.58800163162111652 $530 -0.1734287559259805 $454 $531 forward @7 unknown T -32.311116170399124 76.123790527334094 3.1838074732127057 -31.897271023969932 76.191751592500083 3.1927184924884595 #
pcurve $-1 -1 -1 $-1 0 forward { imppc forward { parcur summary 3 2 -0.58800163162111652 -0.1734287559259805 0.001 OPEN 
	spline forward { ref 1 } I I I I 
	null_surface 
	nubs 2 open 7 
	-0.58800163162111652 2 -0.51890615233859383 2 -0.4498106730560712 2 -0.38071519377354851 2 -0.31161971449102588 2 
	-0.24252423520850316 2 -0.1734287559259805 2 
	0.80321349311241497 -77.035751592500077 
	0.80410425405855157 -77.030225670343441 
	0.80498084163194927 -77.024805217801486 
	0.80587691872398015 -77.019264250191753 
	0.80675932815790097 -77.013826429376635 
	0.80766009273508765 -77.008275495559474 
	0.80854769486972256 -77.002825396671469 
	0.80945252294427372 -76.997269526208214 
	0.81034467654425812 -76.991812289132 
	0.8112501186686486 -76.986273767142436 
	0.81214898883266962 -76.9807972762042 
	0.8130564350691678 -76.9752685343569 
	0.81395922840452062 -76.969790527334084 
	
	nullbs 
	-1 
	-1 
	I I 
	5 -0.51890615233859383 -0.4498106730560712 -0.38071519377354851 -0.31161971449102588 -0.24252423520850316 
	0 
	1 -0.28920829376378415 
	
	-1 
	none F surf1 } I I surf1 } 0 0 #
name_attrib-gen-attrib $-1 -1 $532 $-1 $455 2 1 1 1 1 1 1 1 1 1 1 1 1 1 0 1 1 1 @3 eif #
tvertex-vertex $533 -1 -1 $-1 $455 $534 1.7520077932475279e-006 #
intcurve-curve $-1 -1 -1 $-1 forward { ref 101 } I I #
integer_attrib-name_attrib-gen-attrib $-1 -1 $-1 $457 $419 2 1 1 1 1 1 1 1 1 1 1 1 1 1 0 1 1 1 @3 pid 17 #
integer_attrib-name_attrib-gen-attrib $-1 -1 $-1 $-1 $458 2 1 1 1 1 1 1 1 1 1 1 1 1 1 0 1 1 1 @3 pid 18 #
point $-1 -1 -1 $-1 -31.8766810106195 76.194210755973202 3.1919125634876302 #
coedge $-1 -1 -1 $-1 $463 $535 $-1 $536 forward $20 $537 #
edge $538 -1 -1 $-1 $539 0.62827756442136695 $503 1.1004182302191015 $463 $540 reversed @7 unknown T -35.370668560276656 74.22784558060718 2.4064254664044165 -35.07721207955597 74.554696938991739 2.5912749675889732 #
pcurve $-1 -1 -1 $-1 0 forward { exppc nubs 2 open 7 
	0.62827756442136695 2 0.70696767538765615 2 0.78565778635394512 2 0.8643478973202342 2 0.94303800828652329 2 
	1.0217281192528125 2 1.1004182302191015 2 
	0.90795785473286894 -75.073845580607184 
	0.90707213209366233 -75.10008730909496 
	0.90612581010202919 -75.128158932646741 
	0.90524805833878341 -75.154196494167564 
	0.90429550779128454 -75.182480717860116 
	0.90333151122733679 -75.211104809804112 
	0.90246697957534028 -75.236797514377443 
	0.90146526491070422 -75.266567111459722 
	0.90064644930088578 -75.290951534394466 
	0.89968353843584814 -75.319627130585999 
	0.89883780929931412 -75.344896400001815 
	0.89789591666445889 -75.373038907716889 
	0.89704108378391267 -75.398696938991733 
	0.001 
	-1 
	spline forward { ref 1 } I I I I 
	} 0 0 #
name_attrib-gen-attrib $-1 -1 $541 $-1 $464 2 1 1 1 1 1 1 1 1 1 1 1 1 1 0 1 1 1 @3 eif #
tvertex-vertex $542 -1 -1 $-1 $500 $543 0.00015258153439093601 #
intcurve-curve $-1 -1 -1 $-1 forward { parcur summary 3 3 -1.0908466235484024 -0.84391117537926097 -0.62149885709374098 0.001 OPEN 
	spline forward { ref 1 } I I I I 
	null_surface 
	nubs 1 open 2 
	-1.0908466235484024 1 -0.62149885709374098 1 
	0.88569805226279585 -75.701590012384798 
	0.89704013433332896 -75.39865159984835 
	
	nullbs 
	-1 
	-1 
	I I 
	0 
	0 
	1 -0.95563212450733248 
	
	-1 
	none F surf1 } I I #
integer_attrib-name_attrib-gen-attrib $-1 -1 $-1 $466 $428 2 1 1 1 1 1 1 1 1 1 1 1 1 1 0 1 1 1 @3 pid 195 #
integer_attrib-name_attrib-gen-attrib $-1 -1 $-1 $-1 $467 2 1 1 1 1 1 1 1 1 1 1 1 1 1 0 1 1 1 @3 pid 195 #
point $-1 -1 -1 $-1 -34.753975301027197 74.856655397247295 2.75171193535521 #
coedge $-1 -1 -1 $-1 $544 $472 $-1 $545 forward $30 $546 #
edge $547 -1 -1 $-1 $512 0.24183805495730282 $548 0.7064869482002798 $472 $549 reversed @7 unknown T 33.30485646114149 75.555630634201137 3.0577872647687383 33.722750660678926 75.757257450062795 3.1214214560208138 #
pcurve $-1 -1 -1 $-1 0 forward { exppc nubs 2 open 7 
	0.24183805495730282 2 0.31927953716446561 2 0.39672101937162851 2 0.47416250157879131 2 0.5516039837859541 2 
	0.62904546599311684 2 0.7064869482002798 2 
	0.84116134507495588 78.601257452385127 
	0.84214689878959204 78.584618437009908 
	0.84314170293365542 78.567924347554978 
	0.84413224531090558 78.55130177601302 
	0.84513277021858202 78.534612165754496 
	0.84612828875541624 78.518006066038936 
	0.84713436246707652 78.501323805189529 
	0.84813490231656885 78.484733304348396 
	0.84914629728948443 78.468062164065898 
	0.85015188513707285 78.451486744450023 
	0.85116839338912298 78.434830140589597 
	0.85217905006340355 78.418269421256099 
	0.85320047001759258 78.401630632966359 
	0.001 
	-1 
	spline forward { ref 3 } I I I I 
	} 0 0 #
name_attrib-gen-attrib $-1 -1 $550 $-1 $473 2 1 1 1 1 1 1 1 1 1 1 1 1 1 0 1 1 1 @3 eif #
tvertex-vertex $551 -1 -1 $-1 $473 $552 0.0001908960354133058 #
intcurve-curve $-1 -1 -1 $-1 forward { parcur summary 3 2 -0.59505880000930289 -0.13662300897881052 0.001 OPEN 
	spline forward { ref 3 } I I I I 
	null_surface 
	nubs 2 open 7 
	-0.59505880000930289 2 -0.5186528348375542 2 -0.4422468696658054 2 -0.36584090449405671 2 -0.28943493932230796 2 
	-0.21302897415055924 2 -0.13662300897881052 2 
	0.84116205103465946 78.601280007186617 
	0.84014534618324999 78.615005502970092 
	0.83913126740770938 78.628773590744331 
	0.83812053947274545 78.64249618435359 
	0.83711190843545369 78.656267161173204 
	0.83610753171032326 78.669980053289933 
	0.83510449386905761 78.683750320640442 
	0.83410673524472134 78.697448111933184 
	0.83310953613605498 78.71121267131339 
	0.83211858603507749 78.724890974261257 
	0.83112754158798396 78.738643815359396 
	0.83014354341036456 78.752298874541992 
	0.82915901169836603 78.766033354945662 
	
	nullbs 
	-1 
	-1 
	I I 
	5 -0.5186528348375542 -0.4422468696658054 -0.36584090449405671 -0.28943493932230796 -0.21302897415055924 
	0 
	0 
	
	-1 
	none F surf1 } I I #
integer_attrib-name_attrib-gen-attrib $-1 -1 $-1 $475 $437 2 1 1 1 1 1 1 1 1 1 1 1 1 1 0 1 1 1 @3 pid 210 #
integer_attrib-name_attrib-gen-attrib $-1 -1 $-1 $-1 $476 2 1 1 1 1 1 1 1 1 1 1 1 1 1 0 1 1 1 @3 pid 210 #
point $-1 -1 -1 $-1 32.875492661852803 75.921065141579803 3.1594925658203099 #
coedge $-1 -1 -1 $-1 $481 $553 $-1 $554 forward $30 $555 #
edge $556 -1 -1 $-1 $557 -0.55690002660385729 $521 -0.5374383711384112 $481 $558 forward @7 unknown T 32.425291365342936 76.094563284463248 3.1797673221154468 32.446663718289663 76.100176807608676 3.1824110804635111 #
pcurve $-1 -1 -1 $-1 0 forward { imppc forward { parcur summary 3 2 -0.55690002660385729 -0.5374383711384112 0.001 OPEN 
	spline forward { ref 3 } I I I I 
	null_surface 
	nubs 1 open 2 
	-0.55690002660385729 1 -0.5374383711384112 1 
	0.81755195343622589 78.940563284463153 
	0.81703662527951337 78.944176807608571 
	
	nullbs 
	-1 
	-1 
	I I 
	0 
	0 
	0 
	
	-1 
	none F surf1 } I I surf1 } 0 0 #
name_attrib-gen-attrib $-1 -1 $559 $-1 $482 2 1 1 1 1 1 1 1 1 1 1 1 1 1 0 1 1 1 @3 eif #
tvertex-vertex $560 -1 -1 $-1 $518 $561 9.05417064913797e-006 #
intcurve-curve $-1 -1 -1 $-1 forward { ref 108 } I I #
integer_attrib-name_attrib-gen-attrib $-1 -1 $-1 $484 $446 2 1 1 1 1 1 1 1 1 1 1 1 1 1 0 1 1 1 @3 pid 388 #
integer_attrib-name_attrib-gen-attrib $-1 -1 $-1 $-1 $485 2 1 1 1 1 1 1 1 1 1 1 1 1 1 0 1 1 1 @3 pid 387 #
point $-1 -1 -1 $-1 32.0140502023377 76.176072355959803 3.1904380742126 #
coedge $-1 -1 -1 $-1 $562 $490 $-1 $563 forward $20 $564 #
edge $565 -1 -1 $-1 $530 -0.1734287559259805 $566 -0.15300385822462481 $490 $567 forward @7 unknown T -32.331411613914383 76.120539961358986 3.1832689810999386 -32.309116170399129 76.125790527334104 3.1858074732127055 #
pcurve $-1 -1 -1 $-1 0 forward { imppc forward { parcur summary 3 2 -0.1734287559259805 -0.15300385822462481 0.001 OPEN 
	spline forward { ref 1 } I I I I 
	null_surface 
	nubs 1 open 2 
	-0.1734287559259805 1 -0.15300385822462481 1 
	0.81395922840452062 -76.969790527334084 
	0.81449525977561588 -76.96653996135899 
	
	nullbs 
	-1 
	-1 
	I I 
	0 
	0 
	0 
	
	-1 
	none F surf1 } I I surf1 } 0 0 #
name_attrib-gen-attrib $-1 -1 $568 $-1 $491 2 1 1 1 1 1 1 1 1 1 1 1 1 1 0 1 1 1 @3 eif #
tvertex-vertex $569 -1 -1 $-1 $491 $570 5.1833153157833968e-006 #
intcurve-curve $-1 -1 -1 $-1 forward { ref 110 } I I #
integer_attrib-name_attrib-gen-attrib $-1 -1 $-1 $493 $455 2 1 1 1 1 1 1 1 1 1 1 1 1 1 0 1 1 1 @3 pid 18 #
integer_attrib-name_attrib-gen-attrib $-1 -1 $-1 $-1 $494 2 1 1 1 1 1 1 1 1 1 1 1 1 1 0 1 1 1 @3 pid 19 #
point $-1 -1 -1 $-1 -31.898271301027599 76.190753322460694 3.1917184899144 #
coedge $-1 -1 -1 $-1 $499 $571 $-1 $572 forward $20 $573 #
edge $574 -1 -1 $-1 $575 0.61957509157809543 $539 1.0929975729735104 $499 $576 reversed @7 unknown T -35.628013867387963 73.882953060238904 2.2072032358339833 -35.36869543642819 74.229887900369306 2.4084066735503824 #
pcurve $-1 -1 -1 $-1 0 forward { exppc nubs 2 open 7 
	0.61957509157809543 2 0.69847883847733128 2 0.77738258537656713 2 0.85628633227580297 2 0.93519007917503871 2 
	1.0140938260742747 2 1.0929975729735104 2 
	0.91838085608245734 -74.728953060238908 
	0.91752591133011907 -74.757155489345976 
	0.91663438311886836 -74.786589139476945 
	0.91578366626809493 -74.814675409576068 
	0.91488831257061631 -74.844256527225951 
	0.9139846102077912 -74.874113472018138 
	0.91314258040580087 -74.901950863750741 
	0.91217390681275368 -74.933975082142538 
	0.91140356657179067 -74.959484250566931 
	0.91047909479931133 -74.990097354870329 
	0.90967570761425154 -75.016774397507263 
	0.90877324077093635 -75.046741450636674 
	0.90795890030639781 -75.0738879003693 
	0.001 
	-1 
	spline forward { ref 1 } I I I I 
	} 0 0 #
name_attrib-gen-attrib $-1 -1 $577 $-1 $500 2 1 1 1 1 1 1 1 1 1 1 1 1 1 0 1 1 1 @3 eif #
tvertex-vertex $578 -1 -1 $-1 $536 $579 0.00014176319687979062 #
intcurve-curve $-1 -1 -1 $-1 forward { parcur summary 3 3 -1.1004182302191015 -0.85437544231086804 -0.62827756442136695 0.001 OPEN 
	spline forward { ref 1 } I I I I 
	null_surface 
	nubs 2 open 7 
	-1.1004182302191015 2 -1.0217281192528125 2 -0.94303800828652329 2 -0.8643478973202342 2 -0.78565778635394512 2 
	-0.70696767538765615 2 -0.62827756442136695 2 
	0.89704108378391267 -75.398696938991733 
	0.89789591666445889 -75.373038907716889 
	0.89883780929931412 -75.344896400001815 
	0.89968353843584814 -75.319627130585999 
	0.90064644930088578 -75.290951534394466 
	0.90146526491070422 -75.266567111459722 
	0.90246697957534028 -75.236797514377443 
	0.90333151122733679 -75.211104809804112 
	0.90429550779128454 -75.182480717860116 
	0.90524805833878341 -75.154196494167564 
	0.90612581010202919 -75.128158932646741 
	0.90707213209366233 -75.10008730909496 
	0.90795785473286894 -75.073845580607184 
	
	nullbs 
	-1 
	-1 
	I I 
	5 -1.0217281192528125 -0.94303800828652329 -0.8643478973202342 -0.78565778635394512 -0.70696767538765615 
	0 
	1 -0.78812073872953703 
	
	-1 
	none F surf1 } I I #
integer_attrib-name_attrib-gen-attrib $-1 -1 $-1 $502 $464 2 1 1 1 1 1 1 1 1 1 1 1 1 1 0 1 1 1 @3 pid 194 #
integer_attrib-name_attrib-gen-attrib $-1 -1 $-1 $-1 $503 2 1 1 1 1 1 1 1 1 1 1 1 1 1 0 1 1 1 @3 pid 194 #
point $-1 -1 -1 $-1 -35.0782712292486 74.553768603620497 2.5902417790390002 #
coedge $-1 -1 -1 $-1 $580 $508 $-1 $581 forward $30 $582 #
edge $583 -1 -1 $-1 $548 0.36772049528848982 $584 0.75098068240920912 $508 $585 reversed @7 unknown T 33.720954152227563 75.325145197789027 2.9699996197530805 34.120037388001776 75.558064493118181 3.0597501647127898 #
pcurve $-1 -1 -1 $-1 0 forward { exppc nubs 2 open 7 
	0.36772049528848982 2 0.431597193141943 2 0.49547389099539629 2 0.55935058884884947 2 0.62322728670230265 2 
	0.68710398455575594 2 0.75098068240920912 2 
	0.85320648161568757 78.402064493118061 
	0.8541361923863573 78.383871779638127 
	0.85509705417413229 78.365180727839217 
	0.85604934900106455 78.346656323846815 
	0.85703312807700971 78.327624990444335 
	0.85795844650874997 78.309724585761515 
	0.85901290989925305 78.289422351148417 
	0.86002693568157218 78.26989868676921 
	0.86103438675717048 78.250583384779745 
	0.86206842409112894 78.230758359170721 
	0.86309600240586071 78.211143904631697 
	0.86414931713394161 78.191038192441127 
	0.86519629526546726 78.171145197788931 
	0.001 
	-1 
	spline forward { ref 3 } I I I I 
	} 0 0 #
name_attrib-gen-attrib $-1 -1 $586 $-1 $509 2 1 1 1 1 1 1 1 1 1 1 1 1 1 0 1 1 1 @3 eif #
tvertex-vertex $587 -1 -1 $-1 $509 $588 0.00046330500888870245 #
intcurve-curve $-1 -1 -1 $-1 forward { parcur summary 3 2 -0.70648695107363346 -0.24183804955270827 0.001 OPEN 
	spline forward { ref 3 } I I I I 
	null_surface 
	nubs 2 open 7 
	-0.70648695107363346 2 -0.62904546748681256 2 -0.55160398389999177 2 -0.47416250031317086 2 -0.39672101672635002 2 
	-0.31927953313952911 2 -0.24183804955270827 2 
	0.85320047001759258 78.401630632966359 
	0.85217905006340355 78.418269421256099 
	0.85116839338912298 78.434830140589597 
	0.85015188513707285 78.451486744450023 
	0.84914629728948443 78.468062164065898 
	0.84813490231656885 78.484733304348396 
	0.84713436246707652 78.501323805189529 
	0.84612828875541624 78.518006066038936 
	0.84513277021858202 78.534612165754496 
	0.84413224531090558 78.55130177601302 
	0.84314170293365542 78.567924347554978 
	0.84214689878959204 78.584618437009908 
	0.84116134507495588 78.601257452385127 
	
	nullbs 
	-1 
	-1 
	I I 
	5 -0.62904546748681256 -0.55160398389999177 -0.47416250031317086 -0.39672101672635002 -0.31927953313952911 
	0 
	1 -0.29582229395538956 
	
	-1 
	none F surf1 } I I #
integer_attrib-name_attrib-gen-attrib $-1 -1 $-1 $511 $473 2 1 1 1 1 1 1 1 1 1 1 1 1 1 0 1 1 1 @3 pid 211 #
integer_attrib-name_attrib-gen-attrib $-1 -1 $-1 $-1 $512 2 1 1 1 1 1 1 1 1 1 1 1 1 1 0 1 1 1 @3 pid 211 #
point $-1 -1 -1 $-1 33.305937962494099 75.756429809856996 3.1204119204452998 #
coedge $-1 -1 -1 $-1 $517 $589 $-1 $590 forward $30 $591 #
edge $592 -1 -1 $-1 $593 -0.18378047299666092 $557 -0.16423678141570394 $517 $594 forward @7 unknown T 32.444659774816053 76.089150267947829 3.1791152064787127 32.465605416555768 76.096552138896286 3.1817674555291413 #
pcurve $-1 -1 -1 $-1 0 forward { exppc nubs 1 open 2 
	-0.18378047299666092 1 -0.16423678141570394 1 
	0.81805643868963529 78.935150266912657 
	0.81755184838691375 78.940552139793155 
	0.001 
	-1 
	spline forward { ref 3 } I I I I 
	} 0 0 #
name_attrib-gen-attrib $-1 -1 $595 $-1 $518 2 1 1 1 1 1 1 1 1 1 1 1 1 1 0 1 1 1 @3 eif #
tvertex-vertex $596 -1 -1 $-1 $554 $597 1.9743643795290953e-005 #
intcurve-curve $-1 -1 -1 $-1 forward { ref 116 } I I #
integer_attrib-name_attrib-gen-attrib $-1 -1 $-1 $520 $482 2 1 1 1 1 1 1 1 1 1 1 1 1 1 0 1 1 1 @3 pid 387 #
integer_attrib-name_attrib-gen-attrib $-1 -1 $-1 $-1 $521 2 1 1 1 1 1 1 1 1 1 1 1 1 1 0 1 1 1 @3 pid 386 #
point $-1 -1 -1 $-1 32.426293023746901 76.099185708438597 3.1814110263426998 #
coedge $-1 -1 -1 $-1 $598 $526 $-1 $599 forward $20 $600 #
edge $601 -1 -1 $-1 $566 -0.69373236568939989 $602 -0.67323162792913527 $526 $603 forward @7 unknown T -32.351287724779475 76.115324709932821 3.1827197838696617 -32.329409229979021 76.122532550006355 3.1852690456642332 #
pcurve $-1 -1 -1 $-1 0 forward { exppc nubs 1 open 2 
	-0.69373236568939989 1 -0.67323162792913527 1 
	0.8144951967258528 -76.966532550481062 
	0.81502085728685358 -76.961324709361293 
	0.001 
	-1 
	spline forward { ref 1 } I I I I 
	} 0 0 #
name_attrib-gen-attrib $-1 -1 $604 $-1 $527 2 1 1 1 1 1 1 1 1 1 1 1 1 1 0 1 1 1 @3 eif #
tvertex-vertex $605 -1 -1 $-1 $527 $606 1.2186938177104434e-005 #
intcurve-curve $-1 -1 -1 $-1 forward { ref 118 } I I #
integer_attrib-name_attrib-gen-attrib $-1 -1 $-1 $529 $491 2 1 1 1 1 1 1 1 1 1 1 1 1 1 0 1 1 1 @3 pid 19 #
integer_attrib-name_attrib-gen-attrib $-1 -1 $-1 $-1 $530 2 1 1 1 1 1 1 1 1 1 1 1 1 1 0 1 1 1 @3 pid 20 #
point $-1 -1 -1 $-1 -32.310116989494198 76.124795645477107 3.1848074519271101 #
coedge $-1 -1 -1 $-1 $535 $607 $-1 $608 forward $20 $609 #
edge $610 -1 -1 $-1 $611 0.62687478846431466 $575 1.1678413445218712 $535 $612 reversed @7 unknown T -35.850893795396303 73.519978658945575 1.9974008939047398 -35.626080662733997 73.885035898321547 2.2091460579960072 #
pcurve $-1 -1 -1 $-1 0 forward { exppc nubs 2 open 7 
	0.62687478846431466 2 0.71703588114057415 2 0.80719697381683353 2 0.89735806649309291 2 0.98751915916935229 2 
	1.0776802518456119 2 1.1678413445218712 2 
	0.92824641783336193 -74.365978658945579 
	0.92733775153669473 -74.399302802965224 
	0.92654286999886193 -74.428475431385337 
	0.92565900095844356 -74.460913954428491 
	0.92486301930909876 -74.490157812917346 
	0.92399826752900238 -74.521928242185211 
	0.92320699081224755 -74.551040228819687 
	0.92235889360141465 -74.58224270722755 
	0.92157493908675103 -74.611137104370371 
	0.92074236566835677 -74.641823459953997 
	0.91996704804422902 -74.670462864847437 
	0.91911291769325643 -74.702013527686802 
	0.91838368134447745 -74.729035898321541 
	0.001 
	-1 
	spline forward { ref 1 } I I I I 
	} 0 0 #
name_attrib-gen-attrib $-1 -1 $613 $-1 $536 2 1 1 1 1 1 1 1 1 1 1 1 1 1 0 1 1 1 @3 eif #
tvertex-vertex $614 -1 -1 $-1 $572 $615 0.00011937403865850007 #
intcurve-curve $-1 -1 -1 $-1 forward { parcur summary 3 3 -1.0929975729735104 -0.84885093398889999 -0.61957509157809543 0.001 OPEN 
	spline forward { ref 1 } I I I I 
	null_surface 
	nubs 2 open 7 
	-1.0929975729735104 2 -1.0140938260742747 2 -0.93519007917503871 2 -0.85628633227580297 2 -0.77738258537656713 2 
	-0.69847883847733128 2 -0.61957509157809543 2 
	0.90795890030639781 -75.0738879003693 
	0.90877324077093635 -75.046741450636674 
	0.90967570761425154 -75.016774397507263 
	0.91047909479931133 -74.990097354870329 
	0.91140356657179067 -74.959484250566931 
	0.91217390681275368 -74.933975082142538 
	0.91314258040580087 -74.901950863750741 
	0.9139846102077912 -74.874113472018138 
	0.91488831257061631 -74.844256527225951 
	0.91578366626809493 -74.814675409576068 
	0.91663438311886836 -74.786589139476945 
	0.91752591133011907 -74.757155489345976 
	0.91838085608245734 -74.728953060238908 
	
	nullbs 
	-1 
	-1 
	I I 
	5 -1.0140938260742747 -0.93519007917503871 -0.85628633227580297 -0.77738258537656713 -0.69847883847733128 
	0 
	0 
	
	-1 
	none F surf1 } I I #
integer_attrib-name_attrib-gen-attrib $-1 -1 $-1 $538 $500 2 1 1 1 1 1 1 1 1 1 1 1 1 1 0 1 1 1 @3 pid 193 #
integer_attrib-name_attrib-gen-attrib $-1 -1 $-1 $-1 $539 2 1 1 1 1 1 1 1 1 1 1 1 1 1 0 1 1 1 @3 pid 193 #
point $-1 -1 -1 $-1 -35.3697483371799 74.228948636741293 2.4073696821510699 #
coedge $-1 -1 -1 $-1 $616 $544 $-1 $617 forward $30 $618 #
edge $619 -1 -1 $-1 $584 0.53064351591539904 $620 0.99748018023141582 $544 $621 reversed @7 unknown T 34.118028421968823 75.065866027109891 2.8545263965670764 34.493955552482774 75.327137856279407 2.972001976393059 #
pcurve $-1 -1 -1 $-1 0 forward { exppc nubs 2 open 7 
	0.53064351591539904 2 0.60844962663473523 2 0.6862557373540713 2 0.76406184807340738 2 0.84186795879274356 2 
	0.91967406951207975 2 0.99748018023141582 2 
	0.86519601824658399 78.171137856279316 
	0.86614109767672476 78.150149835947403 
	0.86714764841348591 78.127935485440943 
	0.86809282412192013 78.107075668135508 
	0.86910964941045288 78.084750371577954 
	0.8700519139992533 78.064062120983039 
	0.87108136381248735 78.04155263790436 
	0.87198191005286008 78.021861701932025 
	0.87306156404720436 77.998320821616105 
	0.87408138721421436 77.976084498456345 
	0.87504707836568163 77.95508509047697 
	0.87606652379586647 77.932916770442517 
	0.87703763663198242 77.911866027109809 
	0.001 
	-1 
	spline forward { ref 3 } I I I I 
	} 0 0 #
name_attrib-gen-attrib $-1 -1 $622 $-1 $545 2 1 1 1 1 1 1 1 1 1 1 1 1 1 0 1 1 1 @3 eif #
tvertex-vertex $623 -1 -1 $-1 $545 $624 6.3926839205032286e-005 #
intcurve-curve $-1 -1 -1 $-1 forward { parcur summary 3 3 -0.75098068240920912 -0.531839534162863 -0.36772049528848982 0.001 OPEN 
	spline forward { ref 3 } I I I I 
	null_surface 
	nubs 2 open 7 
	-0.75098068240920912 2 -0.68710398455575594 2 -0.62322728670230265 2 -0.55935058884884947 2 -0.49547389099539629 2 
	-0.431597193141943 2 -0.36772049528848982 2 
	0.86519629526546726 78.171145197788931 
	0.86414931713394161 78.191038192441127 
	0.86309600240586071 78.211143904631697 
	0.86206842409112894 78.230758359170721 
	0.86103438675717048 78.250583384779745 
	0.86002693568157218 78.26989868676921 
	0.85901290989925305 78.289422351148417 
	0.85795844650874997 78.309724585761515 
	0.85703312807700971 78.327624990444335 
	0.85604934900106455 78.346656323846815 
	0.85509705417413229 78.365180727839217 
	0.8541361923863573 78.383871779638127 
	0.85320648161568757 78.402064493118061 
	
	nullbs 
	-1 
	-1 
	I I 
	5 -0.68710398455575594 -0.62322728670230265 -0.55935058884884947 -0.49547389099539629 -0.431597193141943 
	0 
	1 -0.53268423398840126 
	
	-1 
	none F surf1 } I I #
integer_attrib-name_attrib-gen-attrib $-1 -1 $-1 $547 $509 2 1 1 1 1 1 1 1 1 1 1 1 1 1 0 1 1 1 @3 pid 212 #
integer_attrib-name_attrib-gen-attrib $-1 -1 $-1 $-1 $548 2 1 1 1 1 1 1 1 1 1 1 1 1 1 0 1 1 1 @3 pid 212 #
point $-1 -1 -1 $-1 33.721945695929399 75.557049380422995 3.0587517065908001 #
coedge $-1 -1 -1 $-1 $553 $625 $-1 $626 forward $30 $627 #
edge $628 -1 -1 $-1 $629 -0.60401987663555357 $593 -0.1837804767414255 $553 $630 forward @7 unknown T 32.463605420183754 75.972560408589842 3.1586252377649902 32.874524713003346 76.091150266912749 3.1811152063516337 #
pcurve $-1 -1 -1 $-1 0 forward { imppc forward { parcur summary 3 2 -0.60401987663555357 -0.1837804767414255 0.001 OPEN 
	spline forward { ref 3 } I I I I 
	null_surface 
	nubs 2 open 7 
	-0.60401987663555357 2 -0.53397997665319885 2 -0.46394007667084425 2 -0.39390017668848953 2 -0.32386027670613488 2 
	-0.25382037672378016 2 -0.1837804767414255 2 
	0.8291053916244161 78.818560408589732 
	0.82817417000853633 78.828248298005761 
	0.82724149298467586 78.837998608934143 
	0.82631410337913302 78.847693644594358 
	0.8253853269992194 78.857449728971787 
	0.82446227857086174 78.867145645606087 
	0.82353782575426115 78.876902111745622 
	0.82261960161882897 78.886592841791526 
	0.82169990811163296 78.896344100298435 
	0.82078696393614647 78.906023797488729 
	0.81987248065267437 78.915764037673156 
	0.81896524743953325 78.925427056734293 
	0.81805643868963529 78.935150266912657 
	
	nullbs 
	-1 
	-1 
	I I 
	5 -0.53397997665319885 -0.46394007667084425 -0.39390017668848953 -0.32386027670613488 -0.25382037672378016 
	0 
	0 
	
	-1 
	none F surf1 } I I surf1 } 0 0 #
name_attrib-gen-attrib $-1 -1 $631 $-1 $554 2 1 1 1 1 1 1 1 1 1 1 1 1 1 0 1 1 1 @3 eif #
tvertex-vertex $632 -1 -1 $-1 $590 $633 2.371553478208468e-005 #
intcurve-curve $-1 -1 -1 $-1 forward { parcur summary 3 2 -0.1837804767414255 -0.16423677817049576 0.001 OPEN 
	spline forward { ref 3 } I I I I 
	null_surface 
	nubs 1 open 2 
	-0.1837804767414255 1 -0.16423677817049576 1 
	0.81805643868963529 78.935150266912657 
	0.81755184838691375 78.940552139793155 
	
	nullbs 
	-1 
	-1 
	I I 
	0 
	0 
	0 
	
	-1 
	none F surf1 } I I #
integer_attrib-name_attrib-gen-attrib $-1 -1 $-1 $556 $518 2 1 1 1 1 1 1 1 1 1 1 1 1 1 0 1 1 1 @3 pid 386 #
integer_attrib-name_attrib-gen-attrib $-1 -1 $-1 $-1 $557 2 1 1 1 1 1 1 1 1 1 1 1 1 1 0 1 1 1 @3 pid 385 #
point $-1 -1 -1 $-1 32.445665179491897 76.095571127511704 3.1807672726805101 #
coedge $-1 -1 -1 $-1 $634 $562 $-1 $635 forward $20 $636 #
edge $637 -1 -1 $-1 $602 -0.67323162567929706 $638 -0.25153739272248021 $562 $639 forward @7 unknown T -32.76188289286425 76.007759657371778 3.165624741145471 -32.349287726959709 76.117324709361299 3.1847197838082151 #
pcurve $-1 -1 -1 $-1 0 forward { imppc forward { parcur summary 3 2 -0.67323162567929706 -0.25153739272248021 0.001 OPEN 
	spline forward { ref 1 } I I I I 
	null_surface 
	nubs 2 open 7 
	-0.67323162567929706 2 -0.60294925351982753 2 -0.53266688136035822 2 -0.46238450920088864 2 -0.39210213704141916 2 
	-0.32181976488194969 2 -0.25153739272248021 2 
	0.81502085728685358 -76.961324709361293 
	0.8159269180502462 -76.952353715494709 
	0.81683071508547245 -76.943443513130461 
	0.81774241150858229 -76.934455433608122 
	0.81865185304211141 -76.925528758583113 
	0.8195686987614732 -76.916529407351533 
	0.82048333269150475 -76.907591720726458 
	0.82140485109438788 -76.898586759906848 
	0.82232420402616924 -76.88964367456758 
	0.82324993019910209 -76.880638592972574 
	0.82417350443471826 -76.87169589511366 
	0.82510298332490706 -76.862696024220071 
	0.82603025769563942 -76.853759657371782 
	
	nullbs 
	-1 
	-1 
	I I 
	5 -0.60294925351982753 -0.53266688136035822 -0.46238450920088864 -0.39210213704141916 -0.32181976488194969 
	0 
	0 
	
	-1 
	none F surf1 } I I surf1 } 0 0 #
name_attrib-gen-attrib $-1 -1 $640 $-1 $563 2 1 1 1 1 1 1 1 1 1 1 1 1 1 0 1 1 1 @3 eif #
tvertex-vertex $641 -1 -1 $-1 $563 $642 1.510960743821899e-005 #
intcurve-curve $-1 -1 -1 $-1 forward { parcur summary 3 2 -0.69373236755818701 -0.67323162567929706 0.001 OPEN 
	spline forward { ref 1 } I I I I 
	null_surface 
	nubs 1 open 2 
	-0.69373236755818701 1 -0.67323162567929706 1 
	0.8144951967258528 -76.966532550481062 
	0.81502085728685358 -76.961324709361293 
	
	nullbs 
	-1 
	-1 
	I I 
	0 
	0 
	0 
	
	-1 
	none F surf1 } I I #
integer_attrib-name_attrib-gen-attrib $-1 -1 $-1 $565 $527 2 1 1 1 1 1 1 1 1 1 1 1 1 1 0 1 1 1 @3 pid 20 #
integer_attrib-name_attrib-gen-attrib $-1 -1 $-1 $-1 $566 2 1 1 1 1 1 1 1 1 1 1 1 1 1 0 1 1 1 @3 pid 21 #
point $-1 -1 -1 $-1 -32.330412314584201 76.121544339819494 3.18426896212359 #
coedge $-1 -1 -1 $-1 $571 $643 $-1 $644 forward $20 $645 #
edge $646 -1 -1 $-1 $647 0.59428763693776376 $611 1.1350259056866612 $571 $648 reversed @7 unknown T -36.039745770845805 73.139997007745833 1.7834787634256402 -35.848698025658116 73.521771573447765 1.9996035447994498 #
pcurve $-1 -1 -1 $-1 0 forward { exppc nubs 2 open 7 
	0.59428763693776376 2 0.68441068172924657 2 0.7745337265207296 2 0.86465677131221241 2 0.95477981610369533 2 
	1.0449028608951783 2 1.1350259056866612 2 
	0.93747857272131485 -73.985997006287519 
	0.93663690231888563 -74.020445660287251 
	0.9358820693056481 -74.051363740970928 
	0.93506487848854747 -74.084836007242259 
	0.93430795248088572 -74.115875689370668 
	0.93350984826939021 -74.148603988814585 
	0.93275631803190884 -74.179552649232122 
	0.93197254947006813 -74.211743244730769 
	0.9312272572250806 -74.242414418300513 
	0.93045661824835268 -74.274128691417587 
	0.92972088013146204 -74.304480794321165 
	0.92896266433364971 -74.33576019032671 
	0.92823731845462309 -74.365771575039346 
	0.001 
	-1 
	spline forward { ref 1 } I I I I 
	} 0 0 #
name_attrib-gen-attrib $-1 -1 $649 $-1 $572 2 1 1 1 1 1 1 1 1 1 1 1 1 1 0 1 1 1 @3 eif #
tvertex-vertex $650 -1 -1 $-1 $608 $651 0.00040132565684313296 #
intcurve-curve $-1 -1 -1 $-1 forward { parcur summary 3 3 -1.1678413445218712 -1.1051948911160701 -0.62687478846431466 0.001 OPEN 
	spline forward { ref 1 } I I I I 
	null_surface 
	nubs 2 open 7 
	-1.1678413445218712 2 -1.0776802518456119 2 -0.98751915916935229 2 -0.89735806649309291 2 -0.80719697381683353 2 
	-0.71703588114057415 2 -0.62687478846431466 2 
	0.91838368134447745 -74.729035898321541 
	0.91911291769325643 -74.702013527686802 
	0.91996704804422902 -74.670462864847437 
	0.92074236566835677 -74.641823459953997 
	0.92157493908675103 -74.611137104370371 
	0.92235889360141465 -74.58224270722755 
	0.92320699081224755 -74.551040228819687 
	0.92399826752900238 -74.521928242185211 
	0.92486301930909876 -74.490157812917346 
	0.92565900095844356 -74.460913954428491 
	0.92654286999886193 -74.428475431385337 
	0.92733775153669473 -74.399302802965224 
	0.92824641783336193 -74.365978658945579 
	
	nullbs 
	-1 
	-1 
	I I 
	5 -1.0776802518456119 -0.98751915916935229 -0.89735806649309291 -0.80719697381683353 -0.71703588114057415 
	0 
	1 -1.103879212606643 
	
	-1 
	none F surf1 } I I #
integer_attrib-name_attrib-gen-attrib $-1 -1 $-1 $574 $536 2 1 1 1 1 1 1 1 1 1 1 1 1 1 0 1 1 1 @3 pid 192 #
integer_attrib-name_attrib-gen-attrib $-1 -1 $-1 $-1 $575 2 1 1 1 1 1 1 1 1 1 1 1 1 1 0 1 1 1 @3 pid 192 #
point $-1 -1 -1 $-1 -35.627079830805798 73.884034978589099 2.2081467701584301 #
coedge $-1 -1 -1 $-1 $652 $580 $-1 $653 forward $30 $654 #
edge $655 -1 -1 $-1 $620 0.60935686329766803 $656 1.0738979310265431 $580 $657 reversed @7 unknown T 34.491968364550857 74.780519279863285 2.7118759084634454 34.840542227847926 75.067894864639129 2.8565218041700966 #
pcurve $-1 -1 -1 $-1 0 forward { exppc nubs 1 open 2 
	0.60935686329766803 1 1.0738979310265431 1 
	0.87703804251758199 77.911895125087412 
	0.88862402404468221 77.626518941944525 
	0.001 
	-1 
	spline forward { ref 3 } I I I I 
	} 0 0 #
name_attrib-gen-attrib $-1 -1 $658 $-1 $581 2 1 1 1 1 1 1 1 1 1 1 1 1 1 0 1 1 1 @3 eif #
tvertex-vertex $659 -1 -1 $-1 $581 $660 0.00010784854548413872 #
intcurve-curve $-1 -1 -1 $-1 forward { parcur summary 3 3 -0.99748018023141582 -0.79899779559044803 -0.53064351591539904 0.001 OPEN 
	spline forward { ref 3 } I I I I 
	null_surface 
	nubs 2 open 7 
	-0.99748018023141582 2 -0.91967406951207975 2 -0.84186795879274356 2 -0.76406184807340738 2 -0.6862557373540713 2 
	-0.60844962663473523 2 -0.53064351591539904 2 
	0.87703763663198242 77.911866027109809 
	0.87606652379586647 77.932916770442517 
	0.87504707836568163 77.95508509047697 
	0.87408138721421436 77.976084498456345 
	0.87306156404720436 77.998320821616105 
	0.87198191005286008 78.021861701932025 
	0.87108136381248735 78.04155263790436 
	0.8700519139992533 78.064062120983039 
	0.86910964941045288 78.084750371577954 
	0.86809282412192013 78.107075668135508 
	0.86714764841348591 78.127935485440943 
	0.86614109767672476 78.150149835947403 
	0.86519601824658399 78.171137856279316 
	
	nullbs 
	-1 
	-1 
	I I 
	5 -0.91967406951207975 -0.84186795879274356 -0.76406184807340738 -0.6862557373540713 -0.60844962663473523 
	0 
	1 -0.86337160731508089 
	
	-1 
	none F surf1 } I I #
integer_attrib-name_attrib-gen-attrib $-1 -1 $-1 $583 $545 2 1 1 1 1 1 1 1 1 1 1 1 1 1 0 1 1 1 @3 pid 213 #
integer_attrib-name_attrib-gen-attrib $-1 -1 $-1 $-1 $584 2 1 1 1 1 1 1 1 1 1 1 1 1 1 0 1 1 1 @3 pid 213 #
point $-1 -1 -1 $-1 34.119062606052097 75.326191123133 2.97099299132049 #
coedge $-1 -1 -1 $-1 $589 $661 $-1 $662 forward $30 $663 #
edge $664 -1 -1 $-1 $665 -0.62222116228963165 $629 -0.60401988493156433 $589 $666 forward @7 unknown T 32.872524721075976 75.967512551236695 3.1574186796734178 32.892224171979642 75.974560406289072 3.1606252372215198 #
pcurve $-1 -1 -1 $-1 0 forward { exppc nubs 1 open 2 
	-0.62222116228963165 1 -0.60401988493156433 1 
	0.82959091313917099 78.813512548917558 
	0.8291053916244161 78.818560408589732 
	0.001 
	-1 
	spline forward { ref 3 } I I I I 
	} 0 0 #
name_attrib-gen-attrib $-1 -1 $667 $-1 $590 2 1 1 1 1 1 1 1 1 1 1 1 1 1 0 1 1 1 @3 eif #
tvertex-vertex $668 -1 -1 $-1 $626 $669 5.1887982172574838e-005 #
intcurve-curve $-1 -1 -1 $-1 forward { ref 130 } I I #
integer_attrib-name_attrib-gen-attrib $-1 -1 $-1 $592 $554 2 1 1 1 1 1 1 1 1 1 1 1 1 1 0 1 1 1 @3 pid 385 #
integer_attrib-name_attrib-gen-attrib $-1 -1 $-1 $-1 $593 2 1 1 1 1 1 1 1 1 1 1 1 1 1 0 1 1 1 @3 pid 384 #
point $-1 -1 -1 $-1 32.464611915241797 76.090173074566096 3.1801149788443199 #
coedge $-1 -1 -1 $-1 $670 $598 $-1 $671 forward $20 $672 #
edge $673 -1 -1 $-1 $638 -0.25153738778304369 $674 -0.23363477719274295 $598 $675 forward @7 unknown T -32.779306830163478 76.003194063561409 3.1646162015299137 -32.759882897674629 76.009759656112124 3.167624740870655 #
pcurve $-1 -1 -1 $-1 0 forward { exppc nubs 1 open 2 
	-0.25153738778304369 1 -0.23363477719274292 1 
	0.82603025769563942 -76.853759657371782 
	0.82650429001226799 -76.849194062291531 
	0.001 
	-1 
	spline forward { ref 1 } I I I I 
	} 0 0 #
name_attrib-gen-attrib $-1 -1 $676 $-1 $599 2 1 1 1 1 1 1 1 1 1 1 1 1 1 0 1 1 1 @3 eif #
tvertex-vertex $677 -1 -1 $-1 $599 $678 3.4895063139464093e-005 #
intcurve-curve $-1 -1 -1 $-1 forward { ref 133 } I I #
integer_attrib-name_attrib-gen-attrib $-1 -1 $-1 $601 $563 2 1 1 1 1 1 1 1 1 1 1 1 1 1 0 1 1 1 @3 pid 21 #
integer_attrib-name_attrib-gen-attrib $-1 -1 $-1 $-1 $602 2 1 1 1 1 1 1 1 1 1 1 1 1 1 0 1 1 1 @3 pid 22 #
point $-1 -1 -1 $-1 -32.350291553251701 76.116339326067404 3.1837196759704001 #
coedge $-1 -1 -1 $-1 $607 $679 $-1 $680 forward $20 $681 #
edge $682 -1 -1 $-1 $683 0.52006867296632231 $647 1.0608590027486902 $607 $684 reversed @7 unknown T -36.197243497875569 72.745237106136898 1.5702569484683653 -36.037920741611181 73.142218603553843 1.7852615602186059 #
pcurve $-1 -1 -1 $-1 0 forward { exppc nubs 2 open 7 
	0.52006867296632231 2 0.61020039459671693 2 0.70033211622711167 2 0.79046383785750629 2 0.88059555948790091 2 
	0.97072728111829554 2 1.0608590027486904 2 
	0.94606544130984627 -73.591237091946127 
	0.94531838082398301 -73.625572861517171 
	0.94458204701306303 -73.659415620621076 
	0.94384589478921932 -73.693258368353924 
	0.94312018944721687 -73.726620846958568 
	0.9423967825866979 -73.759884729515889 
	0.9416798309302874 -73.79287826523101 
	0.94096586227561563 -73.825734525614948 
	0.94026094896777634 -73.858213369710739 
	0.93955569526399629 -73.890707897538604 
	0.93886353668962863 -73.92265165467019 
	0.93816693509278348 -73.954800461387777 
	0.93748760318914925 -73.986218614381713 
	0.001 
	-1 
	spline forward { ref 1 } I I I I 
	} 0 0 #
name_attrib-gen-attrib $-1 -1 $685 $-1 $608 2 1 1 1 1 1 1 1 1 1 1 1 1 1 0 1 1 1 @3 eif #
tvertex-vertex $686 -1 -1 $-1 $644 $687 0.00051005046937448086 #
intcurve-curve $-1 -1 -1 $-1 forward { parcur summary 3 2 -1.1350259080764142 -0.59428763503019644 0.001 OPEN 
	spline forward { ref 1 } I I I I 
	null_surface 
	nubs 2 open 7 
	-1.1350259080764142 2 -1.0449028625687113 2 -0.95477981706100823 2 -0.86465677155330534 2 -0.77453372604560244 2 
	-0.68441068053789933 2 -0.59428763503019644 2 
	0.92823731845462309 -74.365771575039346 
	0.92896266433364971 -74.33576019032671 
	0.92972088013146204 -74.304480794321165 
	0.93045661824835268 -74.274128691417587 
	0.9312272572250806 -74.242414418300513 
	0.93197254947006813 -74.211743244730769 
	0.93275631803190884 -74.179552649232122 
	0.93350984826939021 -74.148603988814585 
	0.93430795248088572 -74.115875689370668 
	0.93506487848854747 -74.084836007242259 
	0.9358820693056481 -74.051363740970928 
	0.93663690231888563 -74.020445660287251 
	0.93747857272131485 -73.985997006287519 
	
	nullbs 
	-1 
	-1 
	I I 
	5 -1.0449028625687113 -0.95477981706100823 -0.86465677155330534 -0.77453372604560244 -0.68441068053789933 
	0 
	1 -0.74833904173219823 
	
	-1 
	none F surf1 } I I #
integer_attrib-name_attrib-gen-attrib $-1 -1 $-1 $610 $572 2 1 1 1 1 1 1 1 1 1 1 1 1 1 0 1 1 1 @3 pid 191 #
integer_attrib-name_attrib-gen-attrib $-1 -1 $-1 $-1 $611 2 1 1 1 1 1 1 1 1 1 1 1 1 1 0 1 1 1 @3 pid 191 #
point $-1 -1 -1 $-1 -35.849921263978104 73.521012042466793 1.9983724569671999 #
coedge $-1 -1 -1 $-1 $688 $616 $-1 $689 forward $30 $690 #
edge $691 -1 -1 $-1 $656 0.63300237708918883 $692 1.0975436706302233 $616 $693 reversed @7 unknown T 34.838567540496499 74.471648297547247 2.5445170464077891 35.156689616416088 74.782564866498362 2.713864041411131 #
pcurve $-1 -1 -1 $-1 0 forward { exppc nubs 2 open 7 
	0.63300237708918883 2 0.71042592601269461 2 0.78784947493620039 2 0.86527302385970606 2 0.94269657278321173 2 
	1.0201201217067175 2 1.0975436706302233 2 
	0.88862488216526059 77.626564866498271 
	0.88950811120561402 77.602051898903142 
	0.8904723384028671 77.575424409171589 
	0.89135057619852076 77.551171548483836 
	0.89233343141066102 77.524131601988344 
	0.89319565661041189 77.500410383462508 
	0.8942083214259029 77.47262127280969 
	0.89510036152331818 77.448142293589257 
	0.89609273167912518 77.420944064164118 
	0.89706684414865356 77.394246229414506 
	0.89797899644561052 77.369281461642444 
	0.89894833761539661 77.342751487120211 
	0.89986708923856129 77.317648297547166 
	0.001 
	-1 
	spline forward { ref 3 } I I I I 
	} 0 0 #
name_attrib-gen-attrib $-1 -1 $694 $-1 $617 2 1 1 1 1 1 1 1 1 1 1 1 1 1 0 1 1 1 @3 eif #
tvertex-vertex $695 -1 -1 $-1 $617 $696 0.00014890783341426494 #
intcurve-curve $-1 -1 -1 $-1 forward { parcur summary 3 3 -1.0738984810984613 -0.85526189581489498 -0.60935643933370043 0.001 OPEN 
	spline forward { ref 3 } I I I I 
	null_surface 
	nubs 1 open 2 
	-1.0738984810984613 1 -0.60935643933370043 1 
	0.88862402404468221 77.626518941944525 
	0.87703804251758199 77.911895125087412 
	
	nullbs 
	-1 
	-1 
	I I 
	0 
	0 
	0 
	
	-1 
	none F surf1 } I I #
integer_attrib-name_attrib-gen-attrib $-1 -1 $-1 $619 $581 2 1 1 1 1 1 1 1 1 1 1 1 1 1 0 1 1 1 @3 pid 214 #
integer_attrib-name_attrib-gen-attrib $-1 -1 $-1 $-1 $620 2 1 1 1 1 1 1 1 1 1 1 1 1 1 0 1 1 1 @3 pid 214 #
point $-1 -1 -1 $-1 34.493011669787897 75.066955902219505 2.8555062813613401 #
coedge $-1 -1 -1 $-1 $625 $697 $-1 $698 forward $30 $699 #
edge $700 -1 -1 $-1 $701 -0.27416031751244613 $665 -0.25595985355963169 $625 $702 forward @7 unknown T 32.890198825984328 75.960883706292194 3.1562205813866062 32.909375808431797 75.969457788282782 3.1594204290273753 #
pcurve $-1 -1 -1 $-1 0 forward { exppc nubs 1 open 2 
	-0.27416031751244613 1 -0.25595985355963169 1 
	0.83006202297395892 78.806883698067267 
	0.82959021645820685 78.813457798329509 
	0.001 
	-1 
	spline forward { ref 3 } I I I I 
	} 0 0 #
name_attrib-gen-attrib $-1 -1 $703 $-1 $626 2 1 1 1 1 1 1 1 1 1 1 1 1 1 0 1 1 1 @3 eif #
tvertex-vertex $704 -1 -1 $-1 $662 $705 0.00010845364125775654 #
intcurve-curve $-1 -1 -1 $-1 forward { parcur summary 3 2 -0.62222117065150118 -0.60401987663555357 0.001 OPEN 
	spline forward { ref 3 } I I I I 
	null_surface 
	nubs 1 open 2 
	-0.62222117065150118 1 -0.60401987663555357 1 
	0.82959091313917099 78.813512548917558 
	0.8291053916244161 78.818560408589732 
	
	nullbs 
	-1 
	-1 
	I I 
	0 
	0 
	0 
	
	-1 
	none F surf1 } I I #
integer_attrib-name_attrib-gen-attrib $-1 -1 $-1 $628 $590 2 1 1 1 1 1 1 1 1 1 1 1 1 1 0 1 1 1 @3 pid 384 #
integer_attrib-name_attrib-gen-attrib $-1 -1 $-1 $-1 $629 2 1 1 1 1 1 1 1 1 1 1 1 1 1 0 1 1 1 @3 pid 383 #
point $-1 -1 -1 $-1 32.8735388815291 75.973610315560293 3.15962428389243 #
coedge $-1 -1 -1 $-1 $706 $634 $-1 $707 forward $20 $708 #
edge $709 -1 -1 $-1 $674 -0.77212907834661415 $710 -0.75407150183476235 $634 $711 forward @7 unknown T -32.796251551971174 75.997123772361135 3.1636099825729218 -32.777290834201665 76.00515712394855 3.1666171395047171 #
pcurve $-1 -1 -1 $-1 0 forward { exppc nubs 1 open 2 
	-0.77212907834661415 1 -0.75407150183476235 1 
	0.82650385402337545 -76.84915712920116 
	0.82696585502325937 -76.843123767395241 
	0.001 
	-1 
	spline forward { ref 1 } I I I I 
	} 0 0 #
name_attrib-gen-attrib $-1 -1 $712 $-1 $635 2 1 1 1 1 1 1 1 1 1 1 1 1 1 0 1 1 1 @3 eif #
tvertex-vertex $713 -1 -1 $-1 $635 $714 7.2386063863533827e-005 #
intcurve-curve $-1 -1 -1 $-1 forward { parcur summary 3 2 -0.25153739272248021 -0.2336347722132579 0.001 OPEN 
	spline forward { ref 1 } I I I I 
	null_surface 
	nubs 1 open 2 
	-0.25153739272248021 1 -0.2336347722132579 1 
	0.82603025769563942 -76.853759657371782 
	0.82650429001226799 -76.849194062291531 
	
	nullbs 
	-1 
	-1 
	I I 
	0 
	0 
	0 
	
	-1 
	none F surf1 } I I #
integer_attrib-name_attrib-gen-attrib $-1 -1 $-1 $637 $599 2 1 1 1 1 1 1 1 1 1 1 1 1 1 0 1 1 1 @3 pid 22 #
integer_attrib-name_attrib-gen-attrib $-1 -1 $-1 $-1 $638 2 1 1 1 1 1 1 1 1 1 1 1 1 1 0 1 1 1 @3 pid 23 #
point $-1 -1 -1 $-1 -32.760891709621603 76.008793416466901 3.1666242374410301 #
coedge $-1 -1 -1 $-1 $643 $715 $-1 $716 forward $20 $717 #
edge $718 -1 -1 $-1 $719 0.4453376974490717 $683 0.93463198868327602 $643 $720 reversed @7 unknown T -36.325521110417554 72.336383414542155 1.3637581674627404 -36.195167378863879 72.747169684307735 1.5723695910267583 #
pcurve $-1 -1 -1 $-1 0 forward { exppc nubs 1 open 2 
	0.4453376974490717 1 0.93463198868327613 1 
	0.95392902659691903 -73.182383268292881 
	0.94606102986548768 -73.591170195638441 
	0.001 
	-1 
	spline forward { ref 1 } I I I I 
	} 0 0 #
name_attrib-gen-attrib $-1 -1 $721 $-1 $644 2 1 1 1 1 1 1 1 1 1 1 1 1 1 0 1 1 1 @3 eif #
tvertex-vertex $722 -1 -1 $-1 $680 $723 0.00035925687206154024 #
intcurve-curve $-1 -1 -1 $-1 forward { parcur summary 3 2 -1.0608590182800597 -0.52006865434088456 0.001 OPEN 
	spline forward { ref 1 } I I I I 
	null_surface 
	nubs 2 open 7 
	-1.0608590182800597 2 -0.97072729095686383 2 -0.88059556363366798 2 -0.79046383631047212 2 -0.70033210898727627 2 
	-0.61020038166408042 2 -0.52006865434088456 2 
	0.93748760318914925 -73.986218614381713 
	0.93816693509278348 -73.954800461387777 
	0.93886353668962863 -73.92265165467019 
	0.93955569526399629 -73.890707897538604 
	0.94026094896777634 -73.858213369710739 
	0.94096586227561563 -73.825734525614948 
	0.9416798309302874 -73.79287826523101 
	0.9423967825866979 -73.759884729515889 
	0.94312018944721687 -73.726620846958568 
	0.94384589478921932 -73.693258368353924 
	0.94458204701306303 -73.659415620621076 
	0.94531838082398301 -73.625572861517171 
	0.94606544130984627 -73.591237091946127 
	
	nullbs 
	-1 
	-1 
	I I 
	5 -0.97072729095686383 -0.88059556363366798 -0.79046383631047212 -0.70033210898727627 -0.61020038166408042 
	0 
	0 
	
	-1 
	none F surf1 } I I #
integer_attrib-name_attrib-gen-attrib $-1 -1 $-1 $646 $608 2 1 1 1 1 1 1 1 1 1 1 1 1 1 0 1 1 1 @3 pid 190 #
integer_attrib-name_attrib-gen-attrib $-1 -1 $-1 $-1 $647 2 1 1 1 1 1 1 1 1 1 1 1 1 1 0 1 1 1 @3 pid 190 #
point $-1 -1 -1 $-1 -36.039001177009801 73.141304234210693 1.7841616970729699 #
coedge $-1 -1 -1 $-1 $724 $652 $-1 $725 forward $30 $726 #
edge $727 -1 -1 $-1 $692 0.63616243421250984 $728 1.1025551743673185 $652 $729 reversed @7 unknown T 35.154716597192483 74.141618843100389 2.356846855257535 35.439710084511354 74.473693443387162 2.5465010025894945 #
pcurve $-1 -1 -1 $-1 0 forward { exppc nubs 2 open 7 
	0.63616243421250984 2 0.71389455757164466 2 0.79162668093077948 2 0.86935880428991419 2 0.9470909276490489 2 
	1.0248230510081837 2 1.1025551743673185 2 
	0.89986808222915415 77.317693443387057 
	0.90071280446398749 77.291672113432966 
	0.90164595436725314 77.263052029438015 
	0.90248005319792024 77.237469881798859 
	0.90343558813228297 77.208254470174083 
	0.90424148694345996 77.18361417221287 
	0.9052369613816218 77.153235325516007 
	0.90610355550774702 77.126789513246635 
	0.90704629889453303 77.098042283113429 
	0.90798619599536656 77.069381845249097 
	0.90885766472300988 77.04283233351542 
	0.90979129938776393 77.014388921031824 
	0.91067100132760825 76.987618843100265 
	0.001 
	-1 
	spline forward { ref 3 } I I I I 
	} 0 0 #
name_attrib-gen-attrib $-1 -1 $730 $-1 $653 2 1 1 1 1 1 1 1 1 1 1 1 1 1 0 1 1 1 @3 eif #
tvertex-vertex $731 -1 -1 $-1 $653 $732 0.00015124794971167096 #
intcurve-curve $-1 -1 -1 $-1 forward { parcur summary 3 3 -1.0975436706302233 -0.877103116091142 -0.63300237708918883 0.001 OPEN 
	spline forward { ref 3 } I I I I 
	null_surface 
	nubs 2 open 7 
	-1.0975436706302233 2 -1.0201201217067175 2 -0.94269657278321173 2 -0.86527302385970606 2 -0.78784947493620039 2 
	-0.71042592601269461 2 -0.63300237708918883 2 
	0.89986708923856129 77.317648297547166 
	0.89894833761539661 77.342751487120211 
	0.89797899644561052 77.369281461642444 
	0.89706684414865356 77.394246229414506 
	0.89609273167912518 77.420944064164118 
	0.89510036152331818 77.448142293589257 
	0.8942083214259029 77.47262127280969 
	0.89319565661041189 77.500410383462508 
	0.89233343141066102 77.524131601988344 
	0.89135057619852076 77.551171548483836 
	0.8904723384028671 77.575424409171589 
	0.88950811120561402 77.602051898903142 
	0.88862488216526059 77.626564866498271 
	
	nullbs 
	-1 
	-1 
	I I 
	5 -1.0201201217067175 -0.94269657278321173 -0.86527302385970606 -0.78784947493620039 -0.71042592601269461 
	0 
	1 -0.64780597896801795 
	
	-1 
	none F surf1 } I I #
integer_attrib-name_attrib-gen-attrib $-1 -1 $-1 $655 $617 2 1 1 1 1 1 1 1 1 1 1 1 1 1 0 1 1 1 @3 pid 215 #
integer_attrib-name_attrib-gen-attrib $-1 -1 $-1 $-1 $656 2 1 1 1 1 1 1 1 1 1 1 1 1 1 0 1 1 1 @3 pid 215 #
point $-1 -1 -1 $-1 34.839624359377403 74.781637369951696 2.71283740280492 #
coedge $-1 -1 -1 $-1 $661 $733 $-1 $734 forward $30 $735 #
edge $736 -1 -1 $-1 $737 -0.69804410266114203 $701 -0.27416034432393133 $661 $738 forward @7 unknown T 32.907375833724437 75.807285102423521 3.1189710985631796 33.310697287465516 75.962883696606752 3.158220579598654 #
pcurve $-1 -1 -1 $-1 0 forward { exppc nubs 2 open 7 
	-0.69804410266114203 2 -0.62739680960494026 2 -0.55674951654873861 2 -0.48610222349253668 2 -0.41545493043633491 2 
	-0.34480763738013315 2 -0.27416034432393138 2 
	0.84127041004310033 78.653285100097591 
	0.84031865719152021 78.666121974287705 
	0.83937592690843699 78.678905220630284 
	0.83842911310195567 78.69174383878638 
	0.83749111427433875 78.704530865231007 
	0.83654979714021538 78.717363127630904 
	0.83561665258146578 78.730151784587392 
	0.83468128097037897 78.742970963083366 
	0.83375321159523286 78.755757729387128 
	0.83282414220796375 78.768558273670877 
	0.83190145132066629 78.781338450317847 
	0.83097896748761935 78.794115759059608 
	0.83006202297395892 78.806883698067267 
	0.001 
	-1 
	spline forward { ref 3 } I I I I 
	} 0 0 #
name_attrib-gen-attrib $-1 -1 $739 $-1 $662 2 1 1 1 1 1 1 1 1 1 1 1 1 1 0 1 1 1 @3 eif #
tvertex-vertex $740 -1 -1 $-1 $698 $741 0.00012003871361795202 #
intcurve-curve $-1 -1 -1 $-1 forward { parcur summary 3 2 -0.27416034028304315 -0.25595982574484 0.001 OPEN 
	spline forward { ref 3 } I I I I 
	null_surface 
	nubs 1 open 2 
	-0.27416034028304315 1 -0.25595982574484 1 
	0.83006202297395892 78.806883698067267 
	0.82959021645820685 78.813457798329509 
	
	nullbs 
	-1 
	-1 
	I I 
	0 
	0 
	0 
	
	-1 
	none F surf1 } I I #
integer_attrib-name_attrib-gen-attrib $-1 -1 $-1 $664 $626 2 1 1 1 1 1 1 1 1 1 1 1 1 1 0 1 1 1 @3 pid 383 #
integer_attrib-name_attrib-gen-attrib $-1 -1 $-1 $-1 $665 2 1 1 1 1 1 1 1 1 1 1 1 1 1 0 1 1 1 @3 pid 382 #
point $-1 -1 -1 $-1 32.891237397973001 75.968559116001401 3.1584177668046101 #
coedge $-1 -1 -1 $-1 $742 $670 $-1 $743 forward $20 $744 #
edge $745 -1 -1 $-1 $710 -0.75407148556407955 $746 -0.32567358936417268 $670 $747 forward @7 unknown T -33.200461658262746 75.853330490868132 3.1311189466169806 -32.794251567248438 75.999123766923603 3.1656099816543026 #
pcurve $-1 -1 -1 $-1 0 forward { exppc nubs 2 open 7 
	-0.75407148556407955 2 -0.68267183619742844 2 -0.61127218683077733 2 -0.53987253746412611 2 -0.46847288809747506 2 
	-0.39707323873082384 2 -0.32567358936417273 2 
	0.82696585502325937 -76.843123767395241 
	0.82788216523475155 -76.831165082073213 
	0.82880109304339877 -76.819232640133578 
	0.82972366986549217 -76.807252815101833 
	0.83064926639837688 -76.795294784461305 
	0.83157766523044685 -76.783300550163659 
	0.83250954646678021 -76.771322921003346 
	0.83344336182579837 -76.75932043223284 
	0.83438109361195467 -76.747329770384667 
	0.83531996603154735 -76.735324523395946 
	0.83626305617244112 -76.723328053230176 
	0.83720667441938135 -76.711324865351969 
	0.83815456954924805 -76.699330490164897 
	0.001 
	-1 
	spline forward { ref 1 } I I I I 
	} 0 0 #
name_attrib-gen-attrib $-1 -1 $748 $-1 $671 2 1 1 1 1 1 1 1 1 1 1 1 1 1 0 1 1 1 @3 eif #
tvertex-vertex $749 -1 -1 $-1 $671 $750 8.1166859425264612e-005 #
intcurve-curve $-1 -1 -1 $-1 forward { parcur summary 3 2 -0.77212909406752173 -0.75407148697201343 0.001 OPEN 
	spline forward { ref 1 } I I I I 
	null_surface 
	nubs 1 open 2 
	-0.77212909406752173 1 -0.75407148697201343 1 
	0.82650385402337545 -76.84915712920116 
	0.82696585502325937 -76.843123767395241 
	
	nullbs 
	-1 
	-1 
	I I 
	0 
	0 
	0 
	
	-1 
	none F surf1 } I I #
integer_attrib-name_attrib-gen-attrib $-1 -1 $-1 $673 $635 2 1 1 1 1 1 1 1 1 1 1 1 1 1 0 1 1 1 @3 pid 23 #
integer_attrib-name_attrib-gen-attrib $-1 -1 $-1 $-1 $674 2 1 1 1 1 1 1 1 1 1 1 1 1 1 0 1 1 1 @3 pid 24 #
point $-1 -1 -1 $-1 -32.778315002892803 76.004225341307802 3.1656157222869301 #
coedge $-1 -1 -1 $-1 $679 $751 $-1 $752 forward $20 $753 #
edge $754 -1 -1 $-1 $755 0.39811082447794655 $719 0.8823186785111391 $679 $756 reversed @7 unknown T -36.428120535408134 71.915565971378939 1.168314179582485 -36.323571165666522 72.338455956614112 1.3656702587076375 #
pcurve $-1 -1 -1 $-1 0 forward { exppc nubs 1 open 2 
	0.39811082447794655 1 0.8823186785111391 1 
	0.96103996059488672 -72.761565971378943 
	0.95393228862667401 -73.182456042688074 
	0.001 
	-1 
	spline forward { ref 1 } I I I I 
	} 0 0 #
name_attrib-gen-attrib $-1 -1 $757 $-1 $680 2 1 1 1 1 1 1 1 1 1 1 1 1 1 0 1 1 1 @3 eif #
tvertex-vertex $758 -1 -1 $-1 $716 $759 0.00031273011616024922 #
intcurve-curve $-1 -1 -1 $-1 forward { parcur summary 3 2 -0.93463260071752829 -0.44533752239686908 0.001 OPEN 
	spline forward { ref 1 } I I I I 
	null_surface 
	nubs 1 open 2 
	-0.93463260071752829 1 -0.44533752239686908 1 
	0.94606102986548768 -73.591170195638441 
	0.95392902659691903 -73.182383268292881 
	
	nullbs 
	-1 
	-1 
	I I 
	0 
	0 
	1 -0.68304097004199404 
	
	-1 
	none F surf1 } I I #
integer_attrib-name_attrib-gen-attrib $-1 -1 $-1 $682 $644 2 1 1 1 1 1 1 1 1 1 1 1 1 1 0 1 1 1 @3 pid 189 #
integer_attrib-name_attrib-gen-attrib $-1 -1 $-1 $-1 $683 2 1 1 1 1 1 1 1 1 1 1 1 1 1 0 1 1 1 @3 pid 189 #
point $-1 -1 -1 $-1 -36.1963402725573 72.746353274615799 1.5711137241283899 #
coedge $-1 -1 -1 $-1 $760 $688 $-1 $761 forward $30 $762 #
edge $763 -1 -1 $-1 $728 0.62356417274739939 $764 1.0917720425331123 $688 $765 reversed @7 unknown T 35.437736402947799 73.792051956306395 2.1544024298968658 35.688185643126793 74.143659251230076 2.3588274485426823 #
pcurve $-1 -1 -1 $-1 0 forward { exppc nubs 1 open 2 
	0.62356417274739939 1 1.0917720425331123 1 
	0.91067203993686363 76.987659465934158 
	0.92095521018152005 76.638051830005438 
	0.001 
	-1 
	spline forward { ref 3 } I I I I 
	} 0 0 #
name_attrib-gen-attrib $-1 -1 $766 $-1 $689 2 1 1 1 1 1 1 1 1 1 1 1 1 1 0 1 1 1 @3 eif #
tvertex-vertex $767 -1 -1 $-1 $689 $768 0.00013704950162328933 #
intcurve-curve $-1 -1 -1 $-1 forward { parcur summary 3 3 -1.1025551743673185 -0.87871489694512706 -0.63616243421250984 0.001 OPEN 
	spline forward { ref 3 } I I I I 
	null_surface 
	nubs 2 open 7 
	-1.1025551743673185 2 -1.0248230510081837 2 -0.9470909276490489 2 -0.86935880428991419 2 -0.79162668093077948 2 
	-0.71389455757164466 2 -0.63616243421250984 2 
	0.91067100132760825 76.987618843100265 
	0.90979129938776393 77.014388921031824 
	0.90885766472300988 77.04283233351542 
	0.90798619599536656 77.069381845249097 
	0.90704629889453303 77.098042283113429 
	0.90610355550774702 77.126789513246635 
	0.9052369613816218 77.153235325516007 
	0.90424148694345996 77.18361417221287 
	0.90343558813228297 77.208254470174083 
	0.90248005319792024 77.237469881798859 
	0.90164595436725314 77.263052029438015 
	0.90071280446398749 77.291672113432966 
	0.89986808222915415 77.317693443387057 
	
	nullbs 
	-1 
	-1 
	I I 
	5 -1.0248230510081837 -0.9470909276490489 -0.86935880428991419 -0.79162668093077948 -0.71389455757164466 
	0 
	1 -0.82817163324494047 
	
	-1 
	none F surf1 } I I #
integer_attrib-name_attrib-gen-attrib $-1 -1 $-1 $691 $653 2 1 1 1 1 1 1 1 1 1 1 1 1 1 0 1 1 1 @3 pid 216 #
integer_attrib-name_attrib-gen-attrib $-1 -1 $-1 $-1 $692 2 1 1 1 1 1 1 1 1 1 1 1 1 1 0 1 1 1 @3 pid 216 #
point $-1 -1 -1 $-1 35.155774625665501 74.472762726458996 2.5454664955031099 #
coedge $-1 -1 -1 $-1 $697 $769 $-1 $770 forward $30 $771 #
edge $772 -1 -1 $-1 $773 -0.71462856386644502 $737 -0.69804414319623287 $697 $774 forward @7 unknown T 33.308697325863562 75.80127268306228 3.1171097801279335 33.326392110406829 75.809285087722614 3.1209710940507369 #
pcurve $-1 -1 -1 $-1 0 forward { exppc nubs 1 open 2 
	-0.71462856386644502 1 -0.69804414319623287 1 
	0.84171646832971247 78.647272666518106 
	0.84127041004310033 78.653285100097591 
	0.001 
	-1 
	spline forward { ref 3 } I I I I 
	} 0 0 #
name_attrib-gen-attrib $-1 -1 $775 $-1 $698 2 1 1 1 1 1 1 1 1 1 1 1 1 1 0 1 1 1 @3 eif #
tvertex-vertex $776 -1 -1 $-1 $734 $777 0.00019559114809747117 #
intcurve-curve $-1 -1 -1 $-1 forward { parcur summary 3 2 -0.69804410906120018 -0.27416034028304315 0.001 OPEN 
	spline forward { ref 3 } I I I I 
	null_surface 
	nubs 2 open 7 
	-0.69804410906120018 2 -0.62739681426484073 2 -0.55674951946848128 2 -0.48610222467212166 2 -0.41545492987576216 2 
	-0.34480763507940265 2 -0.27416034028304315 2 
	0.84127041004310033 78.653285100097591 
	0.84031865719152021 78.666121974287705 
	0.83937592690843699 78.678905220630284 
	0.83842911310195567 78.69174383878638 
	0.83749111427433875 78.704530865231007 
	0.83654979714021538 78.717363127630904 
	0.83561665258146578 78.730151784587392 
	0.83468128097037897 78.742970963083366 
	0.83375321159523286 78.755757729387128 
	0.83282414220796375 78.768558273670877 
	0.83190145132066629 78.781338450317847 
	0.83097896748761935 78.794115759059608 
	0.83006202297395892 78.806883698067267 
	
	nullbs 
	-1 
	-1 
	I I 
	5 -0.62739681426484073 -0.55674951946848128 -0.48610222467212166 -0.41545492987576216 -0.34480763507940265 
	0 
	0 
	
	-1 
	none F surf1 } I I #
integer_attrib-name_attrib-gen-attrib $-1 -1 $-1 $700 $662 2 1 1 1 1 1 1 1 1 1 1 1 1 1 0 1 1 1 @3 pid 382 #
integer_attrib-name_attrib-gen-attrib $-1 -1 $-1 $-1 $701 2 1 1 1 1 1 1 1 1 1 1 1 1 1 0 1 1 1 @3 pid 381 #
point $-1 -1 -1 $-1 32.9084185396134 75.961995841091607 3.1572175606037298 #
coedge $-1 -1 -1 $-1 $778 $706 $-1 $779 forward $20 $780 #
edge $781 -1 -1 $-1 $746 -0.3256735596603974 $782 -0.30795213747822092 $706 $783 forward @7 unknown T -33.217187109437184 75.847376396100017 3.1293771144088645 -33.198461686315611 75.855330480888199 3.1331189437249858 #
pcurve $-1 -1 -1 $-1 0 forward { exppc nubs 1 open 2 
	-0.3256735596603974 1 -0.30795213747822092 1 
	0.83815456954924805 -76.699330490164897 
	0.83862542327423339 -76.693376385861356 
	0.001 
	-1 
	spline forward { ref 1 } I I I I 
	} 0 0 #
name_attrib-gen-attrib $-1 -1 $784 $-1 $707 2 1 1 1 1 1 1 1 1 1 1 1 1 1 0 1 1 1 @3 eif #
tvertex-vertex $785 -1 -1 $-1 $707 $786 0.00014395419888123877 #
intcurve-curve $-1 -1 -1 $-1 forward { parcur summary 3 2 -0.75407148697201343 -0.32567358727106244 0.001 OPEN 
	spline forward { ref 1 } I I I I 
	null_surface 
	nubs 2 open 7 
	-0.75407148697201343 2 -0.68267183702185497 2 -0.6112721870716965 2 -0.53987253712153793 2 -0.46847288717137947 2 
	-0.3970732372212209 2 -0.32567358727106244 2 
	0.82696585502325937 -76.843123767395241 
	0.82788216523475155 -76.831165082073213 
	0.82880109304339877 -76.819232640133578 
	0.82972366986549217 -76.807252815101833 
	0.83064926639837688 -76.795294784461305 
	0.83157766523044685 -76.783300550163659 
	0.83250954646678021 -76.771322921003346 
	0.83344336182579837 -76.75932043223284 
	0.83438109361195467 -76.747329770384667 
	0.83531996603154735 -76.735324523395946 
	0.83626305617244112 -76.723328053230176 
	0.83720667441938135 -76.711324865351969 
	0.83815456954924805 -76.699330490164897 
	
	nullbs 
	-1 
	-1 
	I I 
	5 -0.68267183702185497 -0.6112721870716965 -0.53987253712153793 -0.46847288717137947 -0.3970732372212209 
	0 
	0 
	
	-1 
	none F surf1 } I I #
integer_attrib-name_attrib-gen-attrib $-1 -1 $-1 $709 $671 2 1 1 1 1 1 1 1 1 1 1 1 1 1 0 1 1 1 @3 pid 24 #
integer_attrib-name_attrib-gen-attrib $-1 -1 $-1 $-1 $710 2 1 1 1 1 1 1 1 1 1 1 1 1 1 0 1 1 1 @3 pid 25 #
point $-1 -1 -1 $-1 -32.795278677387003 75.9982002551059 3.1646083514935799 #
coedge $-1 -1 -1 $-1 $715 $787 $-1 $788 forward $20 $789 #
edge $790 -1 -1 $-1 $791 0.28668608171318899 $755 0.76769742067893287 $715 $792 reversed @7 unknown T -36.508239057516754 71.483332846978385 0.98881561251722161 -36.426153052885667 71.917610099084186 1.1702467720996594 #
pcurve $-1 -1 -1 $-1 0 forward { exppc nubs 1 open 2 
	0.28668608171318899 1 0.76769742067893287 1 
	0.9673315604833963 -72.329332846978389 
	0.9610423639279102 -72.76161009908418 
	0.001 
	-1 
	spline forward { ref 1 } I I I I 
	} 0 0 #
name_attrib-gen-attrib $-1 -1 $793 $-1 $716 2 1 1 1 1 1 1 1 1 1 1 1 1 1 0 1 1 1 @3 eif #
tvertex-vertex $794 -1 -1 $-1 $752 $795 0.00015984855006714622 #
intcurve-curve $-1 -1 -1 $-1 forward { parcur summary 3 2 -0.8823187775339224 -0.39811082447794655 0.001 OPEN 
	spline forward { ref 1 } I I I I 
	null_surface 
	nubs 1 open 2 
	-0.8823187775339224 1 -0.39811082447794655 1 
	0.95393228862667401 -73.182456042688074 
	0.96103996059488672 -72.761565971378943 
	
	nullbs 
	-1 
	-1 
	I I 
	0 
	0 
	0 
	
	-1 
	none F surf1 } I I #
integer_attrib-name_attrib-gen-attrib $-1 -1 $-1 $718 $680 2 1 1 1 1 1 1 1 1 1 1 1 1 1 0 1 1 1 @3 pid 188 #
integer_attrib-name_attrib-gen-attrib $-1 -1 $-1 $-1 $719 2 1 1 1 1 1 1 1 1 1 1 1 1 1 0 1 1 1 @3 pid 188 #
point $-1 -1 -1 $-1 -36.3246540222069 72.3375435428092 1.3645247289914 #
coedge $-1 -1 -1 $-1 $796 $724 $-1 $797 forward $30 $798 #
edge $799 -1 -1 $-1 $764 0.56346278312966214 $800 0.9697807745261815 $724 $801 reversed @7 unknown T 35.685905516218902 73.424200296357455 1.9431722700352492 35.902047424987309 73.79375371861741 2.1566543824518578 #
pcurve $-1 -1 -1 $-1 0 forward { exppc nubs 2 open 7 
	0.56346278312966214 2 0.63118244836241544 2 0.69890211359516863 2 0.76662177882792182 2 0.83434144406067501 2 
	0.9020611092934282 2 0.9697807745261815 2 
	0.92094308188780172 76.637753718617304 
	0.9217012795548668 76.608798427086782 
	0.92249954156195424 76.578418559222811 
	0.92326922375565412 76.549126368021533 
	0.92408064832730896 76.518336533296278 
	0.92486143771462004 76.488709163072897 
	0.92568619554566078 76.45749066739647 
	0.92647740990672256 76.427541849480519 
	0.92731600447851914 76.395863988081928 
	0.92811642840308139 76.36562802066581 
	0.92896992449308846 76.333439521911359 
	0.92977735312899901 76.302988397482508 
	0.93064783313246102 76.270200295443388 
	0.001 
	-1 
	spline forward { ref 3 } I I I I 
	} 0 0 #
name_attrib-gen-attrib $-1 -1 $802 $-1 $725 2 1 1 1 1 1 1 1 1 1 1 1 1 1 0 1 1 1 @3 eif #
tvertex-vertex $803 -1 -1 $-1 $725 $804 0.000592790017025611 #
intcurve-curve $-1 -1 -1 $-1 forward { parcur summary 3 3 -1.0917722116802064 -0.86440791718234899 -0.62356388520713935 0.001 OPEN 
	spline forward { ref 3 } I I I I 
	null_surface 
	nubs 1 open 2 
	-1.0917722116802064 1 -0.62356388520713935 1 
	0.92095521018152005 76.638051830005438 
	0.91067203993686363 76.987659465934158 
	
	nullbs 
	-1 
	-1 
	I I 
	0 
	0 
	1 -1.0246586670137954 
	
	-1 
	none F surf1 } I I #
integer_attrib-name_attrib-gen-attrib $-1 -1 $-1 $727 $689 2 1 1 1 1 1 1 1 1 1 1 1 1 1 0 1 1 1 @3 pid 217 #
integer_attrib-name_attrib-gen-attrib $-1 -1 $-1 $-1 $728 2 1 1 1 1 1 1 1 1 1 1 1 1 1 0 1 1 1 @3 pid 217 #
point $-1 -1 -1 $-1 35.438786982611497 74.142717097207793 2.3577901509502102 #
coedge $-1 -1 -1 $-1 $733 $805 $-1 $806 forward $30 $807 #
edge $808 -1 -1 $-1 $809 -0.36607979688720621 $773 -0.34933366270291744 $733 $810 forward @7 unknown T 33.324299887906548 75.793852921963335 3.1152938238415699 33.341434766267021 75.80311253447573 3.1191208163344362 #
pcurve $-1 -1 -1 $-1 0 forward { exppc nubs 1 open 2 
	-0.36607979688720621 1 -0.34933366270291744 1 
	0.84214457478630789 78.639852888502432 
	0.84171384078532119 78.647112593149458 
	0.001 
	-1 
	spline forward { ref 3 } I I I I 
	} 0 0 #
name_attrib-gen-attrib $-1 -1 $811 $-1 $734 2 1 1 1 1 1 1 1 1 1 1 1 1 1 0 1 1 1 @3 eif #
tvertex-vertex $812 -1 -1 $-1 $770 $813 0.00037093602973922219 #
intcurve-curve $-1 -1 -1 $-1 forward { parcur summary 3 2 -0.71462860950105944 -0.69804410906120018 0.001 OPEN 
	spline forward { ref 3 } I I I I 
	null_surface 
	nubs 1 open 2 
	-0.71462860950105944 1 -0.69804410906120018 1 
	0.84171646832971247 78.647272666518106 
	0.84127041004310033 78.653285100097591 
	
	nullbs 
	-1 
	-1 
	I I 
	0 
	0 
	0 
	
	-1 
	none F surf1 } I I #
integer_attrib-name_attrib-gen-attrib $-1 -1 $-1 $736 $698 2 1 1 1 1 1 1 1 1 1 1 1 1 1 0 1 1 1 @3 pid 381 #
integer_attrib-name_attrib-gen-attrib $-1 -1 $-1 $-1 $737 2 1 1 1 1 1 1 1 1 1 1 1 1 1 0 1 1 1 @3 pid 380 #
point $-1 -1 -1 $-1 33.3097663603169 75.808467910910807 3.1199629809653802 #
coedge $-1 -1 -1 $-1 $814 $742 $-1 $815 forward $20 $816 #
edge $817 -1 -1 $-1 $782 -0.84610315519857915 $818 -0.82831710179065221 $742 $819 forward @7 unknown T -33.233248252553778 75.83988212952822 3.1276710600977307 -33.2151113311972 75.849236247933987 3.1313850858443115 #
pcurve $-1 -1 -1 $-1 0 forward { exppc nubs 1 open 2 
	-0.84610315519857915 1 -0.82831710179065221 1 
	0.83862328488842985 -76.693236292690358 
	0.83907820616649342 -76.685882104483568 
	0.001 
	-1 
	spline forward { ref 1 } I I I I 
	} 0 0 #
name_attrib-gen-attrib $-1 -1 $820 $-1 $743 2 1 1 1 1 1 1 1 1 1 1 1 1 1 0 1 1 1 @3 eif #
tvertex-vertex $821 -1 -1 $-1 $743 $822 0.00029543185254205483 #
intcurve-curve $-1 -1 -1 $-1 forward { parcur summary 3 2 -0.32567358727106244 -0.30795210700441056 0.001 OPEN 
	spline forward { ref 1 } I I I I 
	null_surface 
	nubs 1 open 2 
	-0.32567358727106244 1 -0.30795210700441056 1 
	0.83815456954924805 -76.699330490164897 
	0.83862542327423339 -76.693376385861356 
	
	nullbs 
	-1 
	-1 
	I I 
	0 
	0 
	0 
	
	-1 
	none F surf1 } I I #
integer_attrib-name_attrib-gen-attrib $-1 -1 $-1 $745 $707 2 1 1 1 1 1 1 1 1 1 1 1 1 1 0 1 1 1 @3 pid 25 #
integer_attrib-name_attrib-gen-attrib $-1 -1 $-1 $-1 $746 2 1 1 1 1 1 1 1 1 1 1 1 1 1 0 1 1 1 @3 pid 26 #
point $-1 -1 -1 $-1 -33.199509455173001 75.854466189010395 3.1321140190482701 #
coedge $-1 -1 -1 $-1 $751 $823 $-1 $824 forward $20 $825 #
edge $826 -1 -1 $-1 $827 0.19030197003541316 $791 0.6670437304523158 $751 $828 reversed @7 unknown T -36.569732648810231 71.041084604882542 0.82809958298356212 -36.506246310622522 71.48534312966008 0.99079798967514654 #
pcurve $-1 -1 -1 $-1 0 forward { exppc nubs 1 open 2 
	0.19030197003541316 1 0.6670437304523158 1 
	0.97279520599198943 -71.887084604882546 
	0.96733216803386179 -72.329343129660074 
	0.001 
	-1 
	spline forward { ref 1 } I I I I 
	} 0 0 #
name_attrib-gen-attrib $-1 -1 $829 $-1 $752 2 1 1 1 1 1 1 1 1 1 1 1 1 1 0 1 1 1 @3 eif #
tvertex-vertex $830 -1 -1 $-1 $788 $831 4.7312914122011163e-005 #
intcurve-curve $-1 -1 -1 $-1 forward { parcur summary 3 2 -0.76769742067893287 -0.28668608171318899 0.001 OPEN 
	spline forward { ref 1 } I I I I 
	null_surface 
	nubs 1 open 2 
	-0.76769742067893287 1 -0.28668608171318899 1 
	0.9610423639279102 -72.76161009908418 
	0.9673315604833963 -72.329332846978389 
	
	nullbs 
	-1 
	-1 
	I I 
	0 
	0 
	1 -0.4177206469961941 
	
	-1 
	none F surf1 } I I #
integer_attrib-name_attrib-gen-attrib $-1 -1 $-1 $754 $716 2 1 1 1 1 1 1 1 1 1 1 1 1 1 0 1 1 1 @3 pid 187 #
integer_attrib-name_attrib-gen-attrib $-1 -1 $-1 $-1 $755 2 1 1 1 1 1 1 1 1 1 1 1 1 1 0 1 1 1 @3 pid 187 #
point $-1 -1 -1 $-1 -36.427182015581003 71.916640324669004 1.1691867302374099 #
coedge $-1 -1 -1 $-1 $832 $760 $-1 $833 forward $30 $834 #
edge $835 -1 -1 $-1 $800 0.53484881738075662 $836 0.94547475596223818 $760 $837 reversed @7 unknown T 35.900119174212655 73.040696493626086 1.728769815989315 36.082835525917346 73.426482162117182 1.9451158113318912 #
pcurve $-1 -1 -1 $-1 0 forward { exppc nubs 2 open 7 
	0.53484881738075662 2 0.60328647381100364 2 0.67172413024125044 2 0.74016178667149746 2 0.80859944310174436 2 
	0.87703709953199127 2 0.94547475596223818 2 
	0.93065794030455196 76.270482163982749 
	0.93137034815381647 76.24017007779311 
	0.93211476266029814 76.208582485424458 
	0.93283749651893699 76.177914863664284 
	0.93359405168097886 76.145884228664315 
	0.93432617723240363 76.114887881683188 
	0.93509569721783337 76.082366947294972 
	0.93583401472365035 76.051164671043665 
	0.9366195976280447 76.018010194909138 
	0.93736238281469864 75.986661939240093 
	0.9381656472161729 75.952793525099466 
	0.93890344822568683 75.921685274683341 
	0.93973375696462225 75.886696491458608 
	0.001 
	-1 
	spline forward { ref 3 } I I I I 
	} 0 0 #
name_attrib-gen-attrib $-1 -1 $838 $-1 $761 2 1 1 1 1 1 1 1 1 1 1 1 1 1 0 1 1 1 @3 eif #
tvertex-vertex $839 -1 -1 $-1 $761 $840 0.00074828641381094018 #
intcurve-curve $-1 -1 -1 $-1 forward { parcur summary 3 2 -0.96978077547004204 -0.56346278312966214 0.001 OPEN 
	spline forward { ref 3 } I I I I 
	null_surface 
	nubs 2 open 7 
	-0.96978077547004204 2 -0.90206111007997869 2 -0.83434144468991533 2 -0.76662177929985209 2 -0.69890211390978885 2 
	-0.63118244851972549 2 -0.56346278312966214 2 
	0.93064783313246102 76.270200295443388 
	0.92977735312899901 76.302988397482508 
	0.92896992449308846 76.333439521911359 
	0.92811642840308139 76.36562802066581 
	0.92731600447851914 76.395863988081928 
	0.92647740990672256 76.427541849480519 
	0.92568619554566078 76.45749066739647 
	0.92486143771462004 76.488709163072897 
	0.92408064832730896 76.518336533296278 
	0.92326922375565412 76.549126368021533 
	0.92249954156195424 76.578418559222811 
	0.9217012795548668 76.608798427086782 
	0.92094308188780172 76.637753718617304 
	
	nullbs 
	-1 
	-1 
	I I 
	5 -0.90206111007997869 -0.83434144468991533 -0.76662177929985209 -0.69890211390978885 -0.63118244851972549 
	0 
	0 
	
	-1 
	none F surf1 } I I #
integer_attrib-name_attrib-gen-attrib $-1 -1 $-1 $763 $725 2 1 1 1 1 1 1 1 1 1 1 1 1 1 0 1 1 1 @3 pid 218 #
integer_attrib-name_attrib-gen-attrib $-1 -1 $-1 $-1 $764 2 1 1 1 1 1 1 1 1 1 1 1 1 1 0 1 1 1 @3 pid 218 #
point $-1 -1 -1 $-1 35.687247381031099 73.793127856292898 2.1553468935020699 #
coedge $-1 -1 -1 $-1 $769 $841 $-1 $842 forward $30 $843 #
edge $844 -1 -1 $-1 $845 -0.79821612728271996 $809 -0.36607990449501238 $769 $846 forward @7 unknown T 33.339434863274903 75.606775905684628 3.0562227898053549 33.731296683637964 75.79585287541029 3.1172938120289873 #
pcurve $-1 -1 -1 $-1 0 forward { exppc nubs 2 open 7 
	-0.79821612728271996 2 -0.72619342348476867 2 -0.65417071968681761 2 -0.58214801588886622 2 -0.51012531209091494 2 
	-0.4381026082929636 2 -0.36607990449501243 2 
	0.85345305169466845 78.452775895334199 
	0.85248729335211948 78.468480925700561 
	0.85154418849065971 78.483903260362766 
	0.85058274334438233 78.49962550866303 
	0.84964443116269028 78.51505685988765 
	0.84868783863575525 78.530788847119581 
	0.84775418851915507 78.546232658186469 
	0.84680295761695534 78.561967278761642 
	0.84587386514658935 78.577426619536809 
	0.84492847091155021 78.593157208377576 
	0.8440038616181883 78.608634708216286 
	0.84306473342683663 78.624355247188291 
	0.84214457478630789 78.639852888502432 
	0.001 
	-1 
	spline forward { ref 3 } I I I I 
	} 0 0 #
name_attrib-gen-attrib $-1 -1 $847 $-1 $770 2 1 1 1 1 1 1 1 1 1 1 1 1 1 0 1 1 1 @3 eif #
tvertex-vertex $848 -1 -1 $-1 $806 $849 0.00039456542322758936 #
intcurve-curve $-1 -1 -1 $-1 forward { parcur summary 3 2 -0.36607987407301834 -0.349333527356818 0.001 OPEN 
	spline forward { ref 3 } I I I I 
	null_surface 
	nubs 1 open 2 
	-0.36607987407301834 1 -0.349333527356818 1 
	0.84214457478630789 78.639852888502432 
	0.84171384078532119 78.647112593149458 
	
	nullbs 
	-1 
	-1 
	I I 
	0 
	0 
	0 
	
	-1 
	none F surf1 } I I #
integer_attrib-name_attrib-gen-attrib $-1 -1 $-1 $772 $734 2 1 1 1 1 1 1 1 1 1 1 1 1 1 0 1 1 1 @3 pid 380 #
integer_attrib-name_attrib-gen-attrib $-1 -1 $-1 $-1 $773 2 1 1 1 1 1 1 1 1 1 1 1 1 1 0 1 1 1 @3 pid 379 #
point $-1 -1 -1 $-1 33.325458168768698 75.8024474701472 3.1181018742435098 #
coedge $-1 -1 -1 $-1 $850 $778 $-1 $851 forward $20 $852 #
edge $853 -1 -1 $-1 $818 -0.82831701493843002 $854 -0.39530862872663058 $778 $855 forward @7 unknown T -33.625739483178975 75.660979596488772 3.0746480545668864 -33.231248331181689 75.841882093678151 3.1296710516648636 #
pcurve $-1 -1 -1 $-1 0 forward { exppc nubs 2 open 7 
	-0.82831701493843002 2 -0.75614895056979692 2 -0.6839808862011636 2 -0.61181282183253027 2 -0.53964475746389717 2 
	-0.46747669309526385 2 -0.39530862872663064 2 
	0.83907820616649342 -76.685882104483568 
	0.83999660014478117 -76.671046316519622 
	0.84093098171089875 -76.656041826683008 
	0.84185375736227841 -76.641223706993216 
	0.84279455866115449 -76.626204409978897 
	0.84372194629431607 -76.611399253644237 
	0.84466852849946827 -76.596374666022129 
	0.84560063174004751 -76.581579895177413 
	0.84655248272795769 -76.566557406463772 
	0.84748947133670638 -76.551769481695544 
	0.84844601068807357 -76.536757442954737 
	0.84938803347439573 -76.521973228857576 
	0.85034869861722651 -76.506979587145977 
	0.001 
	-1 
	spline forward { ref 1 } I I I I 
	} 0 0 #
name_attrib-gen-attrib $-1 -1 $856 $-1 $779 2 1 1 1 1 1 1 1 1 1 1 1 1 1 0 1 1 1 @3 eif #
tvertex-vertex $857 -1 -1 $-1 $779 $858 0.00031644629647615841 #
intcurve-curve $-1 -1 -1 $-1 forward { parcur summary 3 2 -0.84610326344263131 -0.82831704121975447 0.001 OPEN 
	spline forward { ref 1 } I I I I 
	null_surface 
	nubs 1 open 2 
	-0.84610326344263131 1 -0.82831704121975447 1 
	0.83862328488842985 -76.693236292690358 
	0.83907820616649342 -76.685882104483568 
	
	nullbs 
	-1 
	-1 
	I I 
	0 
	0 
	0 
	
	-1 
	none F surf1 } I I #
integer_attrib-name_attrib-gen-attrib $-1 -1 $-1 $781 $743 2 1 1 1 1 1 1 1 1 1 1 1 1 1 0 1 1 1 @3 pid 26 #
integer_attrib-name_attrib-gen-attrib $-1 -1 $-1 $-1 $782 2 1 1 1 1 1 1 1 1 1 1 1 1 1 0 1 1 1 @3 pid 27 #
point $-1 -1 -1 $-1 -33.216232550309499 75.848505363699502 3.1303723339402101 #
coedge $-1 -1 -1 $-1 $787 $859 $-1 $860 forward $20 $861 #
edge $862 -1 -1 $-1 $863 0.11937219139627697 $827 0.5940200391706818 $787 $864 reversed @7 unknown T -36.615753350396389 70.590552076253644 0.68946106047928268 -36.567733752426726 71.043086351214328 0.83009647101863437 #
pcurve $-1 -1 -1 $-1 0 forward { exppc nubs 1 open 2 
	0.11937219139627697 1 0.5940200391706818 1 
	0.9773912774308664 -71.436552076253648 
	0.97279531033826083 -71.887086351214322 
	0.001 
	-1 
	spline forward { ref 1 } I I I I 
	} 0 0 #
name_attrib-gen-attrib $-1 -1 $865 $-1 $788 2 1 1 1 1 1 1 1 1 1 1 1 1 1 0 1 1 1 @3 eif #
tvertex-vertex $866 -1 -1 $-1 $824 $867 1.1068192407277465e-005 #
intcurve-curve $-1 -1 -1 $-1 forward { parcur summary 3 2 -0.6670437304523158 -0.19030197003541316 0.001 OPEN 
	spline forward { ref 1 } I I I I 
	null_surface 
	nubs 1 open 2 
	-0.6670437304523158 1 -0.19030197003541316 1 
	0.96733216803386179 -72.329343129660074 
	0.97279520599198943 -71.887084604882546 
	
	nullbs 
	-1 
	-1 
	I I 
	0 
	0 
	0 
	
	-1 
	none F surf1 } I I #
integer_attrib-name_attrib-gen-attrib $-1 -1 $-1 $790 $752 2 1 1 1 1 1 1 1 1 1 1 1 1 1 0 1 1 1 @3 pid 186 #
integer_attrib-name_attrib-gen-attrib $-1 -1 $-1 $-1 $791 2 1 1 1 1 1 1 1 1 1 1 1 1 1 0 1 1 1 @3 pid 186 #
point $-1 -1 -1 $-1 -36.507255446005601 71.484352451594404 0.98977579307087904 #
coedge $-1 -1 -1 $-1 $868 $796 $-1 $869 forward $30 $870 #
edge $871 -1 -1 $-1 $836 0.52660232948354313 $872 1.0016900562411826 $796 $873 reversed @7 unknown T 36.080760215254408 72.641855754682155 1.5169677579244165 36.232473760271922 73.042644143832433 1.730867629500187 #
pcurve $-1 -1 -1 $-1 0 forward { exppc nubs 1 open 2 
	0.52660232948354313 1 1.0016900562411826 1 
	0.93972973383932401 75.886645337207469 
	0.94813320332927375 75.487855206708829 
	0.001 
	-1 
	spline forward { ref 3 } I I I I 
	} 0 0 #
name_attrib-gen-attrib $-1 -1 $874 $-1 $797 2 1 1 1 1 1 1 1 1 1 1 1 1 1 0 1 1 1 @3 eif #
tvertex-vertex $875 -1 -1 $-1 $797 $876 0.00055386715890169745 #
intcurve-curve $-1 -1 -1 $-1 forward { parcur summary 3 2 -0.94547475808193726 -0.53484881527464034 0.001 OPEN 
	spline forward { ref 3 } I I I I 
	null_surface 
	nubs 2 open 7 
	-0.94547475808193726 2 -0.87703710094738774 2 -0.80859944381283833 2 -0.7401617866782888 2 -0.67172412954373928 2 
	-0.60328647240918987 2 -0.53484881527464034 2 
	0.93973375696462225 75.886696491458608 
	0.93890344822568683 75.921685274683341 
	0.9381656472161729 75.952793525099466 
	0.93736238281469864 75.986661939240093 
	0.9366195976280447 76.018010194909138 
	0.93583401472365035 76.051164671043665 
	0.93509569721783337 76.082366947294972 
	0.93432617723240363 76.114887881683188 
	0.93359405168097886 76.145884228664315 
	0.93283749651893699 76.177914863664284 
	0.93211476266029814 76.208582485424458 
	0.93137034815381647 76.24017007779311 
	0.93065794030455196 76.270482163982749 
	
	nullbs 
	-1 
	-1 
	I I 
	5 -0.87703710094738774 -0.80859944381283833 -0.7401617866782888 -0.67172412954373928 -0.60328647240918987 
	0 
	1 -0.72484178835650137 
	
	-1 
	none F surf1 } I I #
integer_attrib-name_attrib-gen-attrib $-1 -1 $-1 $799 $761 2 1 1 1 1 1 1 1 1 1 1 1 1 1 0 1 1 1 @3 pid 219 #
integer_attrib-name_attrib-gen-attrib $-1 -1 $-1 $-1 $800 2 1 1 1 1 1 1 1 1 1 1 1 1 1 0 1 1 1 @3 pid 219 #
point $-1 -1 -1 $-1 35.901299138573499 73.425675241303196 1.94392055644906 #
coedge $-1 -1 -1 $-1 $805 $877 $-1 $878 forward $30 $879 #
edge $880 -1 -1 $-1 $881 -0.81398609563495217 $845 -0.79821625296005383 $805 $882 forward @7 unknown T 33.729296796797648 75.599964211062741 3.0536007931861571 33.745461315163531 75.608784672266793 3.0582227690030384 #
pcurve $-1 -1 -1 $-1 0 forward { exppc nubs 1 open 2 
	-0.81398609563495217 1 -0.79821625296005383 1 
	0.85387219062698294 78.445964150986399 
	0.85345305169466845 78.452775895334199 
	0.001 
	-1 
	spline forward { ref 3 } I I I I 
	} 0 0 #
name_attrib-gen-attrib $-1 -1 $883 $-1 $806 2 1 1 1 1 1 1 1 1 1 1 1 1 1 0 1 1 1 @3 eif #
tvertex-vertex $884 -1 -1 $-1 $842 $885 0.00052981247788745113 #
intcurve-curve $-1 -1 -1 $-1 forward { parcur summary 3 2 -0.79821615101587273 -0.36607987407301834 0.001 OPEN 
	spline forward { ref 3 } I I I I 
	null_surface 
	nubs 2 open 7 
	-0.79821615101587273 2 -0.72619343819206361 2 -0.65417072536825471 2 -0.58214801254444559 2 -0.51012529972063647 2 
	-0.43810258689682735 2 -0.36607987407301834 2 
	0.85345305169466845 78.452775895334199 
	0.85248729335211948 78.468480925700561 
	0.85154418849065971 78.483903260362766 
	0.85058274334438233 78.49962550866303 
	0.84964443116269028 78.51505685988765 
	0.84868783863575525 78.530788847119581 
	0.84775418851915507 78.546232658186469 
	0.84680295761695534 78.561967278761642 
	0.84587386514658935 78.577426619536809 
	0.84492847091155021 78.593157208377576 
	0.8440038616181883 78.608634708216286 
	0.84306473342683663 78.624355247188291 
	0.84214457478630789 78.639852888502432 
	
	nullbs 
	-1 
	-1 
	I I 
	5 -0.72619343819206361 -0.65417072536825471 -0.58214801254444559 -0.51012529972063647 -0.43810258689682735 
	0 
	1 -0.38151698595680095 
	
	-1 
	none F surf1 } I I #
integer_attrib-name_attrib-gen-attrib $-1 -1 $-1 $808 $770 2 1 1 1 1 1 1 1 1 1 1 1 1 1 0 1 1 1 @3 pid 379 #
integer_attrib-name_attrib-gen-attrib $-1 -1 $-1 $-1 $809 2 1 1 1 1 1 1 1 1 1 1 1 1 1 0 1 1 1 @3 pid 378 #
point $-1 -1 -1 $-1 33.340603238261998 75.795209121514006 3.1162733071390698 #
coedge $-1 -1 -1 $-1 $886 $814 $-1 $887 forward $20 $888 #
edge $889 -1 -1 $-1 $854 -0.39530853018557216 $890 -0.37945070892749427 $814 $891 forward @7 unknown T -33.640062128564132 75.654439770810669 3.072260659439924 -33.623739572384558 75.662979555780211 3.076648039805193 #
pcurve $-1 -1 -1 $-1 0 forward { exppc nubs 1 open 2 
	-0.39530853018557216 1 -0.37945070892749427 1 
	0.85034869861722651 -76.506979587145977 
	0.85076797620257349 -76.500439724092402 
	0.001 
	-1 
	spline forward { ref 1 } I I I I 
	} 0 0 #
name_attrib-gen-attrib $-1 -1 $892 $-1 $815 2 1 1 1 1 1 1 1 1 1 1 1 1 1 0 1 1 1 @3 eif #
tvertex-vertex $893 -1 -1 $-1 $815 $894 0.00042907224316649276 #
intcurve-curve $-1 -1 -1 $-1 forward { parcur summary 3 2 -0.82831704121975447 -0.3953086062420198 0.001 OPEN 
	spline forward { ref 1 } I I I I 
	null_surface 
	nubs 2 open 7 
	-0.82831704121975447 2 -0.75614896872346549 2 -0.68398089622717628 2 -0.61181282373088708 2 -0.5396447512345981 2 
	-0.46747667873830889 2 -0.3953086062420198 2 
	0.83907820616649342 -76.685882104483568 
	0.83999660014478117 -76.671046316519622 
	0.84093098171089875 -76.656041826683008 
	0.84185375736227841 -76.641223706993216 
	0.84279455866115449 -76.626204409978897 
	0.84372194629431607 -76.611399253644237 
	0.84466852849946827 -76.596374666022129 
	0.84560063174004751 -76.581579895177413 
	0.84655248272795769 -76.566557406463772 
	0.84748947133670638 -76.551769481695544 
	0.84844601068807357 -76.536757442954737 
	0.84938803347439573 -76.521973228857576 
	0.85034869861722651 -76.506979587145977 
	
	nullbs 
	-1 
	-1 
	I I 
	5 -0.75614896872346549 -0.68398089622717628 -0.61181282373088708 -0.5396447512345981 -0.46747667873830889 
	0 
	1 -0.69376115618887113 
	
	-1 
	none F surf1 } I I #
integer_attrib-name_attrib-gen-attrib $-1 -1 $-1 $817 $779 2 1 1 1 1 1 1 1 1 1 1 1 1 1 0 1 1 1 @3 pid 27 #
integer_attrib-name_attrib-gen-attrib $-1 -1 $-1 $-1 $818 2 1 1 1 1 1 1 1 1 1 1 1 1 1 0 1 1 1 @3 pid 28 #
point $-1 -1 -1 $-1 -33.232378191015002 75.841170330866404 3.1286571230773501 #
coedge $-1 -1 -1 $-1 $823 $895 $-1 $896 forward $20 $897 #
edge $898 -1 -1 $-1 $899 0.070869805348134252 $863 0.54397848254003667 $823 $900 reversed @7 unknown T -36.649074761156534 70.133266859535567 0.57560075740304162 -36.613753383475611 70.592552222182789 0.69146095373241356 #
pcurve $-1 -1 -1 $-1 0 forward { exppc nubs 1 open 2 
	0.070869805348134252 1 0.54397848254003667 1 
	0.98109076382110205 -70.979266859535571 
	0.97739128093021344 -71.436552222182783 
	0.001 
	-1 
	spline forward { ref 1 } I I I I 
	} 0 0 #
name_attrib-gen-attrib $-1 -1 $901 $-1 $824 2 1 1 1 1 1 1 1 1 1 1 1 1 1 0 1 1 1 @3 eif #
tvertex-vertex $902 -1 -1 $-1 $860 $903 1.8845631339680127e-006 #
intcurve-curve $-1 -1 -1 $-1 forward { parcur summary 3 2 -0.5940200391706818 -0.11937219139627697 0.001 OPEN 
	spline forward { ref 1 } I I I I 
	null_surface 
	nubs 1 open 2 
	-0.5940200391706818 1 -0.11937219139627697 1 
	0.97279531033826083 -71.887086351214322 
	0.9773912774308664 -71.436552076253648 
	
	nullbs 
	-1 
	-1 
	I I 
	0 
	0 
	0 
	
	-1 
	none F surf1 } I I #
integer_attrib-name_attrib-gen-attrib $-1 -1 $-1 $826 $788 2 1 1 1 1 1 1 1 1 1 1 1 1 1 0 1 1 1 @3 pid 185 #
integer_attrib-name_attrib-gen-attrib $-1 -1 $-1 $-1 $827 2 1 1 1 1 1 1 1 1 1 1 1 1 1 0 1 1 1 @3 pid 185 #
point $-1 -1 -1 $-1 -36.568736095998403 71.042088621866 0.82908986261212803 #
coedge $-1 -1 -1 $-1 $904 $832 $-1 $905 forward $30 $906 #
edge $907 -1 -1 $-1 $872 0.48455484280442462 $908 0.96096186063531164 $832 $909 reversed @7 unknown T 36.230555937799281 72.230203653564956 1.3124621463718464 36.354111418504857 72.643974320654095 1.5188406793307296 #
pcurve $-1 -1 -1 $-1 0 forward { exppc nubs 1 open 2 
	0.48455484280442462 1 0.96096186063531164 1 
	0.94813808223910168 75.487974683535342 
	0.95582412903432912 75.076203589179798 
	0.001 
	-1 
	spline forward { ref 3 } I I I I 
	} 0 0 #
name_attrib-gen-attrib $-1 -1 $910 $-1 $833 2 1 1 1 1 1 1 1 1 1 1 1 1 1 0 1 1 1 @3 eif #
tvertex-vertex $911 -1 -1 $-1 $833 $912 0.00050183910610737789 #
intcurve-curve $-1 -1 -1 $-1 forward { parcur summary 3 2 -1.0016907090569453 -0.52660090778248037 0.001 OPEN 
	spline forward { ref 3 } I I I I 
	null_surface 
	nubs 1 open 2 
	-1.0016907090569453 1 -0.52660090778248037 1 
	0.94813320332927375 75.487855206708829 
	0.93972973383932401 75.886645337207469 
	
	nullbs 
	-1 
	-1 
	I I 
	0 
	0 
	0 
	
	-1 
	none F surf1 } I I #
integer_attrib-name_attrib-gen-attrib $-1 -1 $-1 $835 $797 2 1 1 1 1 1 1 1 1 1 1 1 1 1 0 1 1 1 @3 pid 220 #
integer_attrib-name_attrib-gen-attrib $-1 -1 $-1 $-1 $836 2 1 1 1 1 1 1 1 1 1 1 1 1 1 0 1 1 1 @3 pid 220 #
point $-1 -1 -1 $-1 36.082043414380102 73.041946213345696 1.7294997693445999 #
coedge $-1 -1 -1 $-1 $841 $913 $-1 $914 forward $30 $915 #
edge $916 -1 -1 $-1 $917 -0.39200547871926472 $881 -0.37841978561970496 $841 $918 forward @7 unknown T 33.743684316156894 75.592583190963651 3.0510103104823769 33.759266489344249 75.602440939410968 3.055559223573554 #
pcurve $-1 -1 -1 $-1 0 forward { imppc forward { parcur summary 3 2 -0.39200547871926472 -0.37841978561970496 0.001 OPEN 
	spline forward { ref 3 } I I I I 
	null_surface 
	nubs 1 open 2 
	-0.39200547871926472 1 -0.37841978561970496 1 
	0.85428128360794719 78.43858319096357 
	0.85387879055092186 78.446440939410863 
	
	nullbs 
	-1 
	-1 
	I I 
	0 
	0 
	0 
	
	-1 
	none F surf1 } I I surf1 } 0 0 #
name_attrib-gen-attrib $-1 -1 $919 $-1 $842 2 1 1 1 1 1 1 1 1 1 1 1 1 1 0 1 1 1 @3 eif #
tvertex-vertex $920 -1 -1 $-1 $878 $921 0.00051233846498019084 #
intcurve-curve $-1 -1 -1 $-1 forward { parcur summary 3 2 -0.8139862347193495 -0.79821615101587273 0.001 OPEN 
	spline forward { ref 3 } I I I I 
	null_surface 
	nubs 1 open 2 
	-0.8139862347193495 1 -0.79821615101587273 1 
	0.85387219062698294 78.445964150986399 
	0.85345305169466845 78.452775895334199 
	
	nullbs 
	-1 
	-1 
	I I 
	0 
	0 
	0 
	
	-1 
	none F surf1 } I I #
integer_attrib-name_attrib-gen-attrib $-1 -1 $-1 $844 $806 2 1 1 1 1 1 1 1 1 1 1 1 1 1 0 1 1 1 @3 pid 378 #
integer_attrib-name_attrib-gen-attrib $-1 -1 $-1 $-1 $845 2 1 1 1 1 1 1 1 1 1 1 1 1 1 0 1 1 1 @3 pid 377 #
point $-1 -1 -1 $-1 33.730519454313097 75.6082548597889 3.05718183307168 #
coedge $-1 -1 -1 $-1 $922 $850 $-1 $923 forward $20 $924 #
edge $925 -1 -1 $-1 $890 -0.91087892270763349 $926 -0.89505231331224477 $850 $927 forward @7 unknown T -33.653978946086767 75.647195137395769 3.0699075842811214 -33.638214036711219 75.65678769262361 3.0742351524554263 #
pcurve $-1 -1 -1 $-1 0 forward { exppc nubs 1 open 2 
	-0.91087892270763349 1 -0.89505231331224477 1 
	0.85077242307708778 -76.500787697249919 
	0.85117594531811758 -76.493195132939817 
	0.001 
	-1 
	spline forward { ref 1 } I I I I 
	} 0 0 #
name_attrib-gen-attrib $-1 -1 $928 $-1 $851 2 1 1 1 1 1 1 1 1 1 1 1 1 1 0 1 1 1 @3 eif #
tvertex-vertex $929 -1 -1 $-1 $851 $930 0.00041403994625728395 #
intcurve-curve $-1 -1 -1 $-1 forward { parcur summary 3 2 -0.3953086062420198 -0.37945059564392569 0.001 OPEN 
	spline forward { ref 1 } I I I I 
	null_surface 
	nubs 1 open 2 
	-0.3953086062420198 1 -0.37945059564392569 1 
	0.85034869861722651 -76.506979587145977 
	0.85076797620257349 -76.500439724092402 
	
	nullbs 
	-1 
	-1 
	I I 
	0 
	0 
	0 
	
	-1 
	none F surf1 } I I #
integer_attrib-name_attrib-gen-attrib $-1 -1 $-1 $853 $815 2 1 1 1 1 1 1 1 1 1 1 1 1 1 0 1 1 1 @3 pid 28 #
integer_attrib-name_attrib-gen-attrib $-1 -1 $-1 $-1 $854 2 1 1 1 1 1 1 1 1 1 1 1 1 1 0 1 1 1 @3 pid 29 #
point $-1 -1 -1 $-1 -33.624913336802798 75.662370812661706 3.0756192828206901 #
coedge $-1 -1 -1 $-1 $859 $931 $-1 $932 forward $20 $933 #
edge $934 -1 -1 $-1 $935 0.041034149644583295 $899 0.51236130945085245 $859 $936 reversed @7 unknown T -36.671881959977547 69.670703611289071 0.48904713603027744 -36.647074739112753 70.13526685873164 0.57760083733075374 #
pcurve $-1 -1 -1 $-1 0 forward { exppc nubs 1 open 2 
	0.041034149644583295 1 0.51236130945085245 1 
	0.98386026706088447 -70.516703611289074 
	0.98109076124687988 -70.979266858731634 
	0.001 
	-1 
	spline forward { ref 1 } I I I I 
	} 0 0 #
name_attrib-gen-attrib $-1 -1 $937 $-1 $860 2 1 1 1 1 1 1 1 1 1 1 1 1 1 0 1 1 1 @3 eif #
vertex $938 -1 -1 $-1 $896 $939 #
intcurve-curve $-1 -1 -1 $-1 forward { parcur summary 3 2 -0.54397848254003667 -0.070869805348134252 0.001 OPEN 
	spline forward { ref 1 } I I I I 
	null_surface 
	nubs 1 open 2 
	-0.54397848254003667 1 -0.070869805348134252 1 
	0.97739128093021344 -71.436552222182783 
	0.98109076382110205 -70.979266859535571 
	
	nullbs 
	-1 
	-1 
	I I 
	0 
	0 
	0 
	
	-1 
	none F surf1 } I I #
integer_attrib-name_attrib-gen-attrib $-1 -1 $-1 $862 $824 2 1 1 1 1 1 1 1 1 1 1 1 1 1 0 1 1 1 @3 pid 184 #
integer_attrib-name_attrib-gen-attrib $-1 -1 $-1 $-1 $863 2 1 1 1 1 1 1 1 1 1 1 1 1 1 0 1 1 1 @3 pid 184 #
point $-1 -1 -1 $-1 -36.614753880990101 70.591552657902696 0.69045934824889299 #
coedge $-1 -1 -1 $-1 $940 $868 $-1 $941 forward $30 $942 #
edge $943 -1 -1 $-1 $908 0.43892645004719144 $944 0.91498353660127141 $868 $945 reversed @7 unknown T 36.352157830621273 71.806377372285141 1.120982988983694 36.450491481035286 72.232269826604522 1.3143770527603686 #
pcurve $-1 -1 -1 $-1 0 forward { exppc nubs 1 open 2 
	0.43892645004719144 1 0.91498353660127141 1 
	0.95582725322028106 75.076269863830632 
	0.96271971149377111 74.652377372285045 
	0.001 
	-1 
	spline forward { ref 3 } I I I I 
	} 0 0 #
name_attrib-gen-attrib $-1 -1 $946 $-1 $869 2 1 1 1 1 1 1 1 1 1 1 1 1 1 0 1 1 1 @3 eif #
tvertex-vertex $947 -1 -1 $-1 $869 $948 0.00026802026372928158 #
intcurve-curve $-1 -1 -1 $-1 forward { parcur summary 3 2 -0.96096193512700201 -0.48455442296095652 0.001 OPEN 
	spline forward { ref 3 } I I I I 
	null_surface 
	nubs 1 open 2 
	-0.96096193512700201 1 -0.48455442296095652 1 
	0.95582412903432912 75.076203589179798 
	0.94813808223910168 75.487974683535342 
	
	nullbs 
	-1 
	-1 
	I I 
	0 
	0 
	1 -0.60657554410680925 
	
	-1 
	none F surf1 } I I #
integer_attrib-name_attrib-gen-attrib $-1 -1 $-1 $871 $833 2 1 1 1 1 1 1 1 1 1 1 1 1 1 0 1 1 1 @3 pid 221 #
integer_attrib-name_attrib-gen-attrib $-1 -1 $-1 $-1 $872 2 1 1 1 1 1 1 1 1 1 1 1 1 1 0 1 1 1 @3 pid 221 #
point $-1 -1 -1 $-1 36.231702104882999 72.6431295999745 1.51761461491815 #
coedge $-1 -1 -1 $-1 $877 $949 $-1 $950 forward $30 $951 #
edge $952 -1 -1 $-1 $953 -0.74917567695066067 $917 -0.39200547871926472 $877 $954 forward @7 unknown T 33.757266489344254 75.375177091198736 2.9666421574323345 34.132741046903355 75.594583190963661 3.0530103104823767 #
pcurve $-1 -1 -1 $-1 0 forward { imppc forward { parcur summary 3 3 -0.74917567695066067 -0.51926755240718803 -0.39200547871926472 0.001 OPEN 
	spline forward { ref 3 } I I I I 
	null_surface 
	nubs 2 open 7 
	-0.74917567695066067 2 -0.68964731057876127 2 -0.6301189442068621 2 -0.5705905778349627 2 -0.51106221146306341 2 
	-0.45153384509116401 2 -0.39200547871926472 2 
	0.86558910245155962 78.221177091198641 
	0.86460419905877395 78.239874411874155 
	0.86361377865179711 78.258758728601819 
	0.86264618571456197 78.277207794636681 
	0.86167293810706891 78.295842680230905 
	0.86072330004849307 78.314025511034998 
	0.85976784467966083 78.332393518858353 
	0.85880411864372164 78.35092052487559 
	0.85789976756505504 78.368376114837346 
	0.85697009888293474 78.386320379734642 
	0.85607035262521236 78.40377704967095 
	0.85516108521540146 78.421418446809838 
	0.85428128360794719 78.43858319096357 
	
	nullbs 
	-1 
	-1 
	I I 
	5 -0.68964731057876127 -0.6301189442068621 -0.5705905778349627 -0.51106221146306341 -0.45153384509116401 
	0 
	1 -0.51942429411855939 
	
	-1 
	none F surf1 } I I surf1 } 0 0 #
name_attrib-gen-attrib $-1 -1 $955 $-1 $878 2 1 1 1 1 1 1 1 1 1 1 1 1 1 0 1 1 1 @3 eif #
tvertex-vertex $956 -1 -1 $-1 $914 $957 1.3468664317214496e-005 #
intcurve-curve $-1 -1 -1 $-1 forward { ref 194 } I I #
integer_attrib-name_attrib-gen-attrib $-1 -1 $-1 $880 $842 2 1 1 1 1 1 1 1 1 1 1 1 1 1 0 1 1 1 @3 pid 377 #
integer_attrib-name_attrib-gen-attrib $-1 -1 $-1 $-1 $881 2 1 1 1 1 1 1 1 1 1 1 1 1 1 0 1 1 1 @3 pid 376 #
point $-1 -1 -1 $-1 33.744676709642398 75.601427334993801 3.05456064165248 #
coedge $-1 -1 -1 $-1 $958 $886 $-1 $959 forward $20 $960 #
edge $961 -1 -1 $-1 $926 -0.89505230402385583 $962 -0.45707342372660698 $886 $963 forward @7 unknown T -34.032401900233921 75.437299123812622 2.9921750438779462 -33.651978954159588 75.649195132939823 3.0719075829065732 #
pcurve $-1 -1 -1 $-1 0 forward { imppc forward { parcur summary 3 3 -0.89505230402385583 -0.63948712772524496 -0.45707342372660698 0.001 OPEN 
	spline forward { ref 1 } I I I I 
	null_surface 
	nubs 2 open 7 
	-0.89505230402385583 2 -0.82205582397431443 2 -0.74905934392477291 2 -0.6760628638752314 2 -0.60306638382569 2 
	-0.53006990377614838 2 -0.45707342372660698 2 
	0.85117594531811758 -76.493195132939817 
	0.85208856327357763 -76.47603525008094 
	0.85304270727546572 -76.458199638243556 
	0.8539572192111613 -76.441104860229615 
	0.85491840801588215 -76.423229987399736 
	0.85583376658617882 -76.406207402494999 
	0.85680265446203552 -76.388269184483192 
	0.85769902518754138 -76.371673566048727 
	0.8586950381877998 -76.353298506027528 
	0.85966424485152826 -76.335417985778889 
	0.86059520814205004 -76.31830359930423 
	0.86156608586524708 -76.300455444878054 
	0.86250305944922201 -76.283299123812625 
	
	nullbs 
	-1 
	-1 
	I I 
	5 -0.82205582397431443 -0.74905934392477291 -0.6760628638752314 -0.60306638382569 -0.53006990377614838 
	0 
	1 -0.62313117924334227 
	
	-1 
	none F surf1 } I I surf1 } 0 0 #
name_attrib-gen-attrib $-1 -1 $964 $-1 $887 2 1 1 1 1 1 1 1 1 1 1 1 1 1 0 1 1 1 @3 eif #
tvertex-vertex $965 -1 -1 $-1 $887 $966 3.2550464528784984e-005 #
intcurve-curve $-1 -1 -1 $-1 forward { parcur summary 3 2 -0.91087893235118889 -0.89505230402385583 0.001 OPEN 
	spline forward { ref 1 } I I I I 
	null_surface 
	nubs 1 open 2 
	-0.91087893235118889 1 -0.89505230402385583 1 
	0.85077242307708778 -76.500787697249919 
	0.85117594531811758 -76.493195132939817 
	
	nullbs 
	-1 
	-1 
	I I 
	0 
	0 
	0 
	
	-1 
	none F surf1 } I I #
integer_attrib-name_attrib-gen-attrib $-1 -1 $-1 $889 $851 2 1 1 1 1 1 1 1 1 1 1 1 1 1 0 1 1 1 @3 pid 29 #
integer_attrib-name_attrib-gen-attrib $-1 -1 $-1 $-1 $890 2 1 1 1 1 1 1 1 1 1 1 1 1 1 0 1 1 1 @3 pid 30 #
point $-1 -1 -1 $-1 -33.639229884319697 75.655817254103795 3.0732324912488802 #
coedge $-1 -1 -1 $-1 $895 $967 $-1 $968 forward $20 $969 #
edge $970 -1 -1 $-1 $971 0.026408383943067881 $935 0.49570849114704907 $895 $972 reversed @7 unknown T -36.685824080250825 69.205147107685818 0.4318525981289168 -36.669881959656834 69.672703612619671 0.49104713730573402 #
pcurve $-1 -1 -1 $-1 0 forward { exppc nubs 1 open 2 
	0.026408383943067881 1 0.49570849114704907 1 
	0.98567087091639061 -70.051147107685821 
	0.98386026702033669 -70.516703612619665 
	0.001 
	-1 
	spline forward { ref 1 } I I I I 
	} 0 0 #
name_attrib-gen-attrib $-1 -1 $973 $-1 $896 2 1 1 1 1 1 1 1 1 1 1 1 1 1 0 1 1 1 @3 eif #
vertex $974 -1 -1 $-1 $932 $975 #
intcurve-curve $-1 -1 -1 $-1 forward { parcur summary 3 2 -0.51236130945085245 -0.041034149644583295 0.001 OPEN 
	spline forward { ref 1 } I I I I 
	null_surface 
	nubs 1 open 2 
	-0.51236130945085245 1 -0.041034149644583295 1 
	0.98109076124687988 -70.979266858731634 
	0.98386026706088447 -70.516703611289074 
	
	nullbs 
	-1 
	-1 
	I I 
	0 
	0 
	1 -0.46179594237808536 
	
	-1 
	none F surf1 } I I #
integer_attrib-name_attrib-gen-attrib $-1 -1 $-1 $898 $860 2 1 1 1 1 1 1 1 1 1 1 1 1 1 0 1 1 1 @3 pid 183 #
integer_attrib-name_attrib-gen-attrib $-1 -1 $-1 $-1 $899 2 1 1 1 1 1 1 1 1 1 1 1 1 1 0 1 1 1 @3 pid 183 #
point $-1 -1 -1 $-1 -36.648074822360599 70.134266919291406 0.57660053548557899 #
coedge $-1 -1 -1 $-1 $976 $904 $-1 $977 forward $30 $978 #
edge $979 -1 -1 $-1 $944 0.39159313894467007 $980 0.8676237769877615 $904 $981 reversed @7 unknown T 36.448516003453037 71.371481067170151 0.9460153410574127 36.525516315065708 71.808410584642587 1.1229300206198991 #
pcurve $-1 -1 -1 $-1 0 forward { exppc nubs 1 open 2 
	0.39159313894467007 1 0.8676237769877615 1 
	0.96272158268222829 74.652410584642482 
	0.96880151751575294 74.217481067170056 
	0.001 
	-1 
	spline forward { ref 3 } I I I I 
	} 0 0 #
name_attrib-gen-attrib $-1 -1 $982 $-1 $905 2 1 1 1 1 1 1 1 1 1 1 1 1 1 0 1 1 1 @3 eif #
tvertex-vertex $983 -1 -1 $-1 $905 $984 0.00012376887153725478 #
intcurve-curve $-1 -1 -1 $-1 forward { parcur summary 3 2 -0.91498353660127141 -0.43892640823989237 0.001 OPEN 
	spline forward { ref 3 } I I I I 
	null_surface 
	nubs 1 open 2 
	-0.91498353660127141 1 -0.43892640823989237 1 
	0.96271971149377111 74.652377372285045 
	0.95582725322028106 75.076269863830632 
	
	nullbs 
	-1 
	-1 
	I I 
	0 
	0 
	0 
	
	-1 
	none F surf1 } I I #
integer_attrib-name_attrib-gen-attrib $-1 -1 $-1 $907 $869 2 1 1 1 1 1 1 1 1 1 1 1 1 1 0 1 1 1 @3 pid 222 #
integer_attrib-name_attrib-gen-attrib $-1 -1 $-1 $-1 $908 2 1 1 1 1 1 1 1 1 1 1 1 1 1 0 1 1 1 @3 pid 222 #
point $-1 -1 -1 $-1 36.353222488540901 72.231337910911904 1.31325849649177 #
coedge $-1 -1 -1 $-1 $913 $985 $-1 $986 forward $30 $987 #
edge $988 -1 -1 $-1 $989 -0.76085491150006146 $953 -0.74917568576635207 $913 $990 forward @7 unknown T 34.130741056452607 75.367748362364438 2.9632644972243334 34.145382149618463 75.377177085591441 2.9686421548946855 #
pcurve $-1 -1 -1 $-1 0 forward { exppc nubs 1 open 2 
	-0.76085491150006146 1 -0.74917568576635207 1 
	0.86598059141980455 78.213748356735991 
	0.86558910245155962 78.221177091198641 
	0.001 
	-1 
	spline forward { ref 3 } I I I I 
	} 0 0 #
name_attrib-gen-attrib $-1 -1 $991 $-1 $914 2 1 1 1 1 1 1 1 1 1 1 1 1 1 0 1 1 1 @3 eif #
tvertex-vertex $992 -1 -1 $-1 $950 $993 6.030955266134126e-005 #
intcurve-curve $-1 -1 -1 $-1 forward { ref 203 } I I #
integer_attrib-name_attrib-gen-attrib $-1 -1 $-1 $916 $878 2 1 1 1 1 1 1 1 1 1 1 1 1 1 0 1 1 1 @3 pid 376 #
integer_attrib-name_attrib-gen-attrib $-1 -1 $-1 $-1 $917 2 1 1 1 1 1 1 1 1 1 1 1 1 1 0 1 1 1 @3 pid 375 #
point $-1 -1 -1 $-1 33.758259948067 75.593571482432196 3.0520115461609199 #
coedge $-1 -1 -1 $-1 $994 $922 $-1 $995 forward $20 $996 #
edge $997 -1 -1 $-1 $962 -0.4570734127793375 $998 -0.44177559381647236 $922 $999 forward @7 unknown T -34.045502038968678 75.429963710696697 2.988967764695706 -34.030401909615811 75.439299118563341 2.9941750415943145 #
pcurve $-1 -1 -1 $-1 0 forward { exppc nubs 1 open 2 
	-0.4570734127793375 1 -0.44177559381647236 1 
	0.86250305944922201 -76.283299123812625 
	0.86290385348986609 -76.275963704877057 
	0.001 
	-1 
	spline forward { ref 1 } I I I I 
	} 0 0 #
name_attrib-gen-attrib $-1 -1 $1000 $-1 $923 2 1 1 1 1 1 1 1 1 1 1 1 1 1 0 1 1 1 @3 eif #
tvertex-vertex $1001 -1 -1 $-1 $923 $1002 5.8792792717454744e-005 #
intcurve-curve $-1 -1 -1 $-1 forward { ref 205 } I I #
integer_attrib-name_attrib-gen-attrib $-1 -1 $-1 $925 $887 2 1 1 1 1 1 1 1 1 1 1 1 1 1 0 1 1 1 @3 pid 30 #
integer_attrib-name_attrib-gen-attrib $-1 -1 $-1 $-1 $926 2 1 1 1 1 1 1 1 1 1 1 1 1 1 0 1 1 1 @3 pid 31 #
point $-1 -1 -1 $-1 -33.652994283195397 75.648223729109404 3.0709049728324 #
coedge $-1 -1 -1 $-1 $931 $1003 $-1 $1004 forward $20 $1005 #
edge $1006 -1 -1 $-1 $1007 0.013501575741899474 $971 0.4877583969429593 $931 $1008 reversed @7 unknown T -36.691723063560495 68.731608133983528 0.40652213800471132 -36.683824080505211 69.207147107840839 0.43385259705184964 #
pcurve $-1 -1 -1 $-1 0 forward { exppc nubs 1 open 2 
	0.013501575741899474 1 0.4877583969429593 1 
	0.98646791931494715 -69.577608133983532 
	0.98567087095034422 -70.051147107840833 
	0.001 
	-1 
	spline forward { ref 1 } I I I I 
	} 0 0 #
name_attrib-gen-attrib $-1 -1 $1009 $-1 $932 2 1 1 1 1 1 1 1 1 1 1 1 1 1 0 1 1 1 @3 eif #
vertex $1010 -1 -1 $-1 $968 $1011 #
intcurve-curve $-1 -1 -1 $-1 forward { parcur summary 3 2 -0.49570849114704907 -0.026408383943067881 0.001 OPEN 
	spline forward { ref 1 } I I I I 
	null_surface 
	nubs 1 open 2 
	-0.49570849114704907 1 -0.026408383943067881 1 
	0.98386026702033669 -70.516703612619665 
	0.98567087091639061 -70.051147107685821 
	
	nullbs 
	-1 
	-1 
	I I 
	0 
	0 
	0 
	
	-1 
	none F surf1 } I I #
integer_attrib-name_attrib-gen-attrib $-1 -1 $-1 $934 $896 2 1 1 1 1 1 1 1 1 1 1 1 1 1 0 1 1 1 @3 pid 182 #
integer_attrib-name_attrib-gen-attrib $-1 -1 $-1 $-1 $935 2 1 1 1 1 1 1 1 1 1 1 1 1 1 0 1 1 1 @3 pid 182 #
point $-1 -1 -1 $-1 -36.670881965412399 69.671703615603207 0.49004711441697302 #
coedge $-1 -1 -1 $-1 $1012 $940 $-1 $1013 forward $30 $1014 #
edge $1015 -1 -1 $-1 $980 0.34223331110672661 $1016 0.81788488354194411 $940 $1017 reversed @7 unknown T 36.523521119282449 70.926424114825792 0.79080912573856244 36.582724940738395 71.373487967405595 0.94800320418541861 #
pcurve $-1 -1 -1 $-1 0 forward { exppc nubs 1 open 2 
	0.34223331110672661 1 0.81788488354194411 1 
	0.96880193277859661 74.217487967405489 
	0.97404170587706029 73.772424114825682 
	0.001 
	-1 
	spline forward { ref 3 } I I I I 
	} 0 0 #
name_attrib-gen-attrib $-1 -1 $1018 $-1 $941 2 1 1 1 1 1 1 1 1 1 1 1 1 1 0 1 1 1 @3 eif #
tvertex-vertex $1019 -1 -1 $-1 $941 $1020 3.343211188106202e-005 #
intcurve-curve $-1 -1 -1 $-1 forward { parcur summary 3 2 -0.8676237769877615 -0.39159313894467007 0.001 OPEN 
	spline forward { ref 3 } I I I I 
	null_surface 
	nubs 1 open 2 
	-0.8676237769877615 1 -0.39159313894467007 1 
	0.96880151751575294 74.217481067170056 
	0.96272158268222829 74.652410584642482 
	
	nullbs 
	-1 
	-1 
	I I 
	0 
	0 
	1 -0.61839192199014092 
	
	-1 
	none F surf1 } I I #
integer_attrib-name_attrib-gen-attrib $-1 -1 $-1 $943 $905 2 1 1 1 1 1 1 1 1 1 1 1 1 1 0 1 1 1 @3 pid 223 #
integer_attrib-name_attrib-gen-attrib $-1 -1 $-1 $-1 $944 2 1 1 1 1 1 1 1 1 1 1 1 1 1 0 1 1 1 @3 pid 223 #
point $-1 -1 -1 $-1 36.4495378660352 71.807433304533603 1.1218827954263799 #
coedge $-1 -1 -1 $-1 $949 $1021 $-1 $1022 forward $30 $1023 #
edge $1024 -1 -1 $-1 $1025 -0.49551857417204875 $989 -0.48060031274762571 $949 $1026 forward @7 unknown T 34.143378256500725 75.359459620872173 2.960007509672288 34.157442838659122 75.369749840469979 2.9652655431213168 #
pcurve $-1 -1 -1 $-1 0 forward { exppc nubs 1 open 2 
	-0.49551857417204875 1 -0.48060031274762571 1 
	0.86635468208293087 78.205459610539563 
	0.8659804700404633 78.213749849769286 
	0.001 
	-1 
	spline forward { ref 3 } I I I I 
	} 0 0 #
name_attrib-gen-attrib $-1 -1 $1027 $-1 $950 2 1 1 1 1 1 1 1 1 1 1 1 1 1 0 1 1 1 @3 eif #
tvertex-vertex $1028 -1 -1 $-1 $986 $1029 6.1432703301247783e-005 #
intcurve-curve $-1 -1 -1 $-1 forward { parcur summary 3 2 -0.76085492034881497 -0.74917567695066067 0.001 OPEN 
	spline forward { ref 3 } I I I I 
	null_surface 
	nubs 1 open 2 
	-0.76085492034881497 1 -0.74917567695066067 1 
	0.86598059141980455 78.213748356735991 
	0.86558910245155962 78.221177091198641 
	
	nullbs 
	-1 
	-1 
	I I 
	0 
	0 
	0 
	
	-1 
	none F surf1 } I I #
integer_attrib-name_attrib-gen-attrib $-1 -1 $-1 $952 $914 2 1 1 1 1 1 1 1 1 1 1 1 1 1 0 1 1 1 @3 pid 375 #
integer_attrib-name_attrib-gen-attrib $-1 -1 $-1 $-1 $953 2 1 1 1 1 1 1 1 1 1 1 1 1 1 0 1 1 1 @3 pid 374 #
point $-1 -1 -1 $-1 34.1317698246311 75.376229537352501 2.96763450985206 #
coedge $-1 -1 -1 $-1 $1030 $958 $-1 $1031 forward $20 $1032 #
edge $1033 -1 -1 $-1 $998 -0.96126016850899965 $1034 -0.94609164937465051 $958 $1035 forward @7 unknown T -34.058021411969285 75.421730764665327 2.9858677575508197 -34.043502905282601 75.431973540335107 2.9909675513654181 #
pcurve $-1 -1 -1 $-1 0 forward { exppc nubs 1 open 2 
	-0.96126016850899965 1 -0.94609164937465051 1 
	0.86290387931505919 -76.275973548544357 
	0.86328746400945244 -76.267730755260885 
	0.001 
	-1 
	spline forward { ref 1 } I I I I 
	} 0 0 #
name_attrib-gen-attrib $-1 -1 $1036 $-1 $959 2 1 1 1 1 1 1 1 1 1 1 1 1 1 0 1 1 1 @3 eif #
tvertex-vertex $1037 -1 -1 $-1 $959 $1038 6.4741808730969355e-005 #
intcurve-curve $-1 -1 -1 $-1 forward { parcur summary 3 2 -0.45707342372660698 -0.4417755816797595 0.001 OPEN 
	spline forward { ref 1 } I I I I 
	null_surface 
	nubs 1 open 2 
	-0.45707342372660698 1 -0.4417755816797595 1 
	0.86250305944922201 -76.283299123812625 
	0.86290385348986609 -76.275963704877057 
	
	nullbs 
	-1 
	-1 
	I I 
	0 
	0 
	0 
	
	-1 
	none F surf1 } I I #
integer_attrib-name_attrib-gen-attrib $-1 -1 $-1 $961 $923 2 1 1 1 1 1 1 1 1 1 1 1 1 1 0 1 1 1 @3 pid 31 #
integer_attrib-name_attrib-gen-attrib $-1 -1 $-1 $-1 $962 2 1 1 1 1 1 1 1 1 1 1 1 1 1 0 1 1 1 @3 pid 32 #
point $-1 -1 -1 $-1 -34.031429193796498 75.438350771821305 2.9931684003008199 #
coedge $-1 -1 -1 $-1 $967 $1039 $-1 $1040 forward $20 $1041 #
edge $1042 -1 -1 $-1 $1043 0.0042182556087856649 $1007 0.11946428863710606 $967 $1044 reversed @7 unknown T -36.69202466401758 68.616369998734513 0.40520760437268299 -36.689723063562703 68.733608133983907 0.40852213799511422 #
pcurve $-1 -1 -1 $-1 0 forward { exppc nubs 1 open 2 
	0.0042182556087856649 1 0.11946428863710606 1 
	0.98650920234284567 -69.462369998734516 
	0.98646791931524858 -69.577608133983901 
	0.001 
	-1 
	spline forward { ref 1 } I I I I 
	} 0 0 #
name_attrib-gen-attrib $-1 -1 $1045 $-1 $968 2 1 1 1 1 1 1 1 1 1 1 1 1 1 0 1 1 1 @3 eif #
vertex $1046 -1 -1 $-1 $1004 $1047 #
intcurve-curve $-1 -1 -1 $-1 forward { parcur summary 3 2 -0.4877583969429593 -0.013501575741899474 0.001 OPEN 
	spline forward { ref 1 } I I I I 
	null_surface 
	nubs 1 open 2 
	-0.4877583969429593 1 -0.013501575741899474 1 
	0.98567087095034422 -70.051147107840833 
	0.98646791931494715 -69.577608133983532 
	
	nullbs 
	-1 
	-1 
	I I 
	0 
	0 
	0 
	
	-1 
	none F surf1 } I I #
integer_attrib-name_attrib-gen-attrib $-1 -1 $-1 $970 $932 2 1 1 1 1 1 1 1 1 1 1 1 1 1 0 1 1 1 @3 pid 181 #
integer_attrib-name_attrib-gen-attrib $-1 -1 $-1 $-1 $971 2 1 1 1 1 1 1 1 1 1 1 1 1 1 0 1 1 1 @3 pid 181 #
point $-1 -1 -1 $-1 -36.684824080553597 69.206147107852402 0.43285259684719302 #
coedge $-1 -1 -1 $-1 $1048 $976 $-1 $1049 forward $30 $1050 #
edge $1051 -1 -1 $-1 $1016 0.29281495660910306 $1052 0.76632096542364192 $976 $1053 reversed @7 unknown T 36.580725426657651 70.474445597829018 0.65744254256434898 36.62551774715272 70.928424995669303 0.79280770586071725 #
pcurve $-1 -1 -1 $-1 0 forward { exppc nubs 1 open 2 
	0.29281495660910306 1 0.76632096542364192 1 
	0.97404175319248976 73.772424995669198 
	0.97843824860048656 73.320445597828936 
	0.001 
	-1 
	spline forward { ref 3 } I I I I 
	} 0 0 #
name_attrib-gen-attrib $-1 -1 $1054 $-1 $977 2 1 1 1 1 1 1 1 1 1 1 1 1 1 0 1 1 1 @3 eif #
tvertex-vertex $1055 -1 -1 $-1 $977 $1056 7.1107886423392814e-006 #
intcurve-curve $-1 -1 -1 $-1 forward { parcur summary 3 2 -0.81788488354194411 -0.34223331110672661 0.001 OPEN 
	spline forward { ref 3 } I I I I 
	null_surface 
	nubs 1 open 2 
	-0.81788488354194411 1 -0.34223331110672661 1 
	0.97404170587706029 73.772424114825682 
	0.96880193277859661 74.217487967405489 
	
	nullbs 
	-1 
	-1 
	I I 
	0 
	0 
	0 
	
	-1 
	none F surf1 } I I #
integer_attrib-name_attrib-gen-attrib $-1 -1 $-1 $979 $941 2 1 1 1 1 1 1 1 1 1 1 1 1 1 0 1 1 1 @3 pid 224 #
integer_attrib-name_attrib-gen-attrib $-1 -1 $-1 $-1 $980 2 1 1 1 1 1 1 1 1 1 1 1 1 1 0 1 1 1 @3 pid 224 #
point $-1 -1 -1 $-1 36.524527585086901 71.372494485800701 0.94698686943853505 #
coedge $-1 -1 -1 $-1 $985 $1057 $-1 $1058 forward $30 $1059 #
edge $1060 -1 -1 $-1 $1061 -0.93618684525721363 $1025 -0.49551859276542853 $985 $1062 forward @7 unknown T 34.155442853684463 75.114624857070709 2.8487705501686786 34.509911872347963 75.361459610539669 2.9620075055936663 #
pcurve $-1 -1 -1 $-1 0 forward { imppc forward { parcur summary 3 3 -0.93618684525721363 -0.74157890343954902 -0.49551859276542853 0.001 OPEN 
	spline forward { ref 3 } I I I I 
	null_surface 
	nubs 2 open 7 
	-0.93618684525721363 2 -0.86274213650858278 2 -0.78929742775995204 2 -0.71585271901132108 2 -0.64240801026269023 2 
	-0.56896330151405938 2 -0.49551859276542853 2 
	0.87755692346648728 77.960624857070613 
	0.87663878556571162 77.980506901682531 
	0.87567487932894461 78.001442834196993 
	0.87476277198036811 78.02125370082112 
	0.87379758403104679 78.042271151436282 
	0.87279564412302491 78.064088894344707 
	0.87192512473902661 78.083092083248417 
	0.87094839210276898 78.104413877038311 
	0.87005975177201222 78.123884336373735 
	0.86909567626174056 78.145007610176293 
	0.86820270695292934 78.164665101840157 
	0.86724856792667038 78.185669160736637 
	0.86635468208293087 78.205459610539563 
	
	nullbs 
	-1 
	-1 
	I I 
	5 -0.86274213650858278 -0.78929742775995204 -0.71585271901132108 -0.64240801026269023 -0.56896330151405938 
	0 
	1 -0.78279260754453073 
	
	-1 
	none F surf1 } I I surf1 } 0 0 #
name_attrib-gen-attrib $-1 -1 $1063 $-1 $986 2 1 1 1 1 1 1 1 1 1 1 1 1 1 0 1 1 1 @3 eif #
tvertex-vertex $1064 -1 -1 $-1 $1022 $1065 5.8398307686544678e-005 #
intcurve-curve $-1 -1 -1 $-1 forward { parcur summary 3 2 -0.49551859276542853 -0.48060029601331261 0.001 OPEN 
	spline forward { ref 3 } I I I I 
	null_surface 
	nubs 1 open 2 
	-0.49551859276542853 1 -0.48060029601331261 1 
	0.86635468208293087 78.205459610539563 
	0.8659804700404633 78.213749849769286 
	
	nullbs 
	-1 
	-1 
	I I 
	0 
	0 
	0 
	
	-1 
	none F surf1 } I I #
integer_attrib-name_attrib-gen-attrib $-1 -1 $-1 $988 $950 2 1 1 1 1 1 1 1 1 1 1 1 1 1 0 1 1 1 @3 pid 374 #
integer_attrib-name_attrib-gen-attrib $-1 -1 $-1 $-1 $989 2 1 1 1 1 1 1 1 1 1 1 1 1 1 0 1 1 1 @3 pid 373 #
point $-1 -1 -1 $-1 34.144411044812102 75.368801039191197 2.9642567343406498 #
coedge $-1 -1 -1 $-1 $1066 $994 $-1 $1067 forward $20 $1068 #
edge $1069 -1 -1 $-1 $1034 -0.94609131734671392 $1070 -0.50780068033630654 $994 $1071 forward @7 unknown T -34.416111275965314 75.183680357581736 2.8815771672015988 -34.056021689315394 75.423730584325043 2.9878676884953781 #
pcurve $-1 -1 -1 $-1 0 forward { exppc nubs 1 open 2 
	-0.94609131734671392 1 -0.50780068033630654 1 
	0.86328746400945244 -76.267730755260885 
	0.87452179325347679 -76.029680143368822 
	0.001 
	-1 
	spline forward { ref 1 } I I I I 
	} 0 0 #
name_attrib-gen-attrib $-1 -1 $1072 $-1 $995 2 1 1 1 1 1 1 1 1 1 1 1 1 1 0 1 1 1 @3 eif #
tvertex-vertex $1073 -1 -1 $-1 $995 $1074 5.3250886863183532e-005 #
intcurve-curve $-1 -1 -1 $-1 forward { parcur summary 3 2 -0.96126018361581966 -0.94609163206841917 0.001 OPEN 
	spline forward { ref 1 } I I I I 
	null_surface 
	nubs 1 open 2 
	-0.96126018361581966 1 -0.94609163206841917 1 
	0.86290387931505919 -76.275973548544357 
	0.86328746400945244 -76.267730755260885 
	
	nullbs 
	-1 
	-1 
	I I 
	0 
	0 
	0 
	
	-1 
	none F surf1 } I I #
integer_attrib-name_attrib-gen-attrib $-1 -1 $-1 $997 $959 2 1 1 1 1 1 1 1 1 1 1 1 1 1 0 1 1 1 @3 pid 32 #
integer_attrib-name_attrib-gen-attrib $-1 -1 $-1 $-1 $998 2 1 1 1 1 1 1 1 1 1 1 1 1 1 0 1 1 1 @3 pid 33 #
point $-1 -1 -1 $-1 -34.044532085067999 75.431020578869095 2.9899603657307701 #
coedge $-1 -1 -1 $-1 $1003 $1075 $-1 $1076 forward $20 $1077 #
edge $1078 -1 -1 $-1 $1079 0.010546766628408477 $1043 141.3377699987345 $1003 $1080 reversed @7 unknown T -36.692024664017616 -72.710853233371608 0.40520760437268649 -36.690024664017585 68.618369998734508 0.4072076043726971 #
pcurve $-1 -1 -1 $-1 0 forward { exppc nubs 1 open 2 
	0.010546766628408477 1 141.3377699987345 1 
	0.98650920234284523 71.864853233371633 
	0.98650920234284556 -69.462369998734502 
	0.001 
	-1 
	spline forward { ref 1 } I I I I 
	} 0 0 #
name_attrib-gen-attrib $-1 -1 $1081 $-1 $1004 2 1 1 1 1 1 1 1 1 1 1 1 1 1 0 1 1 1 @3 eif #
vertex $1082 -1 -1 $-1 $1040 $1083 #
intcurve-curve $-1 -1 -1 $-1 forward { parcur summary 3 2 -0.11946428863710606 -0.0042182556087856649 0.001 OPEN 
	spline forward { ref 1 } I I I I 
	null_surface 
	nubs 1 open 2 
	-0.11946428863710606 1 -0.0042182556087856649 1 
	0.98646791931524858 -69.577608133983901 
	0.98650920234284567 -69.462369998734516 
	
	nullbs 
	-1 
	-1 
	I I 
	0 
	0 
	0 
	
	-1 
	none F surf1 } I I #
integer_attrib-name_attrib-gen-attrib $-1 -1 $-1 $1006 $968 2 1 1 1 1 1 1 1 1 1 1 1 1 1 0 1 1 1 @3 pid 180 #
integer_attrib-name_attrib-gen-attrib $-1 -1 $-1 $-1 $1007 2 1 1 1 1 1 1 1 1 1 1 1 1 1 0 1 1 1 @3 pid 180 #
point $-1 -1 -1 $-1 -36.6907230635627 68.732608133983902 0.407522137995114 #
coedge $-1 -1 -1 $-1 $1084 $1012 $-1 $1085 forward $30 $1086 #
edge $1087 -1 -1 $-1 $1052 0.23749057252547068 $1088 0.70928885983035017 $1012 $1089 reversed @7 unknown T 36.623517762501464 70.015876342392147 0.55104368456476338 36.655760631695287 70.476445690067081 0.65944249141351963 #
pcurve $-1 -1 -1 $-1 0 forward { exppc nubs 1 open 2 
	0.23749057252547068 1 0.70928885983035017 1 
	0.97843825026885223 73.32044569006699 
	0.98188019874028842 72.861876342392051 
	0.001 
	-1 
	spline forward { ref 3 } I I I I 
	} 0 0 #
name_attrib-gen-attrib $-1 -1 $1090 $-1 $1013 2 1 1 1 1 1 1 1 1 1 1 1 1 1 0 1 1 1 @3 eif #
tvertex-vertex $1091 -1 -1 $-1 $1013 $1092 1.2031118556963927e-006 #
intcurve-curve $-1 -1 -1 $-1 forward { parcur summary 3 2 -0.76632096542364192 -0.29281495660910306 0.001 OPEN 
	spline forward { ref 3 } I I I I 
	null_surface 
	nubs 1 open 2 
	-0.76632096542364192 1 -0.29281495660910306 1 
	0.97843824860048656 73.320445597828936 
	0.97404175319248976 73.772424995669198 
	
	nullbs 
	-1 
	-1 
	I I 
	0 
	0 
	0 
	
	-1 
	none F surf1 } I I #
integer_attrib-name_attrib-gen-attrib $-1 -1 $-1 $1015 $977 2 1 1 1 1 1 1 1 1 1 1 1 1 1 0 1 1 1 @3 pid 225 #
integer_attrib-name_attrib-gen-attrib $-1 -1 $-1 $-1 $1016 2 1 1 1 1 1 1 1 1 1 1 1 1 1 0 1 1 1 @3 pid 225 #
point $-1 -1 -1 $-1 36.581727098648003 70.927426594163705 0.79180282021520698 #
coedge $-1 -1 -1 $-1 $1021 $1093 $-1 $1094 forward $30 $1095 #
edge $1096 -1 -1 $-1 $1097 -0.95061667369770542 $1061 -0.93618685964187043 $1021 $1098 forward @7 unknown T 34.507911883678155 75.106607880274922 2.8446295310965999 34.521267845896112 75.116624849078846 2.8507705460556374 #
pcurve $-1 -1 -1 $-1 0 forward { exppc nubs 1 open 2 
	-0.95061667369770542 1 -0.93618685964187043 1 
	0.87792725999637422 77.952607871514758 
	0.87755692346648728 77.960624857070613 
	0.001 
	-1 
	spline forward { ref 3 } I I I I 
	} 0 0 #
name_attrib-gen-attrib $-1 -1 $1099 $-1 $1022 2 1 1 1 1 1 1 1 1 1 1 1 1 1 0 1 1 1 @3 eif #
tvertex-vertex $1100 -1 -1 $-1 $1058 $1101 9.7802471121307842e-005 #
intcurve-curve $-1 -1 -1 $-1 forward { ref 226 } I I #
integer_attrib-name_attrib-gen-attrib $-1 -1 $-1 $1024 $986 2 1 1 1 1 1 1 1 1 1 1 1 1 1 0 1 1 1 @3 pid 373 #
integer_attrib-name_attrib-gen-attrib $-1 -1 $-1 $-1 $1025 2 1 1 1 1 1 1 1 1 1 1 1 1 1 0 1 1 1 @3 pid 372 #
point $-1 -1 -1 $-1 34.156474002973702 75.360508278673194 2.9609990500097698 #
coedge $-1 -1 -1 $-1 $1102 $1030 $-1 $1103 forward $20 $1104 #
edge $1105 -1 -1 $-1 $1070 -0.50780027228660884 $1106 -0.49328518305124214 $1030 $1107 forward @7 unknown T -34.427777363587083 75.175810078408873 2.8776303795098852 -34.414111601519508 75.185680135969136 2.8835770575818187 #
pcurve $-1 -1 -1 $-1 0 forward { exppc nubs 1 open 2 
	-0.50780027228660884 1 -0.49328518305124219 1 
	0.87452179325347679 -76.029680143368822 
	0.87489700381401225 -76.021810070376091 
	0.001 
	-1 
	spline forward { ref 1 } I I I I 
	} 0 0 #
name_attrib-gen-attrib $-1 -1 $1108 $-1 $1031 2 1 1 1 1 1 1 1 1 1 1 1 1 1 0 1 1 1 @3 eif #
tvertex-vertex $1109 -1 -1 $-1 $1031 $1110 8.8379717999450966e-005 #
intcurve-curve $-1 -1 -1 $-1 forward { parcur summary 3 3 -0.94609163206841917 -0.69764413844265205 -0.50780028593417981 0.001 OPEN 
	spline forward { ref 1 } I I I I 
	null_surface 
	nubs 1 open 2 
	-0.94609163206841917 1 -0.50780028593417981 1 
	0.86328746400945244 -76.267730755260885 
	0.87452179325347679 -76.029680143368822 
	
	nullbs 
	-1 
	-1 
	I I 
	0 
	0 
	1 -0.54293814000143359 
	
	-1 
	none F surf1 } I I #
integer_attrib-name_attrib-gen-attrib $-1 -1 $-1 $1033 $995 2 1 1 1 1 1 1 1 1 1 1 1 1 1 0 1 1 1 @3 pid 33 #
integer_attrib-name_attrib-gen-attrib $-1 -1 $-1 $-1 $1034 2 1 1 1 1 1 1 1 1 1 1 1 1 1 0 1 1 1 @3 pid 34 #
point $-1 -1 -1 $-1 -34.057049248633803 75.422775628211397 2.9868608265123102 #
coedge $-1 -1 -1 $-1 $1039 $1111 $-1 $1112 forward $20 $1113 #
edge $1114 -1 -1 $-1 $1115 0.06603416430876774 $1079 0.53504650763007833 $1039 $1116 reversed @7 unknown T -36.692024664016415 -73.179346928640641 0.40520760437792963 -36.685052652970946 -72.70885323337211 0.4286356226646838 #
pcurve $-1 -1 -1 $-1 0 forward { exppc nubs 1 open 2 
	0.06603416430876774 1 0.53504650763007833 1 
	0.98583526895910523 72.33334692864068 
	0.98650920234268091 71.864853233372173 
	0.001 
	-1 
	spline forward { ref 1 } I I I I 
	} 0 0 #
name_attrib-gen-attrib $-1 -1 $1117 $-1 $1040 2 1 1 1 1 1 1 1 1 1 1 1 1 1 0 1 1 1 @3 eif #
vertex $1118 -1 -1 $-1 $1076 $1119 #
intcurve-curve $-1 -1 -1 $-1 forward { parcur summary 3 2 -141.3377699987345 -0.010546766628408477 0.001 OPEN 
	spline forward { ref 1 } I I I I 
	null_surface 
	nubs 1 open 2 
	-141.3377699987345 1 -0.010546766628408477 1 
	0.98650920234284556 -69.462369998734502 
	0.98650920234284523 71.864853233371633 
	
	nullbs 
	-1 
	-1 
	I I 
	0 
	0 
	0 
	
	-1 
	none F surf1 } I I #
integer_attrib-name_attrib-gen-attrib $-1 -1 $-1 $1042 $1004 2 1 1 1 1 1 1 1 1 1 1 1 1 1 0 1 1 1 @3 pid 179 #
integer_attrib-name_attrib-gen-attrib $-1 -1 $-1 $-1 $1043 2 1 1 1 1 1 1 1 1 1 1 1 1 1 0 1 1 1 @3 pid 179 #
point $-1 -1 -1 $-1 -36.691024664017597 68.617369998734503 0.40620760437269299 #
coedge $-1 -1 -1 $-1 $1120 $1048 $-1 $1121 forward $30 $1122 #
edge $1123 -1 -1 $-1 $1088 0.18033910730365443 $1124 0.6517467733480834 $1048 $1125 reversed @7 unknown T 36.653760618732562 69.552041874134588 0.47162218326491867 36.676222402270078 70.017876341728339 0.55304373280002483 #
pcurve $-1 -1 -1 $-1 0 forward { exppc nubs 1 open 2 
	0.18033910730365443 1 0.6517467733480834 1 
	0.98188019719255204 72.861876341728234 
	0.98441350560995733 72.398041874134478 
	0.001 
	-1 
	spline forward { ref 3 } I I I I 
	} 0 0 #
name_attrib-gen-attrib $-1 -1 $1126 $-1 $1049 2 1 1 1 1 1 1 1 1 1 1 1 1 1 0 1 1 1 @3 eif #
vertex $1127 -1 -1 $-1 $1049 $1128 #
intcurve-curve $-1 -1 -1 $-1 forward { parcur summary 3 2 -0.70928885983035017 -0.23749057252547068 0.001 OPEN 
	spline forward { ref 3 } I I I I 
	null_surface 
	nubs 1 open 2 
	-0.70928885983035017 1 -0.23749057252547068 1 
	0.98188019874028842 72.861876342392051 
	0.97843825026885223 73.32044569006699 
	
	nullbs 
	-1 
	-1 
	I I 
	0 
	0 
	1 -0.64180551445139666 
	
	-1 
	none F surf1 } I I #
integer_attrib-name_attrib-gen-attrib $-1 -1 $-1 $1051 $1013 2 1 1 1 1 1 1 1 1 1 1 1 1 1 0 1 1 1 @3 pid 226 #
integer_attrib-name_attrib-gen-attrib $-1 -1 $-1 $-1 $1052 2 1 1 1 1 1 1 1 1 1 1 1 1 1 0 1 1 1 @3 pid 226 #
point $-1 -1 -1 $-1 36.624518077420099 70.4754459541834 0.658441441922193 #
coedge $-1 -1 -1 $-1 $1057 $1129 $-1 $1130 forward $30 $1131 #
edge $1132 -1 -1 $-1 $1133 -0.55563498484641094 $1097 -0.54134041077790762 $1057 $1134 forward @7 unknown T 34.519279658238027 75.097876479546585 2.8406595041999427 34.532059869030654 75.108635932528287 2.8466252042325881 #
pcurve $-1 -1 -1 $-1 0 forward { exppc nubs 1 open 2 
	-0.55563498484641094 1 -0.54134041077790762 1 
	0.87827979966369951 77.943876462256085 
	0.87792764483733543 77.952635940152263 
	0.001 
	-1 
	spline forward { ref 3 } I I I I 
	} 0 0 #
name_attrib-gen-attrib $-1 -1 $1135 $-1 $1058 2 1 1 1 1 1 1 1 1 1 1 1 1 1 0 1 1 1 @3 eif #
tvertex-vertex $1136 -1 -1 $-1 $1094 $1137 0.00010687682438384011 #
intcurve-curve $-1 -1 -1 $-1 forward { parcur summary 3 2 -0.95061668946503997 -0.93618684525721363 0.001 OPEN 
	spline forward { ref 3 } I I I I 
	null_surface 
	nubs 1 open 2 
	-0.95061668946503997 1 -0.93618684525721363 1 
	0.87792725999637422 77.952607871514758 
	0.87755692346648728 77.960624857070613 
	
	nullbs 
	-1 
	-1 
	I I 
	0 
	0 
	0 
	
	-1 
	none F surf1 } I I #
integer_attrib-name_attrib-gen-attrib $-1 -1 $-1 $1060 $1022 2 1 1 1 1 1 1 1 1 1 1 1 1 1 0 1 1 1 @3 pid 372 #
integer_attrib-name_attrib-gen-attrib $-1 -1 $-1 $-1 $1061 2 1 1 1 1 1 1 1 1 1 1 1 1 1 0 1 1 1 @3 pid 371 #
point $-1 -1 -1 $-1 34.508962685225598 75.115706362345605 2.8497521038956402 #
coedge $-1 -1 -1 $-1 $1138 $1066 $-1 $1139 forward $20 $1140 #
edge $1141 -1 -1 $-1 $1106 -1.0008520627053459 $1142 -0.98638856664183572 $1066 $1143 forward @7 unknown T -34.438877433140227 75.167197697047939 2.8738403739253218 -34.425787226196114 75.17783501606867 2.8796270270787487 #
pcurve $-1 -1 -1 $-1 0 forward { exppc nubs 1 open 2 
	-1.0008520627053459 1 -0.98638856664183583 1 
	0.87489732063259096 -76.021835022824604 
	0.87525460600169458 -76.013197680899964 
	0.001 
	-1 
	spline forward { ref 1 } I I I I 
	} 0 0 #
name_attrib-gen-attrib $-1 -1 $1144 $-1 $1067 2 1 1 1 1 1 1 1 1 1 1 1 1 1 0 1 1 1 @3 eif #
tvertex-vertex $1145 -1 -1 $-1 $1067 $1146 9.6839728913951319e-005 #
intcurve-curve $-1 -1 -1 $-1 forward { parcur summary 3 2 -0.50780028593417981 -0.49328516823601642 0.001 OPEN 
	spline forward { ref 1 } I I I I 
	null_surface 
	nubs 1 open 2 
	-0.50780028593417981 1 -0.49328516823601642 1 
	0.87452179325347679 -76.029680143368822 
	0.87489700381401225 -76.021810070376091 
	
	nullbs 
	-1 
	-1 
	I I 
	0 
	0 
	0 
	
	-1 
	none F surf1 } I I #
integer_attrib-name_attrib-gen-attrib $-1 -1 $-1 $1069 $1031 2 1 1 1 1 1 1 1 1 1 1 1 1 1 0 1 1 1 @3 pid 34 #
integer_attrib-name_attrib-gen-attrib $-1 -1 $-1 $-1 $1070 2 1 1 1 1 1 1 1 1 1 1 1 1 1 0 1 1 1 @3 pid 35 #
point $-1 -1 -1 $-1 -34.415156692972602 75.184754615503493 2.88256187422341 #
coedge $-1 -1 -1 $-1 $1075 $1147 $-1 $1148 forward $20 $1149 #
edge $1150 -1 -1 $-1 $1151 0.14955588812436182 $1115 0.6104725433315551 $1075 $1152 reversed @7 unknown T -36.687052652412476 -73.63591479264791 0.42663562504303554 -36.670195345968381 -73.177346928295449 0.48980002292073155 #
pcurve $-1 -1 -1 $-1 0 forward { exppc nubs 1 open 2 
	0.14955588812436182 1 0.6104725433315551 1 
	0.98389991011297773 72.78991479264792 
	0.98583526888418682 72.33334692829547 
	0.001 
	-1 
	spline forward { ref 1 } I I I I 
	} 0 0 #
name_attrib-gen-attrib $-1 -1 $1153 $-1 $1076 2 1 1 1 1 1 1 1 1 1 1 1 1 1 0 1 1 1 @3 eif #
vertex $1154 -1 -1 $-1 $1112 $1155 #
intcurve-curve $-1 -1 -1 $-1 forward { parcur summary 3 2 -0.53504650763007833 -0.06603416430876774 0.001 OPEN 
	spline forward { ref 1 } I I I I 
	null_surface 
	nubs 1 open 2 
	-0.53504650763007833 1 -0.06603416430876774 1 
	0.98650920234268091 71.864853233372173 
	0.98583526895910523 72.33334692864068 
	
	nullbs 
	-1 
	-1 
	I I 
	0 
	0 
	0 
	
	-1 
	none F surf1 } I I #
integer_attrib-name_attrib-gen-attrib $-1 -1 $-1 $1078 $1040 2 1 1 1 1 1 1 1 1 1 1 1 1 1 0 1 1 1 @3 pid 178 #
integer_attrib-name_attrib-gen-attrib $-1 -1 $-1 $-1 $1079 2 1 1 1 1 1 1 1 1 1 1 1 1 1 0 1 1 1 @3 pid 178 #
point $-1 -1 -1 $-1 -36.691024664017597 -72.7098532333723 0.40620760437269698 #
coedge $-1 -1 -1 $-1 $1156 $1084 $-1 $1157 forward $30 $1158 #
edge $1159 -1 -1 $-1 $1124 0.1189084537417574 $1160 0.58783061353588062 $1084 $1161 reversed @7 unknown T 36.674222402632729 69.085878291453824 0.42239600520489429 36.688045832203322 69.554041875070922 0.4736221817951744 #
pcurve $-1 -1 -1 $-1 0 forward { exppc nubs 1 open 2 
	0.1189084537417574 1 0.58783061353588062 1 
	0.98441350565656127 72.398041875070803 
	0.98596877620755086 71.931878291453742 
	0.001 
	-1 
	spline forward { ref 3 } I I I I 
	} 0 0 #
name_attrib-gen-attrib $-1 -1 $1162 $-1 $1085 2 1 1 1 1 1 1 1 1 1 1 1 1 1 0 1 1 1 @3 eif #
vertex $1163 -1 -1 $-1 $1085 $1164 #
intcurve-curve $-1 -1 -1 $-1 forward { parcur summary 3 2 -0.6517467733480834 -0.18033910730365443 0.001 OPEN 
	spline forward { ref 3 } I I I I 
	null_surface 
	nubs 1 open 2 
	-0.6517467733480834 1 -0.18033910730365443 1 
	0.98441350560995733 72.398041874134478 
	0.98188019719255204 72.861876341728234 
	
	nullbs 
	-1 
	-1 
	I I 
	0 
	0 
	0 
	
	-1 
	none F surf1 } I I #
integer_attrib-name_attrib-gen-attrib $-1 -1 $-1 $1087 $1049 2 1 1 1 1 1 1 1 1 1 1 1 1 1 0 1 1 1 @3 pid 227 #
integer_attrib-name_attrib-gen-attrib $-1 -1 $-1 $-1 $1088 2 1 1 1 1 1 1 1 1 1 1 1 1 1 0 1 1 1 @3 pid 227 #
point $-1 -1 -1 $-1 36.654760664498603 70.016876372895794 0.55204356250137099 #
coedge $-1 -1 -1 $-1 $1093 $1165 $-1 $1166 forward $30 $1167 #
edge $1168 -1 -1 $-1 $1169 -0.99612148109276388 $1133 -0.55563537705022314 $1093 $1170 forward @7 unknown T 34.530060168026544 74.827678175425348 2.7030589214349807 34.859216113486596 75.099876238983015 2.8426593937393712 #
pcurve $-1 -1 -1 $-1 0 forward { exppc nubs 1 open 2 
	-0.99612148109276388 1 -0.55563537705022314 1 
	0.88926832419880297 77.673677912299453 
	0.87827979966369951 77.943876462256085 
	0.001 
	-1 
	spline forward { ref 3 } I I I I 
	} 0 0 #
name_attrib-gen-attrib $-1 -1 $1171 $-1 $1094 2 1 1 1 1 1 1 1 1 1 1 1 1 1 0 1 1 1 @3 eif #
tvertex-vertex $1172 -1 -1 $-1 $1130 $1173 7.2027740973805012e-005 #
intcurve-curve $-1 -1 -1 $-1 forward { parcur summary 3 2 -0.55563501306266549 -0.54134039833614589 0.001 OPEN 
	spline forward { ref 3 } I I I I 
	null_surface 
	nubs 1 open 2 
	-0.55563501306266549 1 -0.54134039833614589 1 
	0.87827979966369951 77.943876462256085 
	0.87792764483733543 77.952635940152263 
	
	nullbs 
	-1 
	-1 
	I I 
	0 
	0 
	0 
	
	-1 
	none F surf1 } I I #
integer_attrib-name_attrib-gen-attrib $-1 -1 $-1 $1096 $1058 2 1 1 1 1 1 1 1 1 1 1 1 1 1 0 1 1 1 @3 pid 371 #
integer_attrib-name_attrib-gen-attrib $-1 -1 $-1 $-1 $1097 2 1 1 1 1 1 1 1 1 1 1 1 1 1 0 1 1 1 @3 pid 370 #
point $-1 -1 -1 $-1 34.520323328071399 75.107696938344404 2.84560920761075 #
coedge $-1 -1 -1 $-1 $1174 $1102 $-1 $1175 forward $20 $1176 #
edge $1177 -1 -1 $-1 $1142 -0.98638819204058314 $1178 -0.54452586842391071 $1102 $1179 forward @7 unknown T -34.773030001935638 74.90306292496696 2.7427271509849795 -34.436877723639775 75.169197473136535 2.8758402742924054 #
pcurve $-1 -1 -1 $-1 0 forward { exppc nubs 1 open 2 
	-0.98638819204058314 1 -0.54452586842391071 1 
	0.87525460600169458 -76.013197680899964 
	0.88631304289629953 -75.749062652132793 
	0.001 
	-1 
	spline forward { ref 1 } I I I I 
	} 0 0 #
name_attrib-gen-attrib $-1 -1 $1180 $-1 $1103 2 1 1 1 1 1 1 1 1 1 1 1 1 1 0 1 1 1 @3 eif #
tvertex-vertex $1181 -1 -1 $-1 $1103 $1182 6.6162078511252629e-005 #
intcurve-curve $-1 -1 -1 $-1 forward { parcur summary 3 2 -1.0008520740184046 -0.98638853960147876 0.001 OPEN 
	spline forward { ref 1 } I I I I 
	null_surface 
	nubs 1 open 2 
	-1.0008520740184046 1 -0.98638853960147876 1 
	0.87489732063259096 -76.021835022824604 
	0.87525460600169458 -76.013197680899964 
	
	nullbs 
	-1 
	-1 
	I I 
	0 
	0 
	0 
	
	-1 
	none F surf1 } I I #
integer_attrib-name_attrib-gen-attrib $-1 -1 $-1 $1105 $1067 2 1 1 1 1 1 1 1 1 1 1 1 1 1 0 1 1 1 @3 pid 35 #
integer_attrib-name_attrib-gen-attrib $-1 -1 $-1 $-1 $1106 2 1 1 1 1 1 1 1 1 1 1 1 1 1 0 1 1 1 @3 pid 36 #
point $-1 -1 -1 $-1 -34.426826748248097 75.1768916706433 2.8786135927402499 #
coedge $-1 -1 -1 $-1 $1111 $1183 $-1 $1184 forward $20 $1185 #
edge $1186 -1 -1 $-1 $1187 0.22440450254762778 $1151 0.68919825069712859 $1111 $1188 reversed @7 unknown T -36.672195341826871 -74.088932141121489 0.4878000394129266 -36.644246181702606 -73.633914785415726 0.58780205081154135 #
pcurve $-1 -1 -1 $-1 0 forward { exppc nubs 1 open 2 
	0.22440450254762778 1 0.68919825069712859 1 
	0.98076195655060561 73.242932141121486 
	0.98389990958877471 72.789914785415732 
	0.001 
	-1 
	spline forward { ref 1 } I I I I 
	} 0 0 #
name_attrib-gen-attrib $-1 -1 $1189 $-1 $1112 2 1 1 1 1 1 1 1 1 1 1 1 1 1 0 1 1 1 @3 eif #
vertex $1190 -1 -1 $-1 $1148 $1191 #
intcurve-curve $-1 -1 -1 $-1 forward { parcur summary 3 2 -0.6104725433315551 -0.14955588812436182 0.001 OPEN 
	spline forward { ref 1 } I I I I 
	null_surface 
	nubs 1 open 2 
	-0.6104725433315551 1 -0.14955588812436182 1 
	0.98583526888418682 72.33334692829547 
	0.98389991011297773 72.78991479264792 
	
	nullbs 
	-1 
	-1 
	I I 
	0 
	0 
	0 
	
	-1 
	none F surf1 } I I #
integer_attrib-name_attrib-gen-attrib $-1 -1 $-1 $1114 $1076 2 1 1 1 1 1 1 1 1 1 1 1 1 1 0 1 1 1 @3 pid 177 #
integer_attrib-name_attrib-gen-attrib $-1 -1 $-1 $-1 $1115 2 1 1 1 1 1 1 1 1 1 1 1 1 1 0 1 1 1 @3 pid 177 #
point $-1 -1 -1 $-1 -36.686052652993702 -73.178346928646107 0.42763562256757298 #
coedge $-1 -1 -1 $-1 $1192 $1120 $-1 $1193 forward $30 $1194 #
edge $1195 -1 -1 $-1 $1160 0.052403961811417488 $1196 0.52795202938472308 $1120 $1197 reversed @7 unknown T 36.686045832325611 68.610659129348051 0.40520760437402581 36.69202466401731 69.087878291550254 0.42439600468162642 #
pcurve $-1 -1 -1 $-1 0 forward { exppc nubs 1 open 2 
	0.052403961811417488 1 0.52795202938472308 1 
	0.98596877622402368 71.931878291550149 
	0.98650920234280304 71.456659129347955 
	0.001 
	-1 
	spline forward { ref 3 } I I I I 
	} 0 0 #
name_attrib-gen-attrib $-1 -1 $1198 $-1 $1121 2 1 1 1 1 1 1 1 1 1 1 1 1 1 0 1 1 1 @3 eif #
vertex $1199 -1 -1 $-1 $1121 $1200 #
intcurve-curve $-1 -1 -1 $-1 forward { parcur summary 3 2 -0.58783061353588062 -0.1189084537417574 0.001 OPEN 
	spline forward { ref 3 } I I I I 
	null_surface 
	nubs 1 open 2 
	-0.58783061353588062 1 -0.1189084537417574 1 
	0.98596877620755086 71.931878291453742 
	0.98441350565656127 72.398041875070803 
	
	nullbs 
	-1 
	-1 
	I I 
	0 
	0 
	0 
	
	-1 
	none F surf1 } I I #
integer_attrib-name_attrib-gen-attrib $-1 -1 $-1 $1123 $1085 2 1 1 1 1 1 1 1 1 1 1 1 1 1 0 1 1 1 @3 pid 228 #
integer_attrib-name_attrib-gen-attrib $-1 -1 $-1 $-1 $1124 2 1 1 1 1 1 1 1 1 1 1 1 1 1 0 1 1 1 @3 pid 228 #
point $-1 -1 -1 $-1 36.675222404977603 69.553041876133705 0.47262217229179798 #
coedge $-1 -1 -1 $-1 $1129 $1201 $-1 $1202 forward $30 $1203 #
edge $1204 -1 -1 $-1 $1205 -1.0097508816482874 $1169 -0.99612192368104113 $1129 $1206 forward @7 unknown T 34.857216432988295 74.819326737513407 2.6983390201066935 34.869104880829873 74.829677903946759 2.7050587695082386 #
pcurve $-1 -1 -1 $-1 0 forward { exppc nubs 1 open 2 
	-1.0097508816482874 1 -0.99612192368104124 1 
	0.88961042219897779 77.665326728423437 
	0.88926832419880297 77.673677912299453 
	0.001 
	-1 
	spline forward { ref 3 } I I I I 
	} 0 0 #
name_attrib-gen-attrib $-1 -1 $1207 $-1 $1130 2 1 1 1 1 1 1 1 1 1 1 1 1 1 0 1 1 1 @3 eif #
tvertex-vertex $1208 -1 -1 $-1 $1166 $1209 0.00012757199739206498 #
intcurve-curve $-1 -1 -1 $-1 forward { parcur summary 3 3 -0.99612191004943085 -0.78696859913849804 -0.55563501306266549 0.001 OPEN 
	spline forward { ref 3 } I I I I 
	null_surface 
	nubs 1 open 2 
	-0.99612191004943085 1 -0.55563501306266549 1 
	0.88926832419880297 77.673677912299453 
	0.87827979966369951 77.943876462256085 
	
	nullbs 
	-1 
	-1 
	I I 
	0 
	0 
	1 -0.98398668762643493 
	
	-1 
	none F surf1 } I I #
integer_attrib-name_attrib-gen-attrib $-1 -1 $-1 $1132 $1094 2 1 1 1 1 1 1 1 1 1 1 1 1 1 0 1 1 1 @3 pid 370 #
integer_attrib-name_attrib-gen-attrib $-1 -1 $-1 $-1 $1133 2 1 1 1 1 1 1 1 1 1 1 1 1 1 0 1 1 1 @3 pid 369 #
point $-1 -1 -1 $-1 34.531100847255097 75.098933747216407 2.8416443650260801 #
coedge $-1 -1 -1 $-1 $1210 $1138 $-1 $1211 forward $20 $1212 #
edge $1213 -1 -1 $-1 $1178 -0.54452539728667737 $1214 -0.53077847751012319 $1138 $1215 forward @7 unknown T -34.783204365665888 74.894852641958522 2.7381787290189412 -34.771030348581711 74.905062643340727 2.7447269966189314 #
pcurve $-1 -1 -1 $-1 0 forward { exppc nubs 1 open 2 
	-0.54452539728667737 1 -0.53077847751012319 1 
	0.88631304289629953 -75.749062652132793 
	0.88665950051155029 -75.740852632416875 
	0.001 
	-1 
	spline forward { ref 1 } I I I I 
	} 0 0 #
name_attrib-gen-attrib $-1 -1 $1216 $-1 $1139 2 1 1 1 1 1 1 1 1 1 1 1 1 1 0 1 1 1 @3 eif #
tvertex-vertex $1217 -1 -1 $-1 $1139 $1218 0.00012486380415545077 #
intcurve-curve $-1 -1 -1 $-1 forward { parcur summary 3 3 -0.98638853960147876 -0.75388251998827005 -0.54452541200824101 0.001 OPEN 
	spline forward { ref 1 } I I I I 
	null_surface 
	nubs 1 open 2 
	-0.98638853960147876 1 -0.54452541200824101 1 
	0.87525460600169458 -76.013197680899964 
	0.88631304289629953 -75.749062652132793 
	
	nullbs 
	-1 
	-1 
	I I 
	0 
	0 
	0 
	
	-1 
	none F surf1 } I I #
integer_attrib-name_attrib-gen-attrib $-1 -1 $-1 $1141 $1103 2 1 1 1 1 1 1 1 1 1 1 1 1 1 0 1 1 1 @3 pid 36 #
integer_attrib-name_attrib-gen-attrib $-1 -1 $-1 $-1 $1142 2 1 1 1 1 1 1 1 1 1 1 1 1 1 0 1 1 1 @3 pid 37 #
point $-1 -1 -1 $-1 -34.4379145722665 75.168250949780798 2.87482763609284 #
coedge $-1 -1 -1 $-1 $1147 $1219 $-1 $1220 forward $20 $1221 #
edge $1222 -1 -1 $-1 $1223 0.28954067714411991 $1187 0.75761770470671252 $1147 $1224 reversed @7 unknown T -36.64624619603169 -74.536501300129686 0.58580199940853195 -36.605290599595058 -74.086932099851225 0.71840588744631773 #
pcurve $-1 -1 -1 $-1 0 forward { exppc nubs 1 open 2 
	0.28954067714411991 1 0.75761770470671252 1 
	0.97650608202365463 73.690501300129682 
	0.9807619582087127 73.242932099851231 
	0.001 
	-1 
	spline forward { ref 1 } I I I I 
	} 0 0 #
name_attrib-gen-attrib $-1 -1 $1225 $-1 $1148 2 1 1 1 1 1 1 1 1 1 1 1 1 1 0 1 1 1 @3 eif #
vertex $1226 -1 -1 $-1 $1184 $1227 #
intcurve-curve $-1 -1 -1 $-1 forward { parcur summary 3 2 -0.68919825069712859 -0.22440450254762778 0.001 OPEN 
	spline forward { ref 1 } I I I I 
	null_surface 
	nubs 1 open 2 
	-0.68919825069712859 1 -0.22440450254762778 1 
	0.98389990958877471 72.789914785415732 
	0.98076195655060561 73.242932141121486 
	
	nullbs 
	-1 
	-1 
	I I 
	0 
	0 
	1 -0.31711660804795772 
	
	-1 
	none F surf1 } I I #
integer_attrib-name_attrib-gen-attrib $-1 -1 $-1 $1150 $1112 2 1 1 1 1 1 1 1 1 1 1 1 1 1 0 1 1 1 @3 pid 176 #
integer_attrib-name_attrib-gen-attrib $-1 -1 $-1 $-1 $1151 2 1 1 1 1 1 1 1 1 1 1 1 1 1 0 1 1 1 @3 pid 176 #
point $-1 -1 -1 $-1 -36.671195355661801 -73.634914798133096 0.48879998431972199 #
coedge $-1 -1 -1 $-1 $1228 $1156 $-1 $1229 forward $30 $1230 #
edge $1231 -1 -1 $-1 $1196 0.0083408706526029164 $1232 141.3312963198106 $1156 $1233 reversed @7 unknown T 36.690024664017621 -72.712296319810577 0.40520760437272485 36.692024664017616 68.612659129347392 0.40720760437272485 #
pcurve $-1 -1 -1 $-1 0 forward { exppc nubs 1 open 2 
	0.0083408706526029164 1 141.3312963198106 1 
	0.98650920234284389 71.456659129347301 
	0.98650920234284389 -69.866296319810587 
	0.001 
	-1 
	spline forward { ref 3 } I I I I 
	} 0 0 #
name_attrib-gen-attrib $-1 -1 $1234 $-1 $1157 2 1 1 1 1 1 1 1 1 1 1 1 1 1 0 1 1 1 @3 eif #
vertex $1235 -1 -1 $-1 $1157 $1236 #
intcurve-curve $-1 -1 -1 $-1 forward { parcur summary 3 2 -0.52795202938472308 -0.052403961811417488 0.001 OPEN 
	spline forward { ref 3 } I I I I 
	null_surface 
	nubs 1 open 2 
	-0.52795202938472308 1 -0.052403961811417488 1 
	0.98650920234280304 71.456659129347955 
	0.98596877622402368 71.931878291550149 
	
	nullbs 
	-1 
	-1 
	I I 
	0 
	0 
	0 
	
	-1 
	none F surf1 } I I #
integer_attrib-name_attrib-gen-attrib $-1 -1 $-1 $1159 $1121 2 1 1 1 1 1 1 1 1 1 1 1 1 1 0 1 1 1 @3 pid 229 #
integer_attrib-name_attrib-gen-attrib $-1 -1 $-1 $-1 $1160 2 1 1 1 1 1 1 1 1 1 1 1 1 1 0 1 1 1 @3 pid 229 #
point $-1 -1 -1 $-1 36.687045832331599 69.086878291515106 0.42339600465604699 #
coedge $-1 -1 -1 $-1 $1165 $1237 $-1 $1238 forward $30 $1239 #
edge $1240 -1 -1 $-1 $1241 -0.57555133118830448 $1205 -0.56193643179406061 $1165 $1242 forward @7 unknown T 34.867125377334681 74.810392861424646 2.6938352725865213 34.878472174672645 74.821366018253698 2.7003292003427966 #
pcurve $-1 -1 -1 $-1 0 forward { exppc nubs 1 open 2 
	-0.57555133118830448 1 -0.56193643179406061 1 
	0.88993508246336561 77.656392847783465 
	0.88961113104807332 77.665366033037301 
	0.001 
	-1 
	spline forward { ref 3 } I I I I 
	} 0 0 #
name_attrib-gen-attrib $-1 -1 $1243 $-1 $1166 2 1 1 1 1 1 1 1 1 1 1 1 1 1 0 1 1 1 @3 eif #
tvertex-vertex $1244 -1 -1 $-1 $1202 $1245 0.00013780415654743319 #
intcurve-curve $-1 -1 -1 $-1 forward { parcur summary 3 2 -1.0097508964828037 -0.99612191004943085 0.001 OPEN 
	spline forward { ref 3 } I I I I 
	null_surface 
	nubs 1 open 2 
	-1.0097508964828037 1 -0.99612191004943085 1 
	0.88961042219897779 77.665326728423437 
	0.88926832419880297 77.673677912299453 
	
	nullbs 
	-1 
	-1 
	I I 
	0 
	0 
	0 
	
	-1 
	none F surf1 } I I #
integer_attrib-name_attrib-gen-attrib $-1 -1 $-1 $1168 $1130 2 1 1 1 1 1 1 1 1 1 1 1 1 1 0 1 1 1 @3 pid 369 #
integer_attrib-name_attrib-gen-attrib $-1 -1 $-1 $-1 $1169 2 1 1 1 1 1 1 1 1 1 1 1 1 1 0 1 1 1 @3 pid 368 #
point $-1 -1 -1 $-1 34.8582862597884 74.828779374656307 2.7040255651770702 #
coedge $-1 -1 -1 $-1 $1246 $1174 $-1 $1247 forward $20 $1248 #
edge $1249 -1 -1 $-1 $1214 -1.0263030016052337 $1250 -1.0124520598453175 $1174 $1251 forward @7 unknown T -34.792855876285515 74.886042390538847 2.7338312845868131 -34.781224206018827 74.896891655882314 2.740169824888099 #
pcurve $-1 -1 -1 $-1 0 forward { exppc nubs 1 open 2 
	-1.0263030016052337 1 -1.0124520598453175 1 
	0.88666017581101608 -75.740891670411031 
	0.88698874882386014 -75.732042376960607 
	0.001 
	-1 
	spline forward { ref 1 } I I I I 
	} 0 0 #
name_attrib-gen-attrib $-1 -1 $1252 $-1 $1175 2 1 1 1 1 1 1 1 1 1 1 1 1 1 0 1 1 1 @3 eif #
tvertex-vertex $1253 -1 -1 $-1 $1175 $1254 0.00013491125516258451 #
intcurve-curve $-1 -1 -1 $-1 forward { parcur summary 3 2 -0.54452541200824101 -0.53077846153345853 0.001 OPEN 
	spline forward { ref 1 } I I I I 
	null_surface 
	nubs 1 open 2 
	-0.54452541200824101 1 -0.53077846153345853 1 
	0.88631304289629953 -75.749062652132793 
	0.88665950051155029 -75.740852632416875 
	
	nullbs 
	-1 
	-1 
	I I 
	0 
	0 
	0 
	
	-1 
	none F surf1 } I I #
integer_attrib-name_attrib-gen-attrib $-1 -1 $-1 $1177 $1139 2 1 1 1 1 1 1 1 1 1 1 1 1 1 0 1 1 1 @3 pid 37 #
integer_attrib-name_attrib-gen-attrib $-1 -1 $-1 $-1 $1178 2 1 1 1 1 1 1 1 1 1 1 1 1 1 0 1 1 1 @3 pid 38 #
point $-1 -1 -1 $-1 -34.772097991307398 74.904163182077099 2.7436968736420302 #
coedge $-1 -1 -1 $-1 $1183 $1255 $-1 $1256 forward $20 $1257 #
edge $1258 -1 -1 $-1 $1259 0.34589123478636097 $1223 0.81787938766416035 $1183 $1260 reversed @7 unknown T -36.607290292132944 -74.977296414952349 0.7164068534215694 -36.550866900653482 -74.534500600034036 0.87662016390293873 #
pcurve $-1 -1 -1 $-1 0 forward { exppc nubs 1 open 2 
	0.34589123478636097 1 0.81787938766416035 1 
	0.97122921415351304 74.131296414952345 
	0.97650605022094272 73.690500600034028 
	0.001 
	-1 
	spline forward { ref 1 } I I I I 
	} 0 0 #
name_attrib-gen-attrib $-1 -1 $1261 $-1 $1184 2 1 1 1 1 1 1 1 1 1 1 1 1 1 0 1 1 1 @3 eif #
tvertex-vertex $1262 -1 -1 $-1 $1220 $1263 5.5346891468834146e-006 #
intcurve-curve $-1 -1 -1 $-1 forward { parcur summary 3 2 -0.75761770470671252 -0.28954067714411991 0.001 OPEN 
	spline forward { ref 1 } I I I I 
	null_surface 
	nubs 1 open 2 
	-0.75761770470671252 1 -0.28954067714411991 1 
	0.9807619582087127 73.242932099851231 
	0.97650608202365463 73.690501300129682 
	
	nullbs 
	-1 
	-1 
	I I 
	0 
	0 
	0 
	
	-1 
	none F surf1 } I I #
integer_attrib-name_attrib-gen-attrib $-1 -1 $-1 $1186 $1148 2 1 1 1 1 1 1 1 1 1 1 1 1 1 0 1 1 1 @3 pid 175 #
integer_attrib-name_attrib-gen-attrib $-1 -1 $-1 $-1 $1187 2 1 1 1 1 1 1 1 1 1 1 1 1 1 0 1 1 1 @3 pid 175 #
point $-1 -1 -1 $-1 -36.6452463723096 -74.087932299883605 0.58680136704261299 #
coedge $-1 -1 -1 $-1 $1264 $1192 $-1 $1265 forward $30 $1266 #
edge $1267 -1 -1 $-1 $1232 0.012123144710109224 $1268 0.41433767187384696 $1192 $1269 reversed @7 unknown T 36.68635443553012 -73.114179679207965 0.40520760437282383 36.692024664017588 -72.710296319771444 0.42307457790762415 #
pcurve $-1 -1 -1 $-1 0 forward { exppc nubs 1 open 2 
	0.012123144710109224 1 0.41433767187384696 1 
	0.98650920234284079 -69.86629631977145 
	0.98601037161543281 -70.268179679207961 
	0.001 
	-1 
	spline forward { ref 3 } I I I I 
	} 0 0 #
name_attrib-gen-attrib $-1 -1 $1270 $-1 $1193 2 1 1 1 1 1 1 1 1 1 1 1 1 1 0 1 1 1 @3 eif #
vertex $1271 -1 -1 $-1 $1193 $1272 #
intcurve-curve $-1 -1 -1 $-1 forward { parcur summary 3 2 -141.3312963198106 -0.0083408706526029164 0.001 OPEN 
	spline forward { ref 3 } I I I I 
	null_surface 
	nubs 1 open 2 
	-141.3312963198106 1 -0.0083408706526029164 1 
	0.98650920234284389 -69.866296319810587 
	0.98650920234284389 71.456659129347301 
	
	nullbs 
	-1 
	-1 
	I I 
	0 
	0 
	0 
	
	-1 
	none F surf1 } I I #
integer_attrib-name_attrib-gen-attrib $-1 -1 $-1 $1195 $1157 2 1 1 1 1 1 1 1 1 1 1 1 1 1 0 1 1 1 @3 pid 230 #
integer_attrib-name_attrib-gen-attrib $-1 -1 $-1 $-1 $1196 2 1 1 1 1 1 1 1 1 1 1 1 1 1 0 1 1 1 @3 pid 230 #
point $-1 -1 -1 $-1 36.691024664017597 68.611659129348098 0.40620760437271902 #
coedge $-1 -1 -1 $-1 $1201 $1273 $-1 $1274 forward $30 $1275 #
edge $1276 -1 -1 $-1 $1277 -1.0170528266706778 $1241 -0.57555135188580742 $1201 $1278 forward @7 unknown T 34.876472188869087 74.517157422003635 2.5322538996177477 35.177154619933624 74.812392847783585 2.6958352657367026 #
pcurve $-1 -1 -1 $-1 0 forward { imppc forward { parcur summary 3 3 -1.0170528266706778 -0.80595940108744202 -0.57555135188580742 0.001 OPEN 
	spline forward { ref 3 } I I I I 
	null_surface 
	nubs 2 open 7 
	-1.0170528266706778 2 -0.94346924753986605 2 -0.86988566840905435 2 -0.79630208927824264 2 -0.72271851014743094 2 
	-0.64913493101661912 2 -0.57555135188580742 2 
	0.90062210919341534 77.363157422003539 
	0.89975184295193644 77.386914872930674 
	0.89882847301437319 77.412161236742733 
	0.89796532641214588 77.435761001320373 
	0.89703632471684336 77.461193621053141 
	0.8961123400345381 77.486488893579491 
	0.8952456325191146 77.510241739854891 
	0.89427599747057207 77.536815401492106 
	0.89346318077059605 77.559140820202813 
	0.89252536581429243 77.584899532557117 
	0.8916930529032483 77.607837877063147 
	0.89077403365986085 77.633165827324078 
	0.88993508246336561 77.656392847783465 
	
	nullbs 
	-1 
	-1 
	I I 
	5 -0.94346924753986605 -0.86988566840905435 -0.79630208927824264 -0.72271851014743094 -0.64913493101661912 
	0 
	0 
	
	-1 
	none F surf1 } I I surf1 } 0 0 #
name_attrib-gen-attrib $-1 -1 $1279 $-1 $1202 2 1 1 1 1 1 1 1 1 1 1 1 1 1 0 1 1 1 @3 eif #
tvertex-vertex $1280 -1 -1 $-1 $1238 $1281 8.7082161618593187e-005 #
intcurve-curve $-1 -1 -1 $-1 forward { parcur summary 3 2 -0.57555135188580742 -0.56193640936285627 0.001 OPEN 
	spline forward { ref 3 } I I I I 
	null_surface 
	nubs 1 open 2 
	-0.57555135188580742 1 -0.56193640936285627 1 
	0.88993508246336561 77.656392847783465 
	0.88961113104807332 77.665366033037301 
	
	nullbs 
	-1 
	-1 
	I I 
	0 
	0 
	0 
	
	-1 
	none F surf1 } I I #
integer_attrib-name_attrib-gen-attrib $-1 -1 $-1 $1204 $1166 2 1 1 1 1 1 1 1 1 1 1 1 1 1 0 1 1 1 @3 pid 368 #
integer_attrib-name_attrib-gen-attrib $-1 -1 $-1 $-1 $1205 2 1 1 1 1 1 1 1 1 1 1 1 1 1 0 1 1 1 @3 pid 367 #
point $-1 -1 -1 $-1 34.868180226104599 74.820436327617102 2.6993029218475701 #
coedge $-1 -1 -1 $-1 $1282 $1210 $-1 $1283 forward $20 $1284 #
edge $1285 -1 -1 $-1 $1250 -1.0124520385925497 $1286 -0.56608136752114613 $1210 $1287 forward @7 unknown T -35.09916789224765 74.598681250514403 2.5779940193303488 -34.790855891051471 74.888042376960613 2.7358312779110969 #
pcurve $-1 -1 -1 $-1 0 forward { imppc forward { parcur summary 3 3 -1.0124520385925497 -0.77868210649527703 -0.56608136752114613 0.001 OPEN 
	spline forward { ref 1 } I I I I 
	null_surface 
	nubs 2 open 7 
	-1.0124520385925497 2 -0.93805692674731578 2 -0.86366181490208194 2 -0.78926670305684787 2 -0.71487159121161403 2 
	-0.64047647936637997 2 -0.56608136752114613 2 
	0.88698874882386014 -75.732042376960607 
	0.88783449378920198 -75.709275798409834 
	0.88876077666349829 -75.684458141855018 
	0.88960216250869051 -75.661915109358716 
	0.89054502180018158 -75.636741554596114 
	0.89136971654427843 -75.614722894452569 
	0.8923416021109698 -75.588835340165346 
	0.89321333176673812 -75.565615581007265 
	0.89414684303419634 -75.540779793665294 
	0.89508454621905309 -75.515832481615746 
	0.89595438364853264 -75.49272319815627 
	0.89688659121941883 -75.467956904749116 
	0.8977642054648074 -75.444681250514407 
	
	nullbs 
	-1 
	-1 
	I I 
	5 -0.93805692674731578 -0.86366181490208194 -0.78926670305684787 -0.71487159121161403 -0.64047647936637997 
	0 
	1 -0.92906743162530103 
	
	-1 
	none F surf1 } I I surf1 } 0 0 #
name_attrib-gen-attrib $-1 -1 $1288 $-1 $1211 2 1 1 1 1 1 1 1 1 1 1 1 1 1 0 1 1 1 @3 eif #
tvertex-vertex $1289 -1 -1 $-1 $1211 $1290 8.5081648033984608e-005 #
intcurve-curve $-1 -1 -1 $-1 forward { parcur summary 3 2 -1.0263030243457187 -1.0124520385925497 0.001 OPEN 
	spline forward { ref 1 } I I I I 
	null_surface 
	nubs 1 open 2 
	-1.0263030243457187 1 -1.0124520385925497 1 
	0.88666017581101608 -75.740891670411031 
	0.88698874882386014 -75.732042376960607 
	
	nullbs 
	-1 
	-1 
	I I 
	0 
	0 
	0 
	
	-1 
	none F surf1 } I I #
integer_attrib-name_attrib-gen-attrib $-1 -1 $-1 $1213 $1175 2 1 1 1 1 1 1 1 1 1 1 1 1 1 0 1 1 1 @3 pid 38 #
integer_attrib-name_attrib-gen-attrib $-1 -1 $-1 $-1 $1214 2 1 1 1 1 1 1 1 1 1 1 1 1 1 0 1 1 1 @3 pid 39 #
point $-1 -1 -1 $-1 -34.782277381674902 74.895961250763193 2.7391459595705698 #
coedge $-1 -1 -1 $-1 $1219 $1291 $-1 $1292 forward $20 $1293 #
edge $1294 -1 -1 $-1 $1295 0.39591248271223523 $1259 0.87164277633514919 $1219 $1296 reversed @7 unknown T -36.552863428674343 -75.409891855419204 0.87462953423290168 -36.478208863751902 -74.975290704534586 1.0569121718934655 #
pcurve $-1 -1 -1 $-1 0 forward { exppc nubs 1 open 2 
	0.39591248271223523 1 0.87164277633514919 1 
	0.96503923766638366 74.5638918554192 
	0.97122889748137331 74.131290704534592 
	0.001 
	-1 
	spline forward { ref 1 } I I I I 
	} 0 0 #
name_attrib-gen-attrib $-1 -1 $1297 $-1 $1220 2 1 1 1 1 1 1 1 1 1 1 1 1 1 0 1 1 1 @3 eif #
tvertex-vertex $1298 -1 -1 $-1 $1256 $1299 2.9726065566460183e-005 #
intcurve-curve $-1 -1 -1 $-1 forward { parcur summary 3 2 -0.81787938766416035 -0.34589123478636097 0.001 OPEN 
	spline forward { ref 1 } I I I I 
	null_surface 
	nubs 1 open 2 
	-0.81787938766416035 1 -0.34589123478636097 1 
	0.97650605022094272 73.690500600034028 
	0.97122921415351304 74.131296414952345 
	
	nullbs 
	-1 
	-1 
	I I 
	0 
	0 
	0 
	
	-1 
	none F surf1 } I I #
integer_attrib-name_attrib-gen-attrib $-1 -1 $-1 $1222 $1184 2 1 1 1 1 1 1 1 1 1 1 1 1 1 0 1 1 1 @3 pid 174 #
integer_attrib-name_attrib-gen-attrib $-1 -1 $-1 $-1 $1223 2 1 1 1 1 1 1 1 1 1 1 1 1 1 0 1 1 1 @3 pid 174 #
point $-1 -1 -1 $-1 -36.606291861356297 -74.535502565729303 0.71740192327307595 #
coedge $-1 -1 -1 $-1 $1300 $1228 $-1 $1301 forward $30 $1302 #
edge $1303 -1 -1 $-1 $1268 0.027933509254031486 $1304 0.4899069441729893 $1228 $1305 reversed @7 unknown T 36.672894728357058 -73.572525129133652 0.42107457923498059 36.688354435220333 -73.112179679034398 0.47898736956332588 #
pcurve $-1 -1 -1 $-1 0 forward { exppc nubs 1 open 2 
	0.027933509254031486 1 0.4899069441729893 1 
	0.98601037157365479 -70.268179679034418 
	0.98424331410686317 -70.726525129133634 
	0.001 
	-1 
	spline forward { ref 3 } I I I I 
	} 0 0 #
name_attrib-gen-attrib $-1 -1 $1306 $-1 $1229 2 1 1 1 1 1 1 1 1 1 1 1 1 1 0 1 1 1 @3 eif #
vertex $1307 -1 -1 $-1 $1229 $1308 #
intcurve-curve $-1 -1 -1 $-1 forward { parcur summary 3 2 -0.41433767187384696 -0.012123144710109224 0.001 OPEN 
	spline forward { ref 3 } I I I I 
	null_surface 
	nubs 1 open 2 
	-0.41433767187384696 1 -0.012123144710109224 1 
	0.98601037161543281 -70.268179679207961 
	0.98650920234284079 -69.86629631977145 
	
	nullbs 
	-1 
	-1 
	I I 
	0 
	0 
	0 
	
	-1 
	none F surf1 } I I #
integer_attrib-name_attrib-gen-attrib $-1 -1 $-1 $1231 $1193 2 1 1 1 1 1 1 1 1 1 1 1 1 1 0 1 1 1 @3 pid 231 #
integer_attrib-name_attrib-gen-attrib $-1 -1 $-1 $-1 $1232 2 1 1 1 1 1 1 1 1 1 1 1 1 1 0 1 1 1 @3 pid 231 #
point $-1 -1 -1 $-1 36.691024664017597 -72.7112963198106 0.40620760437271902 #
coedge $-1 -1 -1 $-1 $1237 $1309 $-1 $1310 forward $30 $1311 #
edge $1312 -1 -1 $-1 $1313 -1.0300998456574366 $1277 -1.017052836327754 $1237 $1314 forward @7 unknown T 35.175154626301811 74.508472386777214 2.5270472425169079 35.185749332792618 74.519157415575208 2.5342538957723639 #
pcurve $-1 -1 -1 $-1 0 forward { exppc nubs 1 open 2 
	-1.0300998456574366 1 -1.017052836327754 1 
	0.90094030215854704 77.35447237991427 
	0.90062210919341534 77.363157422003539 
	0.001 
	-1 
	spline forward { ref 3 } I I I I 
	} 0 0 #
name_attrib-gen-attrib $-1 -1 $1315 $-1 $1238 2 1 1 1 1 1 1 1 1 1 1 1 1 1 0 1 1 1 @3 eif #
tvertex-vertex $1316 -1 -1 $-1 $1274 $1317 0.00012950539384120677 #
intcurve-curve $-1 -1 -1 $-1 forward { ref 274 } I I #
integer_attrib-name_attrib-gen-attrib $-1 -1 $-1 $1240 $1202 2 1 1 1 1 1 1 1 1 1 1 1 1 1 0 1 1 1 @3 pid 367 #
integer_attrib-name_attrib-gen-attrib $-1 -1 $-1 $-1 $1241 2 1 1 1 1 1 1 1 1 1 1 1 1 1 0 1 1 1 @3 pid 366 #
point $-1 -1 -1 $-1 34.877523497979197 74.8114587094299 2.6948105084825 #
coedge $-1 -1 -1 $-1 $1318 $1246 $-1 $1319 forward $20 $1320 #
edge $1321 -1 -1 $-1 $1286 -0.56608135638405765 $1322 -0.55261883953678559 $1246 $1323 forward @7 unknown T -35.108183430408992 74.589990181524072 2.5728419987956643 -35.097167899713526 74.600681243324587 2.5799940150782983 #
pcurve $-1 -1 -1 $-1 0 forward { exppc nubs 1 open 2 
	-0.56608135638405765 1 -0.55261883953678559 1 
	0.8977642054648074 -75.444681250514407 
	0.8980919614822972 -75.435990173834256 
	0.001 
	-1 
	spline forward { ref 1 } I I I I 
	} 0 0 #
name_attrib-gen-attrib $-1 -1 $1324 $-1 $1247 2 1 1 1 1 1 1 1 1 1 1 1 1 1 0 1 1 1 @3 eif #
tvertex-vertex $1325 -1 -1 $-1 $1247 $1326 0.00013059280079085223 #
intcurve-curve $-1 -1 -1 $-1 forward { ref 277 } I I #
integer_attrib-name_attrib-gen-attrib $-1 -1 $-1 $1249 $1211 2 1 1 1 1 1 1 1 1 1 1 1 1 1 0 1 1 1 @3 pid 39 #
integer_attrib-name_attrib-gen-attrib $-1 -1 $-1 $-1 $1250 2 1 1 1 1 1 1 1 1 1 1 1 1 1 0 1 1 1 @3 pid 40 #
point $-1 -1 -1 $-1 -34.7919056678153 74.887107605051895 2.73480877331775 #
coedge $-1 -1 -1 $-1 $1255 $1327 $-1 $1328 forward $20 $1329 #
edge $1330 -1 -1 $-1 $1331 0.44218336566744249 $1295 0.91847413388693744 $1255 $1332 reversed @7 unknown T -36.480189766137727 -75.832117229430608 1.0549558965859755 -36.384246653054284 -75.407863384286301 1.2540311551334211 #
pcurve $-1 -1 -1 $-1 0 forward { exppc nubs 1 open 2 
	0.44218336566744249 1 0.91847413388693744 1 
	0.95802980141580807 74.986117237075348 
	0.96503771208295608 74.563863384286293 
	0.001 
	-1 
	spline forward { ref 1 } I I I I 
	} 0 0 #
name_attrib-gen-attrib $-1 -1 $1333 $-1 $1256 2 1 1 1 1 1 1 1 1 1 1 1 1 1 0 1 1 1 @3 eif #
tvertex-vertex $1334 -1 -1 $-1 $1292 $1335 0.00011423009823413832 #
intcurve-curve $-1 -1 -1 $-1 forward { parcur summary 3 2 -0.87164277633514919 -0.39591248271223523 0.001 OPEN 
	spline forward { ref 1 } I I I I 
	null_surface 
	nubs 1 open 2 
	-0.87164277633514919 1 -0.39591248271223523 1 
	0.97122889748137331 74.131290704534592 
	0.96503923766638366 74.5638918554192 
	
	nullbs 
	-1 
	-1 
	I I 
	0 
	0 
	1 -0.44041785671005529 
	
	-1 
	none F surf1 } I I #
integer_attrib-name_attrib-gen-attrib $-1 -1 $-1 $1258 $1220 2 1 1 1 1 1 1 1 1 1 1 1 1 1 0 1 1 1 @3 pid 173 #
integer_attrib-name_attrib-gen-attrib $-1 -1 $-1 $-1 $1259 2 1 1 1 1 1 1 1 1 1 1 1 1 1 0 1 1 1 @3 pid 173 #
point $-1 -1 -1 $-1 -36.551872847313398 -74.976302901695306 0.87560411460499399 #
coedge $-1 -1 -1 $-1 $1336 $1264 $-1 $1337 forward $30 $1338 #
edge $1339 -1 -1 $-1 $1304 0.04480457444602115 $1340 0.50871122604194774 $1264 $1341 reversed @7 unknown T 36.64858715016458 -74.026155484708212 0.47698738448952471 36.674894724652582 -73.570525123857138 0.57210118274703337 #
pcurve $-1 -1 -1 $-1 0 forward { exppc nubs 1 open 2 
	0.04480457444602115 1 0.50871122604194774 1 
	0.98424331363319462 -70.72652512385713 
	0.98126781391345586 -71.180155484708195 
	0.001 
	-1 
	spline forward { ref 3 } I I I I 
	} 0 0 #
name_attrib-gen-attrib $-1 -1 $1342 $-1 $1265 2 1 1 1 1 1 1 1 1 1 1 1 1 1 0 1 1 1 @3 eif #
vertex $1343 -1 -1 $-1 $1265 $1344 #
intcurve-curve $-1 -1 -1 $-1 forward { parcur summary 3 2 -0.4899069441729893 -0.027933509254031486 0.001 OPEN 
	spline forward { ref 3 } I I I I 
	null_surface 
	nubs 1 open 2 
	-0.4899069441729893 1 -0.027933509254031486 1 
	0.98424331410686317 -70.726525129133634 
	0.98601037157365479 -70.268179679034418 
	
	nullbs 
	-1 
	-1 
	I I 
	0 
	0 
	0 
	
	-1 
	none F surf1 } I I #
integer_attrib-name_attrib-gen-attrib $-1 -1 $-1 $1267 $1229 2 1 1 1 1 1 1 1 1 1 1 1 1 1 0 1 1 1 @3 pid 232 #
integer_attrib-name_attrib-gen-attrib $-1 -1 $-1 $-1 $1268 2 1 1 1 1 1 1 1 1 1 1 1 1 1 0 1 1 1 @3 pid 232 #
point $-1 -1 -1 $-1 36.687354435537401 -73.113179679209495 0.422074577876424 #
coedge $-1 -1 -1 $-1 $1273 $1345 $-1 $1346 forward $30 $1347 #
edge $1348 -1 -1 $-1 $1349 -0.57729862837052803 $1313 -0.56417086556099527 $1273 $1350 forward @7 unknown T 35.183773003455862 74.499288286505646 2.5221037621991229 35.193858531211347 74.510512687323327 2.5290328563796849 #
pcurve $-1 -1 -1 $-1 0 forward { exppc nubs 1 open 2 
	-0.57729862837052803 1 -0.56417086556099527 1 
	0.90124112810472745 77.345288274306952 
	0.90094117872604973 77.354512700455032 
	0.001 
	-1 
	spline forward { ref 3 } I I I I 
	} 0 0 #
name_attrib-gen-attrib $-1 -1 $1351 $-1 $1274 2 1 1 1 1 1 1 1 1 1 1 1 1 1 0 1 1 1 @3 eif #
tvertex-vertex $1352 -1 -1 $-1 $1310 $1353 0.00013941013721827149 #
intcurve-curve $-1 -1 -1 $-1 forward { parcur summary 3 2 -1.0300998559670846 -1.0170528266706778 0.001 OPEN 
	spline forward { ref 3 } I I I I 
	null_surface 
	nubs 1 open 2 
	-1.0300998559670846 1 -1.0170528266706778 1 
	0.90094030215854704 77.35447237991427 
	0.90062210919341534 77.363157422003539 
	
	nullbs 
	-1 
	-1 
	I I 
	0 
	0 
	0 
	
	-1 
	none F surf1 } I I #
integer_attrib-name_attrib-gen-attrib $-1 -1 $-1 $1276 $1238 2 1 1 1 1 1 1 1 1 1 1 1 1 1 0 1 1 1 @3 pid 366 #
integer_attrib-name_attrib-gen-attrib $-1 -1 $-1 $-1 $1277 2 1 1 1 1 1 1 1 1 1 1 1 1 1 0 1 1 1 @3 pid 365 #
point $-1 -1 -1 $-1 35.1762271112162 74.518255403889398 2.5332101250697998 #
coedge $-1 -1 -1 $-1 $1354 $1282 $-1 $1355 forward $20 $1356 #
edge $1357 -1 -1 $-1 $1322 -1.0339513727651886 $1358 -1.0203871220393952 $1282 $1359 forward @7 unknown T -35.116692286480799 74.580767483587067 2.5679474976422676 -35.106205835029783 74.592029903175927 2.5748291520481748 #
pcurve $-1 -1 -1 $-1 0 forward { exppc nubs 1 open 2 
	-1.0339513727651886 1 -1.0203871220393952 1 
	0.89809277606242277 -75.436029917413379 
	0.89840191431665273 -75.426767470437241 
	0.001 
	-1 
	spline forward { ref 1 } I I I I 
	} 0 0 #
name_attrib-gen-attrib $-1 -1 $1360 $-1 $1283 2 1 1 1 1 1 1 1 1 1 1 1 1 1 0 1 1 1 @3 eif #
tvertex-vertex $1361 -1 -1 $-1 $1283 $1362 0.000140845246648188 #
intcurve-curve $-1 -1 -1 $-1 forward { parcur summary 3 2 -0.56608136752114613 -0.55261882762520864 0.001 OPEN 
	spline forward { ref 1 } I I I I 
	null_surface 
	nubs 1 open 2 
	-0.56608136752114613 1 -0.55261882762520864 1 
	0.8977642054648074 -75.444681250514407 
	0.8980919614822972 -75.435990173834256 
	
	nullbs 
	-1 
	-1 
	I I 
	0 
	0 
	0 
	
	-1 
	none F surf1 } I I #
integer_attrib-name_attrib-gen-attrib $-1 -1 $-1 $1285 $1247 2 1 1 1 1 1 1 1 1 1 1 1 1 1 0 1 1 1 @3 pid 40 #
integer_attrib-name_attrib-gen-attrib $-1 -1 $-1 $-1 $1286 2 1 1 1 1 1 1 1 1 1 1 1 1 1 0 1 1 1 @3 pid 41 #
point $-1 -1 -1 $-1 -35.098240725756902 74.599781395356601 2.5789525371639299 #
coedge $-1 -1 -1 $-1 $1291 $1363 $-1 $1364 forward $20 $1365 #
edge $1366 -1 -1 $-1 $1367 0.4877363116102128 $1331 0.96348056409617266 $1291 $1368 reversed @7 unknown T -36.386197402092321 -76.241255777872198 1.2521261791956073 -36.265481588926761 -75.830043918812976 1.4635861930651468 #
pcurve $-1 -1 -1 $-1 0 forward { exppc nubs 1 open 2 
	0.4877363116102128 1 0.96348056409617266 1 
	0.95025281060451816 75.395256118510162 
	0.95802635569685501 74.986043901311518 
	0.001 
	-1 
	spline forward { ref 1 } I I I I 
	} 0 0 #
name_attrib-gen-attrib $-1 -1 $1369 $-1 $1292 2 1 1 1 1 1 1 1 1 1 1 1 1 1 0 1 1 1 @3 eif #
tvertex-vertex $1370 -1 -1 $-1 $1328 $1371 0.00028263137748010201 #
intcurve-curve $-1 -1 -1 $-1 forward { parcur summary 3 2 -0.91847413388693744 -0.44218335704439493 0.001 OPEN 
	spline forward { ref 1 } I I I I 
	null_surface 
	nubs 1 open 2 
	-0.91847413388693744 1 -0.44218335704439493 1 
	0.96503771208295608 74.563863384286293 
	0.95802980141580807 74.986117237075348 
	
	nullbs 
	-1 
	-1 
	I I 
	0 
	0 
	0 
	
	-1 
	none F surf1 } I I #
integer_attrib-name_attrib-gen-attrib $-1 -1 $-1 $1294 $1256 2 1 1 1 1 1 1 1 1 1 1 1 1 1 0 1 1 1 @3 pid 172 #
integer_attrib-name_attrib-gen-attrib $-1 -1 $-1 $-1 $1295 2 1 1 1 1 1 1 1 1 1 1 1 1 1 0 1 1 1 @3 pid 172 #
point $-1 -1 -1 $-1 -36.479230361443797 -75.408915934136004 1.0558629500972601 #
coedge $-1 -1 -1 $-1 $1372 $1300 $-1 $1373 forward $30 $1374 #
edge $1375 -1 -1 $-1 $1340 0.078822695509033425 $1376 0.54731450834045803 $1300 $1377 reversed @7 unknown T 36.611576741073925 -74.474581807813081 0.57010114103580845 36.650587161602061 -74.024155454804131 0.69846049114285447 #
pcurve $-1 -1 -1 $-1 0 forward { exppc nubs 1 open 2 
	0.078822695509033425 1 0.54731450834045803 1 
	0.9812678152557216 -71.180155454804122 
	0.97716169640492734 -71.628581807813092 
	0.001 
	-1 
	spline forward { ref 3 } I I I I 
	} 0 0 #
name_attrib-gen-attrib $-1 -1 $1378 $-1 $1301 2 1 1 1 1 1 1 1 1 1 1 1 1 1 0 1 1 1 @3 eif #
vertex $1379 -1 -1 $-1 $1301 $1380 #
intcurve-curve $-1 -1 -1 $-1 forward { parcur summary 3 2 -0.50871122604194774 -0.04480457444602115 0.001 OPEN 
	spline forward { ref 3 } I I I I 
	null_surface 
	nubs 1 open 2 
	-0.50871122604194774 1 -0.04480457444602115 1 
	0.98126781391345586 -71.180155484708195 
	0.98424331363319462 -70.72652512385713 
	
	nullbs 
	-1 
	-1 
	I I 
	0 
	0 
	1 -0.48999155315095927 
	
	-1 
	none F surf1 } I I #
integer_attrib-name_attrib-gen-attrib $-1 -1 $-1 $1303 $1265 2 1 1 1 1 1 1 1 1 1 1 1 1 1 0 1 1 1 @3 pid 233 #
integer_attrib-name_attrib-gen-attrib $-1 -1 $-1 $-1 $1304 2 1 1 1 1 1 1 1 1 1 1 1 1 1 0 1 1 1 @3 pid 233 #
point $-1 -1 -1 $-1 36.6738947339432 -73.571525132042694 0.47798734705543799 #
coedge $-1 -1 -1 $-1 $1309 $1381 $-1 $1382 forward $30 $1383 #
edge $1384 -1 -1 $-1 $1385 -1.020234262371563 $1349 -0.57729864573102796 $1309 $1386 forward @7 unknown T 35.191858541893346 74.185501498837979 2.3409466111522543 35.461095260999492 74.501288274307058 2.5241037556673414 #
pcurve $-1 -1 -1 $-1 0 forward { imppc forward { parcur summary 3 3 -1.020234262371563 -0.80647669308590397 -0.57729864573102796 0.001 OPEN 
	spline forward { ref 3 } I I I I 
	null_surface 
	nubs 2 open 7 
	-1.020234262371563 2 -0.94641165959814055 2 -0.8725890568247181 2 -0.79876645405129554 2 -0.72494385127787297 2 
	-0.65112124850445041 2 -0.57729864573102796 2 
	0.91152284857709409 77.031501498837869 
	0.91068976741096008 77.056835448626657 
	0.90979775341253333 77.083989649448469 
	0.90897423322287896 77.109058799321573 
	0.90807432034160585 77.136475772503545 
	0.90719530556065564 77.163256058876755 
	0.90635257449107298 77.188947602588641 
	0.90539815247932653 77.218044162243075 
	0.90463798623793357 77.241256456589113 
	0.90372477099118043 77.269142226771251 
	0.90293418412761051 77.293350014028178 
	0.902043734206323 77.320615610323529 
	0.90124112810472745 77.345288274306952 
	
	nullbs 
	-1 
	-1 
	I I 
	5 -0.94641165959814055 -0.8725890568247181 -0.79876645405129554 -0.72494385127787297 -0.65112124850445041 
	0 
	1 -0.70841764860577372 
	
	-1 
	none F surf1 } I I surf1 } 0 0 #
name_attrib-gen-attrib $-1 -1 $1387 $-1 $1310 2 1 1 1 1 1 1 1 1 1 1 1 1 1 0 1 1 1 @3 eif #
tvertex-vertex $1388 -1 -1 $-1 $1346 $1389 8.5269447017503647e-005 #
intcurve-curve $-1 -1 -1 $-1 forward { parcur summary 3 2 -0.57729864573102796 -0.56417084687239727 0.001 OPEN 
	spline forward { ref 3 } I I I I 
	null_surface 
	nubs 1 open 2 
	-0.57729864573102796 1 -0.56417084687239727 1 
	0.90124112810472745 77.345288274306952 
	0.90094117872604973 77.354512700455032 
	
	nullbs 
	-1 
	-1 
	I I 
	0 
	0 
	0 
	
	-1 
	none F surf1 } I I #
integer_attrib-name_attrib-gen-attrib $-1 -1 $-1 $1312 $1274 2 1 1 1 1 1 1 1 1 1 1 1 1 1 0 1 1 1 @3 pid 365 #
integer_attrib-name_attrib-gen-attrib $-1 -1 $-1 $-1 $1313 2 1 1 1 1 1 1 1 1 1 1 1 1 1 0 1 1 1 @3 pid 364 #
point $-1 -1 -1 $-1 35.184827241324399 74.509577854050207 2.5279998916841402 #
coedge $-1 -1 -1 $-1 $1390 $1318 $-1 $1391 forward $20 $1392 #
edge $1393 -1 -1 $-1 $1358 -1.0203871027822675 $1394 -0.57156387701599032 $1318 $1395 forward @7 unknown T -35.391901701162354 74.27213662320429 2.3914571817857131 -35.114692298517326 74.582767470437247 2.5699474906964728 #
pcurve $-1 -1 -1 $-1 0 forward { imppc forward { parcur summary 3 3 -1.0203871027822675 -0.78788305190278296 -0.57156387701599032 0.001 OPEN 
	spline forward { ref 1 } I I I I 
	null_surface 
	nubs 2 open 7 
	-1.0203871027822675 2 -0.94558323182122139 2 -0.87077936086017516 2 -0.79597548989912892 2 -0.72117161893808279 2 
	-0.64636774797703644 2 -0.57156387701599032 2 
	0.89840191431665273 -75.426767470437241 
	0.89921419271596925 -75.402440434825309 
	0.90011286587717321 -75.375636756283953 
	0.90091397223659864 -75.351743089194656 
	0.90183413527303391 -75.324378761470882 
	0.90260238044208407 -75.301532253029279 
	0.90356565358041474 -75.272936018965709 
	0.9044146492494336 -75.24773228608629 
	0.90530404543852272 -75.221347722225005 
	0.90621467710209769 -75.19433319306907 
	0.9070443131664877 -75.169743255091419 
	0.90794690242895482 -75.142991026089277 
	0.90878641491870993 -75.118136623204293 
	
	nullbs 
	-1 
	-1 
	I I 
	5 -0.94558323182122139 -0.87077936086017516 -0.79597548989912892 -0.72117161893808279 -0.64636774797703644 
	0 
	1 -0.76674812832228223 
	
	-1 
	none F surf1 } I I surf1 } 0 0 #
name_attrib-gen-attrib $-1 -1 $1396 $-1 $1319 2 1 1 1 1 1 1 1 1 1 1 1 1 1 0 1 1 1 @3 eif #
tvertex-vertex $1397 -1 -1 $-1 $1319 $1398 8.8003016270580265e-005 #
intcurve-curve $-1 -1 -1 $-1 forward { parcur summary 3 2 -1.0339513936150841 -1.0203871027822675 0.001 OPEN 
	spline forward { ref 1 } I I I I 
	null_surface 
	nubs 1 open 2 
	-1.0339513936150841 1 -1.0203871027822675 1 
	0.89809277606242277 -75.436029917413379 
	0.89840191431665273 -75.426767470437241 
	
	nullbs 
	-1 
	-1 
	I I 
	0 
	0 
	0 
	
	-1 
	none F surf1 } I I #
integer_attrib-name_attrib-gen-attrib $-1 -1 $-1 $1321 $1283 2 1 1 1 1 1 1 1 1 1 1 1 1 1 0 1 1 1 @3 pid 41 #
integer_attrib-name_attrib-gen-attrib $-1 -1 $-1 $-1 $1322 2 1 1 1 1 1 1 1 1 1 1 1 1 1 0 1 1 1 @3 pid 42 #
point $-1 -1 -1 $-1 -35.1072618608179 74.591098179245407 2.57379702606337 #
coedge $-1 -1 -1 $-1 $1327 $1399 $-1 $1400 forward $20 $1401 #
edge $1402 -1 -1 $-1 $1403 0.50324718973006621 $1367 0.91131008015419002 $1327 $1404 reversed @7 unknown T -36.2675548187648 -76.635345796023316 1.4614676415069912 -36.118046489694422 -76.239325554742663 1.6814478267832589 #
pcurve $-1 -1 -1 $-1 0 forward { exppc nubs 2 open 7 
	0.50324718973006621 2 0.57125767146742024 2 0.63926815320477415 2 0.70727863494212817 2 0.77528911667948197 2 
	0.8432995984168361 2 0.91131008015419002 2 
	0.94173479432426743 75.78934580621879 
	0.94241086318361444 75.757978237696065 
	0.94310066650271751 75.726032082534203 
	0.94378975520393604 75.694119022728032 
	0.94448829587185279 75.66181260071167 
	0.94518991693934451 75.629363715008822 
	0.94589771843717207 75.596659783678149 
	0.94660985990462176 75.563755324274325 
	0.94732898499309737 75.530546054360769 
	0.94805014656525344 75.497245507188708 
	0.94878216055997922 75.463443835686547 
	0.94951416673835021 75.429642146684245 
	0.95025732369614058 75.395325550582555 
	0.001 
	-1 
	spline forward { ref 1 } I I I I 
	} 0 0 #
name_attrib-gen-attrib $-1 -1 $1405 $-1 $1328 2 1 1 1 1 1 1 1 1 1 1 1 1 1 0 1 1 1 @3 eif #
tvertex-vertex $1406 -1 -1 $-1 $1364 $1407 0.00033185107819467462 #
intcurve-curve $-1 -1 -1 $-1 forward { parcur summary 3 2 -0.96348058444312334 -0.48773591558906071 0.001 OPEN 
	spline forward { ref 1 } I I I I 
	null_surface 
	nubs 1 open 2 
	-0.96348058444312334 1 -0.48773591558906071 1 
	0.95802635569685501 74.986043901311518 
	0.95025281060451816 75.395256118510162 
	
	nullbs 
	-1 
	-1 
	I I 
	0 
	0 
	0 
	
	-1 
	none F surf1 } I I #
integer_attrib-name_attrib-gen-attrib $-1 -1 $-1 $1330 $1292 2 1 1 1 1 1 1 1 1 1 1 1 1 1 0 1 1 1 @3 pid 171 #
integer_attrib-name_attrib-gen-attrib $-1 -1 $-1 $-1 $1331 2 1 1 1 1 1 1 1 1 1 1 1 1 1 0 1 1 1 @3 pid 171 #
point $-1 -1 -1 $-1 -36.3853094127007 -75.831187533229397 1.2529100565023401 #
coedge $-1 -1 -1 $-1 $1408 $1336 $-1 $1409 forward $30 $1410 #
edge $1411 -1 -1 $-1 $1376 0.13644758122928258 $1412 0.6089877913971482 $1336 $1413 reversed @7 unknown T 36.559475004729109 -74.916387398465048 0.69646111604904404 36.613576546068316 -74.472581311616167 0.8531313703963741 #
pcurve $-1 -1 -1 $-1 0 forward { exppc nubs 1 open 2 
	0.13644758122928258 1 0.6089877913971482 1 
	0.97716167589662573 -71.628581311616173 
	0.9720214397970155 -72.070387398465058 
	0.001 
	-1 
	spline forward { ref 3 } I I I I 
	} 0 0 #
name_attrib-gen-attrib $-1 -1 $1414 $-1 $1337 2 1 1 1 1 1 1 1 1 1 1 1 1 1 0 1 1 1 @3 eif #
tvertex-vertex $1415 -1 -1 $-1 $1337 $1416 4.2452888239069873e-006 #
intcurve-curve $-1 -1 -1 $-1 forward { parcur summary 3 2 -0.54731450834045803 -0.078822695509033425 0.001 OPEN 
	spline forward { ref 3 } I I I I 
	null_surface 
	nubs 1 open 2 
	-0.54731450834045803 1 -0.078822695509033425 1 
	0.97716169640492734 -71.628581807813092 
	0.9812678152557216 -71.180155454804122 
	
	nullbs 
	-1 
	-1 
	I I 
	0 
	0 
	0 
	
	-1 
	none F surf1 } I I #
integer_attrib-name_attrib-gen-attrib $-1 -1 $-1 $1339 $1301 2 1 1 1 1 1 1 1 1 1 1 1 1 1 0 1 1 1 @3 pid 234 #
integer_attrib-name_attrib-gen-attrib $-1 -1 $-1 $-1 $1340 2 1 1 1 1 1 1 1 1 1 1 1 1 1 0 1 1 1 @3 pid 234 #
point $-1 -1 -1 $-1 36.6495872879713 -74.025155595201397 0.57110068018120597 #
coedge $-1 -1 -1 $-1 $1345 $1417 $-1 $1418 forward $30 $1419 #
edge $1420 -1 -1 $-1 $1421 -1.0330386866668846 $1385 -1.020234268258704 $1345 $1422 forward @7 unknown T 35.459095264443739 74.176398099427416 2.3353206683710361 35.46857767574037 74.18750149465248 2.3429466085700956 #
pcurve $-1 -1 -1 $-1 0 forward { exppc nubs 1 open 2 
	-1.0330386866668846 1 -1.020234268258704 1 
	0.91182223511783811 77.022398095063423 
	0.91152284857709409 77.031501498837869 
	0.001 
	-1 
	spline forward { ref 3 } I I I I 
	} 0 0 #
name_attrib-gen-attrib $-1 -1 $1423 $-1 $1346 2 1 1 1 1 1 1 1 1 1 1 1 1 1 0 1 1 1 @3 eif #
tvertex-vertex $1424 -1 -1 $-1 $1382 $1425 0.00011713777862126328 #
intcurve-curve $-1 -1 -1 $-1 forward { ref 298 } I I #
integer_attrib-name_attrib-gen-attrib $-1 -1 $-1 $1348 $1310 2 1 1 1 1 1 1 1 1 1 1 1 1 1 0 1 1 1 @3 pid 364 #
integer_attrib-name_attrib-gen-attrib $-1 -1 $-1 $-1 $1349 2 1 1 1 1 1 1 1 1 1 1 1 1 1 0 1 1 1 @3 pid 363 #
point $-1 -1 -1 $-1 35.192909296172203 74.500349361745904 2.5230727200976402 #
coedge $-1 -1 -1 $-1 $1426 $1354 $-1 $1427 forward $20 $1428 #
edge $1429 -1 -1 $-1 $1394 -0.57156387029833189 $1430 -0.55852709407521117 $1354 $1431 forward @7 unknown T -35.399654469812155 74.263143365866071 2.3859308304420188 -35.389901705161762 74.274136618570211 2.3934571789433221 #
pcurve $-1 -1 -1 $-1 0 forward { exppc nubs 1 open 2 
	-0.57156387029833189 1 -0.55852709407521117 1 
	0.90878641491870993 -75.118136623204293 
	0.9090902161331269 -75.109143360854532 
	0.001 
	-1 
	spline forward { ref 1 } I I I I 
	} 0 0 #
name_attrib-gen-attrib $-1 -1 $1432 $-1 $1355 2 1 1 1 1 1 1 1 1 1 1 1 1 1 0 1 1 1 @3 eif #
tvertex-vertex $1433 -1 -1 $-1 $1355 $1434 0.00012121800216100411 #
intcurve-curve $-1 -1 -1 $-1 forward { ref 301 } I I #
integer_attrib-name_attrib-gen-attrib $-1 -1 $-1 $1357 $1319 2 1 1 1 1 1 1 1 1 1 1 1 1 1 0 1 1 1 @3 pid 42 #
integer_attrib-name_attrib-gen-attrib $-1 -1 $-1 $-1 $1358 2 1 1 1 1 1 1 1 1 1 1 1 1 1 0 1 1 1 @3 pid 43 #
point $-1 -1 -1 $-1 -35.115744675053399 74.581831405388101 2.5689172656836501 #
coedge $-1 -1 -1 $-1 $1363 $1435 $-1 $1436 forward $20 $1437 #
edge $1438 -1 -1 $-1 $1439 0.53800461654541576 $1403 0.94435151136731077 $1363 $1440 reversed @7 unknown T -36.119896714540708 -77.014090585930049 1.6796504233067651 -35.937271479888608 -76.633144699808895 1.9041002864662693 #
pcurve $-1 -1 -1 $-1 0 forward { exppc nubs 2 open 7 
	0.53800461654541576 2 0.60572909901573158 2 0.67345358148604739 2 0.74117806395636321 2 0.80890254642667903 2 
	0.87662702889699506 2 0.94435151136731077 2 
	0.93244724239376109 76.168090591563526 
	0.93317858017038691 76.138041780940782 
	0.9339340581088913 76.107086457865421 
	0.934677508955021 76.076623938763134 
	0.93544490228407384 76.045250923550185 
	0.93619964886842799 76.014394939824825 
	0.93697967219972667 75.982561484242325 
	0.93774573474665812 75.951297780858027 
	0.93853826732173662 75.91899563556629 
	0.93931340535352881 75.887402459323241 
	0.94012060767769867 75.854530873146388 
	0.94089667026916635 75.822927385916756 
	0.94172663480766616 75.789144692607152 
	0.001 
	-1 
	spline forward { ref 1 } I I I I 
	} 0 0 #
name_attrib-gen-attrib $-1 -1 $1441 $-1 $1364 2 1 1 1 1 1 1 1 1 1 1 1 1 1 0 1 1 1 @3 eif #
tvertex-vertex $1442 -1 -1 $-1 $1400 $1443 0.00045078095552671604 #
intcurve-curve $-1 -1 -1 $-1 forward { parcur summary 3 2 -0.9113100842765588 -0.5032471786772249 0.001 OPEN 
	spline forward { ref 1 } I I I I 
	null_surface 
	nubs 2 open 7 
	-0.9113100842765588 2 -0.84329960001000315 2 -0.77528911574344739 2 -0.70727863147689185 2 -0.6392681472103362 2 
	-0.57125766294378055 2 -0.5032471786772249 2 
	0.95025732369614058 75.395325550582555 
	0.94951416673835021 75.429642146684245 
	0.94878216055997922 75.463443835686547 
	0.94805014656525344 75.497245507188708 
	0.94732898499309737 75.530546054360769 
	0.94660985990462176 75.563755324274325 
	0.94589771843717207 75.596659783678149 
	0.94518991693934451 75.629363715008822 
	0.94448829587185279 75.66181260071167 
	0.94378975520393604 75.694119022728032 
	0.94310066650271751 75.726032082534203 
	0.94241086318361444 75.757978237696065 
	0.94173479432426743 75.78934580621879 
	
	nullbs 
	-1 
	-1 
	I I 
	5 -0.84329960001000315 -0.77528911574344739 -0.70727863147689185 -0.6392681472103362 -0.57125766294378055 
	0 
	1 -0.90441221616872691 
	
	-1 
	none F surf1 } I I #
integer_attrib-name_attrib-gen-attrib $-1 -1 $-1 $1366 $1328 2 1 1 1 1 1 1 1 1 1 1 1 1 1 0 1 1 1 @3 pid 170 #
integer_attrib-name_attrib-gen-attrib $-1 -1 $-1 $-1 $1367 2 1 1 1 1 1 1 1 1 1 1 1 1 1 0 1 1 1 @3 pid 170 #
point $-1 -1 -1 $-1 -36.266631958255701 -76.240423851394198 1.46234274801136 #
coedge $-1 -1 -1 $-1 $1444 $1372 $-1 $1445 forward $30 $1446 #
edge $1447 -1 -1 $-1 $1412 0.22029204480201392 $1448 0.69802804428575693 $1372 $1449 reversed @7 unknown T 36.489517126210302 -75.35022150235497 0.85113870334769548 36.561472346917064 -74.914382937047662 1.0307170052574279 #
pcurve $-1 -1 -1 $-1 0 forward { exppc nubs 1 open 2 
	0.22029204480201392 1 0.69802804428575693 1 
	0.97202119296417644 -72.070382937047668 
	0.96595101060937283 -72.504221502354966 
	0.001 
	-1 
	spline forward { ref 3 } I I I I 
	} 0 0 #
name_attrib-gen-attrib $-1 -1 $1450 $-1 $1373 2 1 1 1 1 1 1 1 1 1 1 1 1 1 0 1 1 1 @3 eif #
tvertex-vertex $1451 -1 -1 $-1 $1373 $1452 2.4167822469025707e-005 #
intcurve-curve $-1 -1 -1 $-1 forward { parcur summary 3 2 -0.6089877913971482 -0.13644758122928258 0.001 OPEN 
	spline forward { ref 3 } I I I I 
	null_surface 
	nubs 1 open 2 
	-0.6089877913971482 1 -0.13644758122928258 1 
	0.9720214397970155 -72.070387398465058 
	0.97716167589662573 -71.628581311616173 
	
	nullbs 
	-1 
	-1 
	I I 
	0 
	0 
	0 
	
	-1 
	none F surf1 } I I #
integer_attrib-name_attrib-gen-attrib $-1 -1 $-1 $1375 $1337 2 1 1 1 1 1 1 1 1 1 1 1 1 1 0 1 1 1 @3 pid 235 #
integer_attrib-name_attrib-gen-attrib $-1 -1 $-1 $-1 $1376 2 1 1 1 1 1 1 1 1 1 1 1 1 1 0 1 1 1 @3 pid 235 #
point $-1 -1 -1 $-1 36.612577732206297 -74.473582783882406 0.69745731499839603 #
coedge $-1 -1 -1 $-1 $1381 $1453 $-1 $1454 forward $30 $1455 #
edge $1456 -1 -1 $-1 $1457 -0.56617235793876663 $1421 -0.55322720193099095 $1381 $1458 forward @7 unknown T 35.466600204622779 74.16684142070639 2.3300127579286851 35.475597383032685 74.178433866752243 2.33730367966105 #
pcurve $-1 -1 -1 $-1 0 forward { exppc nubs 1 open 2 
	-0.56617235793876663 1 -0.55322720193099095 1 
	0.91210374705794928 77.012841411032852 
	0.91182313715326768 77.02243387718589 
	0.001 
	-1 
	spline forward { ref 3 } I I I I 
	} 0 0 #
name_attrib-gen-attrib $-1 -1 $1459 $-1 $1382 2 1 1 1 1 1 1 1 1 1 1 1 1 1 0 1 1 1 @3 eif #
tvertex-vertex $1460 -1 -1 $-1 $1418 $1461 0.0001257331883197135 #
intcurve-curve $-1 -1 -1 $-1 forward { parcur summary 3 2 -1.0330386928049262 -1.020234262371563 0.001 OPEN 
	spline forward { ref 3 } I I I I 
	null_surface 
	nubs 1 open 2 
	-1.0330386928049262 1 -1.020234262371563 1 
	0.91182223511783811 77.022398095063423 
	0.91152284857709409 77.031501498837869 
	
	nullbs 
	-1 
	-1 
	I I 
	0 
	0 
	0 
	
	-1 
	none F surf1 } I I #
integer_attrib-name_attrib-gen-attrib $-1 -1 $-1 $1384 $1346 2 1 1 1 1 1 1 1 1 1 1 1 1 1 0 1 1 1 @3 pid 363 #
integer_attrib-name_attrib-gen-attrib $-1 -1 $-1 $-1 $1385 2 1 1 1 1 1 1 1 1 1 1 1 1 1 0 1 1 1 @3 pid 362 #
point $-1 -1 -1 $-1 35.460160599684897 74.186585477991102 2.34189762526437 #
coedge $-1 -1 -1 $-1 $1462 $1390 $-1 $1463 forward $20 $1464 #
edge $1465 -1 -1 $-1 $1430 -1.0268995505586449 $1466 -1.0137826612631933 $1390 $1467 forward @7 unknown T -35.406939045684503 74.253687259303959 2.3807081300225481 -35.39767730082233 74.26518026196905 2.3879145073225199 #
pcurve $-1 -1 -1 $-1 0 forward { exppc nubs 1 open 2 
	-1.0268995505586449 1 -1.0137826612631933 1 
	0.90909111130383424 -75.109180273164128 
	0.90937630026317962 -75.099687248877629 
	0.001 
	-1 
	spline forward { ref 1 } I I I I 
	} 0 0 #
name_attrib-gen-attrib $-1 -1 $1468 $-1 $1391 2 1 1 1 1 1 1 1 1 1 1 1 1 1 0 1 1 1 @3 eif #
tvertex-vertex $1469 -1 -1 $-1 $1391 $1470 0.00013020102204671697 #
intcurve-curve $-1 -1 -1 $-1 forward { parcur summary 3 2 -0.57156387701599032 -0.55852708681037999 0.001 OPEN 
	spline forward { ref 1 } I I I I 
	null_surface 
	nubs 1 open 2 
	-0.57156387701599032 1 -0.55852708681037999 1 
	0.90878641491870993 -75.118136623204293 
	0.9090902161331269 -75.109143360854532 
	
	nullbs 
	-1 
	-1 
	I I 
	0 
	0 
	0 
	
	-1 
	none F surf1 } I I #
integer_attrib-name_attrib-gen-attrib $-1 -1 $-1 $1393 $1355 2 1 1 1 1 1 1 1 1 1 1 1 1 1 0 1 1 1 @3 pid 43 #
integer_attrib-name_attrib-gen-attrib $-1 -1 $-1 $-1 $1394 2 1 1 1 1 1 1 1 1 1 1 1 1 1 0 1 1 1 @3 pid 44 #
point $-1 -1 -1 $-1 -35.3909695481276 74.273224744678501 2.3924089614669799 #
coedge $-1 -1 -1 $-1 $1399 $1471 $-1 $1472 forward $20 $1473 #
edge $1474 -1 -1 $-1 $1475 0.56435789508549972 $1439 0.97307499405542786 $1399 $1476 reversed @7 unknown T -35.93945050277862 -77.380723857972242 1.901899139526066 -35.721709224166695 -77.012292582834931 2.1239681211769019 #
pcurve $-1 -1 -1 $-1 0 forward { exppc nubs 2 open 7 
	0.56435789508549972 2 0.63247741158048776 2 0.7005969280754758 2 0.76871644457046373 2 0.83683596106545177 2 
	0.90495547756043981 2 0.97307499405542786 2 
	0.92250388022359187 76.534723857972239 
	0.92327135768060309 76.50627553363158 
	0.92410074030368927 76.475628424821224 
	0.92487537628348648 76.447004298269476 
	0.92572275671847737 76.415769652361092 
	0.92650146560863211 76.387066256053615 
	0.92736958652365487 76.355127111262078 
	0.92814602544043723 76.326561050296618 
	0.92904091486406637 76.29368037219453 
	0.92979772813158823 76.265872988649079 
	0.93073645550530404 76.231409005828709 
	0.93159037835029834 76.2000646100403 
	0.93245595125990599 76.168292582834937 
	0.001 
	-1 
	spline forward { ref 1 } I I I I 
	} 0 0 #
name_attrib-gen-attrib $-1 -1 $1477 $-1 $1400 2 1 1 1 1 1 1 1 1 1 1 1 1 1 0 1 1 1 @3 eif #
tvertex-vertex $1478 -1 -1 $-1 $1436 $1479 0.00034598951954478046 #
intcurve-curve $-1 -1 -1 $-1 forward { parcur summary 3 2 -0.94435151858600896 -0.53800461019700729 0.001 OPEN 
	spline forward { ref 1 } I I I I 
	null_surface 
	nubs 2 open 7 
	-0.94435151858600896 2 -0.8766270338545088 2 -0.80890254912300841 2 -0.74117806439150813 2 -0.67345357966000785 2 
	-0.60572909492850757 2 -0.53800461019700729 2 
	0.94172663480766616 75.789144692607152 
	0.94089667026916635 75.822927385916756 
	0.94012060767769867 75.854530873146388 
	0.93931340535352881 75.887402459323241 
	0.93853826732173662 75.91899563556629 
	0.93774573474665812 75.951297780858027 
	0.93697967219972667 75.982561484242325 
	0.93619964886842799 76.014394939824825 
	0.93544490228407384 76.045250923550185 
	0.934677508955021 76.076623938763134 
	0.9339340581088913 76.107086457865421 
	0.93317858017038691 76.138041780940782 
	0.93244724239376109 76.168090591563526 
	
	nullbs 
	-1 
	-1 
	I I 
	5 -0.8766270338545088 -0.80890254912300841 -0.74117806439150813 -0.67345357966000785 -0.60572909492850757 
	0 
	1 -0.64270701060066071 
	
	-1 
	none F surf1 } I I #
integer_attrib-name_attrib-gen-attrib $-1 -1 $-1 $1402 $1364 2 1 1 1 1 1 1 1 1 1 1 1 1 1 0 1 1 1 @3 pid 169 #
integer_attrib-name_attrib-gen-attrib $-1 -1 $-1 $-1 $1403 2 1 1 1 1 1 1 1 1 1 1 1 1 1 0 1 1 1 @3 pid 169 #
point $-1 -1 -1 $-1 -36.119110208818199 -76.634417132367901 1.6803616255156699 #
coedge $-1 -1 -1 $-1 $1480 $1408 $-1 $1481 forward $30 $1482 #
edge $1483 -1 -1 $-1 $1448 0.3321625429798567 $1484 0.8161185771710362 $1408 $1485 reversed @7 unknown T 36.398725811077725 -75.774076033777334 1.0287525889129034 36.49150194415752 -75.348198588848163 1.22575669088212 #
pcurve $-1 -1 -1 $-1 0 forward { exppc nubs 1 open 2 
	0.3321625429798567 1 0.8161185771710362 1 
	0.9659497750039493 -72.504198588848155 
	0.95905219980642209 -72.92807603377733 
	0.001 
	-1 
	spline forward { ref 3 } I I I I 
	} 0 0 #
name_attrib-gen-attrib $-1 -1 $1486 $-1 $1409 2 1 1 1 1 1 1 1 1 1 1 1 1 1 0 1 1 1 @3 eif #
tvertex-vertex $1487 -1 -1 $-1 $1409 $1488 9.5779299814711258e-005 #
intcurve-curve $-1 -1 -1 $-1 forward { parcur summary 3 2 -0.69802804428575693 -0.22029204480201392 0.001 OPEN 
	spline forward { ref 3 } I I I I 
	null_surface 
	nubs 1 open 2 
	-0.69802804428575693 1 -0.22029204480201392 1 
	0.96595101060937283 -72.504221502354966 
	0.97202119296417644 -72.070382937047668 
	
	nullbs 
	-1 
	-1 
	I I 
	0 
	0 
	0 
	
	-1 
	none F surf1 } I I #
integer_attrib-name_attrib-gen-attrib $-1 -1 $-1 $1411 $1373 2 1 1 1 1 1 1 1 1 1 1 1 1 1 0 1 1 1 @3 pid 236 #
integer_attrib-name_attrib-gen-attrib $-1 -1 $-1 $-1 $1412 2 1 1 1 1 1 1 1 1 1 1 1 1 1 0 1 1 1 @3 pid 236 #
point $-1 -1 -1 $-1 36.560479883357402 -74.915392679948496 0.85211791004123905 #
coedge $-1 -1 -1 $-1 $1417 $1489 $-1 $1490 forward $30 $1491 #
edge $1492 -1 -1 $-1 $1493 -1.0122905914185172 $1457 -0.56617259504412665 $1417 $1494 forward @7 unknown T 35.473597512624977 73.834098773731967 2.1346784123130669 35.709914260812035 74.168841243921932 2.332012659670005 #
pcurve $-1 -1 -1 $-1 0 forward { exppc nubs 1 open 2 
	-1.0122905914185172 1 -0.56617259504412676 1 
	0.9218998303591267 76.680098682100422 
	0.91210374705794928 77.012841411032852 
	0.001 
	-1 
	spline forward { ref 3 } I I I I 
	} 0 0 #
name_attrib-gen-attrib $-1 -1 $1495 $-1 $1418 2 1 1 1 1 1 1 1 1 1 1 1 1 1 0 1 1 1 @3 eif #
tvertex-vertex $1496 -1 -1 $-1 $1454 $1497 7.5572048818794128e-005 #
intcurve-curve $-1 -1 -1 $-1 forward { parcur summary 3 2 -0.56617237099325746 -0.55322718785048164 0.001 OPEN 
	spline forward { ref 3 } I I I I 
	null_surface 
	nubs 1 open 2 
	-0.56617237099325746 1 -0.55322718785048164 1 
	0.91210374705794928 77.012841411032852 
	0.91182313715326768 77.02243387718589 
	
	nullbs 
	-1 
	-1 
	I I 
	0 
	0 
	0 
	
	-1 
	none F surf1 } I I #
integer_attrib-name_attrib-gen-attrib $-1 -1 $-1 $1420 $1382 2 1 1 1 1 1 1 1 1 1 1 1 1 1 0 1 1 1 @3 pid 362 #
integer_attrib-name_attrib-gen-attrib $-1 -1 $-1 $-1 $1421 2 1 1 1 1 1 1 1 1 1 1 1 1 1 0 1 1 1 @3 pid 361 #
point $-1 -1 -1 $-1 35.467647666380898 74.177488235019794 2.3362678884518302 #
coedge $-1 -1 -1 $-1 $1498 $1426 $-1 $1499 forward $20 $1500 #
edge $1501 -1 -1 $-1 $1466 -1.0137823976910598 $1502 -0.56340787309873508 $1426 $1503 forward @7 unknown T -35.649762833274345 73.925417580029418 2.1884197955868343 -35.40493919336263 74.255687067265526 2.3827080238473766 #
pcurve $-1 -1 -1 $-1 0 forward { exppc nubs 1 open 2 
	-1.0137823976910598 1 -0.56340787309873519 1 
	0.90937630026317962 -75.099687248877629 
	0.91930452167297749 -74.77141747455218 
	0.001 
	-1 
	spline forward { ref 1 } I I I I 
	} 0 0 #
name_attrib-gen-attrib $-1 -1 $1504 $-1 $1427 2 1 1 1 1 1 1 1 1 1 1 1 1 1 0 1 1 1 @3 eif #
tvertex-vertex $1505 -1 -1 $-1 $1427 $1506 7.9013136976690485e-005 #
intcurve-curve $-1 -1 -1 $-1 forward { parcur summary 3 2 -1.0268995660273845 -1.0137826468566669 0.001 OPEN 
	spline forward { ref 1 } I I I I 
	null_surface 
	nubs 1 open 2 
	-1.0268995660273845 1 -1.0137826468566669 1 
	0.90909111130383424 -75.109180273164128 
	0.90937630026317962 -75.099687248877629 
	
	nullbs 
	-1 
	-1 
	I I 
	0 
	0 
	0 
	
	-1 
	none F surf1 } I I #
integer_attrib-name_attrib-gen-attrib $-1 -1 $-1 $1429 $1391 2 1 1 1 1 1 1 1 1 1 1 1 1 1 0 1 1 1 @3 pid 44 #
integer_attrib-name_attrib-gen-attrib $-1 -1 $-1 $-1 $1430 2 1 1 1 1 1 1 1 1 1 1 1 1 1 0 1 1 1 @3 pid 45 #
point $-1 -1 -1 $-1 -35.398727204176403 74.264238011178705 2.3868788277190398 #
coedge $-1 -1 -1 $-1 $1435 $1507 $-1 $1508 forward $20 $1509 #
edge $1510 -1 -1 $-1 $1511 0.61772968172738507 $1475 1.094622242034994 $1435 $1512 reversed @7 unknown T -35.723653537685834 -77.736917642623126 2.1220197269606556 -35.471669548167363 -77.378653658343325 2.3334733714426132 #
pcurve $-1 -1 -1 $-1 0 forward { exppc nubs 2 open 7 
	0.61772968172738507 2 0.69721177511198651 2 0.77669386849658806 2 0.8561759618811895 2 0.93565805526579104 2 
	1.0151401486503926 2 1.094622242034994 2 
	0.91202637270015952 76.890917642623123 
	0.91284369333433513 76.862927185722782 
	0.91375311327533815 76.831902431744453 
	0.9145570861327087 76.804474992581646 
	0.91549023930634865 76.772725713194262 
	0.91625303931352686 76.746772470760277 
	0.91723773664117714 76.713320380035924 
	0.91807340069311927 76.6849312406613 
	0.91899162981447746 76.653753799534485 
	0.91989469923786693 76.623091088953203 
	0.92074619676152891 76.594196228004364 
	0.92164691519042874 76.563631096545208 
	0.922501434933649 76.534653658343331 
	0.001 
	-1 
	spline forward { ref 1 } I I I I 
	} 0 0 #
name_attrib-gen-attrib $-1 -1 $1513 $-1 $1436 2 1 1 1 1 1 1 1 1 1 1 1 1 1 0 1 1 1 @3 eif #
tvertex-vertex $1514 -1 -1 $-1 $1472 $1515 0.00011487639173157696 #
intcurve-curve $-1 -1 -1 $-1 forward { parcur summary 3 2 -0.97307499405542786 -0.56435789508549972 0.001 OPEN 
	spline forward { ref 1 } I I I I 
	null_surface 
	nubs 2 open 7 
	-0.97307499405542786 2 -0.90495547756043981 2 -0.83683596106545177 2 -0.76871644457046373 2 -0.7005969280754758 2 
	-0.63247741158048776 2 -0.56435789508549972 2 
	0.93245595125990599 76.168292582834937 
	0.93159037835029834 76.2000646100403 
	0.93073645550530404 76.231409005828709 
	0.92979772813158823 76.265872988649079 
	0.92904091486406637 76.29368037219453 
	0.92814602544043723 76.326561050296618 
	0.92736958652365487 76.355127111262078 
	0.92650146560863211 76.387066256053615 
	0.92572275671847737 76.415769652361092 
	0.92487537628348648 76.447004298269476 
	0.92410074030368927 76.475628424821224 
	0.92327135768060309 76.50627553363158 
	0.92250388022359187 76.534723857972239 
	
	nullbs 
	-1 
	-1 
	I I 
	5 -0.90495547756043981 -0.83683596106545177 -0.76871644457046373 -0.7005969280754758 -0.63247741158048776 
	0 
	0 
	
	-1 
	none F surf1 } I I #
integer_attrib-name_attrib-gen-attrib $-1 -1 $-1 $1438 $1400 2 1 1 1 1 1 1 1 1 1 1 1 1 1 0 1 1 1 @3 pid 168 #
integer_attrib-name_attrib-gen-attrib $-1 -1 $-1 $-1 $1439 2 1 1 1 1 1 1 1 1 1 1 1 1 1 0 1 1 1 @3 pid 168 #
point $-1 -1 -1 $-1 -35.9384552746099 -77.013298629914601 1.9028937775111401 #
coedge $-1 -1 -1 $-1 $1516 $1444 $-1 $1517 forward $30 $1518 #
edge $1519 -1 -1 $-1 $1484 0.42490564889384685 $1520 0.91107384104346478 $1444 $1521 reversed @7 unknown T 36.283641457116182 -76.185189450814647 1.2238484032933243 36.400679407741684 -75.772007586827428 1.4338240415458512 #
pcurve $-1 -1 -1 $-1 0 forward { exppc nubs 1 open 2 
	0.42490564889384685 1 0.91107384104346478 1 
	0.95904889313952446 -72.928007586827434 
	0.95138015570753931 -73.339189715092303 
	0.001 
	-1 
	spline forward { ref 3 } I I I I 
	} 0 0 #
name_attrib-gen-attrib $-1 -1 $1522 $-1 $1445 2 1 1 1 1 1 1 1 1 1 1 1 1 1 0 1 1 1 @3 eif #
tvertex-vertex $1523 -1 -1 $-1 $1445 $1524 0.00025781902311877079 #
intcurve-curve $-1 -1 -1 $-1 forward { parcur summary 3 2 -0.8161185771710362 -0.3321625429798567 0.001 OPEN 
	spline forward { ref 3 } I I I I 
	null_surface 
	nubs 1 open 2 
	-0.8161185771710362 1 -0.3321625429798567 1 
	0.95905219980642209 -72.92807603377733 
	0.9659497750039493 -72.504198588848155 
	
	nullbs 
	-1 
	-1 
	I I 
	0 
	0 
	1 -0.35542053847916671 
	
	-1 
	none F surf1 } I I #
integer_attrib-name_attrib-gen-attrib $-1 -1 $-1 $1447 $1409 2 1 1 1 1 1 1 1 1 1 1 1 1 1 0 1 1 1 @3 pid 237 #
integer_attrib-name_attrib-gen-attrib $-1 -1 $-1 $-1 $1448 2 1 1 1 1 1 1 1 1 1 1 1 1 1 0 1 1 1 @3 pid 237 #
point $-1 -1 -1 $-1 36.490535448285598 -75.349241998962597 1.0296740605126899 #
coedge $-1 -1 -1 $-1 $1453 $1525 $-1 $1526 forward $30 $1527 #
edge $1528 -1 -1 $-1 $1529 -1.0248322664906351 $1493 -1.0122907170963187 $1453 $1530 forward @7 unknown T 35.707914324020905 73.824726010190091 2.1288661764620462 35.71624240351624 73.836098679989547 2.1366783544116954 #
pcurve $-1 -1 -1 $-1 0 forward { exppc nubs 1 open 2 
	-1.0248322664906351 1 -1.0122907170963187 1 
	0.92217649964416371 76.670726007914126 
	0.9218998303591267 76.680098682100422 
	0.001 
	-1 
	spline forward { ref 3 } I I I I 
	} 0 0 #
name_attrib-gen-attrib $-1 -1 $1531 $-1 $1454 2 1 1 1 1 1 1 1 1 1 1 1 1 1 0 1 1 1 @3 eif #
tvertex-vertex $1532 -1 -1 $-1 $1490 $1533 9.6020564724875172e-005 #
intcurve-curve $-1 -1 -1 $-1 forward { parcur summary 3 3 -1.012290714271616 -0.79462000156421897 -0.56617237099325746 0.001 OPEN 
	spline forward { ref 3 } I I I I 
	null_surface 
	nubs 1 open 2 
	-1.012290714271616 1 -0.56617237099325746 1 
	0.9218998303591267 76.680098682100422 
	0.91210374705794928 77.012841411032852 
	
	nullbs 
	-1 
	-1 
	I I 
	0 
	0 
	1 -0.90214549788256737 
	
	-1 
	none F surf1 } I I #
integer_attrib-name_attrib-gen-attrib $-1 -1 $-1 $1456 $1418 2 1 1 1 1 1 1 1 1 1 1 1 1 1 0 1 1 1 @3 pid 361 #
integer_attrib-name_attrib-gen-attrib $-1 -1 $-1 $-1 $1457 2 1 1 1 1 1 1 1 1 1 1 1 1 1 0 1 1 1 @3 pid 360 #
point $-1 -1 -1 $-1 35.474641823693503 74.1678924181019 2.3309790618179198 #
coedge $-1 -1 -1 $-1 $1534 $1462 $-1 $1535 forward $20 $1536 #
edge $1537 -1 -1 $-1 $1502 -0.56340772493342339 $1538 -0.55074355269200881 $1462 $1539 forward @7 unknown T -35.656333003575661 73.91616912889728 2.1826792430382582 -35.647762909876086 73.927417472029688 2.1904197288383833 #
pcurve $-1 -1 -1 $-1 0 forward { exppc nubs 1 open 2 
	-0.56340772493342339 1 -0.55074355269200881 1 
	0.91930452167297749 -74.77141747455218 
	0.91958504553452758 -74.76216912620302 
	0.001 
	-1 
	spline forward { ref 1 } I I I I 
	} 0 0 #
name_attrib-gen-attrib $-1 -1 $1540 $-1 $1463 2 1 1 1 1 1 1 1 1 1 1 1 1 1 0 1 1 1 @3 eif #
tvertex-vertex $1541 -1 -1 $-1 $1463 $1542 0.00010198974794652189 #
intcurve-curve $-1 -1 -1 $-1 forward { parcur summary 3 3 -1.0137826468566669 -0.78267056072349905 -0.56340772838756403 0.001 OPEN 
	spline forward { ref 1 } I I I I 
	null_surface 
	nubs 1 open 2 
	-1.0137826468566669 1 -0.56340772838756403 1 
	0.90937630026317962 -75.099687248877629 
	0.91930452167297749 -74.77141747455218 
	
	nullbs 
	-1 
	-1 
	I I 
	0 
	0 
	0 
	
	-1 
	none F surf1 } I I #
integer_attrib-name_attrib-gen-attrib $-1 -1 $-1 $1465 $1427 2 1 1 1 1 1 1 1 1 1 1 1 1 1 0 1 1 1 @3 pid 45 #
integer_attrib-name_attrib-gen-attrib $-1 -1 $-1 $-1 $1466 2 1 1 1 1 1 1 1 1 1 1 1 1 1 0 1 1 1 @3 pid 46 #
point $-1 -1 -1 $-1 -35.405985762819 74.254741410913596 2.3816745415076399 #
coedge $-1 -1 -1 $-1 $1471 $1543 $-1 $1544 forward $20 $1545 #
edge $1546 -1 -1 $-1 $1547 0.62535165741502285 $1511 1.1023242869130301 $1471 $1548 reversed @7 unknown T -35.473649505956978 -78.083178575541112 2.3314885447903824 -35.191810236455758 -77.734888807013618 2.5241332927023628 #
pcurve $-1 -1 -1 $-1 0 forward { exppc nubs 2 open 7 
	0.62535165741502285 2 0.70484709566469073 2 0.7843425339143586 2 0.86383797216402647 2 0.94333341041369434 2 
	1.0228288486633623 2 1.1023242869130301 2 
	0.90123933436722814 77.237178575541094 
	0.90208287295837641 77.209874105883969 
	0.90301417659623839 77.179859073930714 
	0.90384807756091956 77.152983237648613 
	0.9048009511066385 77.122368167050467 
	0.90561092641883867 77.096344303256899 
	0.90659970362359754 77.064637171763735 
	0.90747254873086858 77.036647636349727 
	0.90840644945312887 77.006726340159872 
	0.90933472406878146 76.976985299099198 
	0.91021508060142464 76.948806854399578 
	0.91114003032055291 76.919201071355246 
	0.91202556854870631 76.890888807013624 
	0.001 
	-1 
	spline forward { ref 1 } I I I I 
	} 0 0 #
name_attrib-gen-attrib $-1 -1 $1549 $-1 $1472 2 1 1 1 1 1 1 1 1 1 1 1 1 1 0 1 1 1 @3 eif #
tvertex-vertex $1550 -1 -1 $-1 $1508 $1551 0.00012683540367533174 #
intcurve-curve $-1 -1 -1 $-1 forward { parcur summary 3 3 -1.094622242034994 -0.86392415503035103 -0.61772968172738507 0.001 OPEN 
	spline forward { ref 1 } I I I I 
	null_surface 
	nubs 2 open 7 
	-1.094622242034994 2 -1.0151401486503926 2 -0.93565805526579104 2 -0.8561759618811895 2 -0.77669386849658806 2 
	-0.69721177511198651 2 -0.61772968172738507 2 
	0.922501434933649 76.534653658343331 
	0.92164691519042874 76.563631096545208 
	0.92074619676152891 76.594196228004364 
	0.91989469923786693 76.623091088953203 
	0.91899162981447746 76.653753799534485 
	0.91807340069311927 76.6849312406613 
	0.91723773664117714 76.713320380035924 
	0.91625303931352686 76.746772470760277 
	0.91549023930634865 76.772725713194262 
	0.9145570861327087 76.804474992581646 
	0.91375311327533815 76.831902431744453 
	0.91284369333433513 76.862927185722782 
	0.91202637270015952 76.890917642623123 
	
	nullbs 
	-1 
	-1 
	I I 
	5 -1.0151401486503926 -0.93565805526579104 -0.8561759618811895 -0.77669386849658806 -0.69721177511198651 
	0 
	1 -0.95737213753793315 
	
	-1 
	none F surf1 } I I #
integer_attrib-name_attrib-gen-attrib $-1 -1 $-1 $1474 $1436 2 1 1 1 1 1 1 1 1 1 1 1 1 1 0 1 1 1 @3 pid 167 #
integer_attrib-name_attrib-gen-attrib $-1 -1 $-1 $-1 $1475 2 1 1 1 1 1 1 1 1 1 1 1 1 1 0 1 1 1 @3 pid 167 #
point $-1 -1 -1 $-1 -35.722715682474202 -77.379731233398303 2.1229621359761 #
coedge $-1 -1 -1 $-1 $1552 $1480 $-1 $1553 forward $30 $1554 #
edge $1555 -1 -1 $-1 $1520 0.47891969351698133 $1556 0.96979323539133877 $1480 $1557 reversed @7 unknown T 36.140287011065958 -76.581195421477531 1.4319519137778918 36.285564390069851 -76.183070104870424 1.6509824102925768 #
pcurve $-1 -1 -1 $-1 0 forward { exppc nubs 1 open 2 
	0.47891969351698133 1 0.96979323539133877 1 
	0.95137534322021633 -73.339069676215729 
	0.94295639786873475 -73.735196504750206 
	0.001 
	-1 
	spline forward { ref 3 } I I I I 
	} 0 0 #
name_attrib-gen-attrib $-1 -1 $1558 $-1 $1481 2 1 1 1 1 1 1 1 1 1 1 1 1 1 0 1 1 1 @3 eif #
tvertex-vertex $1559 -1 -1 $-1 $1481 $1560 0.00049368160966546128 #
intcurve-curve $-1 -1 -1 $-1 forward { parcur summary 3 2 -0.91107415351686249 -0.42490564889384685 0.001 OPEN 
	spline forward { ref 3 } I I I I 
	null_surface 
	nubs 1 open 2 
	-0.91107415351686249 1 -0.42490564889384685 1 
	0.95138015570753931 -73.339189715092303 
	0.95904889313952446 -72.928007586827434 
	
	nullbs 
	-1 
	-1 
	I I 
	0 
	0 
	0 
	
	-1 
	none F surf1 } I I #
integer_attrib-name_attrib-gen-attrib $-1 -1 $-1 $1483 $1445 2 1 1 1 1 1 1 1 1 1 1 1 1 1 0 1 1 1 @3 pid 238 #
integer_attrib-name_attrib-gen-attrib $-1 -1 $-1 $-1 $1484 2 1 1 1 1 1 1 1 1 1 1 1 1 1 0 1 1 1 @3 pid 238 #
point $-1 -1 -1 $-1 36.3997801066864 -75.773136879070293 1.2246493709161801 #
coedge $-1 -1 -1 $-1 $1489 $1561 $-1 $1562 forward $30 $1563 #
edge $1564 -1 -1 $-1 $1565 -0.51105381344110179 $1529 -0.49979996871049998 $1489 $1566 forward @7 unknown T 35.714018980109564 73.81466716974424 2.1236494557706007 35.721893590085834 73.826486460307251 2.1310719127158801 #
pcurve $-1 -1 -1 $-1 0 forward { exppc nubs 1 open 2 
	-0.51105381344110179 1 -0.49979996871049992 1 
	0.92242418304987794 76.660667113055908 
	0.92216671765578517 76.670486515970524 
	0.001 
	-1 
	spline forward { ref 3 } I I I I 
	} 0 0 #
name_attrib-gen-attrib $-1 -1 $1567 $-1 $1490 2 1 1 1 1 1 1 1 1 1 1 1 1 1 0 1 1 1 @3 eif #
tvertex-vertex $1568 -1 -1 $-1 $1526 $1569 0.00048920961932286252 #
intcurve-curve $-1 -1 -1 $-1 forward { parcur summary 3 2 -1.0248322695359735 -1.012290714271616 0.001 OPEN 
	spline forward { ref 3 } I I I I 
	null_surface 
	nubs 1 open 2 
	-1.0248322695359735 1 -1.012290714271616 1 
	0.92217649964416371 76.670726007914126 
	0.9218998303591267 76.680098682100422 
	
	nullbs 
	-1 
	-1 
	I I 
	0 
	0 
	0 
	
	-1 
	none F surf1 } I I #
integer_attrib-name_attrib-gen-attrib $-1 -1 $-1 $1492 $1454 2 1 1 1 1 1 1 1 1 1 1 1 1 1 0 1 1 1 @3 pid 360 #
integer_attrib-name_attrib-gen-attrib $-1 -1 $-1 $-1 $1493 2 1 1 1 1 1 1 1 1 1 1 1 1 1 0 1 1 1 @3 pid 359 #
point $-1 -1 -1 $-1 35.708966513777597 73.835163568507099 2.13563054585142 #
coedge $-1 -1 -1 $-1 $1570 $1498 $-1 $1571 forward $20 $1572 #
edge $1573 -1 -1 $-1 $1538 -1.1008553598473261 $1574 -1.0857737336616031 $1498 $1575 forward @7 unknown T -35.662183301909408 73.906184668772639 2.177541438978936 -35.654072922669918 73.917887677602693 2.1849070743328509 #
pcurve $-1 -1 -1 $-1 0 forward { exppc nubs 1 open 2 
	-1.1008553598473261 1 -1.0857737336616031 1 
	0.91957392560826112 -74.761887743105646 
	0.91983543243243227 -74.752184601241709 
	0.001 
	-1 
	spline forward { ref 1 } I I I I 
	} 0 0 #
name_attrib-gen-attrib $-1 -1 $1576 $-1 $1499 2 1 1 1 1 1 1 1 1 1 1 1 1 1 0 1 1 1 @3 eif #
tvertex-vertex $1577 -1 -1 $-1 $1499 $1578 0.00055465438995346212 #
intcurve-curve $-1 -1 -1 $-1 forward { parcur summary 3 2 -0.56340772838756403 -0.55074354900261924 0.001 OPEN 
	spline forward { ref 1 } I I I I 
	null_surface 
	nubs 1 open 2 
	-0.56340772838756403 1 -0.55074354900261924 1 
	0.91930452167297749 -74.77141747455218 
	0.91958504553452758 -74.76216912620302 
	
	nullbs 
	-1 
	-1 
	I I 
	0 
	0 
	0 
	
	-1 
	none F surf1 } I I #
integer_attrib-name_attrib-gen-attrib $-1 -1 $-1 $1501 $1463 2 1 1 1 1 1 1 1 1 1 1 1 1 1 0 1 1 1 @3 pid 46 #
integer_attrib-name_attrib-gen-attrib $-1 -1 $-1 $-1 $1502 2 1 1 1 1 1 1 1 1 1 1 1 1 1 0 1 1 1 @3 pid 47 #
point $-1 -1 -1 $-1 -35.648818839451103 73.926487461651604 2.1893709923618201 #
coedge $-1 -1 -1 $-1 $1507 $1579 $-1 $1580 forward $20 $1581 #
edge $1582 -1 -1 $-1 $1583 0.62787168766761214 $1547 1.0993683218367378 $1507 $1584 reversed @7 unknown T -35.19378826323927 -78.413019526248746 2.5221467281775261 -34.88764447665266 -78.081146684656545 2.6904217549537033 #
pcurve $-1 -1 -1 $-1 0 forward { exppc nubs 2 open 7 
	0.62787168766761214 2 0.70645446002913304 2 0.78503723239065404 2 0.86362000475217493 2 0.94220277711369593 2 
	1.0207855494752169 2 1.0993683218367378 2 
	0.8903230626014631 77.567019526248743 
	0.8911824872984474 77.540793469237684 
	0.89211796311378566 77.512382715669332 
	0.89297310348040437 77.486411779998761 
	0.89392562469525505 77.457588344232448 
	0.89476728903500158 77.432119454241985 
	0.89574619846175019 77.402571862870616 
	0.89663426611621855 77.37576625711921 
	0.89757527379921453 77.347401735947557 
	0.89850736612422399 77.319305947819529 
	0.89940603443330525 77.29225737083118 
	0.900336804442325 77.264242580508125 
	0.90123851843745428 77.237146684656551 
	0.001 
	-1 
	spline forward { ref 1 } I I I I 
	} 0 0 #
name_attrib-gen-attrib $-1 -1 $1585 $-1 $1508 2 1 1 1 1 1 1 1 1 1 1 1 1 1 0 1 1 1 @3 eif #
tvertex-vertex $1586 -1 -1 $-1 $1544 $1587 0.00013052726196140287 #
intcurve-curve $-1 -1 -1 $-1 forward { parcur summary 3 3 -1.1023242869130301 -0.87250528520425397 -0.62535165741502285 0.001 OPEN 
	spline forward { ref 1 } I I I I 
	null_surface 
	nubs 2 open 7 
	-1.1023242869130301 2 -1.0228288486633623 2 -0.94333341041369434 2 -0.86383797216402647 2 -0.7843425339143586 2 
	-0.70484709566469073 2 -0.62535165741502285 2 
	0.91202556854870631 76.890888807013624 
	0.91114003032055291 76.919201071355246 
	0.91021508060142464 76.948806854399578 
	0.90933472406878146 76.976985299099198 
	0.90840644945312887 77.006726340159872 
	0.90747254873086858 77.036647636349727 
	0.90659970362359754 77.064637171763735 
	0.90561092641883867 77.096344303256899 
	0.9048009511066385 77.122368167050467 
	0.90384807756091956 77.152983237648613 
	0.90301417659623839 77.179859073930714 
	0.90208287295837641 77.209874105883969 
	0.90123933436722814 77.237178575541094 
	
	nullbs 
	-1 
	-1 
	I I 
	5 -1.0228288486633623 -0.94333341041369434 -0.86383797216402647 -0.7843425339143586 -0.70484709566469073 
	0 
	1 -0.76029130038525328 
	
	-1 
	none F surf1 } I I #
integer_attrib-name_attrib-gen-attrib $-1 -1 $-1 $1510 $1472 2 1 1 1 1 1 1 1 1 1 1 1 1 1 0 1 1 1 @3 pid 166 #
integer_attrib-name_attrib-gen-attrib $-1 -1 $-1 $-1 $1511 2 1 1 1 1 1 1 1 1 1 1 1 1 1 0 1 1 1 @3 pid 166 #
point $-1 -1 -1 $-1 -35.472721811056097 -77.735977478337205 2.3324338036847898 #
coedge $-1 -1 -1 $-1 $1588 $1516 $-1 $1589 forward $30 $1590 #
edge $1591 -1 -1 $-1 $1556 0.56661821208319818 $1592 1.1105001846233939 $1516 $1593 reversed @7 unknown T 35.964516865664933 -76.962142320247096 1.6488620946515218 36.142373744038402 -76.579264193394124 1.8730864629626269 #
pcurve $-1 -1 -1 $-1 0 forward { exppc nubs 2 open 7 
	0.56661821208319818 2 0.65726520750656403 2 0.7479122029299301 2 0.83855919835329606 2 0.92920619377666203 2 
	1.019853189200028 2 1.1105001846233939 2 
	0.94296122520638503 -73.735264156673253 
	0.94216106418906098 -73.768376677375045 
	0.94137239564912933 -73.801013612679228 
	0.94058062048957347 -73.833785089866666 
	0.93980713085708589 -73.865823687102036 
	0.93902829753273265 -73.898083624587827 
	0.9382654599441661 -73.929717987910067 
	0.93749772647444551 -73.961555380146223 
	0.93674743250909842 -73.992720123071749 
	0.93599034470481302 -74.024167059710663 
	0.93525311886084073 -74.054853700555341 
	0.93450752198685993 -74.085888781154736 
	0.93378260838812399 -74.116142328329218 
	0.001 
	-1 
	spline forward { ref 3 } I I I I 
	} 0 0 #
name_attrib-gen-attrib $-1 -1 $1594 $-1 $1517 2 1 1 1 1 1 1 1 1 1 1 1 1 1 0 1 1 1 @3 eif #
tvertex-vertex $1595 -1 -1 $-1 $1517 $1596 0.00055738195730361899 #
intcurve-curve $-1 -1 -1 $-1 forward { parcur summary 3 2 -0.96979457776929423 -0.47891916233344523 0.001 OPEN 
	spline forward { ref 3 } I I I I 
	null_surface 
	nubs 1 open 2 
	-0.96979457776929423 1 -0.47891916233344523 1 
	0.94295639786873475 -73.735196504750206 
	0.95137534322021633 -73.339069676215729 
	
	nullbs 
	-1 
	-1 
	I I 
	0 
	0 
	1 -0.55288925162059699 
	
	-1 
	none F surf1 } I I #
integer_attrib-name_attrib-gen-attrib $-1 -1 $-1 $1519 $1481 2 1 1 1 1 1 1 1 1 1 1 1 1 1 0 1 1 1 @3 pid 239 #
integer_attrib-name_attrib-gen-attrib $-1 -1 $-1 $-1 $1520 2 1 1 1 1 1 1 1 1 1 1 1 1 1 0 1 1 1 @3 pid 239 #
point $-1 -1 -1 $-1 36.284777312087201 -76.184341306635403 1.4325985933158101 #
coedge $-1 -1 -1 $-1 $1525 $1597 $-1 $1598 forward $30 $1599 #
edge $1600 -1 -1 $-1 $1601 -0.89595542366036252 $1565 -0.51105388055583845 $1525 $1602 forward @7 unknown T 35.719893625063136 73.464459257806297 1.919817174992118 35.923382572428942 73.816667111210293 2.1256494234053496 #
pcurve $-1 -1 -1 $-1 0 forward { exppc nubs 2 open 7 
	-0.89595542366036252 2 -0.83180516647627512 2 -0.76765490929218783 2 -0.70350465210810054 2 -0.63935439492401314 2 
	-0.57520413773992574 2 -0.51105388055583845 2 
	0.9316776727021957 76.310459255926318 
	0.93085031970563636 76.341620521166647 
	0.93007572620060464 76.370826304712708 
	0.92926496114074175 76.401395924376317 
	0.92849746730928151 76.430375220642972 
	0.92770109742743556 76.460444828766938 
	0.9269430211957248 76.489119881579811 
	0.92615990062262021 76.518742263671101 
	0.92541253782797073 76.547074165385808 
	0.92464209956905741 76.576280838755778 
	0.92390619196808144 76.604251949923636 
	0.9231482187290232 76.63306175390268 
	0.92242418304987794 76.660667113055908 
	0.001 
	-1 
	spline forward { ref 3 } I I I I 
	} 0 0 #
name_attrib-gen-attrib $-1 -1 $1603 $-1 $1526 2 1 1 1 1 1 1 1 1 1 1 1 1 1 0 1 1 1 @3 eif #
tvertex-vertex $1604 -1 -1 $-1 $1562 $1605 0.00050420550997003764 #
intcurve-curve $-1 -1 -1 $-1 forward { parcur summary 3 2 -0.51105387841124494 -0.49979990491495829 0.001 OPEN 
	spline forward { ref 3 } I I I I 
	null_surface 
	nubs 1 open 2 
	-0.51105387841124494 1 -0.49979990491495829 1 
	0.92242418304987794 76.660667113055908 
	0.92216671765578517 76.670486515970524 
	
	nullbs 
	-1 
	-1 
	I I 
	0 
	0 
	0 
	
	-1 
	none F surf1 } I I #
integer_attrib-name_attrib-gen-attrib $-1 -1 $-1 $1528 $1490 2 1 1 1 1 1 1 1 1 1 1 1 1 1 0 1 1 1 @3 pid 359 #
integer_attrib-name_attrib-gen-attrib $-1 -1 $-1 $-1 $1529 2 1 1 1 1 1 1 1 1 1 1 1 1 1 0 1 1 1 @3 pid 358 #
point $-1 -1 -1 $-1 35.715298044195599 73.825795347813596 2.12981493451458 #
coedge $-1 -1 -1 $-1 $1606 $1534 $-1 $1607 forward $20 $1608 #
edge $1609 -1 -1 $-1 $1574 -1.0857736286965993 $1610 -0.56999620066925494 $1534 $1611 forward @7 unknown T -35.872155895724703 73.560246231695785 1.9751607679956191 -35.660183344386461 73.908184601241715 2.1795414015849479 #
pcurve $-1 -1 -1 $-1 0 forward { imppc forward { parcur summary 3 2 -1.0857736286965993 -0.56999620066925494 0.001 OPEN 
	spline forward { ref 1 } I I I I 
	null_surface 
	nubs 2 open 7 
	-1.0857736286965993 2 -0.9998107240253753 2 -0.91384781935415127 2 -0.82788491468292713 2 -0.7419220100117031 2 
	-0.65595910534047897 2 -0.56999620066925494 2 
	0.91983543243243227 -74.752184601241709 
	0.92056840034283871 -74.724996586157545 
	0.92134069101152538 -74.696443603928245 
	0.92208528923688748 -74.668914461392433 
	0.92287082581934332 -74.639952891873364 
	0.92362680280655574 -74.612081140823051 
	0.92442559762449761 -74.582700131849862 
	0.92519248450358793 -74.554492750217094 
	0.92600479362180743 -74.524672990630563 
	0.92678174415783032 -74.49615123988994 
	0.9276082277380534 -74.465859134988264 
	0.92839372214905325 -74.437069356619929 
	0.92923574082819993 -74.406246231695789 
	
	nullbs 
	-1 
	-1 
	I I 
	5 -0.9998107240253753 -0.91384781935415127 -0.82788491468292713 -0.7419220100117031 -0.65595910534047897 
	0 
	0 
	
	-1 
	none F surf1 } I I surf1 } 0 0 #
name_attrib-gen-attrib $-1 -1 $1612 $-1 $1535 2 1 1 1 1 1 1 1 1 1 1 1 1 1 0 1 1 1 @3 eif #
tvertex-vertex $1613 -1 -1 $-1 $1535 $1614 0.00057135199673778801 #
intcurve-curve $-1 -1 -1 $-1 forward { parcur summary 3 2 -1.1008554616601902 -1.0857736286965993 0.001 OPEN 
	spline forward { ref 1 } I I I I 
	null_surface 
	nubs 1 open 2 
	-1.1008554616601902 1 -1.0857736286965993 1 
	0.91957392560826112 -74.761887743105646 
	0.91983543243243227 -74.752184601241709 
	
	nullbs 
	-1 
	-1 
	I I 
	0 
	0 
	0 
	
	-1 
	none F surf1 } I I #
integer_attrib-name_attrib-gen-attrib $-1 -1 $-1 $1537 $1499 2 1 1 1 1 1 1 1 1 1 1 1 1 1 0 1 1 1 @3 pid 47 #
integer_attrib-name_attrib-gen-attrib $-1 -1 $-1 $-1 $1538 2 1 1 1 1 1 1 1 1 1 1 1 1 1 0 1 1 1 @3 pid 48 #
point $-1 -1 -1 $-1 -35.655392674141197 73.917243962662496 2.18362696463101 #
coedge $-1 -1 -1 $-1 $1543 $1615 $-1 $1616 forward $20 $1617 #
edge $1618 -1 -1 $-1 $1619 0.6181198278298089 $1583 1.0807458355854391 $1543 $1620 reversed @7 unknown T -34.889619490236001 -78.715260670171759 2.6884339131956199 -34.559352390422298 -78.410979773885103 2.831711766561035 #
pcurve $-1 -1 -1 $-1 0 forward { exppc nubs 1 open 2 
	0.6181198278298089 1 1.0807458355854389 1 
	0.8792396375566307 77.869260915270416 
	0.89032220526164119 77.56697946586192 
	0.001 
	-1 
	spline forward { ref 1 } I I I I 
	} 0 0 #
name_attrib-gen-attrib $-1 -1 $1621 $-1 $1544 2 1 1 1 1 1 1 1 1 1 1 1 1 1 0 1 1 1 @3 eif #
tvertex-vertex $1622 -1 -1 $-1 $1580 $1623 0.00013146048873353755 #
intcurve-curve $-1 -1 -1 $-1 forward { parcur summary 3 3 -1.0993683218367378 -0.87240180147106305 -0.62787168766761214 0.001 OPEN 
	spline forward { ref 1 } I I I I 
	null_surface 
	nubs 2 open 7 
	-1.0993683218367378 2 -1.0207855494752169 2 -0.94220277711369593 2 -0.86362000475217493 2 -0.78503723239065404 2 
	-0.70645446002913304 2 -0.62787168766761214 2 
	0.90123851843745428 77.237146684656551 
	0.900336804442325 77.264242580508125 
	0.89940603443330525 77.29225737083118 
	0.89850736612422399 77.319305947819529 
	0.89757527379921453 77.347401735947557 
	0.89663426611621855 77.37576625711921 
	0.89574619846175019 77.402571862870616 
	0.89476728903500158 77.432119454241985 
	0.89392562469525505 77.457588344232448 
	0.89297310348040437 77.486411779998761 
	0.89211796311378566 77.512382715669332 
	0.8911824872984474 77.540793469237684 
	0.8903230626014631 77.567019526248743 
	
	nullbs 
	-1 
	-1 
	I I 
	5 -1.0207855494752169 -0.94220277711369593 -0.86362000475217493 -0.78503723239065404 -0.70645446002913304 
	0 
	0 
	
	-1 
	none F surf1 } I I #
integer_attrib-name_attrib-gen-attrib $-1 -1 $-1 $1546 $1508 2 1 1 1 1 1 1 1 1 1 1 1 1 1 0 1 1 1 @3 pid 165 #
integer_attrib-name_attrib-gen-attrib $-1 -1 $-1 $-1 $1547 2 1 1 1 1 1 1 1 1 1 1 1 1 1 0 1 1 1 @3 pid 165 #
point $-1 -1 -1 $-1 -35.192865045166002 -78.082241223976396 2.5230997790684202 #
coedge $-1 -1 -1 $-1 $1624 $1552 $-1 $1625 forward $30 $1626 #
edge $1627 -1 -1 $-1 $1592 0.61990231906835813 $1628 1.1656767443610363 $1552 $1629 reversed @7 unknown T 35.753843585766376 -77.330308712279432 1.8709037112915698 35.966675302587397 -76.96032133686434 2.0937780217949795 #
pcurve $-1 -1 -1 $-1 0 forward { exppc nubs 2 open 7 
	0.61990231906835813 2 0.71086472328380457 2 0.80182712749925089 2 0.89278953171469722 2 0.98375193593014365 2 
	1.0747143401455899 2 1.1656767443610363 2 
	0.93379043388974492 -74.11632133686436 
	0.93293253282080624 -74.148229026406767 
	0.93208621137383962 -74.179706038104982 
	0.93113558785513162 -74.215066851122756 
	0.93040556747424108 -74.242240271549406 
	0.92951124273131858 -74.275529564399733 
	0.92874876777883275 -74.303945846443355 
	0.92788449507452553 -74.33615597589683 
	0.92711610599102212 -74.364844572032538 
	0.92627382353905041 -74.39629205302333 
	0.92550790351048939 -74.424958257562679 
	0.92468417162868399 -74.455788195059526 
	0.9239245089152095 -74.484308712279429 
	0.001 
	-1 
	spline forward { ref 3 } I I I I 
	} 0 0 #
name_attrib-gen-attrib $-1 -1 $1630 $-1 $1553 2 1 1 1 1 1 1 1 1 1 1 1 1 1 0 1 1 1 @3 eif #
tvertex-vertex $1631 -1 -1 $-1 $1553 $1632 0.00030253625505322355 #
intcurve-curve $-1 -1 -1 $-1 forward { parcur summary 3 2 -1.110500196731389 -0.56661816182069225 0.001 OPEN 
	spline forward { ref 3 } I I I I 
	null_surface 
	nubs 2 open 7 
	-1.110500196731389 2 -1.0198531909129396 2 -0.92920618509449004 2 -0.83855917927604062 2 -0.7479121734575912 2 
	-0.65726516763914167 2 -0.56661816182069225 2 
	0.93378260838812399 -74.116142328329218 
	0.93450752198685993 -74.085888781154736 
	0.93525311886084073 -74.054853700555341 
	0.93599034470481302 -74.024167059710663 
	0.93674743250909842 -73.992720123071749 
	0.93749772647444551 -73.961555380146223 
	0.9382654599441661 -73.929717987910067 
	0.93902829753273265 -73.898083624587827 
	0.93980713085708589 -73.865823687102036 
	0.94058062048957347 -73.833785089866666 
	0.94137239564912933 -73.801013612679228 
	0.94216106418906098 -73.768376677375045 
	0.94296122520638503 -73.735264156673253 
	
	nullbs 
	-1 
	-1 
	I I 
	5 -1.0198531909129396 -0.92920618509449004 -0.83855917927604062 -0.7479121734575912 -0.65726516763914167 
	0 
	1 -1.050394096967743 
	
	-1 
	none F surf1 } I I #
integer_attrib-name_attrib-gen-attrib $-1 -1 $-1 $1555 $1517 2 1 1 1 1 1 1 1 1 1 1 1 1 1 0 1 1 1 @3 pid 240 #
integer_attrib-name_attrib-gen-attrib $-1 -1 $-1 $-1 $1556 2 1 1 1 1 1 1 1 1 1 1 1 1 1 0 1 1 1 @3 pid 240 #
point $-1 -1 -1 $-1 36.141559495790297 -76.580501232181604 1.64960438048608 #
coedge $-1 -1 -1 $-1 $1561 $1633 $-1 $1634 forward $30 $1635 #
edge $1636 -1 -1 $-1 $1637 -0.90614327059468291 $1601 -0.89595543941695976 $1561 $1638 forward @7 unknown T 35.921382580681723 73.454796029868675 1.9139229685949291 35.928695235588705 73.466492255098657 1.9218171658589316 #
pcurve $-1 -1 -1 $-1 0 forward { exppc nubs 1 open 2 
	-0.90614327059468291 1 -0.89595543941695976 1 
	0.93193425460019075 76.300796009075881 
	0.9316776727021957 76.310459255926318 
	0.001 
	-1 
	spline forward { ref 3 } I I I I 
	} 0 0 #
name_attrib-gen-attrib $-1 -1 $1639 $-1 $1562 2 1 1 1 1 1 1 1 1 1 1 1 1 1 0 1 1 1 @3 eif #
tvertex-vertex $1640 -1 -1 $-1 $1598 $1641 0.00063195334265762405 #
intcurve-curve $-1 -1 -1 $-1 forward { parcur summary 3 2 -0.89595542559537655 -0.51105387841124494 0.001 OPEN 
	spline forward { ref 3 } I I I I 
	null_surface 
	nubs 2 open 7 
	-0.89595542559537655 2 -0.8318051677313546 2 -0.76765490986733276 2 -0.7035046520033108 2 -0.63935439413928885 2 
	-0.5752041362752669 2 -0.51105387841124494 2 
	0.9316776727021957 76.310459255926318 
	0.93085031970563636 76.341620521166647 
	0.93007572620060464 76.370826304712708 
	0.92926496114074175 76.401395924376317 
	0.92849746730928151 76.430375220642972 
	0.92770109742743556 76.460444828766938 
	0.9269430211957248 76.489119881579811 
	0.92615990062262021 76.518742263671101 
	0.92541253782797073 76.547074165385808 
	0.92464209956905741 76.576280838755778 
	0.92390619196808144 76.604251949923636 
	0.9231482187290232 76.63306175390268 
	0.92242418304987794 76.660667113055908 
	
	nullbs 
	-1 
	-1 
	I I 
	5 -0.8318051677313546 -0.76765490986733276 -0.7035046520033108 -0.63935439413928885 -0.5752041362752669 
	0 
	0 
	
	-1 
	none F surf1 } I I #
integer_attrib-name_attrib-gen-attrib $-1 -1 $-1 $1564 $1526 2 1 1 1 1 1 1 1 1 1 1 1 1 1 0 1 1 1 @3 pid 358 #
integer_attrib-name_attrib-gen-attrib $-1 -1 $-1 $-1 $1565 2 1 1 1 1 1 1 1 1 1 1 1 1 1 0 1 1 1 @3 pid 357 #
point $-1 -1 -1 $-1 35.721180568705996 73.815985499529503 2.1243838760078999 #
coedge $-1 -1 -1 $-1 $1642 $1570 $-1 $1643 forward $20 $1644 #
edge $1645 -1 -1 $-1 $1610 -0.5699961711984739 $1646 -0.55624154099412648 $1570 $1647 forward @7 unknown T -35.877720907266472 73.550632775204548 1.969270429610706 -35.870067888154516 73.562420217120305 1.977269554257544 #
pcurve $-1 -1 -1 $-1 0 forward { exppc nubs 1 open 2 
	-0.5699961711984739 1 -0.55624154099412648 1 
	0.92923574082819993 -74.406246231695789 
	0.92949838028906462 -74.396632750611957 
	0.001 
	-1 
	spline forward { ref 1 } I I I I 
	} 0 0 #
name_attrib-gen-attrib $-1 -1 $1648 $-1 $1571 2 1 1 1 1 1 1 1 1 1 1 1 1 1 0 1 1 1 @3 eif #
tvertex-vertex $1649 -1 -1 $-1 $1571 $1650 0.00071336900160079225 #
intcurve-curve $-1 -1 -1 $-1 forward { ref 348 } I I #
integer_attrib-name_attrib-gen-attrib $-1 -1 $-1 $1573 $1535 2 1 1 1 1 1 1 1 1 1 1 1 1 1 0 1 1 1 @3 pid 48 #
integer_attrib-name_attrib-gen-attrib $-1 -1 $-1 $-1 $1574 2 1 1 1 1 1 1 1 1 1 1 1 1 1 0 1 1 1 @3 pid 49 #
point $-1 -1 -1 $-1 -35.661511977357698 73.907551646681696 2.1782520555647999 #
coedge $-1 -1 -1 $-1 $1579 $1651 $-1 $1652 forward $20 $1653 #
edge $1654 -1 -1 $-1 $1655 0.55724600297069393 $1619 1.01382115452466 $1579 $1656 reversed @7 unknown T -34.561335547087275 -78.982592266258436 2.8297181343696747 -34.203666007097787 -78.71322627065237 2.9486440889696981 #
pcurve $-1 -1 -1 $-1 0 forward { exppc nubs 2 open 7 
	0.55724600297069393 2 0.63334186156302164 2 0.70943772015534923 2 0.78553357874767693 2 0.86162943734000463 2 
	0.93772529593233245 2 1.01382115452466 2 
	0.86785615010320383 78.136592266258418 
	0.86876434355656817 78.114976223664073 
	0.86973268911392632 78.092062571570182 
	0.87064060057735038 78.07057895216731 
	0.87161885470964984 78.047542293975397 
	0.87252336859614099 78.026242126109977 
	0.87351394248067271 78.003004355017623 
	0.87438819864055373 77.982495269489064 
	0.87541680214976314 77.958427849166952 
	0.87639351555539613 77.935574561329787 
	0.87732524853561678 77.913829131461426 
	0.87830167587636554 77.89104059363919 
	0.87923909337083395 77.869226270652376 
	0.001 
	-1 
	spline forward { ref 1 } I I I I 
	} 0 0 #
name_attrib-gen-attrib $-1 -1 $1657 $-1 $1580 2 1 1 1 1 1 1 1 1 1 1 1 1 1 0 1 1 1 @3 eif #
tvertex-vertex $1658 -1 -1 $-1 $1616 $1659 0.00010807637676356064 #
intcurve-curve $-1 -1 -1 $-1 forward { parcur summary 3 3 -1.0807463069997372 -0.86021652644361701 -0.61811945271839519 0.001 OPEN 
	spline forward { ref 1 } I I I I 
	null_surface 
	nubs 1 open 2 
	-1.0807463069997372 1 -0.61811945271839519 1 
	0.89032220526164119 77.56697946586192 
	0.8792396375566307 77.869260915270416 
	
	nullbs 
	-1 
	-1 
	I I 
	0 
	0 
	1 -1.0241164450722788 
	
	-1 
	none F surf1 } I I #
integer_attrib-name_attrib-gen-attrib $-1 -1 $-1 $1582 $1544 2 1 1 1 1 1 1 1 1 1 1 1 1 1 0 1 1 1 @3 pid 164 #
integer_attrib-name_attrib-gen-attrib $-1 -1 $-1 $-1 $1583 2 1 1 1 1 1 1 1 1 1 1 1 1 1 0 1 1 1 @3 pid 164 #
point $-1 -1 -1 $-1 -34.888696184730897 -78.412079809108604 2.6893965933803599 #
coedge $-1 -1 -1 $-1 $1660 $1588 $-1 $1661 forward $30 $1662 #
edge $1663 -1 -1 $-1 $1628 0.6107690057602837 $1664 1.0939934985493256 $1588 $1665 reversed @7 unknown T 35.508285107937965 -77.687774398674776 2.0918278766098699 35.755791239514458 -77.328242303943071 2.3053522398388657 #
pcurve $-1 -1 -1 $-1 0 forward { exppc nubs 2 open 7 
	0.6107690057602837 2 0.69130642122512409 2 0.77184383668996437 2 0.85238125215480465 2 0.93291866761964504 2 
	1.0134560830844852 2 1.0939934985493256 2 
	0.92392217895952944 -74.484242303943091 
	0.92307296589198451 -74.513307104902353 
	0.92217602652170383 -74.544024595445237 
	0.92133280436134901 -74.572902432216608 
	0.92043097186316403 -74.603803524488683 
	0.91951865154981305 -74.635063979434932 
	0.91868706063459504 -74.663571230435792 
	0.91770132874827737 -74.697362492208214 
	0.91694945956191354 -74.72317341436225 
	0.91601936216414592 -74.75510273393968 
	0.91522179428254491 -74.782552673891274 
	0.91431624926851229 -74.813718869058931 
	0.91350411571492363 -74.841774398674801 
	0.001 
	-1 
	spline forward { ref 3 } I I I I 
	} 0 0 #
name_attrib-gen-attrib $-1 -1 $1666 $-1 $1589 2 1 1 1 1 1 1 1 1 1 1 1 1 1 0 1 1 1 @3 eif #
tvertex-vertex $1667 -1 -1 $-1 $1589 $1668 0.00011236543126755124 #
intcurve-curve $-1 -1 -1 $-1 forward { parcur summary 3 2 -1.1656767443610363 -0.61990231906835813 0.001 OPEN 
	spline forward { ref 3 } I I I I 
	null_surface 
	nubs 2 open 7 
	-1.1656767443610363 2 -1.0747143401455899 2 -0.98375193593014365 2 -0.89278953171469722 2 -0.80182712749925089 2 
	-0.71086472328380457 2 -0.61990231906835813 2 
	0.9239245089152095 -74.484308712279429 
	0.92468417162868399 -74.455788195059526 
	0.92550790351048939 -74.424958257562679 
	0.92627382353905041 -74.39629205302333 
	0.92711610599102212 -74.364844572032538 
	0.92788449507452553 -74.33615597589683 
	0.92874876777883275 -74.303945846443355 
	0.92951124273131858 -74.275529564399733 
	0.93040556747424108 -74.242240271549406 
	0.93113558785513162 -74.215066851122756 
	0.93208621137383962 -74.179706038104982 
	0.93293253282080624 -74.148229026406767 
	0.93379043388974492 -74.11632133686436 
	
	nullbs 
	-1 
	-1 
	I I 
	5 -1.0747143401455899 -0.98375193593014365 -0.89278953171469722 -0.80182712749925089 -0.71086472328380457 
	0 
	0 
	
	-1 
	none F surf1 } I I #
integer_attrib-name_attrib-gen-attrib $-1 -1 $-1 $1591 $1553 2 1 1 1 1 1 1 1 1 1 1 1 1 1 0 1 1 1 @3 pid 241 #
integer_attrib-name_attrib-gen-attrib $-1 -1 $-1 $-1 $1592 2 1 1 1 1 1 1 1 1 1 1 1 1 1 0 1 1 1 @3 pid 241 #
point $-1 -1 -1 $-1 35.965676122661897 -76.961322377347798 1.87190276528974 #
coedge $-1 -1 -1 $-1 $1597 $1669 $-1 $1670 forward $30 $1671 #
edge $1672 -1 -1 $-1 $1673 -0.48572903326361427 $1637 -0.47454083372222644 $1597 $1674 forward @7 unknown T 35.926866371934018 73.444952309044098 1.9082763903182309 35.933759768859183 73.457027216963226 1.9157326064170501 #
pcurve $-1 -1 -1 $-1 0 forward { exppc nubs 1 open 2 
	-0.48572903326361427 1 -0.47454083372222644 1 
	0.93217953664293896 76.290952284525972 
	0.93194253085721968 76.301027242708741 
	0.001 
	-1 
	spline forward { ref 3 } I I I I 
	} 0 0 #
name_attrib-gen-attrib $-1 -1 $1675 $-1 $1598 2 1 1 1 1 1 1 1 1 1 1 1 1 1 0 1 1 1 @3 eif #
tvertex-vertex $1676 -1 -1 $-1 $1634 $1677 0.00062129850617215915 #
intcurve-curve $-1 -1 -1 $-1 forward { parcur summary 3 2 -0.9061432925162265 -0.89595542559537655 0.001 OPEN 
	spline forward { ref 3 } I I I I 
	null_surface 
	nubs 1 open 2 
	-0.9061432925162265 1 -0.89595542559537655 1 
	0.93193425460019075 76.300796009075881 
	0.9316776727021957 76.310459255926318 
	
	nullbs 
	-1 
	-1 
	I I 
	0 
	0 
	0 
	
	-1 
	none F surf1 } I I #
integer_attrib-name_attrib-gen-attrib $-1 -1 $-1 $1600 $1562 2 1 1 1 1 1 1 1 1 1 1 1 1 1 0 1 1 1 @3 pid 357 #
integer_attrib-name_attrib-gen-attrib $-1 -1 $-1 $-1 $1601 2 1 1 1 1 1 1 1 1 1 1 1 1 1 0 1 1 1 @3 pid 356 #
point $-1 -1 -1 $-1 35.922709983289302 73.465860301755995 1.9204547789294599 #
coedge $-1 -1 -1 $-1 $1678 $1606 $-1 $1679 forward $20 $1680 #
edge $1681 -1 -1 $-1 $1646 -1.0729728740592395 $1682 -1.0580086122513679 $1606 $1683 forward @7 unknown T -35.882995479730553 73.540855944436586 1.9636801001126902 -35.875845186372743 73.552895495281589 1.9711567695355057 #
pcurve $-1 -1 -1 $-1 0 forward { exppc nubs 1 open 2 
	-1.0729728740592395 1 -1.0580086122513679 1 
	0.92950747880222984 -74.39689552602492 
	0.92975039184199904 -74.386855913422067 
	0.001 
	-1 
	spline forward { ref 1 } I I I I 
	} 0 0 #
name_attrib-gen-attrib $-1 -1 $1684 $-1 $1607 2 1 1 1 1 1 1 1 1 1 1 1 1 1 0 1 1 1 @3 eif #
tvertex-vertex $1685 -1 -1 $-1 $1607 $1686 0.00070149353037385863 #
intcurve-curve $-1 -1 -1 $-1 forward { parcur summary 3 2 -0.56999620066925494 -0.55624150580774745 0.001 OPEN 
	spline forward { ref 1 } I I I I 
	null_surface 
	nubs 1 open 2 
	-0.56999620066925494 1 -0.55624150580774745 1 
	0.92923574082819993 -74.406246231695789 
	0.92949838028906462 -74.396632750611957 
	
	nullbs 
	-1 
	-1 
	I I 
	0 
	0 
	0 
	
	-1 
	none F surf1 } I I #
integer_attrib-name_attrib-gen-attrib $-1 -1 $-1 $1609 $1571 2 1 1 1 1 1 1 1 1 1 1 1 1 1 0 1 1 1 @3 pid 49 #
integer_attrib-name_attrib-gen-attrib $-1 -1 $-1 $-1 $1610 2 1 1 1 1 1 1 1 1 1 1 1 1 1 0 1 1 1 @3 pid 50 #
point $-1 -1 -1 $-1 -35.871442526723101 73.561706848118703 1.9758741369972199 #
coedge $-1 -1 -1 $-1 $1615 $1687 $-1 $1688 forward $20 $1689 #
edge $1690 -1 -1 $-1 $1691 0.46254244082768936 $1655 0.92033019953331385 $1615 $1692 reversed @7 unknown T -34.205664349928057 -79.214479992595557 2.9466445576800391 -33.81549217487941 -78.980577686503324 3.0416969800219569 #
pcurve $-1 -1 -1 $-1 0 forward { exppc nubs 2 open 7 
	0.46254244082768936 2 0.53884040061196015 2 0.61513836039623082 2 0.69143632018050161 2 0.76773427996477239 2 
	0.84403223974904307 2 0.92033019953331385 2 
	0.85601330157206168 78.368479992595553 
	0.8569632494419539 78.349593012147778 
	0.85796366734086038 78.329826958129871 
	0.85891698628341961 78.310991475742611 
	0.85992473659278668 78.291188435255634 
	0.86087945797181975 78.272427452552975 
	0.86189580550593936 78.252547525988462 
	0.86281278556727636 78.234611243694303 
	0.86387600707348267 78.21388915991659 
	0.86489203949644877 78.194086786783359 
	0.86586290674557254 78.175226620467441 
	0.86687915349852207 78.155484907276389 
	0.86785609834682753 78.13657768650333 
	0.001 
	-1 
	spline forward { ref 1 } I I I I 
	} 0 0 #
name_attrib-gen-attrib $-1 -1 $1693 $-1 $1616 2 1 1 1 1 1 1 1 1 1 1 1 1 1 0 1 1 1 @3 eif #
tvertex-vertex $1694 -1 -1 $-1 $1652 $1695 7.537497739679234e-005 #
intcurve-curve $-1 -1 -1 $-1 forward { parcur summary 3 3 -1.01382115452466 -0.81528735542763897 -0.55724600297069393 0.001 OPEN 
	spline forward { ref 1 } I I I I 
	null_surface 
	nubs 2 open 7 
	-1.01382115452466 2 -0.93772529593233245 2 -0.86162943734000463 2 -0.78553357874767693 2 -0.70943772015534923 2 
	-0.63334186156302164 2 -0.55724600297069393 2 
	0.87923909337083395 77.869226270652376 
	0.87830167587636554 77.89104059363919 
	0.87732524853561678 77.913829131461426 
	0.87639351555539613 77.935574561329787 
	0.87541680214976314 77.958427849166952 
	0.87438819864055373 77.982495269489064 
	0.87351394248067271 78.003004355017623 
	0.87252336859614099 78.026242126109977 
	0.87161885470964984 78.047542293975397 
	0.87064060057735038 78.07057895216731 
	0.86973268911392632 78.092062571570182 
	0.86876434355656817 78.114976223664073 
	0.86785615010320383 78.136592266258418 
	
	nullbs 
	-1 
	-1 
	I I 
	5 -0.93772529593233245 -0.86162943734000463 -0.78553357874767693 -0.70943772015534923 -0.63334186156302164 
	0 
	1 -0.79017370707449486 
	
	-1 
	none F surf1 } I I #
integer_attrib-name_attrib-gen-attrib $-1 -1 $-1 $1618 $1580 2 1 1 1 1 1 1 1 1 1 1 1 1 1 0 1 1 1 @3 pid 163 #
integer_attrib-name_attrib-gen-attrib $-1 -1 $-1 $-1 $1619 2 1 1 1 1 1 1 1 1 1 1 1 1 1 0 1 1 1 @3 pid 163 #
point $-1 -1 -1 $-1 -34.560394338199799 -78.714314191463302 2.8306959073746301 #
coedge $-1 -1 -1 $-1 $1696 $1624 $-1 $1697 forward $30 $1698 #
edge $1699 -1 -1 $-1 $1664 0.61698563769899484 $1700 1.1018324947329026 $1624 $1701 reversed @7 unknown T 35.232291263913609 -78.035780077260085 2.3033678566364713 35.510265062659975 -77.685745579517501 2.4989998543539236 #
pcurve $-1 -1 -1 $-1 0 forward { exppc nubs 2 open 7 
	0.61698563769899484 2 0.69779344720464609 2 0.77860125671029745 2 0.8594090662159487 2 0.94021687572159995 2 
	1.0210246852272513 2 1.1018324947329026 2 
	0.91350330192902074 -74.841745579517507 
	0.91261873448030206 -74.870258991934918 
	0.91169865835902331 -74.899949064652418 
	0.91081868655604625 -74.92834500518228 
	0.90989552958824682 -74.958162475293619 
	0.90896193351817645 -74.988317122759042 
	0.90809391540971718 -75.016377718527707 
	0.90710711925481502 -75.04827807606172 
	0.90630034634340262 -75.074409164934011 
	0.90535190219512685 -75.105128934993928 
	0.90451909935055097 -75.132186523809395 
	0.90359004512432606 -75.162371299718984 
	0.90275004291014915 -75.189780077260068 
	0.001 
	-1 
	spline forward { ref 3 } I I I I 
	} 0 0 #
name_attrib-gen-attrib $-1 -1 $1702 $-1 $1625 2 1 1 1 1 1 1 1 1 1 1 1 1 1 0 1 1 1 @3 eif #
tvertex-vertex $1703 -1 -1 $-1 $1625 $1704 0.00012570005147752281 #
intcurve-curve $-1 -1 -1 $-1 forward { parcur summary 3 3 -1.0939934985493256 -0.84466887686298298 -0.6107690057602837 0.001 OPEN 
	spline forward { ref 3 } I I I I 
	null_surface 
	nubs 2 open 7 
	-1.0939934985493256 2 -1.0134560830844852 2 -0.93291866761964504 2 -0.85238125215480465 2 -0.77184383668996437 2 
	-0.69130642122512409 2 -0.6107690057602837 2 
	0.91350411571492363 -74.841774398674801 
	0.91431624926851229 -74.813718869058931 
	0.91522179428254491 -74.782552673891274 
	0.91601936216414592 -74.75510273393968 
	0.91694945956191354 -74.72317341436225 
	0.91770132874827737 -74.697362492208214 
	0.91868706063459504 -74.663571230435792 
	0.91951865154981305 -74.635063979434932 
	0.92043097186316403 -74.603803524488683 
	0.92133280436134901 -74.572902432216608 
	0.92217602652170383 -74.544024595445237 
	0.92307296589198451 -74.513307104902353 
	0.92392217895952944 -74.484242303943091 
	
	nullbs 
	-1 
	-1 
	I I 
	5 -1.0134560830844852 -0.93291866761964504 -0.85238125215480465 -0.77184383668996437 -0.69130642122512409 
	0 
	1 -0.81477790184400556 
	
	-1 
	none F surf1 } I I #
integer_attrib-name_attrib-gen-attrib $-1 -1 $-1 $1627 $1589 2 1 1 1 1 1 1 1 1 1 1 1 1 1 0 1 1 1 @3 pid 242 #
integer_attrib-name_attrib-gen-attrib $-1 -1 $-1 $-1 $1628 2 1 1 1 1 1 1 1 1 1 1 1 1 1 0 1 1 1 @3 pid 242 #
point $-1 -1 -1 $-1 35.7548515236669 -77.329317771267 2.0927704615062099 #
coedge $-1 -1 -1 $-1 $1633 $1705 $-1 $1706 forward $30 $1707 #
edge $1708 -1 -1 $-1 $1709 -0.87506518542026657 $1673 -0.48572906325998777 $1633 $1710 forward @7 unknown T 35.931759781946788 73.078999214870393 1.7016717556399827 36.103466885430656 73.446952282063265 1.9102763756914363 #
pcurve $-1 -1 -1 $-1 0 forward { exppc nubs 2 open 7 
	-0.87506518542026657 2 -0.81017583172688679 2 -0.745286478033507 2 -0.68039712434012711 2 -0.61550777064674744 2 
	-0.55061841695336744 2 -0.48572906325998771 2 
	0.94083678954597594 75.924999211912834 
	0.94004450443124665 75.958392959360907 
	0.93933904398417212 75.988139920175897 
	0.93857463834794397 76.020372406916209 
	0.93786312107466618 76.050398005938646 
	0.93711556323369083 76.081944495147425 
	0.93640910347316875 76.111790877228074 
	0.93567518734360999 76.142797230931023 
	0.93497709120319095 76.172335942071086 
	0.93425680502377739 76.202813585711624 
	0.93356719848565917 76.23205060849476 
	0.93285853473382474 76.262095593730692 
	0.93217953664293896 76.290952284525972 
	0.001 
	-1 
	spline forward { ref 3 } I I I I 
	} 0 0 #
name_attrib-gen-attrib $-1 -1 $1711 $-1 $1634 2 1 1 1 1 1 1 1 1 1 1 1 1 1 0 1 1 1 @3 eif #
tvertex-vertex $1712 -1 -1 $-1 $1670 $1713 0.00028645175878368168 #
intcurve-curve $-1 -1 -1 $-1 forward { parcur summary 3 2 -0.48572906049091413 -0.47454080513167585 0.001 OPEN 
	spline forward { ref 3 } I I I I 
	null_surface 
	nubs 1 open 2 
	-0.48572906049091413 1 -0.47454080513167585 1 
	0.93217953664293896 76.290952284525972 
	0.93194253085721968 76.301027242708741 
	
	nullbs 
	-1 
	-1 
	I I 
	0 
	0 
	0 
	
	-1 
	none F surf1 } I I #
integer_attrib-name_attrib-gen-attrib $-1 -1 $-1 $1636 $1598 2 1 1 1 1 1 1 1 1 1 1 1 1 1 0 1 1 1 @3 pid 356 #
integer_attrib-name_attrib-gen-attrib $-1 -1 $-1 $-1 $1637 2 1 1 1 1 1 1 1 1 1 1 1 1 1 0 1 1 1 @3 pid 355 #
point $-1 -1 -1 $-1 35.928016238694902 73.456190307851401 1.91456587797348 #
coedge $-1 -1 -1 $-1 $1714 $1642 $-1 $1715 forward $20 $1716 #
edge $1717 -1 -1 $-1 $1682 -1.0580085630105152 $1718 -0.54108033099700126 $1642 $1719 forward @7 unknown T -36.060650960088012 73.178793204083135 1.7572462111071774 -35.880995496644054 73.542855911424567 1.965680082084889 #
pcurve $-1 -1 -1 $-1 0 forward { exppc nubs 2 open 7 
	-1.0580085630105152 2 -0.97185385767492949 2 -0.88569915233934393 2 -0.79954444700375815 2 -0.71338974166817248 2 
	-0.62723503633258681 2 -0.54108033099700126 2 
	0.92975039184199904 -74.386855913422067 
	0.93044162841034428 -74.358294548797659 
	0.93116245811693465 -74.328587202989141 
	0.93186456168007892 -74.299651612299542 
	0.93259748356892092 -74.26951025727486 
	0.93330973591775068 -74.24021893545536 
	0.93405533674455654 -74.209608730293212 
	0.93477536174096088 -74.180048525863 
	0.93553590484243709 -74.148866276058328 
	0.93626053344778293 -74.119156519782365 
	0.93703907644249862 -74.087266548584211 
	0.93776225725379381 -74.057644272873574 
	0.93856474234984699 -74.024793201884918 
	0.001 
	-1 
	spline forward { ref 1 } I I I I 
	} 0 0 #
name_attrib-gen-attrib $-1 -1 $1720 $-1 $1643 2 1 1 1 1 1 1 1 1 1 1 1 1 1 0 1 1 1 @3 eif #
tvertex-vertex $1721 -1 -1 $-1 $1643 $1722 0.00032780592940905175 #
intcurve-curve $-1 -1 -1 $-1 forward { parcur summary 3 2 -1.0729729198831186 -1.0580085660232419 0.001 OPEN 
	spline forward { ref 1 } I I I I 
	null_surface 
	nubs 1 open 2 
	-1.0729729198831186 1 -1.0580085660232419 1 
	0.92950747880222984 -74.39689552602492 
	0.92975039184199904 -74.386855913422067 
	
	nullbs 
	-1 
	-1 
	I I 
	0 
	0 
	0 
	
	-1 
	none F surf1 } I I #
integer_attrib-name_attrib-gen-attrib $-1 -1 $-1 $1645 $1607 2 1 1 1 1 1 1 1 1 1 1 1 1 1 0 1 1 1 @3 pid 50 #
integer_attrib-name_attrib-gen-attrib $-1 -1 $-1 $-1 $1646 2 1 1 1 1 1 1 1 1 1 1 1 1 1 0 1 1 1 @3 pid 51 #
point $-1 -1 -1 $-1 -35.8770194137361 73.552085718101196 1.9699719231410799 #
coedge $-1 -1 -1 $-1 $1651 $1723 $-1 $1724 forward $20 $1725 #
edge $1726 -1 -1 $-1 $1727 0.28800161977433969 $1691 0.75701546772932282 $1651 $1728 reversed @7 unknown T -33.81725767127444 -79.419577524172723 3.0397438203958154 -33.397429879562708 -79.211978335903183 3.1099930717261519 #
pcurve $-1 -1 -1 $-1 0 forward { exppc nubs 2 open 7 
	0.28800161977433969 2 0.36617059443350353 2 0.44433956909266736 2 0.52250854375183131 2 0.60067751841099504 2 
	0.67884649307015899 2 0.75701546772932282 2 
	0.84380050340983748 78.573577529170649 
	0.84479688788217677 78.556472695228393 
	0.84580740006483535 78.539236510592247 
	0.84680870371593842 78.522157394770261 
	0.84782567847109935 78.504920678608045 
	0.84883181815902287 78.487867606117874 
	0.84985502563192816 78.47063348898007 
	0.85086596151586891 78.453606065017794 
	0.85189512579803672 78.436378397470293 
	0.85291087890286821 78.419375225961431 
	0.85394565982201764 78.402158859840625 
	0.85496633133469535 78.385177241677667 
	0.85600630451891724 78.367978331853152 
	0.001 
	-1 
	spline forward { ref 1 } I I I I 
	} 0 0 #
name_attrib-gen-attrib $-1 -1 $1729 $-1 $1652 2 1 1 1 1 1 1 1 1 1 1 1 1 1 0 1 1 1 @3 eif #
tvertex-vertex $1730 -1 -1 $-1 $1688 $1731 0.00059839227445185978 #
intcurve-curve $-1 -1 -1 $-1 forward { parcur summary 3 3 -0.92033019953331385 -0.74028635878453797 -0.46254244082768936 0.001 OPEN 
	spline forward { ref 1 } I I I I 
	null_surface 
	nubs 2 open 7 
	-0.92033019953331385 2 -0.84403223974904307 2 -0.76773427996477239 2 -0.69143632018050161 2 -0.61513836039623082 2 
	-0.53884040061196015 2 -0.46254244082768936 2 
	0.86785609834682753 78.13657768650333 
	0.86687915349852207 78.155484907276389 
	0.86586290674557254 78.175226620467441 
	0.86489203949644877 78.194086786783359 
	0.86387600707348267 78.21388915991659 
	0.86281278556727636 78.234611243694303 
	0.86189580550593936 78.252547525988462 
	0.86087945797181975 78.272427452552975 
	0.85992473659278668 78.291188435255634 
	0.85891698628341961 78.310991475742611 
	0.85796366734086038 78.329826958129871 
	0.8569632494419539 78.349593012147778 
	0.85601330157206168 78.368479992595553 
	
	nullbs 
	-1 
	-1 
	I I 
	5 -0.84403223974904307 -0.76773427996477239 -0.69143632018050161 -0.61513836039623082 -0.53884040061196015 
	0 
	1 -0.54647561473510475 
	
	-1 
	none F surf1 } I I #
integer_attrib-name_attrib-gen-attrib $-1 -1 $-1 $1654 $1616 2 1 1 1 1 1 1 1 1 1 1 1 1 1 0 1 1 1 @3 pid 162 #
integer_attrib-name_attrib-gen-attrib $-1 -1 $-1 $-1 $1655 2 1 1 1 1 1 1 1 1 1 1 1 1 1 0 1 1 1 @3 pid 162 #
point $-1 -1 -1 $-1 -34.204700815583301 -78.981642842195299 2.9476342436600098 #
coedge $-1 -1 -1 $-1 $1732 $1660 $-1 $1733 forward $30 $1734 #
edge $1735 -1 -1 $-1 $1700 0.61580956273272136 $1736 1.0937682475065751 $1660 $1737 reversed @7 unknown T 34.931297521366659 -78.368464117041654 2.4970138840926217 35.234269008203782 -78.033748119447068 2.6688262651328598 #
pcurve $-1 -1 -1 $-1 0 forward { exppc nubs 2 open 7 
	0.61580956273272136 2 0.69546934352836365 2 0.77512912432400594 2 0.85478890511964822 2 0.93444868591529051 2 
	1.0141084667109328 2 1.0937682475065751 2 
	0.90274920815518944 -75.189748119447074 
	0.90184924644786923 -75.217064956145947 
	0.90091965360590243 -75.245324669493911 
	0.90002253974264024 -75.272597018708368 
	0.89909151684768407 -75.300939283208677 
	0.89815077727578652 -75.329577343470689 
	0.89726476274883649 -75.35658435519727 
	0.89628359216463027 -75.386491861980375 
	0.89544623494665043 -75.412077710122063 
	0.8944930786706895 -75.44120185356897 
	0.89364038900605891 -75.467349198321656 
	0.89270479279694281 -75.496038834943661 
	0.89184709724975364 -75.522464117041636 
	0.001 
	-1 
	spline forward { ref 3 } I I I I 
	} 0 0 #
name_attrib-gen-attrib $-1 -1 $1738 $-1 $1661 2 1 1 1 1 1 1 1 1 1 1 1 1 1 0 1 1 1 @3 eif #
tvertex-vertex $1739 -1 -1 $-1 $1661 $1740 0.0001302896838868571 #
intcurve-curve $-1 -1 -1 $-1 forward { parcur summary 3 3 -1.1018324947329026 -0.85073205951796604 -0.61698563769899484 0.001 OPEN 
	spline forward { ref 3 } I I I I 
	null_surface 
	nubs 2 open 7 
	-1.1018324947329026 2 -1.0210246852272513 2 -0.94021687572159995 2 -0.8594090662159487 2 -0.77860125671029745 2 
	-0.69779344720464609 2 -0.61698563769899484 2 
	0.90275004291014915 -75.189780077260068 
	0.90359004512432606 -75.162371299718984 
	0.90451909935055097 -75.132186523809395 
	0.90535190219512685 -75.105128934993928 
	0.90630034634340262 -75.074409164934011 
	0.90710711925481502 -75.04827807606172 
	0.90809391540971718 -75.016377718527707 
	0.90896193351817645 -74.988317122759042 
	0.90989552958824682 -74.958162475293619 
	0.91081868655604625 -74.92834500518228 
	0.91169865835902331 -74.899949064652418 
	0.91261873448030206 -74.870258991934918 
	0.91350330192902074 -74.841745579517507 
	
	nullbs 
	-1 
	-1 
	I I 
	5 -1.0210246852272513 -0.94021687572159995 -0.8594090662159487 -0.77860125671029745 -0.69779344720464609 
	0 
	1 -1.03346036484619 
	
	-1 
	none F surf1 } I I #
integer_attrib-name_attrib-gen-attrib $-1 -1 $-1 $1663 $1625 2 1 1 1 1 1 1 1 1 1 1 1 1 1 0 1 1 1 @3 pid 243 #
integer_attrib-name_attrib-gen-attrib $-1 -1 $-1 $-1 $1664 2 1 1 1 1 1 1 1 1 1 1 1 1 1 0 1 1 1 @3 pid 243 #
point $-1 -1 -1 $-1 35.509336284343398 -77.686833038257106 2.3043123684069098 #
coedge $-1 -1 -1 $-1 $1669 $1741 $-1 $1742 forward $30 $1743 #
edge $1744 -1 -1 $-1 $1745 -0.88522142459992481 $1709 -0.87506518829365842 $1669 $1746 forward @7 unknown T 36.101466886733753 73.06903565123767 1.6958356104694539 36.107850237966701 73.080999211912939 1.7036717539091719 #
pcurve $-1 -1 -1 $-1 0 forward { exppc nubs 1 open 2 
	-0.88522142459992481 1 -0.87506518829365842 1 
	0.94107318180548605 75.915035643616008 
	0.94083678954597594 75.924999211912834 
	0.001 
	-1 
	spline forward { ref 3 } I I I I 
	} 0 0 #
name_attrib-gen-attrib $-1 -1 $1747 $-1 $1670 2 1 1 1 1 1 1 1 1 1 1 1 1 1 0 1 1 1 @3 eif #
tvertex-vertex $1748 -1 -1 $-1 $1706 $1749 0.00036784714192310264 #
intcurve-curve $-1 -1 -1 $-1 forward { parcur summary 3 2 -0.87506518829365842 -0.48572906049091413 0.001 OPEN 
	spline forward { ref 3 } I I I I 
	null_surface 
	nubs 2 open 7 
	-0.87506518829365842 2 -0.81017583365986778 2 -0.74528647902607703 2 -0.68039712439228628 2 -0.61550776975849564 2 
	-0.55061841512470477 2 -0.48572906049091413 2 
	0.94083678954597594 75.924999211912834 
	0.94004450443124665 75.958392959360907 
	0.93933904398417212 75.988139920175897 
	0.93857463834794397 76.020372406916209 
	0.93786312107466618 76.050398005938646 
	0.93711556323369083 76.081944495147425 
	0.93640910347316875 76.111790877228074 
	0.93567518734360999 76.142797230931023 
	0.93497709120319095 76.172335942071086 
	0.93425680502377739 76.202813585711624 
	0.93356719848565917 76.23205060849476 
	0.93285853473382474 76.262095593730692 
	0.93217953664293896 76.290952284525972 
	
	nullbs 
	-1 
	-1 
	I I 
	5 -0.81017583365986778 -0.74528647902607703 -0.68039712439228628 -0.61550776975849564 -0.55061841512470477 
	0 
	1 -0.60538245879021613 
	
	-1 
	none F surf1 } I I #
integer_attrib-name_attrib-gen-attrib $-1 -1 $-1 $1672 $1634 2 1 1 1 1 1 1 1 1 1 1 1 1 1 0 1 1 1 @3 pid 355 #
integer_attrib-name_attrib-gen-attrib $-1 -1 $-1 $-1 $1673 2 1 1 1 1 1 1 1 1 1 1 1 1 1 0 1 1 1 @3 pid 354 #
point $-1 -1 -1 $-1 35.932914226093899 73.446120816267296 1.9091037551897501 #
coedge $-1 -1 -1 $-1 $1750 $1678 $-1 $1751 forward $20 $1752 #
edge $1753 -1 -1 $-1 $1718 -0.54108032676476692 $1754 -0.52759150267401989 $1678 $1755 forward @7 unknown T -36.065249268338029 73.168931891912777 1.7513986711445826 -36.058650961575388 73.180793200898179 1.7592462092203147 #
pcurve $-1 -1 -1 $-1 0 forward { exppc nubs 1 open 2 
	-0.54108032676476692 1 -0.52759150267401989 1 
	0.93856474234984699 -74.024793201884918 
	0.93880563913398762 -74.014931882757779 
	0.001 
	-1 
	spline forward { ref 1 } I I I I 
	} 0 0 #
name_attrib-gen-attrib $-1 -1 $1756 $-1 $1679 2 1 1 1 1 1 1 1 1 1 1 1 1 1 0 1 1 1 @3 eif #
tvertex-vertex $1757 -1 -1 $-1 $1679 $1758 0.00042168581427012223 #
intcurve-curve $-1 -1 -1 $-1 forward { parcur summary 3 2 -1.0580085660232419 -0.54108032811449469 0.001 OPEN 
	spline forward { ref 1 } I I I I 
	null_surface 
	nubs 2 open 7 
	-1.0580085660232419 2 -0.9718538597051174 2 -0.8856991533869929 2 -0.79954444706886829 2 -0.71338974075074368 2 
	-0.62723503443261919 2 -0.54108032811449469 2 
	0.92975039184199904 -74.386855913422067 
	0.93044162841034428 -74.358294548797659 
	0.93116245811693465 -74.328587202989141 
	0.93186456168007892 -74.299651612299542 
	0.93259748356892092 -74.26951025727486 
	0.93330973591775068 -74.24021893545536 
	0.93405533674455654 -74.209608730293212 
	0.93477536174096088 -74.180048525863 
	0.93553590484243709 -74.148866276058328 
	0.93626053344778293 -74.119156519782365 
	0.93703907644249862 -74.087266548584211 
	0.93776225725379381 -74.057644272873574 
	0.93856474234984699 -74.024793201884918 
	
	nullbs 
	-1 
	-1 
	I I 
	5 -0.9718538597051174 -0.8856991533869929 -0.79954444706886829 -0.71338974075074368 -0.62723503443261919 
	0 
	1 -0.75835588822982813 
	
	-1 
	none F surf1 } I I #
integer_attrib-name_attrib-gen-attrib $-1 -1 $-1 $1681 $1643 2 1 1 1 1 1 1 1 1 1 1 1 1 1 0 1 1 1 @3 pid 51 #
integer_attrib-name_attrib-gen-attrib $-1 -1 $-1 $-1 $1682 2 1 1 1 1 1 1 1 1 1 1 1 1 1 0 1 1 1 @3 pid 52 #
point $-1 -1 -1 $-1 -35.882175005427598 73.542052426285196 1.9644887310108501 #
coedge $-1 -1 -1 $-1 $1687 $1759 $-1 $1760 forward $20 $1761 #
edge $1762 -1 -1 $-1 $1763 0.18567786047739385 $1727 0.64317976586639081 $1687 $1764 reversed @7 unknown T -33.399476332833473 -79.597739407763441 3.1079870301091264 -32.975090384800957 -79.41764516923584 3.1532043377706258 #
pcurve $-1 -1 -1 $-1 0 forward { exppc nubs 2 open 7 
	0.18567786047739385 2 0.26192817804222662 2 0.33817849560705943 2 0.41442881317189229 2 0.49067913073672509 2 
	0.566929448301558 2 0.64317976586639081 2 
	0.83192797286487097 78.751739408221994 
	0.83290207466194655 78.736885641215309 
	0.83387830397776264 78.722079815886985 
	0.83485795573393973 78.707222084665972 
	0.83584053387517765 78.69240115197826 
	0.83682547283033304 78.677544609436509 
	0.83781433494418345 78.662710885828318 
	0.83880437776063976 78.647859450735638 
	0.8397993763330438 78.633016486769776 
	0.84079445868117841 78.618172273073185 
	0.84179532276654412 78.603325424135306 
	0.84279566405651862 78.58848633036061 
	0.843801833703689 78.573645167257354 
	0.001 
	-1 
	spline forward { ref 1 } I I I I 
	} 0 0 #
name_attrib-gen-attrib $-1 -1 $1765 $-1 $1688 2 1 1 1 1 1 1 1 1 1 1 1 1 1 0 1 1 1 @3 eif #
tvertex-vertex $1766 -1 -1 $-1 $1724 $1767 0.00030027013980074471 #
intcurve-curve $-1 -1 -1 $-1 forward { parcur summary 3 2 -0.75701547693297988 -0.28800160835403088 0.001 OPEN 
	spline forward { ref 1 } I I I I 
	null_surface 
	nubs 2 open 7 
	-0.75701547693297988 2 -0.6788464988364884 2 -0.60067752073999681 2 -0.52250854264350544 2 -0.44433956454701384 2 
	-0.36617058645052236 2 -0.28800160835403088 2 
	0.85600630451891724 78.367978331853152 
	0.85496633133469535 78.385177241677667 
	0.85394565982201764 78.402158859840625 
	0.85291087890286821 78.419375225961431 
	0.85189512579803672 78.436378397470293 
	0.85086596151586891 78.453606065017794 
	0.84985502563192816 78.47063348898007 
	0.84883181815902287 78.487867606117874 
	0.84782567847109935 78.504920678608045 
	0.84680870371593842 78.522157394770261 
	0.84580740006483535 78.539236510592247 
	0.84479688788217677 78.556472695228393 
	0.84380050340983748 78.573577529170649 
	
	nullbs 
	-1 
	-1 
	I I 
	5 -0.6788464988364884 -0.60067752073999681 -0.52250854264350544 -0.44433956454701384 -0.36617058645052236 
	0 
	0 
	
	-1 
	none F surf1 } I I #
integer_attrib-name_attrib-gen-attrib $-1 -1 $-1 $1690 $1652 2 1 1 1 1 1 1 1 1 1 1 1 1 1 0 1 1 1 @3 pid 161 #
integer_attrib-name_attrib-gen-attrib $-1 -1 $-1 $-1 $1691 2 1 1 1 1 1 1 1 1 1 1 1 1 1 0 1 1 1 @3 pid 161 #
point $-1 -1 -1 $-1 -33.816513273634897 -79.213516976890503 3.0406927651880702 #
coedge $-1 -1 -1 $-1 $1768 $1696 $-1 $1769 forward $30 $1770 #
edge $1771 -1 -1 $-1 $1736 0.6102599621562399 $1772 1.0770964444246773 $1696 $1773 reversed @7 unknown T 34.606621859216126 -78.675233632829119 2.6668384751936736 34.933273241600283 -78.366426166428738 2.8135058319651685 #
pcurve $-1 -1 -1 $-1 0 forward { exppc nubs 1 open 2 
	0.6102599621562399 1 1.0770964444246771 1 
	0.89184625678890539 -75.522425865138615 
	0.88079787079714722 -75.829233882745044 
	0.001 
	-1 
	spline forward { ref 3 } I I I I 
	} 0 0 #
name_attrib-gen-attrib $-1 -1 $1774 $-1 $1697 2 1 1 1 1 1 1 1 1 1 1 1 1 1 0 1 1 1 @3 eif #
tvertex-vertex $1775 -1 -1 $-1 $1697 $1776 0.00013150976758492466 #
intcurve-curve $-1 -1 -1 $-1 forward { parcur summary 3 3 -1.0937682475065751 -0.84593709438143105 -0.61580956273272136 0.001 OPEN 
	spline forward { ref 3 } I I I I 
	null_surface 
	nubs 2 open 7 
	-1.0937682475065751 2 -1.0141084667109328 2 -0.93444868591529051 2 -0.85478890511964822 2 -0.77512912432400594 2 
	-0.69546934352836365 2 -0.61580956273272136 2 
	0.89184709724975364 -75.522464117041636 
	0.89270479279694281 -75.496038834943661 
	0.89364038900605891 -75.467349198321656 
	0.8944930786706895 -75.44120185356897 
	0.89544623494665043 -75.412077710122063 
	0.89628359216463027 -75.386491861980375 
	0.89726476274883649 -75.35658435519727 
	0.89815077727578652 -75.329577343470689 
	0.89909151684768407 -75.300939283208677 
	0.90002253974264024 -75.272597018708368 
	0.90091965360590243 -75.245324669493911 
	0.90184924644786923 -75.217064956145947 
	0.90274920815518944 -75.189748119447074 
	
	nullbs 
	-1 
	-1 
	I I 
	5 -1.0141084667109328 -0.93444868591529051 -0.85478890511964822 -0.77512912432400594 -0.69546934352836365 
	0 
	0 
	
	-1 
	none F surf1 } I I #
integer_attrib-name_attrib-gen-attrib $-1 -1 $-1 $1699 $1661 2 1 1 1 1 1 1 1 1 1 1 1 1 1 0 1 1 1 @3 pid 244 #
integer_attrib-name_attrib-gen-attrib $-1 -1 $-1 $-1 $1700 2 1 1 1 1 1 1 1 1 1 1 1 1 1 0 1 1 1 @3 pid 244 #
point $-1 -1 -1 $-1 35.233345464419202 -78.034841963962705 2.4979656860041 #
coedge $-1 -1 -1 $-1 $1705 $1777 $-1 $1778 forward $30 $1779 #
edge $1780 -1 -1 $-1 $1781 -0.4795803075260392 $1745 -0.46723595723017519 $1705 $1782 forward @7 unknown T 36.105785526376913 73.058652845310846 1.6905634730685439 36.11179189311224 73.070990676868334 1.6979219742177396 #
pcurve $-1 -1 -1 $-1 0 forward { exppc nubs 1 open 2 
	-0.4795803075260392 1 -0.46723595723017519 1 
	0.94128637874246213 75.904652807040165 
	0.94106968569122151 75.91499071332278 
	0.001 
	-1 
	spline forward { ref 3 } I I I I 
	} 0 0 #
name_attrib-gen-attrib $-1 -1 $1783 $-1 $1706 2 1 1 1 1 1 1 1 1 1 1 1 1 1 0 1 1 1 @3 eif #
tvertex-vertex $1784 -1 -1 $-1 $1742 $1785 0.00047559038145496155 #
intcurve-curve $-1 -1 -1 $-1 forward { parcur summary 3 2 -0.88522143236888251 -0.87506518829365842 0.001 OPEN 
	spline forward { ref 3 } I I I I 
	null_surface 
	nubs 1 open 2 
	-0.88522143236888251 1 -0.87506518829365842 1 
	0.94107318180548605 75.915035643616008 
	0.94083678954597594 75.924999211912834 
	
	nullbs 
	-1 
	-1 
	I I 
	0 
	0 
	0 
	
	-1 
	none F surf1 } I I #
integer_attrib-name_attrib-gen-attrib $-1 -1 $-1 $1708 $1670 2 1 1 1 1 1 1 1 1 1 1 1 1 1 0 1 1 1 @3 pid 354 #
integer_attrib-name_attrib-gen-attrib $-1 -1 $-1 $-1 $1709 2 1 1 1 1 1 1 1 1 1 1 1 1 1 0 1 1 1 @3 pid 353 #
point $-1 -1 -1 $-1 36.102645356580901 73.080216597108105 1.70243468069179 #
coedge $-1 -1 -1 $-1 $1786 $1714 $-1 $1787 forward $20 $1788 #
edge $1789 -1 -1 $-1 $1754 -0.9737050120475883 $1790 -0.96090728606389642 $1714 $1791 forward @7 unknown T -36.0693802425887 73.158629558064405 1.746121159272265 -36.063168512054254 73.170873501424992 1.7535016114869502 #
pcurve $-1 -1 -1 $-1 0 forward { exppc nubs 1 open 2 
	-0.9737050120475883 1 -0.96090728606389642 1 
	0.93880140094276032 -74.014873548511304 
	0.93902267676247964 -74.004629509483379 
	0.001 
	-1 
	spline forward { ref 1 } I I I I 
	} 0 0 #
name_attrib-gen-attrib $-1 -1 $1792 $-1 $1715 2 1 1 1 1 1 1 1 1 1 1 1 1 1 0 1 1 1 @3 eif #
tvertex-vertex $1793 -1 -1 $-1 $1715 $1794 0.00055480224819802807 #
intcurve-curve $-1 -1 -1 $-1 forward { parcur summary 3 2 -0.54108032811449469 -0.52759149015128193 0.001 OPEN 
	spline forward { ref 1 } I I I I 
	null_surface 
	nubs 1 open 2 
	-0.54108032811449469 1 -0.52759149015128193 1 
	0.93856474234984699 -74.024793201884918 
	0.93880563913398762 -74.014931882757779 
	
	nullbs 
	-1 
	-1 
	I I 
	0 
	0 
	0 
	
	-1 
	none F surf1 } I I #
integer_attrib-name_attrib-gen-attrib $-1 -1 $-1 $1717 $1679 2 1 1 1 1 1 1 1 1 1 1 1 1 1 0 1 1 1 @3 pid 52 #
integer_attrib-name_attrib-gen-attrib $-1 -1 $-1 $-1 $1718 2 1 1 1 1 1 1 1 1 1 1 1 1 1 0 1 1 1 @3 pid 53 #
point $-1 -1 -1 $-1 -36.059859350021497 73.180047152376304 1.75798181968149 #
coedge $-1 -1 -1 $-1 $1723 $1795 $-1 $1796 forward $20 $1797 #
edge $1798 -1 -1 $-1 $1799 0.11030231297270265 $1763 0.54473982215885097 $1723 $1800 reversed @7 unknown T -32.977101411274234 -79.717753186341724 3.1512034828297488 -32.553943881888159 -79.59574751475779 3.1776818942571103 #
pcurve $-1 -1 -1 $-1 0 forward { exppc nubs 2 open 7 
	0.11030231297270265 2 0.18270856450372736 2 0.25511481603475206 2 0.32752106756577681 2 0.39992731909680151 2 
	0.47233357062782627 2 0.54473982215885097 2 
	0.82047097163769289 78.871753186341721 
	0.82141327528308061 78.861740715813312 
	0.82235196194989146 78.851812487328544 
	0.82330052773622464 78.841779770137038 
	0.82424554605622158 78.831831555157606 
	0.82519991680265337 78.82178488711466 
	0.82615085517389997 78.811822490821925 
	0.82711058457355002 78.801767996332842 
	0.82806700980355574 78.791797395314688 
	0.82903166632866876 78.78174098418117 
	0.82999311863731484 78.771768369628944 
	0.83096228547493156 78.761715736522248 
	0.83192827753319265 78.751747514757795 
	0.001 
	-1 
	spline forward { ref 1 } I I I I 
	} 0 0 #
name_attrib-gen-attrib $-1 -1 $1801 $-1 $1724 2 1 1 1 1 1 1 1 1 1 1 1 1 1 0 1 1 1 @3 eif #
tvertex-vertex $1802 -1 -1 $-1 $1760 $1803 6.9934502118689819e-005 #
intcurve-curve $-1 -1 -1 $-1 forward { parcur summary 3 2 -0.64317977094887213 -0.18567785930037894 0.001 OPEN 
	spline forward { ref 1 } I I I I 
	null_surface 
	nubs 2 open 7 
	-0.64317977094887213 2 -0.56692945234078995 2 -0.49067913373270772 2 -0.41442881512462554 2 -0.3381784965165433 2 
	-0.26192817790846112 2 -0.18567785930037894 2 
	0.843801833703689 78.573645167257354 
	0.84279566405651862 78.58848633036061 
	0.84179532276654412 78.603325424135306 
	0.84079445868117841 78.618172273073185 
	0.8397993763330438 78.633016486769776 
	0.83880437776063976 78.647859450735638 
	0.83781433494418345 78.662710885828318 
	0.83682547283033304 78.677544609436509 
	0.83584053387517765 78.69240115197826 
	0.83485795573393973 78.707222084665972 
	0.83387830397776264 78.722079815886985 
	0.83290207466194655 78.736885641215309 
	0.83192797286487097 78.751739408221994 
	
	nullbs 
	-1 
	-1 
	I I 
	5 -0.56692945234078995 -0.49067913373270772 -0.41442881512462554 -0.3381784965165433 -0.26192817790846112 
	0 
	1 -0.59527595834632563 
	
	-1 
	none F surf1 } I I #
integer_attrib-name_attrib-gen-attrib $-1 -1 $-1 $1726 $1688 2 1 1 1 1 1 1 1 1 1 1 1 1 1 0 1 1 1 @3 pid 160 #
integer_attrib-name_attrib-gen-attrib $-1 -1 $-1 $-1 $1727 2 1 1 1 1 1 1 1 1 1 1 1 1 1 0 1 1 1 @3 pid 160 #
point $-1 -1 -1 $-1 -33.398560327227798 -79.418847445827296 3.1089761051732401 #
coedge $-1 -1 -1 $-1 $1804 $1732 $-1 $1805 forward $30 $1806 #
edge $1807 -1 -1 $-1 $1772 0.5892511340425064 $1808 1.0478219370074602 $1732 $1809 reversed @7 unknown T 34.254888941927319 -78.947577958848797 2.811513113738958 34.608603297776249 -78.673197409423807 2.9338385975930303 #
pcurve $-1 -1 -1 $-1 0 forward { exppc nubs 2 open 7 
	0.5892511340425064 2 0.66567960120333203 2 0.74210806836415766 2 0.81853653552498329 2 0.89496500268580892 2 
	0.97139346984663466 2 1.0478219370074602 2 
	0.8807972656171279 -75.829197409423799 
	0.87986350196969565 -75.851431911857702 
	0.87889216208718679 -75.874626622685042 
	0.8779636173649854 -75.896799424100806 
	0.87699185505678823 -75.920061705855787 
	0.87596996545888839 -75.944523946827317 
	0.87509649202639661 -75.965485659348943 
	0.87411008208643248 -75.989157634728755 
	0.87320878557516357 -76.010867627767993 
	0.8722328533367385 -76.034375409989082 
	0.87133011973516417 -76.056222904002439 
	0.87036451302724471 -76.079592020576541 
	0.86946126340420049 -76.101577958848807 
	0.001 
	-1 
	spline forward { ref 3 } I I I I 
	} 0 0 #
name_attrib-gen-attrib $-1 -1 $1810 $-1 $1733 2 1 1 1 1 1 1 1 1 1 1 1 1 1 0 1 1 1 @3 eif #
tvertex-vertex $1811 -1 -1 $-1 $1733 $1812 0.00011237140773505378 #
intcurve-curve $-1 -1 -1 $-1 forward { parcur summary 3 3 -1.0770968246953427 -0.83338899427074398 -0.61025950371490978 0.001 OPEN 
	spline forward { ref 3 } I I I I 
	null_surface 
	nubs 1 open 2 
	-1.0770968246953427 1 -0.61025950371490978 1 
	0.88079787079714722 -75.829233882745044 
	0.89184625678890539 -75.522425865138615 
	
	nullbs 
	-1 
	-1 
	I I 
	0 
	0 
	1 -0.73197867371477132 
	
	-1 
	none F surf1 } I I #
integer_attrib-name_attrib-gen-attrib $-1 -1 $-1 $1735 $1697 2 1 1 1 1 1 1 1 1 1 1 1 1 1 0 1 1 1 @3 pid 245 #
integer_attrib-name_attrib-gen-attrib $-1 -1 $-1 $-1 $1736 2 1 1 1 1 1 1 1 1 1 1 1 1 1 0 1 1 1 @3 pid 245 #
point $-1 -1 -1 $-1 34.932350350832401 -78.367525389569593 2.66779969693156 #
coedge $-1 -1 -1 $-1 $1741 $1813 $-1 $1814 forward $30 $1815 #
edge $1816 -1 -1 $-1 $1817 -0.93268409843469302 $1781 -0.47958142929973485 $1741 $1818 forward @7 unknown T 36.109792259549565 72.677990344795148 1.4864228980974046 36.251980037009766 73.060651903005919 1.6925629818760977 #
pcurve $-1 -1 -1 $-1 0 forward { exppc nubs 1 open 2 
	-0.93268409843469302 1 -0.47958142929973491 1 
	0.94930583159657334 75.523989919251008 
	0.94128637874246213 75.904652807040165 
	0.001 
	-1 
	spline forward { ref 3 } I I I I 
	} 0 0 #
name_attrib-gen-attrib $-1 -1 $1819 $-1 $1742 2 1 1 1 1 1 1 1 1 1 1 1 1 1 0 1 1 1 @3 eif #
tvertex-vertex $1820 -1 -1 $-1 $1778 $1821 0.0004877800820963467 #
intcurve-curve $-1 -1 -1 $-1 forward { parcur summary 3 2 -0.47958035322475578 -0.4672359136999874 0.001 OPEN 
	spline forward { ref 3 } I I I I 
	null_surface 
	nubs 1 open 2 
	-0.47958035322475578 1 -0.4672359136999874 1 
	0.94128637874246213 75.904652807040165 
	0.94106968569122151 75.91499071332278 
	
	nullbs 
	-1 
	-1 
	I I 
	0 
	0 
	0 
	
	-1 
	none F surf1 } I I #
integer_attrib-name_attrib-gen-attrib $-1 -1 $-1 $1744 $1706 2 1 1 1 1 1 1 1 1 1 1 1 1 1 0 1 1 1 @3 pid 353 #
integer_attrib-name_attrib-gen-attrib $-1 -1 $-1 $-1 $1745 2 1 1 1 1 1 1 1 1 1 1 1 1 1 0 1 1 1 @3 pid 352 #
point $-1 -1 -1 $-1 36.1070249262199 73.070249081436501 1.6966024417385499 #
coedge $-1 -1 -1 $-1 $1822 $1750 $-1 $1823 forward $20 $1824 #
edge $1825 -1 -1 $-1 $1790 -0.96090574183929522 $1826 -0.49169401578729333 $1750 $1827 forward @7 unknown T -36.216846463985725 72.781820194523533 1.5408947390700169 -36.067380754465141 73.160628318108436 1.7481205038949428 #
pcurve $-1 -1 -1 $-1 0 forward { exppc nubs 1 open 2 
	-0.96090574183929522 1 -0.49169401578729333 1 
	0.93902267676247964 -74.004629509483379 
	0.9472083019253964 -73.627819570222655 
	0.001 
	-1 
	spline forward { ref 1 } I I I I 
	} 0 0 #
name_attrib-gen-attrib $-1 -1 $1828 $-1 $1751 2 1 1 1 1 1 1 1 1 1 1 1 1 1 0 1 1 1 @3 eif #
tvertex-vertex $1829 -1 -1 $-1 $1751 $1830 0.00056878589011424971 #
intcurve-curve $-1 -1 -1 $-1 forward { parcur summary 3 2 -0.97370507087238289 -0.96090722537178064 0.001 OPEN 
	spline forward { ref 1 } I I I I 
	null_surface 
	nubs 1 open 2 
	-0.97370507087238289 1 -0.96090722537178064 1 
	0.93880140094276032 -74.014873548511304 
	0.93902267676247964 -74.004629509483379 
	
	nullbs 
	-1 
	-1 
	I I 
	0 
	0 
	0 
	
	-1 
	none F surf1 } I I #
integer_attrib-name_attrib-gen-attrib $-1 -1 $-1 $1753 $1715 2 1 1 1 1 1 1 1 1 1 1 1 1 1 0 1 1 1 @3 pid 53 #
integer_attrib-name_attrib-gen-attrib $-1 -1 $-1 $-1 $1754 2 1 1 1 1 1 1 1 1 1 1 1 1 1 0 1 1 1 @3 pid 54 #
point $-1 -1 -1 $-1 -36.064453373620303 73.170181363616607 1.75213845822211 #
coedge $-1 -1 -1 $-1 $1759 $1831 $-1 $1832 forward $20 $1833 #
edge $1834 -1 -1 $-1 $1835 0.058664214978586537 $1799 0.49039779811580209 $1759 $1836 reversed @7 unknown T -32.555946116515969 -79.772314321074958 3.1756818024601601 -32.122701445476324 -79.715757276150612 3.1897940501809154 #
pcurve $-1 -1 -1 $-1 0 forward { exppc nubs 2 open 7 
	0.058664214978586537 2 0.13061981216812246 2 0.20257540935765839 2 0.27453100654719431 2 0.34648660373673024 2 
	0.41844220092626616 2 0.49039779811580209 2 
	0.80906567202152935 78.926314321074955 
	0.81001032372617221 78.921737906408296 
	0.81094057416516974 78.917249257311795 
	0.81188683103695081 78.912683373895334 
	0.81282730646340839 78.908164292103805 
	0.81377891313456829 78.903591723529047 
	0.81472482034574123 78.899066018417159 
	0.81568122680865829 78.894490079501438 
	0.81663202103099763 78.88996102921854 
	0.81759267906571931 78.885384993267024 
	0.81854779956507528 78.880855917474207 
	0.8195121620272906 78.876283017315473 
	0.82047103154055145 78.871757276150618 
	0.001 
	-1 
	spline forward { ref 1 } I I I I 
	} 0 0 #
name_attrib-gen-attrib $-1 -1 $1837 $-1 $1760 2 1 1 1 1 1 1 1 1 1 1 1 1 1 0 1 1 1 @3 eif #
tvertex-vertex $1838 -1 -1 $-1 $1796 $1839 1.1302102624171317e-005 #
intcurve-curve $-1 -1 -1 $-1 forward { parcur summary 3 2 -0.54473982215885097 -0.11030231297270265 0.001 OPEN 
	spline forward { ref 1 } I I I I 
	null_surface 
	nubs 2 open 7 
	-0.54473982215885097 2 -0.47233357062782627 2 -0.39992731909680151 2 -0.32752106756577681 2 -0.25511481603475206 2 
	-0.18270856450372736 2 -0.11030231297270265 2 
	0.83192827753319265 78.751747514757795 
	0.83096228547493156 78.761715736522248 
	0.82999311863731484 78.771768369628944 
	0.82903166632866876 78.78174098418117 
	0.82806700980355574 78.791797395314688 
	0.82711058457355002 78.801767996332842 
	0.82615085517389997 78.811822490821925 
	0.82519991680265337 78.82178488711466 
	0.82424554605622158 78.831831555157606 
	0.82330052773622464 78.841779770137038 
	0.82235196194989146 78.851812487328544 
	0.82141327528308061 78.861740715813312 
	0.82047097163769289 78.871753186341721 
	
	nullbs 
	-1 
	-1 
	I I 
	5 -0.47233357062782627 -0.39992731909680151 -0.32752106756577681 -0.25511481603475206 -0.18270856450372736 
	0 
	0 
	
	-1 
	none F surf1 } I I #
integer_attrib-name_attrib-gen-attrib $-1 -1 $-1 $1762 $1724 2 1 1 1 1 1 1 1 1 1 1 1 1 1 0 1 1 1 @3 pid 159 #
integer_attrib-name_attrib-gen-attrib $-1 -1 $-1 $-1 $1763 2 1 1 1 1 1 1 1 1 1 1 1 1 1 0 1 1 1 @3 pid 159 #
point $-1 -1 -1 $-1 -32.976117386211101 -79.596803885475396 3.1522022441858399 #
coedge $-1 -1 -1 $-1 $1840 $1768 $-1 $1841 forward $30 $1842 #
edge $1843 -1 -1 $-1 $1808 0.54003676028077785 $1844 0.99744138404232308 $1768 $1845 reversed @7 unknown T 33.87178387393034 -79.184221964825198 2.9318384674966209 34.256889382472046 -78.945567558455934 3.0301471357321494 #
pcurve $-1 -1 -1 $-1 0 forward { exppc nubs 2 open 7 
	0.54003676028077785 2 0.61627086424103539 2 0.69250496820129293 2 0.76873907216155046 2 0.844973176121808 2 
	0.92120728008206554 2 0.99744138404232308 2 
	0.86946127725535971 -76.10156755845594 
	0.86849216170691301 -76.120843967157072 
	0.86748251717979674 -76.140997960530072 
	0.86651904800498825 -76.160230225789732 
	0.86550892557576808 -76.180456219137653 
	0.86445589925287392 -76.201541290399405 
	0.86354148896765515 -76.219916802607543 
	0.86253092315648039 -76.240224606117977 
	0.86158343046053254 -76.259352180691351 
	0.8605817329089438 -76.27957401955068 
	0.85963545123041785 -76.298780597669861 
	0.8586418499927948 -76.318947615823902 
	0.85769813173383669 -76.338221964825195 
	0.001 
	-1 
	spline forward { ref 3 } I I I I 
	} 0 0 #
name_attrib-gen-attrib $-1 -1 $1846 $-1 $1769 2 1 1 1 1 1 1 1 1 1 1 1 1 1 0 1 1 1 @3 eif #
tvertex-vertex $1847 -1 -1 $-1 $1769 $1848 7.0353231613934245e-005 #
intcurve-curve $-1 -1 -1 $-1 forward { parcur summary 3 3 -1.0478219370074602 -0.79163761099887497 -0.5892511340425064 0.001 OPEN 
	spline forward { ref 3 } I I I I 
	null_surface 
	nubs 2 open 7 
	-1.0478219370074602 2 -0.97139346984663466 2 -0.89496500268580892 2 -0.81853653552498329 2 -0.74210806836415766 2 
	-0.66567960120333203 2 -0.5892511340425064 2 
	0.86946126340420049 -76.101577958848807 
	0.87036451302724471 -76.079592020576541 
	0.87133011973516417 -76.056222904002439 
	0.8722328533367385 -76.034375409989082 
	0.87320878557516357 -76.010867627767993 
	0.87411008208643248 -75.989157634728755 
	0.87509649202639661 -75.965485659348943 
	0.87596996545888839 -75.944523946827317 
	0.87699185505678823 -75.920061705855787 
	0.8779636173649854 -75.896799424100806 
	0.87889216208718679 -75.874626622685042 
	0.87986350196969565 -75.851431911857702 
	0.8807972656171279 -75.829197409423799 
	
	nullbs 
	-1 
	-1 
	I I 
	5 -0.97139346984663466 -0.89496500268580892 -0.81853653552498329 -0.74210806836415766 -0.66567960120333203 
	0 
	1 -0.87766654416455414 
	
	-1 
	none F surf1 } I I #
integer_attrib-name_attrib-gen-attrib $-1 -1 $-1 $1771 $1733 2 1 1 1 1 1 1 1 1 1 1 1 1 1 0 1 1 1 @3 pid 246 #
integer_attrib-name_attrib-gen-attrib $-1 -1 $-1 $-1 $1772 2 1 1 1 1 1 1 1 1 1 1 1 1 1 0 1 1 1 @3 pid 246 #
point $-1 -1 -1 $-1 34.607665168009298 -78.674288019870403 2.8124888412337801 #
coedge $-1 -1 -1 $-1 $1777 $1849 $-1 $1850 forward $30 $1851 #
edge $1852 -1 -1 $-1 $1853 -0.94458157986728786 $1817 -0.93268460496111771 $1777 $1854 forward @7 unknown T 36.249980184824054 72.667932326847776 1.4808655728079647 36.255476333171998 72.679989919251113 1.488422663687738 #
pcurve $-1 -1 -1 $-1 0 forward { imppc forward { parcur summary 3 2 -0.94458157986728786 -0.93268460496111771 0.001 OPEN 
	spline forward { ref 3 } I I I I 
	null_surface 
	nubs 1 open 2 
	-0.94458157986728786 1 -0.93268460496111771 1 
	0.94951821653041857 75.513932326847666 
	0.94930583159657334 75.523989919251008 
	
	nullbs 
	-1 
	-1 
	I I 
	0 
	0 
	0 
	
	-1 
	none F surf1 } I I surf1 } 0 0 #
name_attrib-gen-attrib $-1 -1 $1855 $-1 $1778 2 1 1 1 1 1 1 1 1 1 1 1 1 1 0 1 1 1 @3 eif #
tvertex-vertex $1856 -1 -1 $-1 $1814 $1857 0.00046913980745030858 #
intcurve-curve $-1 -1 -1 $-1 forward { parcur summary 3 2 -0.93268460496111771 -0.47958035322475578 0.001 OPEN 
	spline forward { ref 3 } I I I I 
	null_surface 
	nubs 1 open 2 
	-0.93268460496111771 1 -0.47958035322475578 1 
	0.94930583159657334 75.523989919251008 
	0.94128637874246213 75.904652807040165 
	
	nullbs 
	-1 
	-1 
	I I 
	0 
	0 
	0 
	
	-1 
	none F surf1 } I I #
integer_attrib-name_attrib-gen-attrib $-1 -1 $-1 $1780 $1742 2 1 1 1 1 1 1 1 1 1 1 1 1 1 0 1 1 1 @3 pid 352 #
integer_attrib-name_attrib-gen-attrib $-1 -1 $-1 $-1 $1781 2 1 1 1 1 1 1 1 1 1 1 1 1 1 0 1 1 1 @3 pid 351 #
point $-1 -1 -1 $-1 36.111036733869 73.059917872685205 1.6912352309274901 #
coedge $-1 -1 -1 $-1 $1858 $1786 $-1 $1859 forward $20 $1860 #
edge $1861 -1 -1 $-1 $1826 -0.49169323635795492 $1862 -0.47913970952837714 $1786 $1863 forward @7 unknown T -36.220600619685428 72.771674351630026 1.535189672156648 -36.214846695299052 72.783819568579759 1.5428943883756918 #
pcurve $-1 -1 -1 $-1 0 forward { exppc nubs 1 open 2 
	-0.49169323635795492 1 -0.47913970952837714 1 
	0.9472083019253964 -73.627819570222655 
	0.94742933359216253 -73.617674349851512 
	0.001 
	-1 
	spline forward { ref 1 } I I I I 
	} 0 0 #
name_attrib-gen-attrib $-1 -1 $1864 $-1 $1787 2 1 1 1 1 1 1 1 1 1 1 1 1 1 0 1 1 1 @3 eif #
tvertex-vertex $1865 -1 -1 $-1 $1787 $1866 0.00055967208420312038 #
intcurve-curve $-1 -1 -1 $-1 forward { parcur summary 3 2 -0.96090722537178064 -0.49169323839086132 0.001 OPEN 
	spline forward { ref 1 } I I I I 
	null_surface 
	nubs 1 open 2 
	-0.96090722537178064 1 -0.49169323839086132 1 
	0.93902267676247964 -74.004629509483379 
	0.9472083019253964 -73.627819570222655 
	
	nullbs 
	-1 
	-1 
	I I 
	0 
	0 
	0 
	
	-1 
	none F surf1 } I I #
integer_attrib-name_attrib-gen-attrib $-1 -1 $-1 $1789 $1751 2 1 1 1 1 1 1 1 1 1 1 1 1 1 0 1 1 1 @3 pid 54 #
integer_attrib-name_attrib-gen-attrib $-1 -1 $-1 $-1 $1790 2 1 1 1 1 1 1 1 1 1 1 1 1 1 0 1 1 1 @3 pid 55 #
point $-1 -1 -1 $-1 -36.068671479115203 73.159945175513798 1.74674821919656 #
coedge $-1 -1 -1 $-1 $1795 $1867 $-1 $1868 forward $20 $1869 #
edge $1870 -1 -1 $-1 $1871 0.0073301160220963224 $1835 0.47504587603606174 $1795 $1872 reversed @7 unknown T -32.124701563468747 -79.77231514478558 3.1877940481572673 -31.651231373383872 -79.767923677332334 3.1942827788905372 #
pcurve $-1 -1 -1 $-1 0 forward { exppc nubs 2 open 7 
	0.0073301160220963224 2 0.085282742691090554 2 0.16323536936008479 2 0.24118799602907903 2 0.31914062269807325 2 
	0.39709324936706752 2 0.47504587603606174 2 
	0.79689437789367035 78.92392367733234 
	0.79790413932910131 78.924124044272247 
	0.7988956816472389 78.924320210931114 
	0.79991228342434306 78.9245213353515 
	0.80091118815973728 78.924718332276029 
	0.80193336547863048 78.924919918854826 
	0.80293843387623254 78.925117463850512 
	0.80396492580906909 78.925319219616512 
	0.80497493789040464 78.925517028137989 
	0.8060044856147337 78.925718662669794 
	0.80701819607533987 78.925916447621859 
	0.80804953483832187 78.92611767203033 
	0.80906567510248795 78.926315144785576 
	0.001 
	-1 
	spline forward { ref 1 } I I I I 
	} 0 0 #
name_attrib-gen-attrib $-1 -1 $1873 $-1 $1796 2 1 1 1 1 1 1 1 1 1 1 1 1 1 0 1 1 1 @3 eif #
vertex $1874 -1 -1 $-1 $1832 $1875 #
intcurve-curve $-1 -1 -1 $-1 forward { parcur summary 3 2 -0.49039779811580209 -0.058664214978586537 0.001 OPEN 
	spline forward { ref 1 } I I I I 
	null_surface 
	nubs 2 open 7 
	-0.49039779811580209 2 -0.41844220092626616 2 -0.34648660373673024 2 -0.27453100654719431 2 -0.20257540935765839 2 
	-0.13061981216812246 2 -0.058664214978586537 2 
	0.82047103154055145 78.871757276150618 
	0.8195121620272906 78.876283017315473 
	0.81854779956507528 78.880855917474207 
	0.81759267906571931 78.885384993267024 
	0.81663202103099763 78.88996102921854 
	0.81568122680865829 78.894490079501438 
	0.81472482034574123 78.899066018417159 
	0.81377891313456829 78.903591723529047 
	0.81282730646340839 78.908164292103805 
	0.81188683103695081 78.912683373895334 
	0.81094057416516974 78.917249257311795 
	0.81001032372617221 78.921737906408296 
	0.80906567202152935 78.926314321074955 
	
	nullbs 
	-1 
	-1 
	I I 
	5 -0.41844220092626616 -0.34648660373673024 -0.27453100654719431 -0.20257540935765839 -0.13061981216812246 
	0 
	1 -0.13026320752611331 
	
	-1 
	none F surf1 } I I #
integer_attrib-name_attrib-gen-attrib $-1 -1 $-1 $1798 $1760 2 1 1 1 1 1 1 1 1 1 1 1 1 1 0 1 1 1 @3 pid 158 #
integer_attrib-name_attrib-gen-attrib $-1 -1 $-1 $-1 $1799 2 1 1 1 1 1 1 1 1 1 1 1 1 1 0 1 1 1 @3 pid 158 #
point $-1 -1 -1 $-1 -32.5549469729647 -79.716764056789998 3.1766817672777501 #
coedge $-1 -1 -1 $-1 $1876 $1804 $-1 $1877 forward $30 $1878 #
edge $1879 -1 -1 $-1 $1844 0.46816748233073041 $1880 0.93591161925189437 $1804 $1881 reversed @7 unknown T 33.45650954647369 -79.392022376183164 3.0281999646769551 33.873533063811571 -79.181693045631533 3.102052275305117 #
pcurve $-1 -1 -1 $-1 0 forward { exppc nubs 2 open 7 
	0.46816748233073041 2 0.54612483848425764 2 0.62408219463778514 2 0.70203955079131242 2 0.7799969069448397 2 
	0.85795426309836709 2 0.93591161925189437 2 
	0.85769060220382076 -76.33769304062308 
	0.85665099631758013 -76.355132302211587 
	0.85563224537718052 -76.372324420010273 
	0.85459786230364965 -76.389780340730425 
	0.8535837930146607 -76.406997661141176 
	0.85255517404190484 -76.424462012568398 
	0.85154562045313054 -76.441708420900696 
	0.85052316047718313 -76.459175311657901 
	0.84951809653388732 -76.476452356173766 
	0.84850207067200678 -76.493917836019108 
	0.84750158428444644 -76.51122512384525 
	0.84649217349885797 -76.52868679370718 
	0.84549644163849869 -76.546022380800068 
	0.001 
	-1 
	spline forward { ref 3 } I I I I 
	} 0 0 #
name_attrib-gen-attrib $-1 -1 $1882 $-1 $1805 2 1 1 1 1 1 1 1 1 1 1 1 1 1 0 1 1 1 @3 eif #
tvertex-vertex $1883 -1 -1 $-1 $1805 $1884 0.00063476706508423233 #
intcurve-curve $-1 -1 -1 $-1 forward { parcur summary 3 3 -0.99744138404232308 -0.71086701295390897 -0.54003676028077785 0.001 OPEN 
	spline forward { ref 3 } I I I I 
	null_surface 
	nubs 2 open 7 
	-0.99744138404232308 2 -0.92120728008206554 2 -0.844973176121808 2 -0.76873907216155046 2 -0.69250496820129293 2 
	-0.61627086424103539 2 -0.54003676028077785 2 
	0.85769813173383669 -76.338221964825195 
	0.8586418499927948 -76.318947615823902 
	0.85963545123041785 -76.298780597669861 
	0.8605817329089438 -76.27957401955068 
	0.86158343046053254 -76.259352180691351 
	0.86253092315648039 -76.240224606117977 
	0.86354148896765515 -76.219916802607543 
	0.86445589925287392 -76.201541290399405 
	0.86550892557576808 -76.180456219137653 
	0.86651904800498825 -76.160230225789732 
	0.86748251717979674 -76.140997960530072 
	0.86849216170691301 -76.120843967157072 
	0.86946127725535971 -76.10156755845594 
	
	nullbs 
	-1 
	-1 
	I I 
	5 -0.92120728008206554 -0.844973176121808 -0.76873907216155046 -0.69250496820129293 -0.61627086424103539 
	0 
	1 -0.97910444368172833 
	
	-1 
	none F surf1 } I I #
integer_attrib-name_attrib-gen-attrib $-1 -1 $-1 $1807 $1769 2 1 1 1 1 1 1 1 1 1 1 1 1 1 0 1 1 1 @3 pid 247 #
integer_attrib-name_attrib-gen-attrib $-1 -1 $-1 $-1 $1808 2 1 1 1 1 1 1 1 1 1 1 1 1 1 0 1 1 1 @3 pid 247 #
point $-1 -1 -1 $-1 34.255924087404701 -78.946627891755199 2.9328282186991999 #
coedge $-1 -1 -1 $-1 $1813 $1885 $-1 $1886 forward $30 $1887 #
edge $1888 -1 -1 $-1 $1889 -0.44216881570235878 $1853 -0.43013271751971216 $1813 $1890 forward @7 unknown T 36.253558504783832 72.6576631978823 1.4756709539427693 36.258729922213561 72.670050911537302 1.4827346538835771 #
pcurve $-1 -1 -1 $-1 0 forward { exppc nubs 1 open 2 
	-0.44216881570235878 1 -0.43013271751971216 1 
	0.94971648673592568 75.503663185584443 
	0.94952321635730219 75.514050923980662 
	0.001 
	-1 
	spline forward { ref 3 } I I I I 
	} 0 0 #
name_attrib-gen-attrib $-1 -1 $1891 $-1 $1814 2 1 1 1 1 1 1 1 1 1 1 1 1 1 0 1 1 1 @3 eif #
tvertex-vertex $1892 -1 -1 $-1 $1850 $1893 0.00045659952994304151 #
intcurve-curve $-1 -1 -1 $-1 forward { ref 402 } I I #
integer_attrib-name_attrib-gen-attrib $-1 -1 $-1 $1816 $1778 2 1 1 1 1 1 1 1 1 1 1 1 1 1 0 1 1 1 @3 pid 351 #
integer_attrib-name_attrib-gen-attrib $-1 -1 $-1 $-1 $1817 2 1 1 1 1 1 1 1 1 1 1 1 1 1 0 1 1 1 @3 pid 350 #
point $-1 -1 -1 $-1 36.251189706592697 72.679246357344795 1.48709035014377 #
coedge $-1 -1 -1 $-1 $1894 $1822 $-1 $1895 forward $20 $1896 #
edge $1897 -1 -1 $-1 $1862 -0.9064864077161594 $1898 -0.89393521422004585 $1822 $1899 forward @7 unknown T -36.224111584985756 72.761327420705925 1.52982978792282 -36.218704496672395 72.773823014593702 1.5370314317169154 #
pcurve $-1 -1 -1 $-1 0 forward { exppc nubs 1 open 2 
	-0.9064864077161594 1 -0.89393521422004585 1 
	0.94743545970063336 -73.617823031431882 
	0.94763670997205074 -73.607327403710286 
	0.001 
	-1 
	spline forward { ref 1 } I I I I 
	} 0 0 #
name_attrib-gen-attrib $-1 -1 $1900 $-1 $1823 2 1 1 1 1 1 1 1 1 1 1 1 1 1 0 1 1 1 @3 eif #
tvertex-vertex $1901 -1 -1 $-1 $1823 $1902 0.00054548849013019978 #
intcurve-curve $-1 -1 -1 $-1 forward { parcur summary 3 2 -0.49169323839086132 -0.47913970732767952 0.001 OPEN 
	spline forward { ref 1 } I I I I 
	null_surface 
	nubs 1 open 2 
	-0.49169323839086132 1 -0.47913970732767952 1 
	0.9472083019253964 -73.627819570222655 
	0.94742933359216253 -73.617674349851512 
	
	nullbs 
	-1 
	-1 
	I I 
	0 
	0 
	0 
	
	-1 
	none F surf1 } I I #
integer_attrib-name_attrib-gen-attrib $-1 -1 $-1 $1825 $1787 2 1 1 1 1 1 1 1 1 1 1 1 1 1 0 1 1 1 @3 pid 55 #
integer_attrib-name_attrib-gen-attrib $-1 -1 $-1 $-1 $1826 2 1 1 1 1 1 1 1 1 1 1 1 1 1 0 1 1 1 @3 pid 56 #
point $-1 -1 -1 $-1 -36.216102305444103 72.783132087696302 1.54150679568049 #
coedge $-1 -1 -1 $-1 $1831 $1903 $-1 $1904 forward $20 $1905 #
edge $1906 -1 -1 $-1 $1907 0.16478816045239861 $1871 0.21478816046349272 $1831 $1908 reversed @7 unknown T -31.653231373372645 -79.819923036443214 3.1922827788905814 -31.65097776162116 -79.767923679635572 3.1942837853549788 #
pcurve $-1 -1 -1 $-1 0 forward { exppc nubs 1 open 2 
	0.16478816045239861 1 0.21478816046349272 1 
	0.79688789590295694 78.97392303644321 
	0.79689437789338324 78.923923679635578 
	0.001 
	-1 
	spline forward { ref 1 } I I I I 
	} 0 0 #
name_attrib-gen-attrib $-1 -1 $1909 $-1 $1832 2 1 1 1 1 1 1 1 1 1 1 1 1 1 0 1 1 1 @3 eif #
vertex $1910 -1 -1 $-1 $1868 $1911 #
intcurve-curve $-1 -1 -1 $-1 forward { parcur summary 3 2 -0.47504587603606174 -0.0073301160220963224 0.001 OPEN 
	spline forward { ref 1 } I I I I 
	null_surface 
	nubs 2 open 7 
	-0.47504587603606174 2 -0.39709324936706752 2 -0.31914062269807325 2 -0.24118799602907903 2 -0.16323536936008479 2 
	-0.085282742691090554 2 -0.0073301160220963224 2 
	0.80906567510248795 78.926315144785576 
	0.80804953483832187 78.92611767203033 
	0.80701819607533987 78.925916447621859 
	0.8060044856147337 78.925718662669794 
	0.80497493789040464 78.925517028137989 
	0.80396492580906909 78.925319219616512 
	0.80293843387623254 78.925117463850512 
	0.80193336547863048 78.924919918854826 
	0.80091118815973728 78.924718332276029 
	0.79991228342434306 78.9245213353515 
	0.7988956816472389 78.924320210931114 
	0.79790413932910131 78.924124044272247 
	0.79689437789367035 78.92392367733234 
	
	nullbs 
	-1 
	-1 
	I I 
	5 -0.39709324936706752 -0.31914062269807325 -0.24118799602907903 -0.16323536936008479 -0.085282742691090554 
	0 
	0 
	
	-1 
	none F surf1 } I I #
integer_attrib-name_attrib-gen-attrib $-1 -1 $-1 $1834 $1796 2 1 1 1 1 1 1 1 1 1 1 1 1 1 0 1 1 1 @3 pid 157 #
integer_attrib-name_attrib-gen-attrib $-1 -1 $-1 $-1 $1835 2 1 1 1 1 1 1 1 1 1 1 1 1 1 0 1 1 1 @3 pid 157 #
point $-1 -1 -1 $-1 -32.123701562934599 -79.771315249881695 3.1887940481664301 #
coedge $-1 -1 -1 $-1 $1912 $1840 $-1 $1913 forward $30 $1914 #
edge $1915 -1 -1 $-1 $1880 0.40000568769558476 $1916 0.86133353736400387 $1840 $1917 reversed @7 unknown T 33.034462941585211 -79.57533848239936 3.1000472824984895 33.45854551264182 -79.390066767289014 3.1484143726350675 #
pcurve $-1 -1 -1 $-1 0 forward { exppc nubs 2 open 7 
	0.40000568769558476 2 0.47689366264032129 2 0.55378163758505794 2 0.63066961252979437 2 0.70755758747453079 2 
	0.78444556241926722 2 0.86133353736400387 2 
	0.84549747729005209 -76.546066765587128 
	0.84448838242583535 -76.561315931661397 
	0.84348395056117187 -76.576581490355878 
	0.84247972856711528 -76.591843859394487 
	0.84148057204193871 -76.6071152702647 
	0.84048173135780724 -76.622381853724789 
	0.83948752015148564 -76.637662982368539 
	0.83849439862322739 -76.652927362548198 
	0.83750497557694881 -76.668219503722227 
	0.83651768109398039 -76.683478746642493 
	0.83553311668805086 -76.698779711380865 
	0.83455165454321967 -76.714032464354261 
	0.83357212060258312 -76.729338482399356 
	0.001 
	-1 
	spline forward { ref 3 } I I I I 
	} 0 0 #
name_attrib-gen-attrib $-1 -1 $1918 $-1 $1841 2 1 1 1 1 1 1 1 1 1 1 1 1 1 0 1 1 1 @3 eif #
tvertex-vertex $1919 -1 -1 $-1 $1841 $1920 0.00029280954402645013 #
intcurve-curve $-1 -1 -1 $-1 forward { parcur summary 3 2 -0.93591162963294383 -0.46816747113619595 0.001 OPEN 
	spline forward { ref 3 } I I I I 
	null_surface 
	nubs 2 open 7 
	-0.93591162963294383 2 -0.85795426988348589 2 -0.77999691013402783 2 -0.70203955038456989 2 -0.62408219063511194 2 
	-0.54612483088565389 2 -0.46816747113619595 2 
	0.84549644163849869 -76.546022380800068 
	0.84649217349885797 -76.52868679370718 
	0.84750158428444644 -76.51122512384525 
	0.84850207067200678 -76.493917836019108 
	0.84951809653388732 -76.476452356173766 
	0.85052316047718313 -76.459175311657901 
	0.85154562045313054 -76.441708420900696 
	0.85255517404190484 -76.424462012568398 
	0.8535837930146607 -76.406997661141176 
	0.85459786230364965 -76.389780340730425 
	0.85563224537718052 -76.372324420010273 
	0.85665099631758013 -76.355132302211587 
	0.85769060220382076 -76.33769304062308 
	
	nullbs 
	-1 
	-1 
	I I 
	5 -0.85795426988348589 -0.77999691013402783 -0.70203955038456989 -0.62408219063511194 -0.54612483088565389 
	0 
	0 
	
	-1 
	none F surf1 } I I #
integer_attrib-name_attrib-gen-attrib $-1 -1 $-1 $1843 $1805 2 1 1 1 1 1 1 1 1 1 1 1 1 1 0 1 1 1 @3 pid 248 #
integer_attrib-name_attrib-gen-attrib $-1 -1 $-1 $-1 $1844 2 1 1 1 1 1 1 1 1 1 1 1 1 1 0 1 1 1 @3 pid 248 #
point $-1 -1 -1 $-1 33.872807630283503 -79.183262429306893 3.0291421312121898 #
coedge $-1 -1 -1 $-1 $1849 $1921 $-1 $1922 forward $30 $1923 #
edge $1924 -1 -1 $-1 $1925 -0.89667050253629621 $1889 -0.4421691090775372 $1849 $1926 forward @7 unknown T 36.25672999971794 72.264702852901223 1.2790783314852461 36.372066626267227 72.659662944253384 1.4776708299340984 #
pcurve $-1 -1 -1 $-1 0 forward { exppc nubs 1 open 2 
	-0.89667050253629621 1 -0.4421691090775372 1 
	0.95704611516824645 75.110702839894358 
	0.94971648673592568 75.503663185584443 
	0.001 
	-1 
	spline forward { ref 3 } I I I I 
	} 0 0 #
name_attrib-gen-attrib $-1 -1 $1927 $-1 $1850 2 1 1 1 1 1 1 1 1 1 1 1 1 1 0 1 1 1 @3 eif #
tvertex-vertex $1928 -1 -1 $-1 $1886 $1929 0.00026998592742925794 #
intcurve-curve $-1 -1 -1 $-1 forward { parcur summary 3 2 -0.44216882995160356 -0.43013270310164731 0.001 OPEN 
	spline forward { ref 3 } I I I I 
	null_surface 
	nubs 1 open 2 
	-0.44216882995160356 1 -0.43013270310164731 1 
	0.94971648673592568 75.503663185584443 
	0.94952321635730219 75.514050923980662 
	
	nullbs 
	-1 
	-1 
	I I 
	0 
	0 
	0 
	
	-1 
	none F surf1 } I I #
integer_attrib-name_attrib-gen-attrib $-1 -1 $-1 $1852 $1814 2 1 1 1 1 1 1 1 1 1 1 1 1 1 0 1 1 1 @3 pid 350 #
integer_attrib-name_attrib-gen-attrib $-1 -1 $-1 $-1 $1853 2 1 1 1 1 1 1 1 1 1 1 1 1 1 0 1 1 1 @3 pid 349 #
point $-1 -1 -1 $-1 36.254679580555397 72.669181919636202 1.4815417255108401 #
coedge $-1 -1 -1 $-1 $1930 $1858 $-1 $1931 forward $20 $1932 #
edge $1933 -1 -1 $-1 $1898 -0.89393476153170992 $1934 -0.4283521443474807 $1858 $1935 forward @7 unknown T -36.343936742696435 72.371119702738923 1.3309713218582555 -36.222111708329052 72.763327041343629 1.5318295992087472 #
pcurve $-1 -1 -1 $-1 0 forward { exppc nubs 1 open 2 
	-0.89393476153170992 1 -0.4283521443474807 1 
	0.94763670997205074 -73.607327403710286 
	0.95514279456491114 -73.217119623501659 
	0.001 
	-1 
	spline forward { ref 1 } I I I I 
	} 0 0 #
name_attrib-gen-attrib $-1 -1 $1936 $-1 $1859 2 1 1 1 1 1 1 1 1 1 1 1 1 1 0 1 1 1 @3 eif #
tvertex-vertex $1937 -1 -1 $-1 $1859 $1938 0.00031428800335742298 #
intcurve-curve $-1 -1 -1 $-1 forward { parcur summary 3 2 -0.90648642785216016 -0.89393519389575227 0.001 OPEN 
	spline forward { ref 1 } I I I I 
	null_surface 
	nubs 1 open 2 
	-0.90648642785216016 1 -0.89393519389575227 1 
	0.94743545970063336 -73.617823031431882 
	0.94763670997205074 -73.607327403710286 
	
	nullbs 
	-1 
	-1 
	I I 
	0 
	0 
	0 
	
	-1 
	none F surf1 } I I #
integer_attrib-name_attrib-gen-attrib $-1 -1 $-1 $1861 $1823 2 1 1 1 1 1 1 1 1 1 1 1 1 1 0 1 1 1 @3 pid 56 #
integer_attrib-name_attrib-gen-attrib $-1 -1 $-1 $-1 $1862 2 1 1 1 1 1 1 1 1 1 1 1 1 1 0 1 1 1 @3 pid 57 #
point $-1 -1 -1 $-1 -36.219848932893498 72.772978960713303 1.5358113712843899 #
coedge $-1 -1 -1 $-1 $1867 $1939 $-1 $1940 forward $20 $1941 #
edge $1942 -1 -1 $-1 $1943 -0.45024948282644633 $1907 -0.0065114739858072035 $1867 $1944 forward @7 unknown T -32.100280930221423 -79.822191861854563 3.1882006329368173 -31.650977761631225 -79.817923034395363 3.1942837853549397 #
pcurve $-1 -1 -1 $-1 0 forward { imppc forward { parcur summary 3 2 -0.45024948282644633 -0.0065114739858072035 0.001 OPEN 
	spline forward { ref 1 } I I I I 
	null_surface 
	nubs 2 open 7 
	-0.45024948282644633 2 -0.37629314801967312 2 -0.30233681321290001 2 -0.22838047840612677 2 -0.15442414359935361 2 
	-0.080467808792580378 2 -0.0065114739858072035 2 
	0.80842843928213803 78.976191861854574 
	0.80746438502191897 78.976004270583189 
	0.80648688407472013 78.97581335815471 
	0.80552528589979322 78.975625551643304 
	0.80454972971621297 78.97543434660011 
	0.80359166182467345 78.975246569191029 
	0.80261913054414213 78.9750553178188 
	0.80166564656881834 78.9748678121598 
	0.80069721829487772 78.974676762438861 
	0.79974935063984964 78.974489768878428 
	0.79878610668527317 78.974299171088376 
	0.79784487034963492 78.974112927962068 
	0.79688789590321407 78.973923034395369 
	
	nullbs 
	-1 
	-1 
	I I 
	5 -0.37629314801967312 -0.30233681321290001 -0.22838047840612677 -0.15442414359935361 -0.080467808792580378 
	0 
	0 
	
	-1 
	none F surf1 } I I surf1 } 0 0 #
name_attrib-gen-attrib $-1 -1 $1945 $-1 $1868 2 1 1 1 1 1 1 1 1 1 1 1 1 1 0 1 1 1 @3 eif #
vertex $1946 -1 -1 $-1 $1904 $1947 #
intcurve-curve $-1 -1 -1 $-1 forward { parcur summary 3 2 -0.21478816046349272 -0.16478816045239861 0.001 OPEN 
	spline forward { ref 1 } I I I I 
	null_surface 
	nubs 1 open 2 
	-0.21478816046349272 1 -0.16478816045239861 1 
	0.79689437789338324 78.923923679635578 
	0.79688789590295694 78.97392303644321 
	
	nullbs 
	-1 
	-1 
	I I 
	0 
	0 
	0 
	
	-1 
	none F surf1 } I I #
integer_attrib-name_attrib-gen-attrib $-1 -1 $-1 $1870 $1832 2 1 1 1 1 1 1 1 1 1 1 1 1 1 0 1 1 1 @3 pid 156 #
integer_attrib-name_attrib-gen-attrib $-1 -1 $-1 $-1 $1871 2 1 1 1 1 1 1 1 1 1 1 1 1 1 0 1 1 1 @3 pid 156 #
point $-1 -1 -1 $-1 -31.6522313733727 -79.768923679635606 3.19328277889058 #
coedge $-1 -1 -1 $-1 $1948 $1876 $-1 $1949 forward $30 $1950 #
edge $1951 -1 -1 $-1 $1916 0.31033541336838055 $1952 0.7508765258481267 $1876 $1953 reversed @7 unknown T 32.611122462244566 -79.703426703502643 3.1464138899997782 33.0364686960406 -79.573332181030366 3.1752159701239715 #
pcurve $-1 -1 -1 $-1 0 forward { exppc nubs 2 open 7 
	0.31033541336838055 2 0.38375893211500489 2 0.45718245086162923 2 0.53060596960825368 2 0.60402948835487791 2 
	0.67745300710150236 2 0.7508765258481267 2 
	0.83357228032789421 -76.729332181030372 
	0.83259696070737388 -76.739971523535957 
	0.83161812620534481 -76.750705484243809 
	0.83064756163725995 -76.761348756335906 
	0.82967342024029267 -76.77208626564105 
	0.82870809092208697 -76.78272664348458 
	0.82773905066381026 -76.793461651743812 
	0.82677940794850358 -76.804092554213298 
	0.825815893043917 -76.81481876907381 
	0.82486236094348397 -76.825433851556667 
	0.82390481131667392 -76.836144744152847 
	0.82295779206355824 -76.846737846820901 
	0.82200665888739455 -76.857426703502625 
	0.001 
	-1 
	spline forward { ref 3 } I I I I 
	} 0 0 #
name_attrib-gen-attrib $-1 -1 $1954 $-1 $1877 2 1 1 1 1 1 1 1 1 1 1 1 1 1 0 1 1 1 @3 eif #
tvertex-vertex $1955 -1 -1 $-1 $1877 $1956 6.8022452210803736e-005 #
intcurve-curve $-1 -1 -1 $-1 forward { parcur summary 3 2 -0.86133353736400387 -0.40000568340501363 0.001 OPEN 
	spline forward { ref 3 } I I I I 
	null_surface 
	nubs 2 open 7 
	-0.86133353736400387 2 -0.78444556170417212 2 -0.70755758604434038 2 -0.63066961038450875 2 -0.55378163472467712 2 
	-0.47689365906484538 2 -0.40000568340501363 2 
	0.83357212060258312 -76.729338482399356 
	0.83455165454321967 -76.714032464354261 
	0.83553311668805086 -76.698779711380865 
	0.83651768109398039 -76.683478746642493 
	0.83750497557694881 -76.668219503722227 
	0.83849439862322739 -76.652927362548198 
	0.83948752015148564 -76.637662982368539 
	0.84048173135780724 -76.622381853724789 
	0.84148057204193871 -76.6071152702647 
	0.84247972856711528 -76.591843859394487 
	0.84348395056117187 -76.576581490355878 
	0.84448838242583535 -76.561315931661397 
	0.84549747729005209 -76.546066765587128 
	
	nullbs 
	-1 
	-1 
	I I 
	5 -0.78444556170417212 -0.70755758604434038 -0.63066961038450875 -0.55378163472467712 -0.47689365906484538 
	0 
	1 -0.51307732550045237 
	
	-1 
	none F surf1 } I I #
integer_attrib-name_attrib-gen-attrib $-1 -1 $-1 $1879 $1841 2 1 1 1 1 1 1 1 1 1 1 1 1 1 0 1 1 1 @3 pid 249 #
integer_attrib-name_attrib-gen-attrib $-1 -1 $-1 $-1 $1880 2 1 1 1 1 1 1 1 1 1 1 1 1 1 0 1 1 1 @3 pid 249 #
point $-1 -1 -1 $-1 33.457638497494202 -79.391284651969301 3.1010343734788099 #
coedge $-1 -1 -1 $-1 $1885 $1957 $-1 $1958 forward $30 $1959 #
edge $1960 -1 -1 $-1 $1961 -0.90908315509527071 $1925 -0.896670517580063 $1885 $1962 forward @7 unknown T 36.370066629794572 72.25392299791082 1.2735618709660352 36.374985179219571 72.266702839894478 1.2810783248336337 #
pcurve $-1 -1 -1 $-1 0 forward { imppc forward { parcur summary 3 2 -0.90908315509527071 -0.896670517580063 0.001 OPEN 
	spline forward { ref 3 } I I I I 
	null_surface 
	nubs 1 open 2 
	-0.90908315509527071 1 -0.896670517580063 1 
	0.95724720106028605 75.099922997910724 
	0.95704611516824645 75.110702839894358 
	
	nullbs 
	-1 
	-1 
	I I 
	0 
	0 
	0 
	
	-1 
	none F surf1 } I I surf1 } 0 0 #
name_attrib-gen-attrib $-1 -1 $1963 $-1 $1886 2 1 1 1 1 1 1 1 1 1 1 1 1 1 0 1 1 1 @3 eif #
tvertex-vertex $1964 -1 -1 $-1 $1922 $1965 0.000245218400246852 #
intcurve-curve $-1 -1 -1 $-1 forward { parcur summary 3 2 -0.896670517580063 -0.44216882995160356 0.001 OPEN 
	spline forward { ref 3 } I I I I 
	null_surface 
	nubs 1 open 2 
	-0.896670517580063 1 -0.44216882995160356 1 
	0.95704611516824645 75.110702839894358 
	0.94971648673592568 75.503663185584443 
	
	nullbs 
	-1 
	-1 
	I I 
	0 
	0 
	1 -0.46636494589918398 
	
	-1 
	none F surf1 } I I #
integer_attrib-name_attrib-gen-attrib $-1 -1 $-1 $1888 $1850 2 1 1 1 1 1 1 1 1 1 1 1 1 1 0 1 1 1 @3 pid 349 #
integer_attrib-name_attrib-gen-attrib $-1 -1 $-1 $-1 $1889 2 1 1 1 1 1 1 1 1 1 1 1 1 1 0 1 1 1 @3 pid 348 #
point $-1 -1 -1 $-1 36.257853950441501 72.658797813610605 1.4764724898266699 #
coedge $-1 -1 -1 $-1 $1966 $1894 $-1 $1967 forward $20 $1968 #
edge $1969 -1 -1 $-1 $1934 -0.4283520498041905 $1970 -0.4159963900150947 $1894 $1971 forward @7 unknown T -36.346940809057386 72.360711481852903 1.3255363850097919 -36.341936765589146 72.373119623501665 1.3329712805352494 #
pcurve $-1 -1 -1 $-1 0 forward { imppc forward { parcur summary 3 2 -0.4283520498041905 -0.4159963900150947 0.001 OPEN 
	spline forward { ref 1 } I I I I 
	null_surface 
	nubs 1 open 2 
	-0.4283520498041905 1 -0.4159963900150947 1 
	0.95514279456491114 -73.217119623501659 
	0.9553431432712356 -73.206711481852906 
	
	nullbs 
	-1 
	-1 
	I I 
	0 
	0 
	0 
	
	-1 
	none F surf1 } I I surf1 } 0 0 #
name_attrib-gen-attrib $-1 -1 $1972 $-1 $1895 2 1 1 1 1 1 1 1 1 1 1 1 1 1 0 1 1 1 @3 eif #
tvertex-vertex $1973 -1 -1 $-1 $1895 $1974 0.00028888786028504295 #
intcurve-curve $-1 -1 -1 $-1 forward { parcur summary 3 2 -0.89393519389575227 -0.4283520498041905 0.001 OPEN 
	spline forward { ref 1 } I I I I 
	null_surface 
	nubs 1 open 2 
	-0.89393519389575227 1 -0.4283520498041905 1 
	0.94763670997205074 -73.607327403710286 
	0.95514279456491114 -73.217119623501659 
	
	nullbs 
	-1 
	-1 
	I I 
	0 
	0 
	1 -0.74072861028790049 
	
	-1 
	none F surf1 } I I #
integer_attrib-name_attrib-gen-attrib $-1 -1 $-1 $1897 $1859 2 1 1 1 1 1 1 1 1 1 1 1 1 1 0 1 1 1 @3 pid 57 #
integer_attrib-name_attrib-gen-attrib $-1 -1 $-1 $-1 $1898 2 1 1 1 1 1 1 1 1 1 1 1 1 1 0 1 1 1 @3 pid 58 #
point $-1 -1 -1 $-1 -36.223259509172699 72.762487620271102 1.5306034441946299 #
coedge $-1 -1 -1 $-1 $1903 $1975 $-1 $1976 forward $20 $1977 #
edge $1978 -1 -1 $-1 $1979 -0.47750300101351806 $1943 -0.45024948282644633 $1903 $1980 forward @7 unknown T -32.127723721678819 -79.822331117854446 3.1877420260357039 -32.098280930221428 -79.820191861854553 3.1902006329368171 #
pcurve $-1 -1 -1 $-1 0 forward { imppc forward { parcur summary 3 2 -0.47750300101351806 -0.45024948282644633 0.001 OPEN 
	spline forward { ref 1 } I I I I 
	null_surface 
	nubs 1 open 2 
	-0.47750300101351806 1 -0.45024948282644633 1 
	0.80914459470613476 78.976331117854443 
	0.80842843928213803 78.976191861854574 
	
	nullbs 
	-1 
	-1 
	I I 
	0 
	0 
	0 
	
	-1 
	none F surf1 } I I surf1 } 0 0 #
name_attrib-gen-attrib $-1 -1 $1981 $-1 $1904 2 1 1 1 1 1 1 1 1 1 1 1 1 1 0 1 1 1 @3 eif #
vertex $1982 -1 -1 $-1 $1940 $1983 #
intcurve-curve $-1 -1 -1 $-1 forward { ref 422 } I I #
integer_attrib-name_attrib-gen-attrib $-1 -1 $-1 $1906 $1868 2 1 1 1 1 1 1 1 1 1 1 1 1 1 0 1 1 1 @3 pid 155 #
integer_attrib-name_attrib-gen-attrib $-1 -1 $-1 $-1 $1907 2 1 1 1 1 1 1 1 1 1 1 1 1 1 0 1 1 1 @3 pid 155 #
point $-1 -1 -1 $-1 -31.6519777616212 -79.818923036443294 3.1932837853549798 #
coedge $-1 -1 -1 $-1 $1984 $1912 $-1 $1985 forward $30 $1986 #
edge $1987 -1 -1 $-1 $1952 0.18756644820427038 $1988 0.61764974746858503 $1912 $1989 reversed @7 unknown T 32.184658906807464 -79.770815656799826 3.1732159183996793 32.613123606225095 -79.701425641906823 3.188649220404284 #
pcurve $-1 -1 -1 $-1 0 forward { exppc nubs 2 open 7 
	0.18756644820427038 2 0.25924699808165619 2 0.33092754795904189 2 0.4026080978364277 2 0.47428864771381346 2 
	0.54596919759119922 2 0.61764974746858503 2 
	0.82200668967107682 -76.857425641906829 
	0.82105468823696859 -76.863017024731533 
	0.82009722743910596 -76.86866689143308 
	0.81914911213219188 -76.874261611461009 
	0.81819547929111525 -76.879914636947845 
	0.81725178709813862 -76.885508735419336 
	0.81630248733567567 -76.891161132346525 
	0.81536373838487541 -76.896750706783081 
	0.81441927953644966 -76.902398631524491 
	0.81348597814515244 -76.907979833953675 
	0.81254687089042354 -76.913619388377128 
	0.81161970399364536 -76.919187238212913 
	0.8106862645623939 -76.924815656799822 
	0.001 
	-1 
	spline forward { ref 3 } I I I I 
	} 0 0 #
name_attrib-gen-attrib $-1 -1 $1990 $-1 $1913 2 1 1 1 1 1 1 1 1 1 1 1 1 1 0 1 1 1 @3 eif #
tvertex-vertex $1991 -1 -1 $-1 $1913 $1992 1.0290165610825756e-005 #
intcurve-curve $-1 -1 -1 $-1 forward { parcur summary 3 2 -0.7508765258481267 -0.31033541336838055 0.001 OPEN 
	spline forward { ref 3 } I I I I 
	null_surface 
	nubs 2 open 7 
	-0.7508765258481267 2 -0.67745300710150236 2 -0.60402948835487791 2 -0.53060596960825368 2 -0.45718245086162923 2 
	-0.38375893211500489 2 -0.31033541336838055 2 
	0.82200665888739455 -76.857426703502625 
	0.82295779206355824 -76.846737846820901 
	0.82390481131667392 -76.836144744152847 
	0.82486236094348397 -76.825433851556667 
	0.825815893043917 -76.81481876907381 
	0.82677940794850358 -76.804092554213298 
	0.82773905066381026 -76.793461651743812 
	0.82870809092208697 -76.78272664348458 
	0.82967342024029267 -76.77208626564105 
	0.83064756163725995 -76.761348756335906 
	0.83161812620534481 -76.750705484243809 
	0.83259696070737388 -76.739971523535957 
	0.83357228032789421 -76.729332181030372 
	
	nullbs 
	-1 
	-1 
	I I 
	5 -0.67745300710150236 -0.60402948835487791 -0.53060596960825368 -0.45718245086162923 -0.38375893211500489 
	0 
	0 
	
	-1 
	none F surf1 } I I #
integer_attrib-name_attrib-gen-attrib $-1 -1 $-1 $1915 $1877 2 1 1 1 1 1 1 1 1 1 1 1 1 1 0 1 1 1 @3 pid 250 #
integer_attrib-name_attrib-gen-attrib $-1 -1 $-1 $-1 $1916 2 1 1 1 1 1 1 1 1 1 1 1 1 1 0 1 1 1 @3 pid 250 #
point $-1 -1 -1 $-1 33.035488276504402 -79.574397303702199 3.1474122477281199 #
coedge $-1 -1 -1 $-1 $1921 $1993 $-1 $1994 forward $30 $1995 #
edge $1996 -1 -1 $-1 $1997 -0.40229587112642434 $1961 -0.38981089582934997 $1921 $1998 forward @7 unknown T 36.373027593527596 72.242879456610126 1.2685300401031316 36.377635474255307 72.255984167710977 1.2754815120349561 #
pcurve $-1 -1 -1 $-1 0 forward { exppc nubs 1 open 2 
	-0.40229587112642434 1 -0.38981089582934997 1 
	0.9574304165716615 75.088879454255149 
	0.95725012852586311 75.099984170226364 
	0.001 
	-1 
	spline forward { ref 3 } I I I I 
	} 0 0 #
name_attrib-gen-attrib $-1 -1 $1999 $-1 $1922 2 1 1 1 1 1 1 1 1 1 1 1 1 1 0 1 1 1 @3 eif #
tvertex-vertex $2000 -1 -1 $-1 $1958 $2001 0.00023686188418583113 #
intcurve-curve $-1 -1 -1 $-1 forward { ref 427 } I I #
integer_attrib-name_attrib-gen-attrib $-1 -1 $-1 $1924 $1886 2 1 1 1 1 1 1 1 1 1 1 1 1 1 0 1 1 1 @3 pid 348 #
integer_attrib-name_attrib-gen-attrib $-1 -1 $-1 $-1 $1925 2 1 1 1 1 1 1 1 1 1 1 1 1 1 0 1 1 1 @3 pid 347 #
point $-1 -1 -1 $-1 36.371166048353103 72.2658257012219 1.27989083321179 #
coedge $-1 -1 -1 $-1 $2002 $1930 $-1 $2003 forward $20 $2004 #
edge $2005 -1 -1 $-1 $1970 -0.85481977065731585 $2006 -0.8424687476682079 $1930 $2007 forward @7 unknown T -36.349691016123849 72.35006006596835 1.3205388800097579 -36.344989923725649 72.362782439935927 1.3274473206616781 #
pcurve $-1 -1 -1 $-1 0 forward { exppc nubs 1 open 2 
	-0.85481977065731585 1 -0.8424687476682079 1 
	0.95534642442600748 -73.206782443909532 
	0.9555271574993025 -73.196060062098695 
	0.001 
	-1 
	spline forward { ref 1 } I I I I 
	} 0 0 #
name_attrib-gen-attrib $-1 -1 $2008 $-1 $1931 2 1 1 1 1 1 1 1 1 1 1 1 1 1 0 1 1 1 @3 eif #
tvertex-vertex $2009 -1 -1 $-1 $1931 $2010 0.00027974948685005754 #
intcurve-curve $-1 -1 -1 $-1 forward { ref 430 } I I #
integer_attrib-name_attrib-gen-attrib $-1 -1 $-1 $1933 $1895 2 1 1 1 1 1 1 1 1 1 1 1 1 1 0 1 1 1 @3 pid 58 #
integer_attrib-name_attrib-gen-attrib $-1 -1 $-1 $-1 $1934 2 1 1 1 1 1 1 1 1 1 1 1 1 1 0 1 1 1 @3 pid 59 #
point $-1 -1 -1 $-1 -36.343056980470799 72.372267638743295 1.3317542642540801 #
coedge $-1 -1 -1 $-1 $1939 $2011 $-1 $2012 forward $20 $2013 #
edge $2014 -1 -1 $-1 $2015 -0.10609352688248519 $1979 -0.078761569689013711 $1939 $2016 forward @7 unknown T -32.154946990326351 -79.822329475968445 3.1872560248071324 -32.125723500684146 -79.816885459827148 3.1897420298537313 #
pcurve $-1 -1 -1 $-1 0 forward { imppc forward { parcur summary 3 2 -0.10609352688248519 -0.078761569689013711 0.001 OPEN 
	spline forward { ref 1 } I I I I 
	null_surface 
	nubs 1 open 2 
	-0.10609352688248519 1 -0.078761569689013711 1 
	0.80985608770611639 78.972885459827154 
	0.80914458893467711 78.976329475968441 
	
	nullbs 
	-1 
	-1 
	I I 
	0 
	0 
	0 
	
	-1 
	none F surf1 } I I surf1 } 0 0 #
name_attrib-gen-attrib $-1 -1 $2017 $-1 $1940 2 1 1 1 1 1 1 1 1 1 1 1 1 1 0 1 1 1 @3 eif #
tvertex-vertex $2018 -1 -1 $-1 $1976 $2019 1.7571948214877968e-006 #
intcurve-curve $-1 -1 -1 $-1 forward { ref 433 } I I #
integer_attrib-name_attrib-gen-attrib $-1 -1 $-1 $1942 $1904 2 1 1 1 1 1 1 1 1 1 1 1 1 1 0 1 1 1 @3 pid 154 #
integer_attrib-name_attrib-gen-attrib $-1 -1 $-1 $-1 $1943 2 1 1 1 1 1 1 1 1 1 1 1 1 1 0 1 1 1 @3 pid 154 #
point $-1 -1 -1 $-1 -32.099280928831597 -79.821192135268006 3.1892006329592699 #
coedge $-1 -1 -1 $-1 $2020 $1948 $-1 $2021 forward $30 $2022 #
edge $2023 -1 -1 $-1 $1988 0.047038565523134623 $2024 0.5106695290113954 $1948 $2025 reversed @7 unknown T 31.719640812540877 -79.770816653121415 3.1866492166814098 32.186659094410899 -79.767559729223549 3.1939731449710331 #
pcurve $-1 -1 -1 $-1 0 forward { exppc nubs 2 open 7 
	0.047038565523134623 2 0.12431039277117809 2 0.20158222001922155 2 0.27885404726726504 2 0.35612587451530847 2 
	0.43339770176335191 2 0.5106695290113954 2 
	0.81068626947804256 -76.924816653121411 
	0.80967819441570521 -76.924712573019377 
	0.80865964401416424 -76.924607002168926 
	0.80765423143179027 -76.92450279302895 
	0.80663807588080516 -76.92439707582183 
	0.8056363661034851 -76.924292861501598 
	0.80462371662480991 -76.924187129716984 
	0.80362672578040883 -76.924083032866662 
	0.80261869356867077 -76.923977419491123 
	0.80162741105036472 -76.923873561011561 
	0.80062511480553478 -76.923768200781055 
	0.7996405074575943 -76.923664699987086 
	0.79864507409697616 -76.923559729223541 
	0.001 
	-1 
	spline forward { ref 3 } I I I I 
	} 0 0 #
name_attrib-gen-attrib $-1 -1 $2026 $-1 $1949 2 1 1 1 1 1 1 1 1 1 1 1 1 1 0 1 1 1 @3 eif #
tvertex-vertex $2027 -1 -1 $-1 $1949 $2028 1.1993203519055199e-006 #
intcurve-curve $-1 -1 -1 $-1 forward { parcur summary 3 2 -0.61764974746858503 -0.18756644820427038 0.001 OPEN 
	spline forward { ref 3 } I I I I 
	null_surface 
	nubs 2 open 7 
	-0.61764974746858503 2 -0.54596919759119922 2 -0.47428864771381346 2 -0.4026080978364277 2 -0.33092754795904189 2 
	-0.25924699808165619 2 -0.18756644820427038 2 
	0.8106862645623939 -76.924815656799822 
	0.81161970399364536 -76.919187238212913 
	0.81254687089042354 -76.913619388377128 
	0.81348597814515244 -76.907979833953675 
	0.81441927953644966 -76.902398631524491 
	0.81536373838487541 -76.896750706783081 
	0.81630248733567567 -76.891161132346525 
	0.81725178709813862 -76.885508735419336 
	0.81819547929111525 -76.879914636947845 
	0.81914911213219188 -76.874261611461009 
	0.82009722743910596 -76.86866689143308 
	0.82105468823696859 -76.863017024731533 
	0.82200668967107682 -76.857425641906829 
	
	nullbs 
	-1 
	-1 
	I I 
	5 -0.54596919759119922 -0.47428864771381346 -0.4026080978364277 -0.33092754795904189 -0.25924699808165619 
	0 
	1 -0.60823518069684157 
	
	-1 
	none F surf1 } I I #
integer_attrib-name_attrib-gen-attrib $-1 -1 $-1 $1951 $1913 2 1 1 1 1 1 1 1 1 1 1 1 1 1 0 1 1 1 @3 pid 251 #
integer_attrib-name_attrib-gen-attrib $-1 -1 $-1 $-1 $1952 2 1 1 1 1 1 1 1 1 1 1 1 1 1 0 1 1 1 @3 pid 251 #
point $-1 -1 -1 $-1 32.612125209347802 -79.7024358061703 3.1742158459154202 #
coedge $-1 -1 -1 $-1 $1957 $2029 $-1 $2030 forward $30 $2031 #
edge $2032 -1 -1 $-1 $2033 -0.85601209235507225 $1997 -0.40229588007323491 $1957 $2034 forward @7 unknown T 36.375635476123648 71.838640583609703 1.0847741969132363 36.466991840933922 72.244879448642934 1.2705300365483696 #
pcurve $-1 -1 -1 $-1 0 forward { exppc nubs 1 open 2 
	-0.85601209235507225 1 -0.40229588007323491 1 
	0.96399444729084383 74.684640583609607 
	0.9574304165716615 75.088879454255149 
	0.001 
	-1 
	spline forward { ref 3 } I I I I 
	} 0 0 #
name_attrib-gen-attrib $-1 -1 $2035 $-1 $1958 2 1 1 1 1 1 1 1 1 1 1 1 1 1 0 1 1 1 @3 eif #
tvertex-vertex $2036 -1 -1 $-1 $1994 $2037 0.00013196120242781146 #
intcurve-curve $-1 -1 -1 $-1 forward { parcur summary 3 2 -0.40229587377400178 -0.38981089300116423 0.001 OPEN 
	spline forward { ref 3 } I I I I 
	null_surface 
	nubs 1 open 2 
	-0.40229587377400178 1 -0.38981089300116423 1 
	0.9574304165716615 75.088879454255149 
	0.95725012852586311 75.099984170226364 
	
	nullbs 
	-1 
	-1 
	I I 
	0 
	0 
	0 
	
	-1 
	none F surf1 } I I #
integer_attrib-name_attrib-gen-attrib $-1 -1 $-1 $1960 $1922 2 1 1 1 1 1 1 1 1 1 1 1 1 1 0 1 1 1 @3 pid 347 #
integer_attrib-name_attrib-gen-attrib $-1 -1 $-1 $-1 $1961 2 1 1 1 1 1 1 1 1 1 1 1 1 1 0 1 1 1 @3 pid 346 #
point $-1 -1 -1 $-1 36.374080859668503 72.255041675228199 1.27438058528482 #
coedge $-1 -1 -1 $-1 $2038 $1966 $-1 $2039 forward $20 $2040 #
edge $2041 -1 -1 $-1 $2006 -0.84246870150278741 $2042 -0.38071233268840887 $1966 $2043 forward @7 unknown T -36.444966240916926 71.948532448782998 1.1328554545817706 -36.347691026225796 72.352060025830866 1.3225388616145315 #
pcurve $-1 -1 -1 $-1 0 forward { exppc nubs 1 open 2 
	-0.84246870150278741 1 -0.38071233268840887 1 
	0.9555271574993025 -73.196060062098695 
	0.96229981687795929 -72.794532448783002 
	0.001 
	-1 
	spline forward { ref 1 } I I I I 
	} 0 0 #
name_attrib-gen-attrib $-1 -1 $2044 $-1 $1967 2 1 1 1 1 1 1 1 1 1 1 1 1 1 0 1 1 1 @3 eif #
tvertex-vertex $2045 -1 -1 $-1 $1967 $2046 0.00016107907987940491 #
intcurve-curve $-1 -1 -1 $-1 forward { parcur summary 3 2 -0.85481977523449792 -0.8424687432107778 0.001 OPEN 
	spline forward { ref 1 } I I I I 
	null_surface 
	nubs 1 open 2 
	-0.85481977523449792 1 -0.8424687432107778 1 
	0.95534642442600748 -73.206782443909532 
	0.9555271574993025 -73.196060062098695 
	
	nullbs 
	-1 
	-1 
	I I 
	0 
	0 
	0 
	
	-1 
	none F surf1 } I I #
integer_attrib-name_attrib-gen-attrib $-1 -1 $-1 $1969 $1931 2 1 1 1 1 1 1 1 1 1 1 1 1 1 0 1 1 1 @3 pid 59 #
integer_attrib-name_attrib-gen-attrib $-1 -1 $-1 $-1 $1970 2 1 1 1 1 1 1 1 1 1 1 1 1 1 0 1 1 1 @3 pid 60 #
point $-1 -1 -1 $-1 -36.346056814103903 72.3618548187345 1.3263260111926201 #
coedge $-1 -1 -1 $-1 $1975 $2047 $-1 $2048 forward $20 $2049 #
edge $2050 -1 -1 $-1 $2051 -0.485790107875262 $2015 -0.10609352688248519 $1975 $2052 forward @7 unknown T -32.534553355534634 -79.818885459827158 3.1765446527646972 -32.152946990326356 -79.768861810983793 3.1892560248071322 #
pcurve $-1 -1 -1 $-1 0 forward { imppc forward { parcur summary 3 2 -0.485790107875262 -0.10609352688248519 0.001 OPEN 
	spline forward { ref 1 } I I I I 
	null_surface 
	nubs 2 open 7 
	-0.485790107875262 2 -0.42250734437646592 2 -0.35922458087766973 2 -0.2959418173788736 2 -0.23265905388007746 2 
	-0.16937629038128132 2 -0.10609352688248519 2 
	0.81989796780131519 78.924861810983799 
	0.81905447226492667 78.928848394197786 
	0.81820733026259918 78.932868528891817 
	0.81736671591965027 78.93685768640627 
	0.8165224507481682 78.940880159075732 
	0.81568512176012442 78.944869584535326 
	0.81484411531476131 78.948892184398375 
	0.81401046490834239 78.952879599749565 
	0.81317310041164581 78.956900087722602 
	0.81234351074046329 78.960883245963359 
	0.81151017356831778 78.964899351911214 
	0.81068733211538224 78.968864875787659 
	0.80985608770611639 78.972885459827154 
	
	nullbs 
	-1 
	-1 
	I I 
	5 -0.42250734437646592 -0.35922458087766973 -0.2959418173788736 -0.23265905388007746 -0.16937629038128132 
	0 
	1 -0.14715828304408085 
	
	-1 
	none F surf1 } I I surf1 } 0 0 #
name_attrib-gen-attrib $-1 -1 $2053 $-1 $1976 2 1 1 1 1 1 1 1 1 1 1 1 1 1 0 1 1 1 @3 eif #
tvertex-vertex $2054 -1 -1 $-1 $2012 $2055 2.9664923574598741e-006 #
intcurve-curve $-1 -1 -1 $-1 forward { ref 439 } I I #
integer_attrib-name_attrib-gen-attrib $-1 -1 $-1 $1978 $1940 2 1 1 1 1 1 1 1 1 1 1 1 1 1 0 1 1 1 @3 pid 153 #
integer_attrib-name_attrib-gen-attrib $-1 -1 $-1 $-1 $1979 2 1 1 1 1 1 1 1 1 1 1 1 1 1 0 1 1 1 @3 pid 153 #
point $-1 -1 -1 $-1 -32.126723721163501 -79.821331219272196 3.18874202604461 #
coedge $-1 -1 -1 $-1 $2056 $1984 $-1 $2057 forward $30 $2058 #
edge $2059 -1 -1 $-1 $2024 0.050026461951489382 $2060 0.10002646195619654 $1984 $2061 reversed @7 unknown T 31.719505663134161 -79.819559549262053 3.1919731449710711 31.721640812533547 -79.767559731916052 3.1939738371755833 #
pcurve $-1 -1 -1 $-1 0 forward { exppc nubs 1 open 2 
	0.050026461951489382 1 0.10002646195619654 1 
	0.79864507409678831 -76.923559731916058 
	0.7986416109281701 -76.973559549262049 
	0.001 
	-1 
	spline forward { ref 3 } I I I I 
	} 0 0 #
name_attrib-gen-attrib $-1 -1 $2062 $-1 $1985 2 1 1 1 1 1 1 1 1 1 1 1 1 1 0 1 1 1 @3 eif #
vertex $2063 -1 -1 $-1 $1985 $2064 #
intcurve-curve $-1 -1 -1 $-1 forward { parcur summary 3 2 -0.5106695290113954 -0.047038565523134623 0.001 OPEN 
	spline forward { ref 3 } I I I I 
	null_surface 
	nubs 2 open 7 
	-0.5106695290113954 2 -0.43339770176335191 2 -0.35612587451530847 2 -0.27885404726726504 2 -0.20158222001922155 2 
	-0.12431039277117809 2 -0.047038565523134623 2 
	0.79864507409697616 -76.923559729223541 
	0.7996405074575943 -76.923664699987086 
	0.80062511480553478 -76.923768200781055 
	0.80162741105036472 -76.923873561011561 
	0.80261869356867077 -76.923977419491123 
	0.80362672578040883 -76.924083032866662 
	0.80462371662480991 -76.924187129716984 
	0.8056363661034851 -76.924292861501598 
	0.80663807588080516 -76.92439707582183 
	0.80765423143179027 -76.92450279302895 
	0.80865964401416424 -76.924607002168926 
	0.80967819441570521 -76.924712573019377 
	0.81068626947804256 -76.924816653121411 
	
	nullbs 
	-1 
	-1 
	I I 
	5 -0.43339770176335191 -0.35612587451530847 -0.27885404726726504 -0.20158222001922155 -0.12431039277117809 
	0 
	0 
	
	-1 
	none F surf1 } I I #
integer_attrib-name_attrib-gen-attrib $-1 -1 $-1 $1987 $1949 2 1 1 1 1 1 1 1 1 1 1 1 1 1 0 1 1 1 @3 pid 252 #
integer_attrib-name_attrib-gen-attrib $-1 -1 $-1 $-1 $1988 2 1 1 1 1 1 1 1 1 1 1 1 1 1 0 1 1 1 @3 pid 252 #
point $-1 -1 -1 $-1 32.185659093898501 -79.769816841431606 3.1876492166915802 #
coedge $-1 -1 -1 $-1 $1993 $2065 $-1 $2066 forward $30 $2067 #
edge $2068 -1 -1 $-1 $2069 -0.86833597292817433 $2033 -0.85601209235507225 $1993 $2070 forward @7 unknown T 36.464991840933926 71.827615686602684 1.0796777244535762 36.469272368629035 71.840640583609712 1.0867741969132361 #
pcurve $-1 -1 -1 $-1 0 forward { imppc forward { parcur summary 3 2 -0.86833597292817433 -0.85601209235507225 0.001 OPEN 
	spline forward { ref 3 } I I I I 
	null_surface 
	nubs 1 open 2 
	-0.86833597292817433 1 -0.85601209235507225 1 
	0.96417317048922313 74.673615686602588 
	0.96399444729084383 74.684640583609607 
	
	nullbs 
	-1 
	-1 
	I I 
	0 
	0 
	0 
	
	-1 
	none F surf1 } I I surf1 } 0 0 #
name_attrib-gen-attrib $-1 -1 $2071 $-1 $1994 2 1 1 1 1 1 1 1 1 1 1 1 1 1 0 1 1 1 @3 eif #
tvertex-vertex $2072 -1 -1 $-1 $2030 $2073 0.00011592439367107731 #
intcurve-curve $-1 -1 -1 $-1 forward { parcur summary 3 2 -0.85601209235507225 -0.40229587377400178 0.001 OPEN 
	spline forward { ref 3 } I I I I 
	null_surface 
	nubs 1 open 2 
	-0.85601209235507225 1 -0.40229587377400178 1 
	0.96399444729084383 74.684640583609607 
	0.9574304165716615 75.088879454255149 
	
	nullbs 
	-1 
	-1 
	I I 
	0 
	0 
	0 
	
	-1 
	none F surf1 } I I #
integer_attrib-name_attrib-gen-attrib $-1 -1 $-1 $1996 $1958 2 1 1 1 1 1 1 1 1 1 1 1 1 1 0 1 1 1 @3 pid 346 #
integer_attrib-name_attrib-gen-attrib $-1 -1 $-1 $-1 $1997 2 1 1 1 1 1 1 1 1 1 1 1 1 1 0 1 1 1 @3 pid 345 #
point $-1 -1 -1 $-1 36.376690296674496 72.243938847140399 1.2694257279455701 #
coedge $-1 -1 -1 $-1 $2074 $2002 $-1 $2075 forward $20 $2076 #
edge $2077 -1 -1 $-1 $2042 -0.38071233268840887 $2078 -0.36802964486979839 $2002 $2079 forward @7 unknown T -36.447426243349099 71.937459242387249 1.1275846657575264 -36.442966240916931 71.950532448783008 1.1348554545817704 #
pcurve $-1 -1 -1 $-1 0 forward { imppc forward { parcur summary 3 2 -0.38071233268840887 -0.36802964486979839 0.001 OPEN 
	spline forward { ref 1 } I I I I 
	null_surface 
	nubs 1 open 2 
	-0.38071233268840887 1 -0.36802964486979839 1 
	0.96229981687795929 -72.794532448783002 
	0.96248634794404475 -72.783459242387252 
	
	nullbs 
	-1 
	-1 
	I I 
	0 
	0 
	0 
	
	-1 
	none F surf1 } I I surf1 } 0 0 #
name_attrib-gen-attrib $-1 -1 $2080 $-1 $2003 2 1 1 1 1 1 1 1 1 1 1 1 1 1 0 1 1 1 @3 eif #
tvertex-vertex $2081 -1 -1 $-1 $2003 $2082 0.00014290752866491152 #
intcurve-curve $-1 -1 -1 $-1 forward { parcur summary 3 2 -0.8424687432107778 -0.38071233268840887 0.001 OPEN 
	spline forward { ref 1 } I I I I 
	null_surface 
	nubs 1 open 2 
	-0.8424687432107778 1 -0.38071233268840887 1 
	0.9555271574993025 -73.196060062098695 
	0.96229981687795929 -72.794532448783002 
	
	nullbs 
	-1 
	-1 
	I I 
	0 
	0 
	0 
	
	-1 
	none F surf1 } I I #
integer_attrib-name_attrib-gen-attrib $-1 -1 $-1 $2005 $1967 2 1 1 1 1 1 1 1 1 1 1 1 1 1 0 1 1 1 @3 pid 60 #
integer_attrib-name_attrib-gen-attrib $-1 -1 $-1 $-1 $2006 2 1 1 1 1 1 1 1 1 1 1 1 1 1 0 1 1 1 @3 pid 61 #
point $-1 -1 -1 $-1 -36.3487597330356 72.351134665750195 1.3214137427708399 #
coedge $-1 -1 -1 $-1 $2011 $2083 $-1 $2084 forward $20 $2085 #
edge $2086 -1 -1 $-1 $2087 -0.51723232484327364 $2051 -0.48579010891770802 $2011 $2088 forward @7 unknown T -32.565971250444413 -79.770861810852011 3.1752664350512783 -32.53255335657736 -79.764886875615346 3.1785446527234122 #
pcurve $-1 -1 -1 $-1 0 forward { exppc nubs 1 open 2 
	-0.51723232484327364 1 -0.48579010891770807 1 
	0.82073986089100226 78.920886875615366 
	0.81989796780131519 78.924861810983799 
	0.001 
	-1 
	spline forward { ref 1 } I I I I 
	} 0 0 #
name_attrib-gen-attrib $-1 -1 $2089 $-1 $2012 2 1 1 1 1 1 1 1 1 1 1 1 1 1 0 1 1 1 @3 eif #
tvertex-vertex $2090 -1 -1 $-1 $2048 $2091 8.4373205175750078e-006 #
intcurve-curve $-1 -1 -1 $-1 forward { ref 447 } I I #
integer_attrib-name_attrib-gen-attrib $-1 -1 $-1 $2014 $1976 2 1 1 1 1 1 1 1 1 1 1 1 1 1 0 1 1 1 @3 pid 152 #
integer_attrib-name_attrib-gen-attrib $-1 -1 $-1 $-1 $2015 2 1 1 1 1 1 1 1 1 1 1 1 1 1 0 1 1 1 @3 pid 152 #
point $-1 -1 -1 $-1 -32.1539473625215 -79.817888402869897 3.1882560179453798 #
coedge $-1 -1 -1 $-1 $2092 $2020 $-1 $2093 forward $30 $2094 #
edge $2095 -1 -1 $-1 $2060 -0.51031221259599879 $2096 -0.075967492784059454 $2020 $2097 forward @7 unknown T 31.719505663140662 -79.820737025937063 3.1872151426277919 32.157158754123486 -79.817559546869504 3.1939738371755495 #
pcurve $-1 -1 -1 $-1 0 forward { imppc forward { parcur summary 3 2 -0.51031221259599879 -0.075967492784059454 0.001 OPEN 
	spline forward { ref 3 } I I I I 
	null_surface 
	nubs 2 open 7 
	-0.51031221259599879 2 -0.43792142596067563 2 -0.36553063932535235 2 -0.29313985269002912 2 -0.2207490660547059 2 
	-0.14835827941938268 2 -0.075967492784059454 2 
	0.79864161092833685 -76.97355954686951 
	0.79957312756750665 -76.973657777569542 
	0.80049611159208944 -76.97375481915239 
	0.80143374517688593 -76.973853400974804 
	0.80236260451859753 -76.973950758920338 
	0.80330542776459579 -76.974049580485797 
	0.80423937076405017 -76.974147157828156 
	0.80518646155132068 -76.974246108836994 
	0.80612468083595534 -76.974343807530403 
	0.80707512356775546 -76.974442779076384 
	0.80801679117666614 -76.97454049968178 
	0.80896967271623854 -76.97463938400152 
	0.80991394057299437 -76.97473702593706 
	
	nullbs 
	-1 
	-1 
	I I 
	5 -0.43792142596067563 -0.36553063932535235 -0.29313985269002912 -0.2207490660547059 -0.14835827941938268 
	0 
	0 
	
	-1 
	none F surf1 } I I surf1 } 0 0 #
name_attrib-gen-attrib $-1 -1 $2098 $-1 $2021 2 1 1 1 1 1 1 1 1 1 1 1 1 1 0 1 1 1 @3 eif #
vertex $2099 -1 -1 $-1 $2021 $2100 #
intcurve-curve $-1 -1 -1 $-1 forward { parcur summary 3 2 -0.10002646195619654 -0.050026461951489382 0.001 OPEN 
	spline forward { ref 3 } I I I I 
	null_surface 
	nubs 1 open 2 
	-0.10002646195619654 1 -0.050026461951489382 1 
	0.7986416109281701 -76.973559549262049 
	0.79864507409678831 -76.923559731916058 
	
	nullbs 
	-1 
	-1 
	I I 
	0 
	0 
	0 
	
	-1 
	none F surf1 } I I #
integer_attrib-name_attrib-gen-attrib $-1 -1 $-1 $2023 $1985 2 1 1 1 1 1 1 1 1 1 1 1 1 1 0 1 1 1 @3 pid 253 #
integer_attrib-name_attrib-gen-attrib $-1 -1 $-1 $-1 $2024 2 1 1 1 1 1 1 1 1 1 1 1 1 1 0 1 1 1 @3 pid 253 #
point $-1 -1 -1 $-1 31.720640812533599 -79.768559731916 3.1929731449710701 #
coedge $-1 -1 -1 $-1 $2029 $2101 $-1 $2102 forward $30 $2103 #
edge $2104 -1 -1 $-1 $2105 -0.36032693440757113 $2069 -0.34793164561974166 $2029 $2106 forward @7 unknown T 36.467291174887777 71.816329530617722 1.0751237123877186 36.471301485879764 71.82964276279084 1.0816356010794308 #
pcurve $-1 -1 -1 $-1 0 forward { imppc forward { parcur summary 3 2 -0.36032693440757113 -0.34793164561974166 0.001 OPEN 
	spline forward { ref 3 } I I I I 
	null_surface 
	nubs 1 open 2 
	-0.36032693440757113 1 -0.34793164561974166 1 
	0.9643327265783822 74.66232953061764 
	0.96417464696198085 74.673642762790749 
	
	nullbs 
	-1 
	-1 
	I I 
	0 
	0 
	0 
	
	-1 
	none F surf1 } I I surf1 } 0 0 #
name_attrib-gen-attrib $-1 -1 $2107 $-1 $2030 2 1 1 1 1 1 1 1 1 1 1 1 1 1 0 1 1 1 @3 eif #
tvertex-vertex $2108 -1 -1 $-1 $2066 $2109 0.00011127897336649323 #
intcurve-curve $-1 -1 -1 $-1 forward { ref 451 } I I #
integer_attrib-name_attrib-gen-attrib $-1 -1 $-1 $2032 $1994 2 1 1 1 1 1 1 1 1 1 1 1 1 1 0 1 1 1 @3 pid 345 #
integer_attrib-name_attrib-gen-attrib $-1 -1 $-1 $-1 $2033 2 1 1 1 1 1 1 1 1 1 1 1 1 1 0 1 1 1 @3 pid 344 #
point $-1 -1 -1 $-1 36.466034159336999 71.839692958469499 1.08567983329805 #
coedge $-1 -1 -1 $-1 $2110 $2038 $-1 $2111 forward $20 $2112 #
edge $2113 -1 -1 $-1 $2078 -0.80966251348125118 $2114 -0.79699795697650888 $2038 $2115 forward @7 unknown T -36.449624087171877 71.926116143465791 1.1228549819027638 -36.445450000919678 71.93949350314432 1.1295336445663084 #
pcurve $-1 -1 -1 $-1 0 forward { imppc forward { parcur summary 3 2 -0.80966251348125118 -0.79699795697650888 0.001 OPEN 
	spline forward { ref 1 } I I I I 
	null_surface 
	nubs 1 open 2 
	-0.80966251348125118 1 -0.79699795697650888 1 
	0.96248815263621423 -72.783493503144314 
	0.96265356825697102 -72.772116143465794 
	
	nullbs 
	-1 
	-1 
	I I 
	0 
	0 
	0 
	
	-1 
	none F surf1 } I I surf1 } 0 0 #
name_attrib-gen-attrib $-1 -1 $2116 $-1 $2039 2 1 1 1 1 1 1 1 1 1 1 1 1 1 0 1 1 1 @3 eif #
tvertex-vertex $2117 -1 -1 $-1 $2039 $2118 0.00013737335606510718 #
intcurve-curve $-1 -1 -1 $-1 forward { ref 454 } I I #
integer_attrib-name_attrib-gen-attrib $-1 -1 $-1 $2041 $2003 2 1 1 1 1 1 1 1 1 1 1 1 1 1 0 1 1 1 @3 pid 61 #
integer_attrib-name_attrib-gen-attrib $-1 -1 $-1 $-1 $2042 2 1 1 1 1 1 1 1 1 1 1 1 1 1 0 1 1 1 @3 pid 62 #
point $-1 -1 -1 $-1 -36.444019846541202 71.949598905156606 1.13374085724671 #
coedge $-1 -1 -1 $-1 $2047 $2119 $-1 $2120 forward $20 $2121 #
edge $2122 -1 -1 $-1 $2123 -0.18922796768980873 $2087 -0.1577886816196159 $2047 $2124 forward @7 unknown T -32.596411211663735 -79.766871509032967 3.173961222125953 -32.563965851828037 -79.756197600335199 3.1772666606424846 #
pcurve $-1 -1 -1 $-1 0 forward { exppc nubs 1 open 2 
	-0.18922796768980873 1 -0.1577886816196159 1 
	0.8215572247422317 78.912197598095844 
	0.82073971591558459 78.920871510736333 
	0.001 
	-1 
	spline forward { ref 1 } I I I I 
	} 0 0 #
name_attrib-gen-attrib $-1 -1 $2125 $-1 $2048 2 1 1 1 1 1 1 1 1 1 1 1 1 1 0 1 1 1 @3 eif #
tvertex-vertex $2126 -1 -1 $-1 $2084 $2127 2.277889832542102e-005 #
intcurve-curve $-1 -1 -1 $-1 forward { parcur summary 3 2 -0.51723232484327364 -0.485790107875262 0.001 OPEN 
	spline forward { ref 1 } I I I I 
	null_surface 
	nubs 1 open 2 
	-0.51723232484327364 1 -0.485790107875262 1 
	0.82073986089100226 78.920886875615366 
	0.81989796780131519 78.924861810983799 
	
	nullbs 
	-1 
	-1 
	I I 
	0 
	0 
	0 
	
	-1 
	none F surf1 } I I #
integer_attrib-name_attrib-gen-attrib $-1 -1 $-1 $2050 $2012 2 1 1 1 1 1 1 1 1 1 1 1 1 1 0 1 1 1 @3 pid 151 #
integer_attrib-name_attrib-gen-attrib $-1 -1 $-1 $-1 $2051 2 1 1 1 1 1 1 1 1 1 1 1 1 1 0 1 1 1 @3 pid 151 #
point $-1 -1 -1 $-1 -32.533554412888897 -79.769870181684297 3.1775446109001599 #
coedge $-1 -1 -1 $-1 $2128 $2056 $-1 $2129 forward $30 $2130 #
edge $2131 -1 -1 $-1 $2096 -0.075967492784059454 $2132 -0.04268713703514232 $2056 $2133 forward @7 unknown T 32.155158754123491 -79.820827262346697 3.1865723546400448 32.190515291009035 -79.818737025937054 3.1892151426277917 #
pcurve $-1 -1 -1 $-1 0 forward { imppc forward { parcur summary 3 2 -0.075967492784059454 -0.04268713703514232 0.001 OPEN 
	spline forward { ref 3 } I I I I 
	null_surface 
	nubs 1 open 2 
	-0.075967492784059454 1 -0.04268713703514232 1 
	0.80991394057299437 -76.97473702593706 
	0.81078732203030979 -76.974827262346693 
	
	nullbs 
	-1 
	-1 
	I I 
	0 
	0 
	0 
	
	-1 
	none F surf1 } I I surf1 } 0 0 #
name_attrib-gen-attrib $-1 -1 $2134 $-1 $2057 2 1 1 1 1 1 1 1 1 1 1 1 1 1 0 1 1 1 @3 eif #
vertex $2135 -1 -1 $-1 $2057 $2136 #
intcurve-curve $-1 -1 -1 $-1 forward { ref 458 } I I #
integer_attrib-name_attrib-gen-attrib $-1 -1 $-1 $2059 $2021 2 1 1 1 1 1 1 1 1 1 1 1 1 1 0 1 1 1 @3 pid 254 #
integer_attrib-name_attrib-gen-attrib $-1 -1 $-1 $-1 $2060 2 1 1 1 1 1 1 1 1 1 1 1 1 1 0 1 1 1 @3 pid 254 #
point $-1 -1 -1 $-1 31.720505663134201 -79.818559549262005 3.1929738371755798 #
coedge $-1 -1 -1 $-1 $2065 $2137 $-1 $2138 forward $30 $2139 #
edge $2140 -1 -1 $-1 $2141 -0.81454640031088932 $2105 -0.36032693440757113 $2065 $2142 forward @7 unknown T 36.469301485879768 71.401605654656379 0.90739284268782272 36.540536321676235 71.818329530617731 1.0771237123877184 #
pcurve $-1 -1 -1 $-1 0 forward { imppc forward { parcur summary 3 2 -0.81454640031088932 -0.36032693440757113 0.001 OPEN 
	spline forward { ref 3 } I I I I 
	null_surface 
	nubs 1 open 2 
	-0.81454640031088932 1 -0.36032693440757113 1 
	0.97011854286907695 74.247605654656283 
	0.9643327265783822 74.66232953061764 
	
	nullbs 
	-1 
	-1 
	I I 
	0 
	0 
	1 -0.46125103433537629 
	
	-1 
	none F surf1 } I I surf1 } 0 0 #
name_attrib-gen-attrib $-1 -1 $2143 $-1 $2066 2 1 1 1 1 1 1 1 1 1 1 1 1 1 0 1 1 1 @3 eif #
tvertex-vertex $2144 -1 -1 $-1 $2102 $2145 6.0214183959617901e-005 #
intcurve-curve $-1 -1 -1 $-1 forward { ref 461 } I I #
integer_attrib-name_attrib-gen-attrib $-1 -1 $-1 $2068 $2030 2 1 1 1 1 1 1 1 1 1 1 1 1 1 0 1 1 1 @3 pid 344 #
integer_attrib-name_attrib-gen-attrib $-1 -1 $-1 $-1 $2069 2 1 1 1 1 1 1 1 1 1 1 1 1 1 0 1 1 1 @3 pid 343 #
point $-1 -1 -1 $-1 36.468312838978797 71.828665963519299 1.0805870746198201 #
coedge $-1 -1 -1 $-1 $2146 $2074 $-1 $2147 forward $20 $2148 #
edge $2149 -1 -1 $-1 $2114 -0.79699795697650888 $2150 -0.33848070596294588 $2074 $2151 forward @7 unknown T -36.523645769276158 71.513882876612954 0.95073067081518292 -36.447624087171882 71.9281161434658 1.1248549819027636 #
pcurve $-1 -1 -1 $-1 0 forward { imppc forward { parcur summary 3 2 -0.79699795697650888 -0.33848070596294588 0.001 OPEN 
	spline forward { ref 1 } I I I I 
	null_surface 
	nubs 1 open 2 
	-0.79699795697650888 1 -0.33848070596294588 1 
	0.96265356825697102 -72.772116143465794 
	0.9686401156253619 -72.359882876612957 
	
	nullbs 
	-1 
	-1 
	I I 
	0 
	0 
	1 -0.56992609832003116 
	
	-1 
	none F surf1 } I I surf1 } 0 0 #
name_attrib-gen-attrib $-1 -1 $2152 $-1 $2075 2 1 1 1 1 1 1 1 1 1 1 1 1 1 0 1 1 1 @3 eif #
tvertex-vertex $2153 -1 -1 $-1 $2075 $2154 7.4400383263708211e-005 #
intcurve-curve $-1 -1 -1 $-1 forward { ref 463 } I I #
integer_attrib-name_attrib-gen-attrib $-1 -1 $-1 $2077 $2039 2 1 1 1 1 1 1 1 1 1 1 1 1 1 0 1 1 1 @3 pid 62 #
integer_attrib-name_attrib-gen-attrib $-1 -1 $-1 $-1 $2078 2 1 1 1 1 1 1 1 1 1 1 1 1 1 0 1 1 1 @3 pid 63 #
point $-1 -1 -1 $-1 -36.446477578731198 71.938523126392596 1.1284744162615501 #
coedge $-1 -1 -1 $-1 $2083 $2155 $-1 $2156 forward $20 $2157 #
edge $2158 -1 -1 $-1 $2159 -0.57325043802588282 $2123 -0.18922797580659967 $2083 $2160 forward @7 unknown T -32.969423320930765 -79.758197598095848 3.1517957498018454 -32.594411219515926 -79.649913981644801 3.1759612217806068 #
pcurve $-1 -1 -1 $-1 0 forward { imppc forward { parcur summary 3 2 -0.57325043802588282 -0.18922797580659967 0.001 OPEN 
	spline forward { ref 1 } I I I I 
	null_surface 
	nubs 2 open 7 
	-0.57325043802588282 2 -0.509246694322669 2 -0.44524295061945512 2 -0.38123920691624125 2 -0.31723546321302742 2 
	-0.25323171950981349 2 -0.18922797580659967 2 
	0.83171621102555382 78.805913981644807 
	0.83086043591592951 78.814748379328307 
	0.83000377803107872 78.823632315106948 
	0.82915139587769238 78.832471909586218 
	0.82829817077939794 78.841360107421849 
	0.82744955312719415 78.850200308670722 
	0.82660005691620675 78.859088945233765 
	0.82575555546058599 78.8679253195683 
	0.82491009536914151 78.876810415187123 
	0.82407004082782553 78.885638702885274 
	0.82322893690673615 78.894516103926378 
	0.82239364062197207 78.9033322084791 
	0.8215572247422317 78.912197598095844 
	
	nullbs 
	-1 
	-1 
	I I 
	5 -0.509246694322669 -0.44524295061945512 -0.38123920691624125 -0.31723546321302742 -0.25323171950981349 
	0 
	0 
	
	-1 
	none F surf1 } I I surf1 } 0 0 #
name_attrib-gen-attrib $-1 -1 $2161 $-1 $2084 2 1 1 1 1 1 1 1 1 1 1 1 1 1 0 1 1 1 @3 eif #
tvertex-vertex $2162 -1 -1 $-1 $2120 $2163 3.0532770255484346e-005 #
intcurve-curve $-1 -1 -1 $-1 forward { parcur summary 3 2 -0.18922797580659967 -0.15778867544560238 0.001 OPEN 
	spline forward { ref 1 } I I I I 
	null_surface 
	nubs 1 open 2 
	-0.18922797580659967 1 -0.15778867544560238 1 
	0.8215572247422317 78.912197598095844 
	0.82073971591558459 78.920871510736333 
	
	nullbs 
	-1 
	-1 
	I I 
	0 
	0 
	0 
	
	-1 
	none F surf1 } I I #
integer_attrib-name_attrib-gen-attrib $-1 -1 $-1 $2086 $2048 2 1 1 1 1 1 1 1 1 1 1 1 1 1 0 1 1 1 @3 pid 150 #
integer_attrib-name_attrib-gen-attrib $-1 -1 $-1 $-1 $2087 2 1 1 1 1 1 1 1 1 1 1 1 1 1 0 1 1 1 @3 pid 150 #
point $-1 -1 -1 $-1 -32.564972076879997 -79.765893419287906 3.1762664005169499 #
coedge $-1 -1 -1 $-1 $2164 $2092 $-1 $2165 forward $30 $2166 #
edge $2167 -1 -1 $-1 $2132 -0.60399006448056947 $2168 -0.57068343098183871 $2092 $2169 forward @7 unknown T 32.188514789360916 -79.820824267051904 3.1858876872701725 32.22345853790047 -79.813618660109199 3.1885723646830075 #
pcurve $-1 -1 -1 $-1 0 forward { imppc forward { parcur summary 3 2 -0.60399006448056947 -0.57068343098183871 0.001 OPEN 
	spline forward { ref 3 } I I I I 
	null_surface 
	nubs 1 open 2 
	-0.60399006448056947 1 -0.57068343098183871 1 
	0.81078730888304418 -76.974824267051901 
	0.81165152690458053 -76.969618660109219 
	
	nullbs 
	-1 
	-1 
	I I 
	0 
	0 
	0 
	
	-1 
	none F surf1 } I I surf1 } 0 0 #
name_attrib-gen-attrib $-1 -1 $2170 $-1 $2093 2 1 1 1 1 1 1 1 1 1 1 1 1 1 0 1 1 1 @3 eif #
tvertex-vertex $2171 -1 -1 $-1 $2093 $2172 3.2122272481255579e-006 #
intcurve-curve $-1 -1 -1 $-1 forward { ref 467 } I I #
integer_attrib-name_attrib-gen-attrib $-1 -1 $-1 $2095 $2057 2 1 1 1 1 1 1 1 1 1 1 1 1 1 0 1 1 1 @3 pid 255 #
integer_attrib-name_attrib-gen-attrib $-1 -1 $-1 $-1 $2096 2 1 1 1 1 1 1 1 1 1 1 1 1 1 0 1 1 1 @3 pid 255 #
point $-1 -1 -1 $-1 32.156158752851802 -79.819737495541105 3.1882151426513601 #
coedge $-1 -1 -1 $-1 $2101 $2173 $-1 $2174 forward $30 $2175 #
edge $2176 -1 -1 $-1 $2177 -0.82706646357017721 $2141 -0.81454640031088932 $2101 $2178 forward @7 unknown T 36.53853632167624 71.39014918251749 0.90270246026557666 36.542324176456475 71.403605654656388 0.90939284268782272 #
pcurve $-1 -1 -1 $-1 0 forward { imppc forward { parcur summary 3 2 -0.82706646357017721 -0.81454640031088932 0.001 OPEN 
	spline forward { ref 3 } I I I I 
	null_surface 
	nubs 1 open 2 
	-0.82706646357017721 1 -0.81454640031088932 1 
	0.97027788449950136 74.236149182517394 
	0.97011854286907695 74.247605654656283 
	
	nullbs 
	-1 
	-1 
	I I 
	0 
	0 
	0 
	
	-1 
	none F surf1 } I I surf1 } 0 0 #
name_attrib-gen-attrib $-1 -1 $2179 $-1 $2102 2 1 1 1 1 1 1 1 1 1 1 1 1 1 0 1 1 1 @3 eif #
tvertex-vertex $2180 -1 -1 $-1 $2138 $2181 5.2167333870057493e-005 #
intcurve-curve $-1 -1 -1 $-1 forward { ref 469 } I I #
integer_attrib-name_attrib-gen-attrib $-1 -1 $-1 $2104 $2066 2 1 1 1 1 1 1 1 1 1 1 1 1 1 0 1 1 1 @3 pid 343 #
integer_attrib-name_attrib-gen-attrib $-1 -1 $-1 $-1 $2105 2 1 1 1 1 1 1 1 1 1 1 1 1 1 0 1 1 1 @3 pid 342 #
point $-1 -1 -1 $-1 36.470323906858397 71.8173536261083 1.07607328962499 #
coedge $-1 -1 -1 $-1 $2182 $2110 $-1 $2183 forward $20 $2184 #
edge $2185 -1 -1 $-1 $2150 -0.33848070596294588 $2186 -0.32605135194894619 $2110 $2187 forward @7 unknown T -36.525526704283095 71.502676714926181 0.94598909465276271 -36.521645769276162 71.515882876612963 0.95273067081518292 #
pcurve $-1 -1 -1 $-1 0 forward { imppc forward { parcur summary 3 2 -0.33848070596294588 -0.32605135194894619 0.001 OPEN 
	spline forward { ref 1 } I I I I 
	null_surface 
	nubs 1 open 2 
	-0.33848070596294588 1 -0.32605135194894619 1 
	0.9686401156253619 -72.359882876612957 
	0.96880241553487567 -72.348676714926185 
	
	nullbs 
	-1 
	-1 
	I I 
	0 
	0 
	0 
	
	-1 
	none F surf1 } I I surf1 } 0 0 #
name_attrib-gen-attrib $-1 -1 $2188 $-1 $2111 2 1 1 1 1 1 1 1 1 1 1 1 1 1 0 1 1 1 @3 eif #
tvertex-vertex $2189 -1 -1 $-1 $2111 $2190 6.4615608116297841e-005 #
intcurve-curve $-1 -1 -1 $-1 forward { ref 471 } I I #
integer_attrib-name_attrib-gen-attrib $-1 -1 $-1 $2113 $2075 2 1 1 1 1 1 1 1 1 1 1 1 1 1 0 1 1 1 @3 pid 63 #
integer_attrib-name_attrib-gen-attrib $-1 -1 $-1 $-1 $2114 2 1 1 1 1 1 1 1 1 1 1 1 1 1 0 1 1 1 @3 pid 64 #
point $-1 -1 -1 $-1 -36.448652592352197 71.927146871721106 1.12379351121015 #
coedge $-1 -1 -1 $-1 $2119 $2191 $-1 $2192 forward $20 $2193 #
edge $2194 -1 -1 $-1 $2195 -0.59818045350906224 $2159 -0.57325045297195776 $2119 $2196 forward @7 unknown T -32.993619118837714 -79.651913977509878 3.1499085061577934 -32.967423335450285 -79.643016909615326 3.1537957486876245 #
pcurve $-1 -1 -1 $-1 0 forward { exppc nubs 1 open 2 
	-0.59818045350906224 1 -0.57325045297195776 1 
	0.83238492052608981 78.79901690565211 
	0.83171621102555382 78.805913981644807 
	0.001 
	-1 
	spline forward { ref 1 } I I I I 
	} 0 0 #
name_attrib-gen-attrib $-1 -1 $2197 $-1 $2120 2 1 1 1 1 1 1 1 1 1 1 1 1 1 0 1 1 1 @3 eif #
tvertex-vertex $2198 -1 -1 $-1 $2156 $2199 6.5227676941040716e-005 #
intcurve-curve $-1 -1 -1 $-1 forward { ref 473 } I I #
integer_attrib-name_attrib-gen-attrib $-1 -1 $-1 $2122 $2084 2 1 1 1 1 1 1 1 1 1 1 1 1 1 0 1 1 1 @3 pid 149 #
integer_attrib-name_attrib-gen-attrib $-1 -1 $-1 $-1 $2123 2 1 1 1 1 1 1 1 1 1 1 1 1 1 0 1 1 1 @3 pid 149 #
point $-1 -1 -1 $-1 -32.595419569894197 -79.757226964511403 3.17496085452145 #
coedge $-1 -1 -1 $-1 $2200 $2128 $-1 $2201 forward $30 $2202 #
edge $2203 -1 -1 $-1 $2168 -0.57068343098183871 $2204 -0.19533140908145907 $2128 $2205 forward @7 unknown T 32.221458537900475 -79.815618660109209 3.1739778294112759 32.596033490185825 -79.75474537544855 3.1878876872701722 #
pcurve $-1 -1 -1 $-1 0 forward { imppc forward { parcur summary 3 2 -0.57068343098183871 -0.19533140908145907 0.001 OPEN 
	spline forward { ref 3 } I I I I 
	null_surface 
	nubs 2 open 7 
	-0.57068343098183871 2 -0.50812476066510881 2 -0.44556609034837885 2 -0.38300742003164889 2 -0.32044874971491899 2 
	-0.25789007939818898 2 -0.19533140908145907 2 
	0.81165152690458053 -76.969618660109219 
	0.81246832773059041 -76.964703403701236 
	0.81328175472232578 -76.959826387447649 
	0.81410282056429539 -76.954903571390105 
	0.81492053203277037 -76.950019222298323 
	0.81574550695504511 -76.94509148718916 
	0.81656716144919361 -76.940202351592376 
	0.81739569179027427 -76.935272302268189 
	0.81822093806346141 -76.930380962261253 
	0.81905267344599619 -76.92545116047485 
	0.81988114881538576 -76.920560241236231 
	0.82071574127031277 -76.91563320967316 
	0.8215470718824992 -76.91074537544857 
	
	nullbs 
	-1 
	-1 
	I I 
	5 -0.50812476066510881 -0.44556609034837885 -0.38300742003164889 -0.32044874971491899 -0.25789007939818898 
	0 
	0 
	
	-1 
	none F surf1 } I I surf1 } 0 0 #
name_attrib-gen-attrib $-1 -1 $2206 $-1 $2129 2 1 1 1 1 1 1 1 1 1 1 1 1 1 0 1 1 1 @3 eif #
tvertex-vertex $2207 -1 -1 $-1 $2129 $2208 5.3226093185549605e-006 #
intcurve-curve $-1 -1 -1 $-1 forward { ref 476 } I I #
integer_attrib-name_attrib-gen-attrib $-1 -1 $-1 $2131 $2093 2 1 1 1 1 1 1 1 1 1 1 1 1 1 0 1 1 1 @3 pid 256 #
integer_attrib-name_attrib-gen-attrib $-1 -1 $-1 $-1 $2132 2 1 1 1 1 1 1 1 1 1 1 1 1 1 0 1 1 1 @3 pid 256 #
point $-1 -1 -1 $-1 32.189515290526401 -79.819827439926996 3.1875723546497099 #
coedge $-1 -1 -1 $-1 $2137 $2209 $-1 $2210 forward $30 $2211 #
edge $2212 -1 -1 $-1 $2213 -0.31645427410873139 $2177 -0.30394755761729919 $2137 $2214 forward @7 unknown T 36.540339690487748 71.378450300090009 0.89859555823297188 36.543883249842303 71.392168429247533 0.90466167028918976 #
pcurve $-1 -1 -1 $-1 0 forward { imppc forward { parcur summary 3 2 -0.31645427410873139 -0.30394755761729919 0.001 OPEN 
	spline forward { ref 3 } I I I I 
	null_surface 
	nubs 1 open 2 
	-0.31645427410873139 1 -0.30394755761729919 1 
	0.97041729837306179 74.224450300089913 
	0.97027926965083466 74.236168429247428 
	
	nullbs 
	-1 
	-1 
	I I 
	0 
	0 
	0 
	
	-1 
	none F surf1 } I I surf1 } 0 0 #
name_attrib-gen-attrib $-1 -1 $2215 $-1 $2138 2 1 1 1 1 1 1 1 1 1 1 1 1 1 0 1 1 1 @3 eif #
tvertex-vertex $2216 -1 -1 $-1 $2174 $2217 4.9694161402098679e-005 #
intcurve-curve $-1 -1 -1 $-1 forward { ref 478 } I I #
integer_attrib-name_attrib-gen-attrib $-1 -1 $-1 $2140 $2102 2 1 1 1 1 1 1 1 1 1 1 1 1 1 0 1 1 1 @3 pid 342 #
integer_attrib-name_attrib-gen-attrib $-1 -1 $-1 $-1 $2141 2 1 1 1 1 1 1 1 1 1 1 1 1 1 0 1 1 1 @3 pid 341 #
point $-1 -1 -1 $-1 36.539553372598398 71.402626589943395 0.90834820626172996 #
coedge $-1 -1 -1 $-1 $2218 $2146 $-1 $2219 forward $20 $2220 #
edge $2221 -1 -1 $-1 $2186 -0.76779103518822467 $2222 -0.75541545471987004 $2146 $2223 forward @7 unknown T -36.527174082231006 71.491223547904482 0.94181929599457004 -36.523537508034984 71.504691869792339 0.94796180033517619 #
pcurve $-1 -1 -1 $-1 0 forward { imppc forward { parcur summary 3 2 -0.76779103518822467 -0.75541545471987004 0.001 OPEN 
	spline forward { ref 1 } I I I I 
	null_surface 
	nubs 1 open 2 
	-0.76779103518822467 1 -0.75541545471987004 1 
	0.96880334940388868 -72.348691869792333 
	0.96894503246436303 -72.337223547904486 
	
	nullbs 
	-1 
	-1 
	I I 
	0 
	0 
	0 
	
	-1 
	none F surf1 } I I surf1 } 0 0 #
name_attrib-gen-attrib $-1 -1 $2224 $-1 $2147 2 1 1 1 1 1 1 1 1 1 1 1 1 1 0 1 1 1 @3 eif #
tvertex-vertex $2225 -1 -1 $-1 $2147 $2226 6.1715823004129231e-005 #
intcurve-curve $-1 -1 -1 $-1 forward { ref 480 } I I #
integer_attrib-name_attrib-gen-attrib $-1 -1 $-1 $2149 $2111 2 1 1 1 1 1 1 1 1 1 1 1 1 1 0 1 1 1 @3 pid 64 #
integer_attrib-name_attrib-gen-attrib $-1 -1 $-1 $-1 $2150 2 1 1 1 1 1 1 1 1 1 1 1 1 1 0 1 1 1 @3 pid 65 #
point $-1 -1 -1 $-1 -36.522667494699398 71.514909646361502 0.95167602135626295 #
coedge $-1 -1 -1 $-1 $2155 $2227 $-1 $2228 forward $20 $2229 #
edge $2230 -1 -1 $-1 $2231 -0.28054995300871804 $2195 -0.25555501988916351 $2155 $2232 forward @7 unknown T -33.016752252576211 -79.64495762349037 3.1480463936503549 -32.991586511270619 -79.633194003220254 3.1519110907989547 #
pcurve $-1 -1 -1 $-1 0 forward { exppc nubs 1 open 2 
	-0.28054995300871804 1 -0.25555501988916351 1 
	0.83302544231835707 78.789193986655022 
	0.83238401689826658 78.798957641876967 
	0.001 
	-1 
	spline forward { ref 1 } I I I I 
	} 0 0 #
name_attrib-gen-attrib $-1 -1 $2233 $-1 $2156 2 1 1 1 1 1 1 1 1 1 1 1 1 1 0 1 1 1 @3 eif #
tvertex-vertex $2234 -1 -1 $-1 $2192 $2235 0.00012698841072389836 #
intcurve-curve $-1 -1 -1 $-1 forward { parcur summary 3 2 -0.59818046783445777 -0.57325043802588282 0.001 OPEN 
	spline forward { ref 1 } I I I I 
	null_surface 
	nubs 1 open 2 
	-0.59818046783445777 1 -0.57325043802588282 1 
	0.83238492052608981 78.79901690565211 
	0.83171621102555382 78.805913981644807 
	
	nullbs 
	-1 
	-1 
	I I 
	0 
	0 
	0 
	
	-1 
	none F surf1 } I I #
integer_attrib-name_attrib-gen-attrib $-1 -1 $-1 $2158 $2120 2 1 1 1 1 1 1 1 1 1 1 1 1 1 0 1 1 1 @3 pid 148 #
integer_attrib-name_attrib-gen-attrib $-1 -1 $-1 $-1 $2159 2 1 1 1 1 1 1 1 1 1 1 1 1 1 0 1 1 1 @3 pid 148 #
point $-1 -1 -1 $-1 -32.968441100283798 -79.650976724635399 3.15279438540587 #
coedge $-1 -1 -1 $-1 $2236 $2164 $-1 $2237 forward $30 $2238 #
edge $2239 -1 -1 $-1 $2204 -0.19533140731504711 $2240 -0.16684693831299513 $2164 $2241 forward @7 unknown T 32.594033491939818 -79.756745375171661 3.172706347387519 32.624290698509235 -79.750279776934846 3.1759778293341823 #
pcurve $-1 -1 -1 $-1 0 forward { exppc nubs 1 open 2 
	-0.19533140731504711 1 -0.16684693831299513 1 
	0.8215470718824992 -76.91074537544857 
	0.82230730156584864 -76.906279776693665 
	0.001 
	-1 
	spline forward { ref 3 } I I I I 
	} 0 0 #
name_attrib-gen-attrib $-1 -1 $2242 $-1 $2165 2 1 1 1 1 1 1 1 1 1 1 1 1 1 0 1 1 1 @3 eif #
tvertex-vertex $2243 -1 -1 $-1 $2165 $2244 1.2523646630608217e-005 #
intcurve-curve $-1 -1 -1 $-1 forward { ref 483 } I I #
integer_attrib-name_attrib-gen-attrib $-1 -1 $-1 $2167 $2129 2 1 1 1 1 1 1 1 1 1 1 1 1 1 0 1 1 1 @3 pid 257 #
integer_attrib-name_attrib-gen-attrib $-1 -1 $-1 $-1 $2168 2 1 1 1 1 1 1 1 1 1 1 1 1 1 0 1 1 1 @3 pid 257 #
point $-1 -1 -1 $-1 32.222459368263799 -79.814623917517906 3.1868876693692698 #
coedge $-1 -1 -1 $-1 $2173 $2245 $-1 $2246 forward $30 $2247 #
edge $2248 -1 -1 $-1 $2249 -0.76930977403912237 $2213 -0.31645427410873139 $2173 $2250 forward @7 unknown T 36.541883249842307 70.95390841864716 0.74985696280336045 36.596466242421457 71.380450300090018 0.90059555823297188 #
pcurve $-1 -1 -1 $-1 0 forward { imppc forward { parcur summary 3 3 -0.76930977403912237 -0.52729878142799602 -0.31645427410873139 0.001 OPEN 
	spline forward { ref 3 } I I I I 
	null_surface 
	nubs 1 open 2 
	-0.76930977403912237 1 -0.31645427410873139 1 
	0.97540180506645202 73.799908418647064 
	0.97041729837306179 74.224450300089913 
	
	nullbs 
	-1 
	-1 
	I I 
	0 
	0 
	0 
	
	-1 
	none F surf1 } I I surf1 } 0 0 #
name_attrib-gen-attrib $-1 -1 $2251 $-1 $2174 2 1 1 1 1 1 1 1 1 1 1 1 1 1 0 1 1 1 @3 eif #
tvertex-vertex $2252 -1 -1 $-1 $2210 $2253 1.9314544866251797e-006 #
intcurve-curve $-1 -1 -1 $-1 forward { ref 485 } I I #
integer_attrib-name_attrib-gen-attrib $-1 -1 $-1 $2176 $2138 2 1 1 1 1 1 1 1 1 1 1 1 1 1 0 1 1 1 @3 pid 341 #
integer_attrib-name_attrib-gen-attrib $-1 -1 $-1 $-1 $2177 2 1 1 1 1 1 1 1 1 1 1 1 1 1 0 1 1 1 @3 pid 340 #
point $-1 -1 -1 $-1 36.541340357454899 71.391169125566805 0.90365991664382495 #
coedge $-1 -1 -1 $-1 $2254 $2182 $-1 $2255 forward $20 $2256 #
edge $2257 -1 -1 $-1 $2222 -0.75541545471987004 $2258 -0.30046875994614719 $2182 $2259 forward @7 unknown T -36.583734875778674 71.069580792971067 0.78785385662769558 -36.525174082231011 71.493223547904492 0.94381929599457004 #
pcurve $-1 -1 -1 $-1 0 forward { imppc forward { parcur summary 3 2 -0.75541545471987004 -0.30046875994614719 0.001 OPEN 
	spline forward { ref 1 } I I I I 
	null_surface 
	nubs 1 open 2 
	-0.75541545471987004 1 -0.30046875994614719 1 
	0.96894503246436303 -72.337223547904486 
	0.97414016208282739 -71.91558079297107 
	
	nullbs 
	-1 
	-1 
	I I 
	0 
	0 
	0 
	
	-1 
	none F surf1 } I I surf1 } 0 0 #
name_attrib-gen-attrib $-1 -1 $2260 $-1 $2183 2 1 1 1 1 1 1 1 1 1 1 1 1 1 0 1 1 1 @3 eif #
tvertex-vertex $2261 -1 -1 $-1 $2183 $2262 3.0038214518591309e-005 #
intcurve-curve $-1 -1 -1 $-1 forward { ref 487 } I I #
integer_attrib-name_attrib-gen-attrib $-1 -1 $-1 $2185 $2147 2 1 1 1 1 1 1 1 1 1 1 1 1 1 0 1 1 1 @3 pid 65 #
integer_attrib-name_attrib-gen-attrib $-1 -1 $-1 $-1 $2186 2 1 1 1 1 1 1 1 1 1 1 1 1 1 0 1 1 1 @3 pid 66 #
point $-1 -1 -1 $-1 -36.524547376990299 71.503702283679502 0.94693686706580005 #
coedge $-1 -1 -1 $-1 $2191 $2263 $-1 $2264 forward $20 $2265 #
edge $2266 -1 -1 $-1 $2267 -0.70319947904019819 $2231 -0.2805500012817006 $2191 $2268 forward @7 unknown T -33.408884761198202 -79.635193984364406 3.1067569026256039 -33.014752297279223 -79.46786529777458 3.1500463899966791 #
pcurve $-1 -1 -1 $-1 0 forward { exppc nubs 2 open 7 
	-0.70319947904019819 2 -0.63275789941378191 2 -0.56231631978736574 2 -0.4918747401609494 2 -0.42143316053453317 2 
	-0.35099158090811683 2 -0.2805500012817006 2 
	0.84407129564724936 78.623865293320961 
	0.84313359637408136 78.637680127632564 
	0.84220605704199536 78.651417764742916 
	0.84127275163564774 78.66524080225949 
	0.84034993659337298 78.678980928089771 
	0.83942174494086685 78.692801108207846 
	0.83850337968436905 78.706547457658019 
	0.83758071520744815 78.720358159048857 
	0.83666682482536991 78.734110027743981 
	0.83574997262532746 78.747906464729226 
	0.83484070375135999 78.761661312644208 
	0.83392985041553369 78.775440129301984 
	0.83302544231835707 78.789193986655022 
	0.001 
	-1 
	spline forward { ref 1 } I I I I 
	} 0 0 #
name_attrib-gen-attrib $-1 -1 $2269 $-1 $2192 2 1 1 1 1 1 1 1 1 1 1 1 1 1 0 1 1 1 @3 eif #
tvertex-vertex $2270 -1 -1 $-1 $2228 $2271 0.0001456456045626955 #
intcurve-curve $-1 -1 -1 $-1 forward { parcur summary 3 2 -0.28054999541588233 -0.2555549728193286 0.001 OPEN 
	spline forward { ref 1 } I I I I 
	null_surface 
	nubs 1 open 2 
	-0.28054999541588233 1 -0.2555549728193286 1 
	0.83302544231835707 78.789193986655022 
	0.83238401689826658 78.798957641876967 
	
	nullbs 
	-1 
	-1 
	I I 
	0 
	0 
	0 
	
	-1 
	none F surf1 } I I #
integer_attrib-name_attrib-gen-attrib $-1 -1 $-1 $2194 $2156 2 1 1 1 1 1 1 1 1 1 1 1 1 1 0 1 1 1 @3 pid 147 #
integer_attrib-name_attrib-gen-attrib $-1 -1 $-1 $-1 $2195 2 1 1 1 1 1 1 1 1 1 1 1 1 1 0 1 1 1 @3 pid 147 #
point $-1 -1 -1 $-1 -32.992635508692402 -79.644074714160396 3.1509072069724602 #
coedge $-1 -1 -1 $-1 $2272 $2200 $-1 $2273 forward $30 $2274 #
edge $2275 -1 -1 $-1 $2240 -0.72200441019154926 $2276 -0.69348625763804905 $2200 $2277 forward @7 unknown T 32.62228395258564 -79.752262306810934 3.1714177792245946 32.65165504258816 -79.741981905949274 3.1747066580367291 #
pcurve $-1 -1 -1 $-1 0 forward { exppc nubs 1 open 2 
	-0.72200441019154926 1 -0.69348625763804905 1 
	0.82230711966151182 -76.90626230903483 
	0.82304489994688557 -76.897981903163696 
	0.001 
	-1 
	spline forward { ref 3 } I I I I 
	} 0 0 #
name_attrib-gen-attrib $-1 -1 $2278 $-1 $2201 2 1 1 1 1 1 1 1 1 1 1 1 1 1 0 1 1 1 @3 eif #
tvertex-vertex $2279 -1 -1 $-1 $2201 $2280 2.898097318550717e-005 #
intcurve-curve $-1 -1 -1 $-1 forward { parcur summary 3 2 -0.19533140908145907 -0.16684693677445994 0.001 OPEN 
	spline forward { ref 3 } I I I I 
	null_surface 
	nubs 1 open 2 
	-0.19533140908145907 1 -0.16684693677445994 1 
	0.8215470718824992 -76.91074537544857 
	0.82230730156584864 -76.906279776693665 
	
	nullbs 
	-1 
	-1 
	I I 
	0 
	0 
	0 
	
	-1 
	none F surf1 } I I #
integer_attrib-name_attrib-gen-attrib $-1 -1 $-1 $2203 $2165 2 1 1 1 1 1 1 1 1 1 1 1 1 1 0 1 1 1 @3 pid 258 #
integer_attrib-name_attrib-gen-attrib $-1 -1 $-1 $-1 $2204 2 1 1 1 1 1 1 1 1 1 1 1 1 1 0 1 1 1 @3 pid 258 #
point $-1 -1 -1 $-1 32.595035441305498 -79.755757745877105 3.1749777436532001 #
coedge $-1 -1 -1 $-1 $2209 $2281 $-1 $2282 forward $30 $2283 #
edge $2284 -1 -1 $-1 $2285 -0.78149060240540114 $2249 -0.76930977403912237 $2209 $2286 forward @7 unknown T 36.594466242421461 70.942489649981582 0.74582242802240473 36.597790669125686 70.955908418647169 0.75185696280336045 #
pcurve $-1 -1 -1 $-1 0 forward { imppc forward { parcur summary 3 2 -0.78149060240540114 -0.76930977403912237 0.001 OPEN 
	spline forward { ref 3 } I I I I 
	null_surface 
	nubs 1 open 2 
	-0.78149060240540114 1 -0.76930977403912237 1 
	0.97553530866206917 73.788489649981486 
	0.97540180506645202 73.799908418647064 
	
	nullbs 
	-1 
	-1 
	I I 
	0 
	0 
	0 
	
	-1 
	none F surf1 } I I surf1 } 0 0 #
name_attrib-gen-attrib $-1 -1 $2287 $-1 $2210 2 1 1 1 1 1 1 1 1 1 1 1 1 1 0 1 1 1 @3 eif #
tvertex-vertex $2288 -1 -1 $-1 $2246 $2289 1.883044613618769e-006 #
intcurve-curve $-1 -1 -1 $-1 forward { ref 492 } I I #
integer_attrib-name_attrib-gen-attrib $-1 -1 $-1 $2212 $2174 2 1 1 1 1 1 1 1 1 1 1 1 1 1 0 1 1 1 @3 pid 340 #
integer_attrib-name_attrib-gen-attrib $-1 -1 $-1 $-1 $2213 2 1 1 1 1 1 1 1 1 1 1 1 1 1 0 1 1 1 @3 pid 339 #
point $-1 -1 -1 $-1 36.542883891421802 71.379450972193197 0.89959386496114102 #
coedge $-1 -1 -1 $-1 $2290 $2218 $-1 $2291 forward $20 $2292 #
edge $2293 -1 -1 $-1 $2258 -0.30046875994614719 $2294 -0.28778135884082756 $2218 $2295 forward @7 unknown T -36.585212906192417 71.057807471889959 0.78351363755367665 -36.581734875778679 71.071580792971076 0.78985385662769558 #
pcurve $-1 -1 -1 $-1 0 forward { imppc forward { parcur summary 3 2 -0.30046875994614719 -0.28778135884082756 0.001 OPEN 
	spline forward { ref 1 } I I I I 
	null_surface 
	nubs 1 open 2 
	-0.30046875994614719 1 -0.28778135884082756 1 
	0.97414016208282739 -71.91558079297107 
	0.97428467171181565 -71.903807471889962 
	
	nullbs 
	-1 
	-1 
	I I 
	0 
	0 
	0 
	
	-1 
	none F surf1 } I I surf1 } 0 0 #
name_attrib-gen-attrib $-1 -1 $2296 $-1 $2219 2 1 1 1 1 1 1 1 1 1 1 1 1 1 0 1 1 1 @3 eif #
tvertex-vertex $2297 -1 -1 $-1 $2219 $2298 2.6139403049725724e-005 #
intcurve-curve $-1 -1 -1 $-1 forward { ref 494 } I I #
integer_attrib-name_attrib-gen-attrib $-1 -1 $-1 $2221 $2183 2 1 1 1 1 1 1 1 1 1 1 1 1 1 0 1 1 1 @3 pid 66 #
integer_attrib-name_attrib-gen-attrib $-1 -1 $-1 $-1 $2222 2 1 1 1 1 1 1 1 1 1 1 1 1 1 0 1 1 1 @3 pid 67 #
point $-1 -1 -1 $-1 -36.5261843534918 71.492234423370405 0.94279324758244398 #
coedge $-1 -1 -1 $-1 $2227 $2299 $-1 $2300 forward $20 $2301 #
edge $2302 -1 -1 $-1 $2303 -0.71509376379459921 $2267 -0.70319951694258809 $2227 $2304 forward @7 unknown T -33.419901481016588 -79.46986528294056 3.1053000156370314 -33.406884796350127 -79.46321455326003 3.1087568980054177 #
pcurve $-1 -1 -1 $-1 0 forward { exppc nubs 1 open 2 
	-0.71509376379459921 1 -0.70319951694258809 1 
	0.84438711600819893 78.619214534738177 
	0.84407129564724936 78.623865293320961 
	0.001 
	-1 
	spline forward { ref 1 } I I I I 
	} 0 0 #
name_attrib-gen-attrib $-1 -1 $2305 $-1 $2228 2 1 1 1 1 1 1 1 1 1 1 1 1 1 0 1 1 1 @3 eif #
tvertex-vertex $2306 -1 -1 $-1 $2264 $2307 0.00023621954886359799 #
intcurve-curve $-1 -1 -1 $-1 forward { parcur summary 3 2 -0.70319949039468599 -0.28054999541588233 0.001 OPEN 
	spline forward { ref 1 } I I I I 
	null_surface 
	nubs 2 open 7 
	-0.70319949039468599 2 -0.63275790789821873 2 -0.56231632540175147 2 -0.49187474290528416 2 -0.4214331604088169 2 
	-0.35099157791234958 2 -0.28054999541588233 2 
	0.84407129564724936 78.623865293320961 
	0.84313359637408136 78.637680127632564 
	0.84220605704199536 78.651417764742916 
	0.84127275163564774 78.66524080225949 
	0.84034993659337298 78.678980928089771 
	0.83942174494086685 78.692801108207846 
	0.83850337968436905 78.706547457658019 
	0.83758071520744815 78.720358159048857 
	0.83666682482536991 78.734110027743981 
	0.83574997262532746 78.747906464729226 
	0.83484070375135999 78.761661312644208 
	0.83392985041553369 78.775440129301984 
	0.83302544231835707 78.789193986655022 
	
	nullbs 
	-1 
	-1 
	I I 
	5 -0.63275790789821873 -0.56231632540175147 -0.49187474290528416 -0.4214331604088169 -0.35099157791234958 
	0 
	1 -0.64542198487283942 
	
	-1 
	none F surf1 } I I #
integer_attrib-name_attrib-gen-attrib $-1 -1 $-1 $2230 $2192 2 1 1 1 1 1 1 1 1 1 1 1 1 1 0 1 1 1 @3 pid 146 #
integer_attrib-name_attrib-gen-attrib $-1 -1 $-1 $-1 $2231 2 1 1 1 1 1 1 1 1 1 1 1 1 1 0 1 1 1 @3 pid 146 #
point $-1 -1 -1 $-1 -33.015808514934399 -79.634328264309602 3.1490417950329501 #
coedge $-1 -1 -1 $-1 $2308 $2236 $-1 $2309 forward $30 $2310 #
edge $2311 -1 -1 $-1 $2276 -0.69348624804438919 $2312 -0.29975780846787947 $2236 $2313 forward @7 unknown T 32.649655051787342 -79.7439819031637 3.1468992012102768 33.0306603855093 -79.62730830933819 3.1734177787817659 #
pcurve $-1 -1 -1 $-1 0 forward { imppc forward { parcur summary 3 2 -0.69348624804438919 -0.29975780846787947 0.001 OPEN 
	spline forward { ref 3 } I I I I 
	null_surface 
	nubs 2 open 7 
	-0.69348624804438919 2 -0.62786484144830423 2 -0.56224343485221939 2 -0.49662202825613433 2 -0.43100062166004938 2 
	-0.36537921506396442 2 -0.29975780846787947 2 
	0.82304489994688557 -76.897981903163696 
	0.82389782779341469 -76.8884182065961 
	0.82475006290214603 -76.878904215339674 
	0.82560790298984954 -76.869327652475448 
	0.82646514477416255 -76.859800360378429 
	0.82732755023104931 -76.85021567978518 
	0.82818947366153817 -76.840679590288843 
	0.82905611236564403 -76.83109133227083 
	0.82992236950821885 -76.821551157079739 
	0.83079292515397951 -76.811963642049875 
	0.83166314345239545 -76.802424312759911 
	0.83253731344556869 -76.792841665008808 
	0.83341109723107498 -76.78330830933821 
	
	nullbs 
	-1 
	-1 
	I I 
	5 -0.62786484144830423 -0.56224343485221939 -0.49662202825613433 -0.43100062166004938 -0.36537921506396442 
	0 
	0 
	
	-1 
	none F surf1 } I I surf1 } 0 0 #
name_attrib-gen-attrib $-1 -1 $2314 $-1 $2237 2 1 1 1 1 1 1 1 1 1 1 1 1 1 0 1 1 1 @3 eif #
tvertex-vertex $2315 -1 -1 $-1 $2237 $2316 3.731153314236795e-005 #
intcurve-curve $-1 -1 -1 $-1 forward { parcur summary 3 2 -0.72200441785067371 -0.69348624804438919 0.001 OPEN 
	spline forward { ref 3 } I I I I 
	null_surface 
	nubs 1 open 2 
	-0.72200441785067371 1 -0.69348624804438919 1 
	0.82230711966151182 -76.90626230903483 
	0.82304489994688557 -76.897981903163696 
	
	nullbs 
	-1 
	-1 
	I I 
	0 
	0 
	0 
	
	-1 
	none F surf1 } I I #
integer_attrib-name_attrib-gen-attrib $-1 -1 $-1 $2239 $2201 2 1 1 1 1 1 1 1 1 1 1 1 1 1 0 1 1 1 @3 pid 259 #
integer_attrib-name_attrib-gen-attrib $-1 -1 $-1 $-1 $2240 2 1 1 1 1 1 1 1 1 1 1 1 1 1 0 1 1 1 @3 pid 259 #
point $-1 -1 -1 $-1 32.623292320245604 -79.751290050829994 3.17370627270618 #
coedge $-1 -1 -1 $-1 $2245 $2317 $-1 $2318 forward $30 $2319 #
edge $2320 -1 -1 $-1 $2321 -0.27255103624742816 $2285 -0.26035837283410979 $2245 $2322 forward @7 unknown T 36.595789327352492 70.930855007905762 0.74240363200497306 36.598908886474923 70.944488427120433 0.74782652345414202 #
pcurve $-1 -1 -1 $-1 0 forward { imppc forward { parcur summary 3 2 -0.27255103624742816 -0.26035837283410979 0.001 OPEN 
	spline forward { ref 3 } I I I I 
	null_surface 
	nubs 1 open 2 
	-0.27255103624742816 1 -0.26035837283410979 1 
	0.97564836901028429 73.776855007905667 
	0.9755351731876668 73.788488427120328 
	
	nullbs 
	-1 
	-1 
	I I 
	0 
	0 
	0 
	
	-1 
	none F surf1 } I I surf1 } 0 0 #
name_attrib-gen-attrib $-1 -1 $2323 $-1 $2246 2 1 1 1 1 1 1 1 1 1 1 1 1 1 0 1 1 1 @3 eif #
tvertex-vertex $2324 -1 -1 $-1 $2282 $2325 6.3794657629892978e-006 #
intcurve-curve $-1 -1 -1 $-1 forward { ref 500 } I I #
integer_attrib-name_attrib-gen-attrib $-1 -1 $-1 $2248 $2210 2 1 1 1 1 1 1 1 1 1 1 1 1 1 0 1 1 1 @3 pid 339 #
integer_attrib-name_attrib-gen-attrib $-1 -1 $-1 $-1 $2249 2 1 1 1 1 1 1 1 1 1 1 1 1 1 0 1 1 1 @3 pid 338 #
point $-1 -1 -1 $-1 36.595466793884697 70.954909074987299 0.75085528621070197 #
coedge $-1 -1 -1 $-1 $2326 $2254 $-1 $2327 forward $20 $2328 #
edge $2329 -1 -1 $-1 $2294 -0.71491819672355073 $2330 -0.70225176603299766 $2254 $2331 forward @7 unknown T -36.586467503392392 71.045799126444621 0.7798152277453908 -36.583217567306228 71.059813675538905 0.78549992150191417 #
pcurve $-1 -1 -1 $-1 0 forward { imppc forward { parcur summary 3 2 -0.71491819672355073 -0.70225176603299766 0.001 OPEN 
	spline forward { ref 1 } I I I I 
	null_surface 
	nubs 1 open 2 
	-0.71491819672355073 1 -0.70225176603299766 1 
	0.97428512823061331 -71.903813675538899 
	0.97440773062126473 -71.891799126444624 
	
	nullbs 
	-1 
	-1 
	I I 
	0 
	0 
	0 
	
	-1 
	none F surf1 } I I surf1 } 0 0 #
name_attrib-gen-attrib $-1 -1 $2332 $-1 $2255 2 1 1 1 1 1 1 1 1 1 1 1 1 1 0 1 1 1 @3 eif #
tvertex-vertex $2333 -1 -1 $-1 $2255 $2334 2.4740134801703139e-005 #
intcurve-curve $-1 -1 -1 $-1 forward { ref 502 } I I #
integer_attrib-name_attrib-gen-attrib $-1 -1 $-1 $2257 $2219 2 1 1 1 1 1 1 1 1 1 1 1 1 1 0 1 1 1 @3 pid 67 #
integer_attrib-name_attrib-gen-attrib $-1 -1 $-1 $-1 $2258 2 1 1 1 1 1 1 1 1 1 1 1 1 1 0 1 1 1 @3 pid 68 #
point $-1 -1 -1 $-1 -36.5827427423865 71.070590278663403 0.78883080437153397 #
coedge $-1 -1 -1 $-1 $2263 $2335 $-1 $2336 forward $20 $2337 #
edge $2338 -1 -1 $-1 $2339 -0.36598028580350711 $2303 -0.35405223378059425 $2263 $2340 forward @7 unknown T -33.430514876082555 -79.465032965819546 3.103879541842042 -33.417799416196651 -79.457764002965845 3.1073135949596549 #
pcurve $-1 -1 -1 $-1 0 forward { exppc nubs 1 open 2 
	-0.36598028580350711 1 -0.35405223378059425 1 
	0.84469167628490072 78.613763977496006 
	0.84438418408183358 78.619033022032653 
	0.001 
	-1 
	spline forward { ref 1 } I I I I 
	} 0 0 #
name_attrib-gen-attrib $-1 -1 $2341 $-1 $2264 2 1 1 1 1 1 1 1 1 1 1 1 1 1 0 1 1 1 @3 eif #
tvertex-vertex $2342 -1 -1 $-1 $2300 $2343 0.00043741317691727358 #
intcurve-curve $-1 -1 -1 $-1 forward { parcur summary 3 2 -0.71509381116425852 -0.70319949039468599 0.001 OPEN 
	spline forward { ref 1 } I I I I 
	null_surface 
	nubs 1 open 2 
	-0.71509381116425852 1 -0.70319949039468599 1 
	0.84438711600819893 78.619214534738177 
	0.84407129564724936 78.623865293320961 
	
	nullbs 
	-1 
	-1 
	I I 
	0 
	0 
	0 
	
	-1 
	none F surf1 } I I #
integer_attrib-name_attrib-gen-attrib $-1 -1 $-1 $2266 $2228 2 1 1 1 1 1 1 1 1 1 1 1 1 1 0 1 1 1 @3 pid 145 #
integer_attrib-name_attrib-gen-attrib $-1 -1 $-1 $-1 $2267 2 1 1 1 1 1 1 1 1 1 1 1 1 1 0 1 1 1 @3 pid 145 #
point $-1 -1 -1 $-1 -33.407975183551997 -79.469083201914401 3.1077450173805201 #
coedge $-1 -1 -1 $-1 $2344 $2272 $-1 $2345 forward $30 $2346 #
edge $2347 -1 -1 $-1 $2312 -0.2997577898285374 $2348 -0.27591110691373955 $2272 $2349 forward @7 unknown T 33.028660403451092 -79.629308303911927 3.1449614554247631 33.053593763115522 -79.620366079174474 3.148899199716841 #
pcurve $-1 -1 -1 $-1 0 forward { exppc nubs 1 open 2 
	-0.2997577898285374 1 -0.27591110691373955 1 
	0.83341109723107498 -76.78330830933821 
	0.83404794174106378 -76.77636607391031 
	0.001 
	-1 
	spline forward { ref 3 } I I I I 
	} 0 0 #
name_attrib-gen-attrib $-1 -1 $2350 $-1 $2273 2 1 1 1 1 1 1 1 1 1 1 1 1 1 0 1 1 1 @3 eif #
tvertex-vertex $2351 -1 -1 $-1 $2273 $2352 8.0081016830128092e-005 #
intcurve-curve $-1 -1 -1 $-1 forward { ref 506 } I I #
integer_attrib-name_attrib-gen-attrib $-1 -1 $-1 $2275 $2237 2 1 1 1 1 1 1 1 1 1 1 1 1 1 0 1 1 1 @3 pid 260 #
integer_attrib-name_attrib-gen-attrib $-1 -1 $-1 $-1 $2276 2 1 1 1 1 1 1 1 1 1 1 1 1 1 0 1 1 1 @3 pid 260 #
point $-1 -1 -1 $-1 32.650665831935797 -79.743017619680998 3.1724172598439799 #
coedge $-1 -1 -1 $-1 $2281 $2353 $-1 $2354 forward $30 $2355 #
edge $2356 -1 -1 $-1 $2357 -0.72303866234055314 $2321 -0.27255103624742816 $2281 $2358 forward @7 unknown T 36.596908886474928 70.500903589628777 0.61503095143697917 36.637973214959906 70.932855007905772 0.74440363200497306 #
pcurve $-1 -1 -1 $-1 0 forward { imppc forward { parcur summary 3 2 -0.72303866234055314 -0.27255103624742816 0.001 OPEN 
	spline forward { ref 3 } I I I I 
	null_surface 
	nubs 1 open 2 
	-0.72303866234055314 1 -0.27255103624742816 1 
	0.97981700470691002 73.346903589628667 
	0.97564836901028429 73.776855007905667 
	
	nullbs 
	-1 
	-1 
	I I 
	0 
	0 
	0 
	
	-1 
	none F surf1 } I I surf1 } 0 0 #
name_attrib-gen-attrib $-1 -1 $2359 $-1 $2282 2 1 1 1 1 1 1 1 1 1 1 1 1 1 0 1 1 1 @3 eif #
tvertex-vertex $2360 -1 -1 $-1 $2318 $2361 6.7390196673578253e-006 #
intcurve-curve $-1 -1 -1 $-1 forward { ref 509 } I I #
integer_attrib-name_attrib-gen-attrib $-1 -1 $-1 $2284 $2246 2 1 1 1 1 1 1 1 1 1 1 1 1 1 0 1 1 1 @3 pid 338 #
integer_attrib-name_attrib-gen-attrib $-1 -1 $-1 $-1 $2285 2 1 1 1 1 1 1 1 1 1 1 1 1 1 0 1 1 1 @3 pid 337 #
point $-1 -1 -1 $-1 36.596791224724001 70.943490313607498 0.74682073219078204 #
coedge $-1 -1 -1 $-1 $2362 $2290 $-1 $2363 forward $20 $2364 #
edge $2365 -1 -1 $-1 $2330 -0.70225176603299766 $2366 -0.25010923494572734 $2290 $2367 forward @7 unknown T -36.628550281491435 70.616897430630388 0.64728426936599415 -36.584467503392396 71.04779912644463 0.78181522774539081 #
pcurve $-1 -1 -1 $-1 0 forward { imppc forward { parcur summary 3 2 -0.70225176603299766 -0.25010923494572734 0.001 OPEN 
	spline forward { ref 1 } I I I I 
	null_surface 
	nubs 1 open 2 
	-0.70225176603299766 1 -0.25010923494572734 1 
	0.97440773062126473 -71.891799126444624 
	0.97876931345124629 -71.462897430630392 
	
	nullbs 
	-1 
	-1 
	I I 
	0 
	0 
	0 
	
	-1 
	none F surf1 } I I surf1 } 0 0 #
name_attrib-gen-attrib $-1 -1 $2368 $-1 $2291 2 1 1 1 1 1 1 1 1 1 1 1 1 1 0 1 1 1 @3 eif #
tvertex-vertex $2369 -1 -1 $-1 $2291 $2370 9.5104633308996841e-006 #
intcurve-curve $-1 -1 -1 $-1 forward { ref 511 } I I #
integer_attrib-name_attrib-gen-attrib $-1 -1 $-1 $2293 $2255 2 1 1 1 1 1 1 1 1 1 1 1 1 1 0 1 1 1 @3 pid 68 #
integer_attrib-name_attrib-gen-attrib $-1 -1 $-1 $-1 $2294 2 1 1 1 1 1 1 1 1 1 1 1 1 1 0 1 1 1 @3 pid 69 #
point $-1 -1 -1 $-1 -36.584220323845003 71.058816449921693 0.78449180987293798 #
coedge $-1 -1 -1 $-1 $2299 $2371 $-1 $2372 forward $20 $2373 #
edge $2374 -1 -1 $-1 $2375 -0.80734738036006248 $2339 -0.36598037781249082 $2299 $2376 forward @7 unknown T -33.826028734056152 -79.45976396245176 3.0379847384843872 -33.428514958450826 -79.263179060635537 3.1058795307533091 #
pcurve $-1 -1 -1 $-1 0 forward { exppc nubs 2 open 7 
	-0.80734738036006248 2 -0.73378621326880056 2 -0.66022504617753863 2 -0.5866638790862766 2 -0.51310271199501478 2 
	-0.43954154490375263 2 -0.36598037781249076 2 
	0.856268143142355 78.419179046330157 
	0.85527666957579029 78.435551258432668 
	0.85431388705347566 78.451540912958592 
	0.85332706308415962 78.467929841903171 
	0.85236893253588042 78.483935824411475 
	0.85138744127148502 78.500332057720357 
	0.85043376205034416 78.516359683640246 
	0.84945818027011244 78.532755406102495 
	0.84850885106812035 78.548808393596289 
	0.84753965691658495 78.565197293843966 
	0.84659466834242569 78.581277857231072 
	0.84563225195966196 78.597654983972106 
	0.84469167628490072 78.613763977496006 
	0.001 
	-1 
	spline forward { ref 1 } I I I I 
	} 0 0 #
name_attrib-gen-attrib $-1 -1 $2377 $-1 $2300 2 1 1 1 1 1 1 1 1 1 1 1 1 1 0 1 1 1 @3 eif #
tvertex-vertex $2378 -1 -1 $-1 $2336 $2379 0.0004569913540217188 #
intcurve-curve $-1 -1 -1 $-1 forward { parcur summary 3 2 -0.3659803434629596 -0.3540521065235096 0.001 OPEN 
	spline forward { ref 1 } I I I I 
	null_surface 
	nubs 1 open 2 
	-0.3659803434629596 1 -0.3540521065235096 1 
	0.84469167628490072 78.613763977496006 
	0.84438418408183358 78.619033022032653 
	
	nullbs 
	-1 
	-1 
	I I 
	0 
	0 
	0 
	
	-1 
	none F surf1 } I I #
integer_attrib-name_attrib-gen-attrib $-1 -1 $-1 $2302 $2264 2 1 1 1 1 1 1 1 1 1 1 1 1 1 0 1 1 1 @3 pid 144 #
integer_attrib-name_attrib-gen-attrib $-1 -1 $-1 $-1 $2303 2 1 1 1 1 1 1 1 1 1 1 1 1 1 0 1 1 1 @3 pid 144 #
point $-1 -1 -1 $-1 -33.418989316703701 -79.464426195620504 3.10628832821478 #
coedge $-1 -1 -1 $-1 $2380 $2308 $-1 $2381 forward $30 $2382 #
edge $2383 -1 -1 $-1 $2348 -0.82045765113584679 $2384 -0.79646912738946196 $2308 $2385 forward @7 unknown T 33.0515538713666 -79.622294871084748 3.143054703649617 33.075514610655809 -79.610763812807903 3.1469648764267513 #
pcurve $-1 -1 -1 $-1 0 forward { exppc nubs 1 open 2 
	-0.82045765113584679 1 -0.79646912738946196 1 
	0.83404683097436294 -76.776294894610402 
	0.8346577599225472 -76.766763793118599 
	0.001 
	-1 
	spline forward { ref 3 } I I I I 
	} 0 0 #
name_attrib-gen-attrib $-1 -1 $2386 $-1 $2309 2 1 1 1 1 1 1 1 1 1 1 1 1 1 0 1 1 1 @3 eif #
tvertex-vertex $2387 -1 -1 $-1 $2309 $2388 0.00015518480522885435 #
intcurve-curve $-1 -1 -1 $-1 forward { parcur summary 3 2 -0.29975780846787947 -0.27591108883119764 0.001 OPEN 
	spline forward { ref 3 } I I I I 
	null_surface 
	nubs 1 open 2 
	-0.29975780846787947 1 -0.27591108883119764 1 
	0.83341109723107498 -76.78330830933821 
	0.83404794174106378 -76.77636607391031 
	
	nullbs 
	-1 
	-1 
	I I 
	0 
	0 
	0 
	
	-1 
	none F surf1 } I I #
integer_attrib-name_attrib-gen-attrib $-1 -1 $-1 $2311 $2273 2 1 1 1 1 1 1 1 1 1 1 1 1 1 0 1 1 1 @3 pid 261 #
integer_attrib-name_attrib-gen-attrib $-1 -1 $-1 $-1 $2312 2 1 1 1 1 1 1 1 1 1 1 1 1 1 0 1 1 1 @3 pid 261 #
point $-1 -1 -1 $-1 33.029683433042997 -79.628384978106098 3.1478972827537799 #
coedge $-1 -1 -1 $-1 $2317 $2389 $-1 $2390 forward $30 $2391 #
edge $2392 -1 -1 $-1 $2393 -0.73688204771404509 $2357 -0.72303866234055314 $2317 $2394 forward @7 unknown T 36.635973214959911 70.487676419816822 0.61108844490398595 36.63910377791931 70.502903589628787 0.61703095143697917 #
pcurve $-1 -1 -1 $-1 0 forward { imppc forward { parcur summary 3 2 -0.73688204771404509 -0.72303866234055314 0.001 OPEN 
	spline forward { ref 3 } I I I I 
	null_surface 
	nubs 1 open 2 
	-0.73688204771404509 1 -0.72303866234055314 1 
	0.97994471133230887 73.33367641981674 
	0.97981700470691002 73.346903589628667 
	
	nullbs 
	-1 
	-1 
	I I 
	0 
	0 
	0 
	
	-1 
	none F surf1 } I I surf1 } 0 0 #
name_attrib-gen-attrib $-1 -1 $2395 $-1 $2318 2 1 1 1 1 1 1 1 1 1 1 1 1 1 0 1 1 1 @3 eif #
tvertex-vertex $2396 -1 -1 $-1 $2354 $2397 5.0434980637002984e-006 #
intcurve-curve $-1 -1 -1 $-1 forward { ref 516 } I I #
integer_attrib-name_attrib-gen-attrib $-1 -1 $-1 $2320 $2282 2 1 1 1 1 1 1 1 1 1 1 1 1 1 0 1 1 1 @3 pid 337 #
integer_attrib-name_attrib-gen-attrib $-1 -1 $-1 $-1 $2321 2 1 1 1 1 1 1 1 1 1 1 1 1 1 0 1 1 1 @3 pid 336 #
point $-1 -1 -1 $-1 36.597910884720697 70.931857000851906 0.743397512399953 #
coedge $-1 -1 -1 $-1 $2398 $2326 $-1 $2399 forward $20 $2400 #
edge $2401 -1 -1 $-1 $2366 -0.25010923494572734 $2402 -0.23705397233541448 $2326 $2403 forward @7 unknown T -36.629693003294967 70.604504016399332 0.64342907019099471 -36.62655028149144 70.618897430630398 0.64928426936599415 #
pcurve $-1 -1 -1 $-1 0 forward { imppc forward { parcur summary 3 2 -0.25010923494572734 -0.23705397233541448 0.001 OPEN 
	spline forward { ref 1 } I I I I 
	null_surface 
	nubs 1 open 2 
	-0.25010923494572734 1 -0.23705397233541448 1 
	0.97876931345124629 -71.462897430630392 
	0.97889481938874023 -71.450504016399336 
	
	nullbs 
	-1 
	-1 
	I I 
	0 
	0 
	0 
	
	-1 
	none F surf1 } I I surf1 } 0 0 #
name_attrib-gen-attrib $-1 -1 $2404 $-1 $2327 2 1 1 1 1 1 1 1 1 1 1 1 1 1 0 1 1 1 @3 eif #
tvertex-vertex $2405 -1 -1 $-1 $2327 $2406 7.8663667735343095e-006 #
intcurve-curve $-1 -1 -1 $-1 forward { ref 518 } I I #
integer_attrib-name_attrib-gen-attrib $-1 -1 $-1 $2329 $2291 2 1 1 1 1 1 1 1 1 1 1 1 1 1 0 1 1 1 @3 pid 69 #
integer_attrib-name_attrib-gen-attrib $-1 -1 $-1 $-1 $2330 2 1 1 1 1 1 1 1 1 1 1 1 1 1 0 1 1 1 @3 pid 70 #
point $-1 -1 -1 $-1 -36.5854704052961 71.046802056710803 0.78080665794913995 #
coedge $-1 -1 -1 $-1 $2335 $2407 $-1 $2408 forward $20 $2409 #
edge $2410 -1 -1 $-1 $2411 -0.82338204339621546 $2375 -0.80734753540139059 $2335 $2412 forward @7 unknown T -33.840320291780294 -79.265371906680372 3.0350869674436227 -33.824028872690029 -79.25612969855203 3.0399847105646991 #
pcurve $-1 -1 -1 $-1 0 forward { exppc nubs 1 open 2 
	-0.82338204339621546 1 -0.80734753540139059 1 
	0.85669531710276037 78.412129622252735 
	0.856268143142355 78.419179046330157 
	0.001 
	-1 
	spline forward { ref 1 } I I I I 
	} 0 0 #
name_attrib-gen-attrib $-1 -1 $2413 $-1 $2336 2 1 1 1 1 1 1 1 1 1 1 1 1 1 0 1 1 1 @3 eif #
tvertex-vertex $2414 -1 -1 $-1 $2372 $2415 0.00062771554296922312 #
intcurve-curve $-1 -1 -1 $-1 forward { parcur summary 3 2 -0.80734741249748143 -0.3659803434629596 0.001 OPEN 
	spline forward { ref 1 } I I I I 
	null_surface 
	nubs 2 open 7 
	-0.80734741249748143 2 -0.73378623432506118 2 -0.66022505615264093 2 -0.58666387798022046 2 -0.51310269980780032 2 
	-0.43954152163537985 2 -0.3659803434629596 2 
	0.856268143142355 78.419179046330157 
	0.85527666957579029 78.435551258432668 
	0.85431388705347566 78.451540912958592 
	0.85332706308415962 78.467929841903171 
	0.85236893253588042 78.483935824411475 
	0.85138744127148502 78.500332057720357 
	0.85043376205034416 78.516359683640246 
	0.84945818027011244 78.532755406102495 
	0.84850885106812035 78.548808393596289 
	0.84753965691658495 78.565197293843966 
	0.84659466834242569 78.581277857231072 
	0.84563225195966196 78.597654983972106 
	0.84469167628490072 78.613763977496006 
	
	nullbs 
	-1 
	-1 
	I I 
	5 -0.73378623432506118 -0.66022505615264093 -0.58666387798022046 -0.51310269980780032 -0.43954152163537985 
	0 
	0 
	
	-1 
	none F surf1 } I I #
integer_attrib-name_attrib-gen-attrib $-1 -1 $-1 $2338 $2300 2 1 1 1 1 1 1 1 1 1 1 1 1 1 0 1 1 1 @3 pid 143 #
integer_attrib-name_attrib-gen-attrib $-1 -1 $-1 $-1 $2339 2 1 1 1 1 1 1 1 1 1 1 1 1 1 0 1 1 1 @3 pid 143 #
point $-1 -1 -1 $-1 -33.4297133599365 -79.459174771885401 3.1048528182588599 #
coedge $-1 -1 -1 $-1 $2416 $2344 $-1 $2417 forward $30 $2418 #
edge $2419 -1 -1 $-1 $2384 -0.79646906918802307 $2420 -0.36671596144493485 $2344 $2421 forward @7 unknown T 33.073514663885874 -79.6127637896886 3.0985967683811944 33.468935343648802 -79.43995531338723 3.1450546989539228 #
pcurve $-1 -1 -1 $-1 0 forward { exppc nubs 2 open 7 
	-0.79646906918802307 2 -0.72484355123084176 2 -0.65321803327366035 2 -0.58159251531647904 2 -0.50996699735929762 2 
	-0.43834147940211626 2 -0.3667159614449349 2 
	0.8346577599225472 -76.766763793118599 
	0.83556928870756653 -76.752555989968272 
	0.83648911753533139 -76.738296810255974 
	0.83740523699374436 -76.724095133160176 
	0.83833103274267173 -76.709821231259554 
	0.83925156492423825 -76.695628482943988 
	0.84018313081136986 -76.681343173823663 
	0.84110802330974321 -76.667160199302103 
	0.84204503119496954 -76.652868755642913 
	0.84297452670259132 -76.638691892365614 
	0.84391634711327279 -76.624404094411574 
	0.84485067016927851 -76.610230034371341 
	0.84579669105343358 -76.595955307824113 
	0.001 
	-1 
	spline forward { ref 3 } I I I I 
	} 0 0 #
name_attrib-gen-attrib $-1 -1 $2422 $-1 $2345 2 1 1 1 1 1 1 1 1 1 1 1 1 1 0 1 1 1 @3 eif #
tvertex-vertex $2423 -1 -1 $-1 $2345 $2424 0.00017532222367652188 #
intcurve-curve $-1 -1 -1 $-1 forward { parcur summary 3 2 -0.82045771034708903 -0.79646907783381504 0.001 OPEN 
	spline forward { ref 3 } I I I I 
	null_surface 
	nubs 1 open 2 
	-0.82045771034708903 1 -0.79646907783381504 1 
	0.83404683097436294 -76.776294894610402 
	0.8346577599225472 -76.766763793118599 
	
	nullbs 
	-1 
	-1 
	I I 
	0 
	0 
	0 
	
	-1 
	none F surf1 } I I #
integer_attrib-name_attrib-gen-attrib $-1 -1 $-1 $2347 $2309 2 1 1 1 1 1 1 1 1 1 1 1 1 1 0 1 1 1 @3 pid 262 #
integer_attrib-name_attrib-gen-attrib $-1 -1 $-1 $-1 $2348 2 1 1 1 1 1 1 1 1 1 1 1 1 1 0 1 1 1 @3 pid 262 #
point $-1 -1 -1 $-1 33.052615193448702 -79.621437329044198 3.1459596175477702 #
coedge $-1 -1 -1 $-1 $2353 $2425 $-1 $2426 forward $30 $2427 #
edge $2428 -1 -1 $-1 $2429 -0.22510248050488457 $2393 -0.21123779198293902 $2353 $2430 forward @7 unknown T 36.637104629246579 70.474217317475663 0.60796572056397857 36.639995996822385 70.489677469193879 0.61308547009624481 #
pcurve $-1 -1 -1 $-1 0 forward { imppc forward { parcur summary 3 2 -0.22510248050488457 -0.21123779198293902 0.001 OPEN 
	spline forward { ref 3 } I I I I 
	null_surface 
	nubs 1 open 2 
	-0.22510248050488457 1 -0.21123779198293902 1 
	0.98004580830468746 73.320217317475581 
	0.97994480766368874 73.333677469193773 
	
	nullbs 
	-1 
	-1 
	I I 
	0 
	0 
	0 
	
	-1 
	none F surf1 } I I surf1 } 0 0 #
name_attrib-gen-attrib $-1 -1 $2431 $-1 $2354 2 1 1 1 1 1 1 1 1 1 1 1 1 1 0 1 1 1 @3 eif #
tvertex-vertex $2432 -1 -1 $-1 $2390 $2433 4.6034895471051942e-006 #
intcurve-curve $-1 -1 -1 $-1 forward { ref 524 } I I #
integer_attrib-name_attrib-gen-attrib $-1 -1 $-1 $2356 $2318 2 1 1 1 1 1 1 1 1 1 1 1 1 1 0 1 1 1 @3 pid 336 #
integer_attrib-name_attrib-gen-attrib $-1 -1 $-1 $-1 $2357 2 1 1 1 1 1 1 1 1 1 1 1 1 1 0 1 1 1 @3 pid 335 #
point $-1 -1 -1 $-1 36.6369745453364 70.501905083322598 0.61602632155038295 #
coedge $-1 -1 -1 $-1 $2434 $2362 $-1 $2435 forward $20 $2436 #
edge $2437 -1 -1 $-1 $2402 -0.64325652514097775 $2438 -0.63018441512493606 $2362 $2439 forward @7 unknown T -36.630620335846423 70.591896232676888 0.64028936882962728 -36.627694392946125 70.606505739971169 0.64542437270668096 #
pcurve $-1 -1 -1 $-1 0 forward { imppc forward { parcur summary 3 2 -0.64325652514097775 -0.63018441512493606 0.001 OPEN 
	spline forward { ref 1 } I I I I 
	null_surface 
	nubs 1 open 2 
	-0.64325652514097775 1 -0.63018441512493606 1 
	0.9788949722692013 -71.450505739971163 
	0.97899697655717888 -71.437896232676891 
	
	nullbs 
	-1 
	-1 
	I I 
	0 
	0 
	0 
	
	-1 
	none F surf1 } I I surf1 } 0 0 #
name_attrib-gen-attrib $-1 -1 $2440 $-1 $2363 2 1 1 1 1 1 1 1 1 1 1 1 1 1 0 1 1 1 @3 eif #
tvertex-vertex $2441 -1 -1 $-1 $2363 $2442 7.3134168828209877e-006 #
intcurve-curve $-1 -1 -1 $-1 forward { ref 526 } I I #
integer_attrib-name_attrib-gen-attrib $-1 -1 $-1 $2365 $2327 2 1 1 1 1 1 1 1 1 1 1 1 1 1 0 1 1 1 @3 pid 70 #
integer_attrib-name_attrib-gen-attrib $-1 -1 $-1 $-1 $2366 2 1 1 1 1 1 1 1 1 1 1 1 1 1 0 1 1 1 @3 pid 71 #
point $-1 -1 -1 $-1 -36.627552411736097 70.617899858246503 0.64827709660753396 #
coedge $-1 -1 -1 $-1 $2371 $2443 $-1 $2444 forward $20 $2445 #
edge $2446 -1 -1 $-1 $2447 -0.43934968847540251 $2411 -0.4233125512162042 $2371 $2448 forward @7 unknown T -33.854238119979321 -79.258640473882522 3.0322271221074049 -33.838558883938418 -79.248518277949145 3.0370382569995136 #
pcurve $-1 -1 -1 $-1 0 forward { exppc nubs 1 open 2 
	-0.43934968847540251 1 -0.4233125512162042 1 
	0.85711194975970983 78.404518271444744 
	0.85670244922951322 78.41264048003157 
	0.001 
	-1 
	spline forward { ref 1 } I I I I 
	} 0 0 #
name_attrib-gen-attrib $-1 -1 $2449 $-1 $2372 2 1 1 1 1 1 1 1 1 1 1 1 1 1 0 1 1 1 @3 eif #
tvertex-vertex $2450 -1 -1 $-1 $2408 $2451 0.00060751325107839046 #
intcurve-curve $-1 -1 -1 $-1 forward { parcur summary 3 2 -0.82338221694858404 -0.80734741249748143 0.001 OPEN 
	spline forward { ref 1 } I I I I 
	null_surface 
	nubs 1 open 2 
	-0.82338221694858404 1 -0.80734741249748143 1 
	0.85669531710276037 78.412129622252735 
	0.856268143142355 78.419179046330157 
	
	nullbs 
	-1 
	-1 
	I I 
	0 
	0 
	0 
	
	-1 
	none F surf1 } I I #
integer_attrib-name_attrib-gen-attrib $-1 -1 $-1 $2374 $2336 2 1 1 1 1 1 1 1 1 1 1 1 1 1 0 1 1 1 @3 pid 142 #
integer_attrib-name_attrib-gen-attrib $-1 -1 $-1 $-1 $2375 2 1 1 1 1 1 1 1 1 1 1 1 1 1 0 1 1 1 @3 pid 142 #
point $-1 -1 -1 $-1 -33.825296584307402 -79.264744191137396 3.0389307888628401 #
coedge $-1 -1 -1 $-1 $2452 $2380 $-1 $2453 forward $30 $2454 #
edge $2455 -1 -1 $-1 $2420 -0.36671591829021982 $2456 -0.35533084834293482 $2380 $2457 forward @7 unknown T 33.46693538311969 -79.441955296231853 3.0971289090895371 33.479331683997565 -79.435435152565475 3.1005967628395803 #
pcurve $-1 -1 -1 $-1 0 forward { exppc nubs 1 open 2 
	-0.36671591829021982 1 -0.35533084834293482 1 
	0.84579669105343358 -76.595955307824113 
	0.84609638492872241 -76.59143513098617 
	0.001 
	-1 
	spline forward { ref 3 } I I I I 
	} 0 0 #
name_attrib-gen-attrib $-1 -1 $2458 $-1 $2381 2 1 1 1 1 1 1 1 1 1 1 1 1 1 0 1 1 1 @3 eif #
tvertex-vertex $2459 -1 -1 $-1 $2381 $2460 0.00027382110723121343 #
intcurve-curve $-1 -1 -1 $-1 forward { parcur summary 3 2 -0.79646907783381504 -0.36671594748809777 0.001 OPEN 
	spline forward { ref 3 } I I I I 
	null_surface 
	nubs 2 open 7 
	-0.79646907783381504 2 -0.72484355610952889 2 -0.65321803438524262 2 -0.58159251266095646 2 -0.50996699093667019 2 
	-0.43834146921238398 2 -0.36671594748809777 2 
	0.8346577599225472 -76.766763793118599 
	0.83556928870756653 -76.752555989968272 
	0.83648911753533139 -76.738296810255974 
	0.83740523699374436 -76.724095133160176 
	0.83833103274267173 -76.709821231259554 
	0.83925156492423825 -76.695628482943988 
	0.84018313081136986 -76.681343173823663 
	0.84110802330974321 -76.667160199302103 
	0.84204503119496954 -76.652868755642913 
	0.84297452670259132 -76.638691892365614 
	0.84391634711327279 -76.624404094411574 
	0.84485067016927851 -76.610230034371341 
	0.84579669105343358 -76.595955307824113 
	
	nullbs 
	-1 
	-1 
	I I 
	5 -0.72484355610952889 -0.65321803438524262 -0.58159251266095646 -0.50996699093667019 -0.43834146921238398 
	0 
	1 -0.49093383934481616 
	
	-1 
	none F surf1 } I I #
integer_attrib-name_attrib-gen-attrib $-1 -1 $-1 $2383 $2345 2 1 1 1 1 1 1 1 1 1 1 1 1 1 0 1 1 1 @3 pid 263 #
integer_attrib-name_attrib-gen-attrib $-1 -1 $-1 $-1 $2384 2 1 1 1 1 1 1 1 1 1 1 1 1 1 0 1 1 1 @3 pid 263 #
point $-1 -1 -1 $-1 33.0745839658208 -79.611924717454997 3.1440485852045801 #
coedge $-1 -1 -1 $-1 $2389 $2461 $-1 $2462 forward $30 $2463 #
edge $2464 -1 -1 $-1 $2465 -0.67336856733352846 $2429 -0.22510248050488457 $2389 $2466 forward @7 unknown T 36.63799599682239 70.039085427790013 0.50665510678609726 36.667411834077008 70.476217317475673 0.60996572056397858 #
pcurve $-1 -1 -1 $-1 0 forward { imppc forward { parcur summary 3 2 -0.67336856733352846 -0.22510248050488457 0.001 OPEN 
	spline forward { ref 3 } I I I I 
	null_surface 
	nubs 1 open 2 
	-0.67336856733352846 1 -0.22510248050488457 1 
	0.98329976230569049 72.885085427789917 
	0.98004580830468746 73.320217317475581 
	
	nullbs 
	-1 
	-1 
	I I 
	0 
	0 
	1 -0.4099871226917442 
	
	-1 
	none F surf1 } I I surf1 } 0 0 #
name_attrib-gen-attrib $-1 -1 $2467 $-1 $2390 2 1 1 1 1 1 1 1 1 1 1 1 1 1 0 1 1 1 @3 eif #
tvertex-vertex $2468 -1 -1 $-1 $2426 $2469 1.4531925598141186e-006 #
intcurve-curve $-1 -1 -1 $-1 forward { ref 532 } I I #
integer_attrib-name_attrib-gen-attrib $-1 -1 $-1 $2392 $2354 2 1 1 1 1 1 1 1 1 1 1 1 1 1 0 1 1 1 @3 pid 335 #
integer_attrib-name_attrib-gen-attrib $-1 -1 $-1 $-1 $2393 2 1 1 1 1 1 1 1 1 1 1 1 1 1 0 1 1 1 @3 pid 334 #
point $-1 -1 -1 $-1 36.638104987672598 70.488677783211799 0.61208421763925003 #
coedge $-1 -1 -1 $-1 $2470 $2398 $-1 $2471 forward $20 $2472 #
edge $2473 -1 -1 $-1 $2438 -0.63018441512493606 $2474 -0.17986552496465646 $2398 $2475 forward @7 unknown T -36.660899581952343 70.157434477170483 0.53172431742449244 -36.628620335846428 70.593896232676897 0.64228936882962728 #
pcurve $-1 -1 -1 $-1 0 forward { imppc forward { parcur summary 3 2 -0.63018441512493606 -0.17986552496465646 0.001 OPEN 
	spline forward { ref 1 } I I I I 
	null_surface 
	nubs 1 open 2 
	-0.63018441512493606 1 -0.17986552496465646 1 
	0.97899697655717888 -71.437896232676891 
	0.98249920215219433 -71.003434477170487 
	
	nullbs 
	-1 
	-1 
	I I 
	0 
	0 
	1 -0.32275993494724614 
	
	-1 
	none F surf1 } I I surf1 } 0 0 #
name_attrib-gen-attrib $-1 -1 $2476 $-1 $2399 2 1 1 1 1 1 1 1 1 1 1 1 1 1 0 1 1 1 @3 eif #
tvertex-vertex $2477 -1 -1 $-1 $2399 $2478 2.2830023119213186e-006 #
intcurve-curve $-1 -1 -1 $-1 forward { ref 534 } I I #
integer_attrib-name_attrib-gen-attrib $-1 -1 $-1 $2401 $2363 2 1 1 1 1 1 1 1 1 1 1 1 1 1 0 1 1 1 @3 pid 71 #
integer_attrib-name_attrib-gen-attrib $-1 -1 $-1 $-1 $2402 2 1 1 1 1 1 1 1 1 1 1 1 1 1 0 1 1 1 @3 pid 72 #
point $-1 -1 -1 $-1 -36.628694976668903 70.605506273397907 0.64442239952241698 #
coedge $-1 -1 -1 $-1 $2407 $2479 $-1 $2480 forward $20 $2481 #
edge $2482 -1 -1 $-1 $2483 -0.86545170332960764 $2447 -0.4393497013182488 $2407 $2484 forward @7 unknown T -34.215061572609393 -79.250518271444761 2.9439760679992135 -33.85223813092577 -79.032741581139916 3.0342271198433464 #
pcurve $-1 -1 -1 $-1 0 forward { imppc forward { parcur summary 3 3 -0.86545170332960764 -0.691590081282492 -0.4393497013182488 0.001 OPEN 
	spline forward { ref 1 } I I I I 
	null_surface 
	nubs 2 open 7 
	-0.86545170332960764 2 -0.79443470299438113 2 -0.72341770265915484 2 -0.65240070232392822 2 -0.58138370198870182 2 
	-0.51036670165347531 2 -0.4393497013182488 2 
	0.86814976821146828 78.188741581139908 
	0.86723970113762405 78.206342342939649 
	0.86629341225138345 78.224707607721854 
	0.86538873254902526 78.242265335091446 
	0.86444251696461238 78.260685420560009 
	0.86345589829763614 78.279892037392571 
	0.86259730361998599 78.296659987943684 
	0.86164879532902994 78.315183909106452 
	0.86075995331365229 78.332614980273775 
	0.85981954741729205 78.351057270154556 
	0.85893130528311623 78.368562663849985 
	0.85799784063566498 78.386959298647639 
	0.85711194975970983 78.404518271444744 
	
	nullbs 
	-1 
	-1 
	I I 
	5 -0.79443470299438113 -0.72341770265915484 -0.65240070232392822 -0.58138370198870182 -0.51036670165347531 
	0 
	1 -0.48051719542723037 
	
	-1 
	none F surf1 } I I surf1 } 0 0 #
name_attrib-gen-attrib $-1 -1 $2485 $-1 $2408 2 1 1 1 1 1 1 1 1 1 1 1 1 1 0 1 1 1 @3 eif #
tvertex-vertex $2486 -1 -1 $-1 $2444 $2487 4.0166676722864101e-005 #
intcurve-curve $-1 -1 -1 $-1 forward { parcur summary 3 2 -0.4393497013182488 -0.42331253907497524 0.001 OPEN 
	spline forward { ref 1 } I I I I 
	null_surface 
	nubs 1 open 2 
	-0.4393497013182488 1 -0.42331253907497524 1 
	0.85711194975970983 78.404518271444744 
	0.85670244922951322 78.41264048003157 
	
	nullbs 
	-1 
	-1 
	I I 
	0 
	0 
	0 
	
	-1 
	none F surf1 } I I #
integer_attrib-name_attrib-gen-attrib $-1 -1 $-1 $2410 $2372 2 1 1 1 1 1 1 1 1 1 1 1 1 1 0 1 1 1 @3 pid 141 #
integer_attrib-name_attrib-gen-attrib $-1 -1 $-1 $-1 $2411 2 1 1 1 1 1 1 1 1 1 1 1 1 1 0 1 1 1 @3 pid 141 #
point $-1 -1 -1 $-1 -33.8395794616888 -79.257676602220002 3.0360340553776402 #
coedge $-1 -1 -1 $-1 $2488 $2416 $-1 $2489 forward $30 $2490 #
edge $2491 -1 -1 $-1 $2456 -0.88678784579404435 $2492 -0.87541698805155532 $2416 $2493 forward @7 unknown T 33.477221286308847 -79.437242833935784 3.0957003055423185 33.489339270163953 -79.430168647345226 3.0991445828866255 #
pcurve $-1 -1 -1 $-1 0 forward { exppc nubs 1 open 2 
	-0.88678784579404435 1 -0.87541698805155532 1 
	0.84609319581138531 -76.591242898943037 
	0.84638514833562239 -76.586168622583955 
	0.001 
	-1 
	spline forward { ref 3 } I I I I 
	} 0 0 #
name_attrib-gen-attrib $-1 -1 $2494 $-1 $2417 2 1 1 1 1 1 1 1 1 1 1 1 1 1 0 1 1 1 @3 eif #
tvertex-vertex $2495 -1 -1 $-1 $2417 $2496 0.00048796339317449107 #
intcurve-curve $-1 -1 -1 $-1 forward { parcur summary 3 2 -0.36671594748809777 -0.3553307939902508 0.001 OPEN 
	spline forward { ref 3 } I I I I 
	null_surface 
	nubs 1 open 2 
	-0.36671594748809777 1 -0.3553307939902508 1 
	0.84579669105343358 -76.595955307824113 
	0.84609638492872241 -76.59143513098617 
	
	nullbs 
	-1 
	-1 
	I I 
	0 
	0 
	0 
	
	-1 
	none F surf1 } I I #
integer_attrib-name_attrib-gen-attrib $-1 -1 $-1 $2419 $2381 2 1 1 1 1 1 1 1 1 1 1 1 1 1 0 1 1 1 @3 pid 264 #
integer_attrib-name_attrib-gen-attrib $-1 -1 $-1 $-1 $2420 2 1 1 1 1 1 1 1 1 1 1 1 1 1 0 1 1 1 @3 pid 264 #
point $-1 -1 -1 $-1 33.468042573155302 -79.441206815195699 3.0995817127496501 #
coedge $-1 -1 -1 $-1 $2425 $2497 $-1 $2498 forward $30 $2499 #
edge $2500 -1 -1 $-1 $2501 -0.68676794408025021 $2465 -0.67336856733352846 $2425 $2502 forward @7 unknown T 36.665411834077013 70.026069365956403 0.50361221999652372 36.668190417956929 70.041085427790023 0.50865510678609727 #
pcurve $-1 -1 -1 $-1 0 forward { imppc forward { parcur summary 3 2 -0.68676794408025021 -0.67336856733352846 0.001 OPEN 
	spline forward { ref 3 } I I I I 
	null_surface 
	nubs 1 open 2 
	-0.68676794408025021 1 -0.67336856733352846 1 
	0.98339672987385041 72.872069365956307 
	0.98329976230569049 72.885085427789917 
	
	nullbs 
	-1 
	-1 
	I I 
	0 
	0 
	0 
	
	-1 
	none F surf1 } I I surf1 } 0 0 #
name_attrib-gen-attrib $-1 -1 $2503 $-1 $2426 2 1 1 1 1 1 1 1 1 1 1 1 1 1 0 1 1 1 @3 eif #
vertex $2504 -1 -1 $-1 $2462 $2505 #
intcurve-curve $-1 -1 -1 $-1 forward { ref 540 } I I #
integer_attrib-name_attrib-gen-attrib $-1 -1 $-1 $2428 $2390 2 1 1 1 1 1 1 1 1 1 1 1 1 1 0 1 1 1 @3 pid 334 #
integer_attrib-name_attrib-gen-attrib $-1 -1 $-1 $-1 $2429 2 1 1 1 1 1 1 1 1 1 1 1 1 1 0 1 1 1 @3 pid 333 #
point $-1 -1 -1 $-1 36.638996384353703 70.475217658024306 0.60896436202994497 #
coedge $-1 -1 -1 $-1 $2506 $2434 $-1 $2507 forward $20 $2508 #
edge $2509 -1 -1 $-1 $2474 -0.17986552496130012 $2510 -0.16623724624454417 $2434 $2511 forward @7 unknown T -36.661768051201385 70.144270230771596 0.52841974996032737 -36.658899581952348 70.159434477170493 0.53372431742449244 #
pcurve $-1 -1 -1 $-1 0 forward { imppc forward { parcur summary 3 2 -0.17986552496465646 -0.16623724624454417 0.001 OPEN 
	spline forward { ref 1 } I I I I 
	null_surface 
	nubs 1 open 2 
	-0.17986552496465646 1 -0.16623724624454417 1 
	0.98249920215219433 -71.003434477170487 
	0.98260490231500441 -70.9902702307716 
	
	nullbs 
	-1 
	-1 
	I I 
	0 
	0 
	0 
	
	-1 
	none F surf1 } I I surf1 } 0 0 #
name_attrib-gen-attrib $-1 -1 $2512 $-1 $2435 2 1 1 1 1 1 1 1 1 1 1 1 1 1 0 1 1 1 @3 eif #
tvertex-vertex $2513 -1 -1 $-1 $2435 $2514 1.5211792841105746e-006 #
intcurve-curve $-1 -1 -1 $-1 forward { ref 542 } I I #
integer_attrib-name_attrib-gen-attrib $-1 -1 $-1 $2437 $2399 2 1 1 1 1 1 1 1 1 1 1 1 1 1 0 1 1 1 @3 pid 72 #
integer_attrib-name_attrib-gen-attrib $-1 -1 $-1 $-1 $2438 2 1 1 1 1 1 1 1 1 1 1 1 1 1 0 1 1 1 @3 pid 73 #
point $-1 -1 -1 $-1 -36.629620960914302 70.592896805598699 0.64128724912438595 #
coedge $-1 -1 -1 $-1 $2443 $2515 $-1 $2516 forward $20 $2517 #
edge $2518 -1 -1 $-1 $2519 -0.88547476637903122 $2483 -0.86545171880406069 $2443 $2520 forward @7 unknown T -34.23181392383124 -79.034741573305908 2.9391661026232612 -34.213061585570202 -79.022604818700373 2.9459760643041357 #
pcurve $-1 -1 -1 $-1 0 forward { exppc nubs 1 open 2 
	-0.88547476637903122 1 -0.86545171880406069 1 
	0.86867417837583216 78.178604809626904 
	0.86814976821146828 78.188741581139908 
	0.001 
	-1 
	spline forward { ref 1 } I I I I 
	} 0 0 #
name_attrib-gen-attrib $-1 -1 $2521 $-1 $2444 2 1 1 1 1 1 1 1 1 1 1 1 1 1 0 1 1 1 @3 eif #
tvertex-vertex $2522 -1 -1 $-1 $2480 $2523 6.7816501629257517e-005 #
intcurve-curve $-1 -1 -1 $-1 forward { ref 544 } I I #
integer_attrib-name_attrib-gen-attrib $-1 -1 $-1 $2446 $2408 2 1 1 1 1 1 1 1 1 1 1 1 1 1 0 1 1 1 @3 pid 140 #
integer_attrib-name_attrib-gen-attrib $-1 -1 $-1 $-1 $2447 2 1 1 1 1 1 1 1 1 1 1 1 1 1 0 1 1 1 @3 pid 140 #
point $-1 -1 -1 $-1 -33.853257902626801 -79.249552994899304 3.0332230304104399 #
coedge $-1 -1 -1 $-1 $2524 $2452 $-1 $2525 forward $30 $2526 #
edge $2527 -1 -1 $-1 $2492 -0.87541688831628328 $2528 -0.43332571974538303 $2452 $2529 forward @7 unknown T 33.487339358508166 -79.43216860302897 3.0264874775248409 33.881633458278245 -79.233300896868926 3.097700292863022 #
pcurve $-1 -1 -1 $-1 0 forward { exppc nubs 2 open 7 
	-0.87541688831628328 2 -0.80173502688779996 2 -0.72805316545931664 2 -0.65437130403083321 2 -0.58068944260234989 2 
	-0.50700758117386646 2 -0.43332571974538309 2 
	0.84638514833562239 -76.586168622583955 
	0.84732239808051624 -76.569886785476513 
	0.84828362079355002 -76.553297047637187 
	0.84922500155163139 -76.537049761995831 
	0.85019331414665855 -76.520443578128422 
	0.85113870339951947 -76.504230520651191 
	0.8521137149254614 -76.487612720152356 
	0.85306311458585893 -76.471431440515829 
	0.8540443012333877 -76.454808979803843 
	0.85499785526798255 -76.438654648192482 
	0.855984542367768 -76.422036863177709 
	0.85694255130327779 -76.405902075831136 
	0.85793389858294478 -76.389300876368736 
	0.001 
	-1 
	spline forward { ref 3 } I I I I 
	} 0 0 #
name_attrib-gen-attrib $-1 -1 $2530 $-1 $2453 2 1 1 1 1 1 1 1 1 1 1 1 1 1 0 1 1 1 @3 eif #
tvertex-vertex $2531 -1 -1 $-1 $2453 $2532 0.00050814420012596591 #
intcurve-curve $-1 -1 -1 $-1 forward { parcur summary 3 2 -0.88678799147024279 -0.87541693256344333 0.001 OPEN 
	spline forward { ref 3 } I I I I 
	null_surface 
	nubs 1 open 2 
	-0.88678799147024279 1 -0.87541693256344333 1 
	0.84609319581138531 -76.591242898943037 
	0.84638514833562239 -76.586168622583955 
	
	nullbs 
	-1 
	-1 
	I I 
	0 
	0 
	0 
	
	-1 
	none F surf1 } I I #
integer_attrib-name_attrib-gen-attrib $-1 -1 $-1 $2455 $2417 2 1 1 1 1 1 1 1 1 1 1 1 1 1 0 1 1 1 @3 pid 265 #
integer_attrib-name_attrib-gen-attrib $-1 -1 $-1 $-1 $2456 2 1 1 1 1 1 1 1 1 1 1 1 1 1 0 1 1 1 @3 pid 265 #
point $-1 -1 -1 $-1 33.478436056628297 -79.436679929011405 3.0981140889884702 #
coedge $-1 -1 -1 $-1 $2461 $2533 $-1 $2534 forward $30 $2535 #
edge $2536 -1 -1 $-1 $2537 -0.17376618935616361 $2501 -0.16037567997632851 $2461 $2538 forward @7 unknown T 36.666190548186115 70.012885244623646 0.50135380961915221 36.668766628384546 70.028069504473365 0.50561171019480566 #
pcurve $-1 -1 -1 $-1 0 forward { imppc forward { parcur summary 3 2 -0.17376618935616361 -0.16037567997632851 0.001 OPEN 
	spline forward { ref 3 } I I I I 
	null_surface 
	nubs 1 open 2 
	-0.17376618935616361 1 -0.16037567997632851 1 
	0.98346867013372563 72.858885244623551 
	0.98339674611599925 72.872069504473259 
	
	nullbs 
	-1 
	-1 
	I I 
	0 
	0 
	0 
	
	-1 
	none F surf1 } I I surf1 } 0 0 #
name_attrib-gen-attrib $-1 -1 $2539 $-1 $2462 2 1 1 1 1 1 1 1 1 1 1 1 1 1 0 1 1 1 @3 eif #
vertex $2540 -1 -1 $-1 $2498 $2541 #
intcurve-curve $-1 -1 -1 $-1 forward { ref 549 } I I #
integer_attrib-name_attrib-gen-attrib $-1 -1 $-1 $2464 $2426 2 1 1 1 1 1 1 1 1 1 1 1 1 1 0 1 1 1 @3 pid 333 #
integer_attrib-name_attrib-gen-attrib $-1 -1 $-1 $-1 $2465 2 1 1 1 1 1 1 1 1 1 1 1 1 1 0 1 1 1 @3 pid 332 #
point $-1 -1 -1 $-1 36.666412035777299 70.040085623838493 0.50765431978519904 #
coedge $-1 -1 -1 $-1 $2542 $2470 $-1 $2543 forward $20 $2544 #
edge $2545 -1 -1 $-1 $2510 -0.5869983875324386 $2546 -0.57339452197662799 $2470 $2547 forward @7 unknown T -36.662422771855681 70.130918928770143 0.5259207685973053 -36.659768301278767 70.146270507803337 0.53041879672170011 #
pcurve $-1 -1 -1 $-1 0 forward { imppc forward { parcur summary 3 2 -0.5869983875324386 -0.57339452197662799 0.001 OPEN 
	spline forward { ref 1 } I I I I 
	null_surface 
	nubs 1 open 2 
	-0.5869983875324386 1 -0.57339452197662799 1 
	0.98260493279780892 -70.990270507803331 
	0.98268480013511827 -70.976918928770147 
	
	nullbs 
	-1 
	-1 
	I I 
	0 
	0 
	0 
	
	-1 
	none F surf1 } I I surf1 } 0 0 #
name_attrib-gen-attrib $-1 -1 $2548 $-1 $2471 2 1 1 1 1 1 1 1 1 1 1 1 1 1 0 1 1 1 @3 eif #
tvertex-vertex $2549 -1 -1 $-1 $2471 $2550 1.3500194485657918e-006 #
intcurve-curve $-1 -1 -1 $-1 forward { ref 551 } I I #
integer_attrib-name_attrib-gen-attrib $-1 -1 $-1 $2473 $2435 2 1 1 1 1 1 1 1 1 1 1 1 1 1 0 1 1 1 @3 pid 73 #
integer_attrib-name_attrib-gen-attrib $-1 -1 $-1 $-1 $2474 2 1 1 1 1 1 1 1 1 1 1 1 1 1 0 1 1 1 @3 pid 74 #
point $-1 -1 -1 $-1 -36.659899956819402 70.158434859324998 0.53272289354983704 #
coedge $-1 -1 -1 $-1 $2479 $2551 $-1 $2552 forward $20 $2553 #
edge $2554 -1 -1 $-1 $2555 -0.524715157957102 $2519 -0.50479485688122039 $2479 $2556 forward @7 unknown T -34.247511545787994 -79.024624438072919 2.9345969651107939 -34.229818808473162 -79.010938066246837 2.9411646902041118 #
pcurve $-1 -1 -1 $-1 0 forward { exppc nubs 1 open 2 
	-0.524715157957102 1 -0.50479485688122039 1 
	0.86916661149844909 78.166938053036858 
	0.86867433046619114 78.178624450273844 
	0.001 
	-1 
	spline forward { ref 1 } I I I I 
	} 0 0 #
name_attrib-gen-attrib $-1 -1 $2557 $-1 $2480 2 1 1 1 1 1 1 1 1 1 1 1 1 1 0 1 1 1 @3 eif #
tvertex-vertex $2558 -1 -1 $-1 $2516 $2559 7.7889468087845759e-005 #
intcurve-curve $-1 -1 -1 $-1 forward { parcur summary 3 2 -0.88547478430177384 -0.86545170332960764 0.001 OPEN 
	spline forward { ref 1 } I I I I 
	null_surface 
	nubs 1 open 2 
	-0.88547478430177384 1 -0.86545170332960764 1 
	0.86867417837583216 78.178604809626904 
	0.86814976821146828 78.188741581139908 
	
	nullbs 
	-1 
	-1 
	I I 
	0 
	0 
	0 
	
	-1 
	none F surf1 } I I #
integer_attrib-name_attrib-gen-attrib $-1 -1 $-1 $2482 $2444 2 1 1 1 1 1 1 1 1 1 1 1 1 1 0 1 1 1 @3 pid 139 #
integer_attrib-name_attrib-gen-attrib $-1 -1 $-1 $-1 $2483 2 1 1 1 1 1 1 1 1 1 1 1 1 1 0 1 1 1 @3 pid 139 #
point $-1 -1 -1 $-1 -34.214094360342798 -79.033800204184701 2.94496672021593 #
coedge $-1 -1 -1 $-1 $2560 $2488 $-1 $2561 forward $30 $2562 #
edge $2563 -1 -1 $-1 $2528 -0.43332553016680558 $2564 -0.41592700610890621 $2488 $2565 forward @7 unknown T 33.879633626229527 -79.235624519047235 3.0232070766590531 33.896981552143686 -79.225576616939193 3.0284874418841281 #
pcurve $-1 -1 -1 $-1 0 forward { exppc nubs 1 open 2 
	-0.43332553016680558 1 -0.41592700610890621 1 
	0.85793389858294478 -76.389300876368736 
	0.85839548107069652 -76.381576520113441 
	0.001 
	-1 
	spline forward { ref 3 } I I I I 
	} 0 0 #
name_attrib-gen-attrib $-1 -1 $2566 $-1 $2489 2 1 1 1 1 1 1 1 1 1 1 1 1 1 0 1 1 1 @3 eif #
tvertex-vertex $2567 -1 -1 $-1 $2489 $2568 0.0006976723909391209 #
intcurve-curve $-1 -1 -1 $-1 forward { parcur summary 3 2 -0.87541693256344333 -0.43332567425180313 0.001 OPEN 
	spline forward { ref 3 } I I I I 
	null_surface 
	nubs 2 open 7 
	-0.87541693256344333 2 -0.80173505617816998 2 -0.72805317979289663 2 -0.65437130340762328 2 -0.58068942702234994 2 
	-0.50700755063707648 2 -0.43332567425180313 2 
	0.84638514833562239 -76.586168622583955 
	0.84732239808051624 -76.569886785476513 
	0.84828362079355002 -76.553297047637187 
	0.84922500155163139 -76.537049761995831 
	0.85019331414665855 -76.520443578128422 
	0.85113870339951947 -76.504230520651191 
	0.8521137149254614 -76.487612720152356 
	0.85306311458585893 -76.471431440515829 
	0.8540443012333877 -76.454808979803843 
	0.85499785526798255 -76.438654648192482 
	0.855984542367768 -76.422036863177709 
	0.85694255130327779 -76.405902075831136 
	0.85793389858294478 -76.389300876368736 
	
	nullbs 
	-1 
	-1 
	I I 
	5 -0.80173505617816998 -0.72805317979289663 -0.65437130340762328 -0.58068942702234994 -0.50700755063707648 
	0 
	0 
	
	-1 
	none F surf1 } I I #
integer_attrib-name_attrib-gen-attrib $-1 -1 $-1 $2491 $2453 2 1 1 1 1 1 1 1 1 1 1 1 1 1 0 1 1 1 @3 pid 266 #
integer_attrib-name_attrib-gen-attrib $-1 -1 $-1 $-1 $2492 2 1 1 1 1 1 1 1 1 1 1 1 1 1 0 1 1 1 @3 pid 266 #
point $-1 -1 -1 $-1 33.488563006324704 -79.431623753152905 3.0966681907298299 #
coedge $-1 -1 -1 $-1 $2497 $2569 $-1 $2570 forward $30 $2571 #
edge $2572 -1 -1 $-1 $2573 -0.62026843424657818 $2537 -0.17376618935616361 $2497 $2574 forward @7 unknown T 36.666766628384551 69.573267608777371 0.42585175398211278 36.687236636132283 70.014885244623656 0.50335380961915221 #
pcurve $-1 -1 -1 $-1 0 forward { imppc forward { parcur summary 3 2 -0.62026843424657818 -0.17376618935616361 0.001 OPEN 
	spline forward { ref 3 } I I I I 
	null_surface 
	nubs 1 open 2 
	-0.62026843424657818 1 -0.17376618935616361 1 
	0.98585995951857286 72.419267608777304 
	0.98346867013372563 72.858885244623551 
	
	nullbs 
	-1 
	-1 
	I I 
	0 
	0 
	0 
	
	-1 
	none F surf1 } I I surf1 } 0 0 #
name_attrib-gen-attrib $-1 -1 $2575 $-1 $2498 2 1 1 1 1 1 1 1 1 1 1 1 1 1 0 1 1 1 @3 eif #
vertex $2576 -1 -1 $-1 $2534 $2577 #
intcurve-curve $-1 -1 -1 $-1 forward { ref 556 } I I #
integer_attrib-name_attrib-gen-attrib $-1 -1 $-1 $2500 $2462 2 1 1 1 1 1 1 1 1 1 1 1 1 1 0 1 1 1 @3 pid 332 #
integer_attrib-name_attrib-gen-attrib $-1 -1 $-1 $-1 $2501 2 1 1 1 1 1 1 1 1 1 1 1 1 1 0 1 1 1 @3 pid 331 #
point $-1 -1 -1 $-1 36.667190592439503 70.027069536074606 0.504611536958121 #
coedge $-1 -1 -1 $-1 $2578 $2506 $-1 $2579 forward $20 $2580 #
edge $2581 -1 -1 $-1 $2546 -0.57339452197662799 $2582 -0.12661369987460258 $2506 $2583 forward @7 unknown T -36.683027592750378 69.692431504428868 0.4436163072164146 -36.660422771855686 70.132918928770152 0.5279207685973053 #
pcurve $-1 -1 -1 $-1 0 forward { imppc forward { parcur summary 3 2 -0.57339452197662799 -0.12661369987460258 0.001 OPEN 
	spline forward { ref 1 } I I I I 
	null_surface 
	nubs 1 open 2 
	-0.57339452197662799 1 -0.12661369987460258 1 
	0.98268480013511827 -70.976918928770147 
	0.98529971079864098 -70.538431504428871 
	
	nullbs 
	-1 
	-1 
	I I 
	0 
	0 
	0 
	
	-1 
	none F surf1 } I I surf1 } 0 0 #
name_attrib-gen-attrib $-1 -1 $2584 $-1 $2507 2 1 1 1 1 1 1 1 1 1 1 1 1 1 0 1 1 1 @3 eif #
vertex $2585 -1 -1 $-1 $2507 $2586 #
intcurve-curve $-1 -1 -1 $-1 forward { ref 558 } I I #
integer_attrib-name_attrib-gen-attrib $-1 -1 $-1 $2509 $2471 2 1 1 1 1 1 1 1 1 1 1 1 1 1 0 1 1 1 @3 pid 74 #
integer_attrib-name_attrib-gen-attrib $-1 -1 $-1 $-1 $2510 2 1 1 1 1 1 1 1 1 1 1 1 1 1 0 1 1 1 @3 pid 75 #
point $-1 -1 -1 $-1 -36.660768382792398 70.145270569930901 0.529418486009821 #
coedge $-1 -1 -1 $-1 $2515 $2587 $-1 $2588 forward $20 $2589 #
edge $2590 -1 -1 $-1 $2591 -0.94702255856795547 $2555 -0.52471547221610904 $2515 $2592 forward @7 unknown T -34.576568071985072 -79.012937881790194 2.8239247799603606 -34.245511796115203 -78.763051807846367 2.9365968917660155 #
pcurve $-1 -1 -1 $-1 0 forward { exppc nubs 1 open 2 
	-0.94702255856795547 1 -0.52471547221610904 1 
	0.87973996886969275 77.919051583841195 
	0.86916661149844909 78.166938053036858 
	0.001 
	-1 
	spline forward { ref 1 } I I I I 
	} 0 0 #
name_attrib-gen-attrib $-1 -1 $2593 $-1 $2516 2 1 1 1 1 1 1 1 1 1 1 1 1 1 0 1 1 1 @3 eif #
tvertex-vertex $2594 -1 -1 $-1 $2552 $2595 5.4131892621326789e-005 #
intcurve-curve $-1 -1 -1 $-1 forward { parcur summary 3 2 -0.52471518047451227 -0.50479483608383724 0.001 OPEN 
	spline forward { ref 1 } I I I I 
	null_surface 
	nubs 1 open 2 
	-0.52471518047451227 1 -0.50479483608383724 1 
	0.86916661149844909 78.166938053036858 
	0.86867433046619114 78.178624450273844 
	
	nullbs 
	-1 
	-1 
	I I 
	0 
	0 
	0 
	
	-1 
	none F surf1 } I I #
integer_attrib-name_attrib-gen-attrib $-1 -1 $-1 $2518 $2480 2 1 1 1 1 1 1 1 1 1 1 1 1 1 0 1 1 1 @3 pid 138 #
integer_attrib-name_attrib-gen-attrib $-1 -1 $-1 $-1 $2519 2 1 1 1 1 1 1 1 1 1 1 1 1 1 0 1 1 1 @3 pid 138 #
point $-1 -1 -1 $-1 -34.230851557092599 -79.023672139491893 2.9401552206239798 #
coedge $-1 -1 -1 $-1 $2596 $2524 $-1 $2597 forward $30 $2598 #
edge $2599 -1 -1 $-1 $2564 -0.94219538396912716 $2600 -0.92484784518475971 $2524 $2601 forward @7 unknown T 33.895250085639979 -79.22814287044848 3.0199797205639629 33.911870947577491 -79.217169680651708 3.0251492641329802 #
pcurve $-1 -1 -1 $-1 0 forward { exppc nubs 1 open 2 
	-0.94219538396912716 1 -0.92484784518475971 1 
	0.85840355779442579 -76.382142877580847 
	0.85884401177617542 -76.373169672597129 
	0.001 
	-1 
	spline forward { ref 3 } I I I I 
	} 0 0 #
name_attrib-gen-attrib $-1 -1 $2602 $-1 $2525 2 1 1 1 1 1 1 1 1 1 1 1 1 1 0 1 1 1 @3 eif #
tvertex-vertex $2603 -1 -1 $-1 $2525 $2604 0.00067438097172098875 #
intcurve-curve $-1 -1 -1 $-1 forward { parcur summary 3 2 -0.43332567425180313 -0.4159267880117401 0.001 OPEN 
	spline forward { ref 3 } I I I I 
	null_surface 
	nubs 1 open 2 
	-0.43332567425180313 1 -0.4159267880117401 1 
	0.85793389858294478 -76.389300876368736 
	0.85839548107069652 -76.381576520113441 
	
	nullbs 
	-1 
	-1 
	I I 
	0 
	0 
	0 
	
	-1 
	none F surf1 } I I #
integer_attrib-name_attrib-gen-attrib $-1 -1 $-1 $2527 $2489 2 1 1 1 1 1 1 1 1 1 1 1 1 1 0 1 1 1 @3 pid 267 #
integer_attrib-name_attrib-gen-attrib $-1 -1 $-1 $-1 $2528 2 1 1 1 1 1 1 1 1 1 1 1 1 1 0 1 1 1 @3 pid 267 #
point $-1 -1 -1 $-1 33.880934857766299 -79.234926846656293 3.02742350895927 #
coedge $-1 -1 -1 $-1 $2533 $2605 $-1 $2606 forward $30 $2607 #
edge $2608 -1 -1 $-1 $2609 -0.63467531698207424 $2573 -0.62026843424657818 $2533 $2610 forward @7 unknown T 36.685236636132288 69.559081223956326 0.42340889226677275 36.687808977270045 69.575267608777381 0.42785175398211278 #
pcurve $-1 -1 -1 $-1 0 forward { imppc forward { parcur summary 3 2 -0.63467531698207424 -0.62026843424657818 0.001 OPEN 
	spline forward { ref 3 } I I I I 
	null_surface 
	nubs 1 open 2 
	-0.63467531698207424 1 -0.62026843424657818 1 
	0.98593688749278552 72.40508122395623 
	0.98585995951857286 72.419267608777304 
	
	nullbs 
	-1 
	-1 
	I I 
	0 
	0 
	0 
	
	-1 
	none F surf1 } I I surf1 } 0 0 #
name_attrib-gen-attrib $-1 -1 $2611 $-1 $2534 2 1 1 1 1 1 1 1 1 1 1 1 1 1 0 1 1 1 @3 eif #
vertex $2612 -1 -1 $-1 $2570 $2613 #
intcurve-curve $-1 -1 -1 $-1 forward { ref 564 } I I #
integer_attrib-name_attrib-gen-attrib $-1 -1 $-1 $2536 $2498 2 1 1 1 1 1 1 1 1 1 1 1 1 1 0 1 1 1 @3 pid 331 #
integer_attrib-name_attrib-gen-attrib $-1 -1 $-1 $-1 $2537 2 1 1 1 1 1 1 1 1 1 1 1 1 1 0 1 1 1 @3 pid 330 #
point $-1 -1 -1 $-1 36.667766677777102 70.013885279976506 0.50235361579279603 #
coedge $-1 -1 -1 $-1 $2614 $2542 $-1 $2615 forward $20 $2616 #
edge $2617 -1 -1 $-1 $2582 -0.12661369987460258 $2618 -0.11249659182568261 $2542 $2619 forward @7 unknown T -36.683650884667436 69.67857436163635 0.4410075832811855 -36.681027592750382 69.694431504428877 0.4456163072164146 #
pcurve $-1 -1 -1 $-1 0 forward { imppc forward { parcur summary 3 2 -0.12661369987460258 -0.11249659182568261 0.001 OPEN 
	spline forward { ref 1 } I I I I 
	null_surface 
	nubs 1 open 2 
	-0.12661369987460258 1 -0.11249659182568261 1 
	0.98529971079864098 -70.538431504428871 
	0.98538207455556381 -70.524574361636354 
	
	nullbs 
	-1 
	-1 
	I I 
	0 
	0 
	0 
	
	-1 
	none F surf1 } I I surf1 } 0 0 #
name_attrib-gen-attrib $-1 -1 $2620 $-1 $2543 2 1 1 1 1 1 1 1 1 1 1 1 1 1 0 1 1 1 @3 eif #
vertex $2621 -1 -1 $-1 $2543 $2622 #
intcurve-curve $-1 -1 -1 $-1 forward { ref 566 } I I #
integer_attrib-name_attrib-gen-attrib $-1 -1 $-1 $2545 $2507 2 1 1 1 1 1 1 1 1 1 1 1 1 1 0 1 1 1 @3 pid 75 #
integer_attrib-name_attrib-gen-attrib $-1 -1 $-1 $-1 $2546 2 1 1 1 1 1 1 1 1 1 1 1 1 1 0 1 1 1 @3 pid 76 #
point $-1 -1 -1 $-1 -36.661422861989202 70.131918997641804 0.52692042410968698 #
coedge $-1 -1 -1 $-1 $2551 $2623 $-1 $2624 forward $20 $2625 #
edge $2626 -1 -1 $-1 $2627 -0.96466933886894279 $2591 -0.9470229566684224 $2551 $2628 forward @7 unknown T -34.590102693330728 -78.765051574161816 2.8187188393587639 -34.574568374871006 -78.752685679939987 2.8259246640748859 #
pcurve $-1 -1 -1 $-1 0 forward { exppc nubs 1 open 2 
	-0.96466933886894279 1 -0.9470229566684224 1 
	0.88018600593123153 77.908685669033758 
	0.87973996886969275 77.919051583841195 
	0.001 
	-1 
	spline forward { ref 1 } I I I I 
	} 0 0 #
name_attrib-gen-attrib $-1 -1 $2629 $-1 $2552 2 1 1 1 1 1 1 1 1 1 1 1 1 1 0 1 1 1 @3 eif #
tvertex-vertex $2630 -1 -1 $-1 $2588 $2631 9.6358690763164877e-005 #
intcurve-curve $-1 -1 -1 $-1 forward { parcur summary 3 3 -0.94702294019072908 -0.75549319451321595 -0.52471518047451227 0.001 OPEN 
	spline forward { ref 1 } I I I I 
	null_surface 
	nubs 1 open 2 
	-0.94702294019072908 1 -0.52471518047451227 1 
	0.87973996886969275 77.919051583841195 
	0.86916661149844909 78.166938053036858 
	
	nullbs 
	-1 
	-1 
	I I 
	0 
	0 
	1 -0.70263220845138696 
	
	-1 
	none F surf1 } I I #
integer_attrib-name_attrib-gen-attrib $-1 -1 $-1 $2554 $2516 2 1 1 1 1 1 1 1 1 1 1 1 1 1 0 1 1 1 @3 pid 137 #
integer_attrib-name_attrib-gen-attrib $-1 -1 $-1 $-1 $2555 2 1 1 1 1 1 1 1 1 1 1 1 1 1 0 1 1 1 @3 pid 137 #
point $-1 -1 -1 $-1 -34.246541770833403 -79.011982092161404 2.9355881091932301 #
coedge $-1 -1 -1 $-1 $2632 $2560 $-1 $2633 forward $30 $2634 #
edge $2635 -1 -1 $-1 $2600 -0.92484782961308132 $2636 -0.5000423982741069 $2560 $2637 forward @7 unknown T 33.909870960690924 -79.219169672597133 2.9288101346444666 34.267100454513255 -78.997477426047979 3.0219797177019325 #
pcurve $-1 -1 -1 $-1 0 forward { imppc forward { parcur summary 3 3 -0.92484782961308132 -0.67586857721989202 -0.5000423982741069 0.001 OPEN 
	spline forward { ref 3 } I I I I 
	null_surface 
	nubs 2 open 7 
	-0.92484782961308132 2 -0.85404692438991903 2 -0.78324601916675651 2 -0.71244511394359411 2 -0.64164420872043171 2 
	-0.57084330349726931 2 -0.5000423982741069 2 
	0.85884401177617542 -76.373169672597129 
	0.85972181932110492 -76.35529970315136 
	0.86064757465938457 -76.336559514272864 
	0.86152694634210203 -76.318758275925006 
	0.86246027170642847 -76.299956074633428 
	0.86333977575194587 -76.282238124674478 
	0.86428157674780492 -76.263341873405651 
	0.86513174971937612 -76.246284042543238 
	0.86611054854812985 -76.226705549109681 
	0.86704761855919121 -76.207961739331026 
	0.86794428478522756 -76.190078882426334 
	0.86888109520800183 -76.171395401047448 
	0.86978254019743828 -76.153477426047985 
	
	nullbs 
	-1 
	-1 
	I I 
	5 -0.85404692438991903 -0.78324601916675651 -0.71244511394359411 -0.64164420872043171 -0.57084330349726931 
	0 
	0 
	
	-1 
	none F surf1 } I I surf1 } 0 0 #
name_attrib-gen-attrib $-1 -1 $2638 $-1 $2561 2 1 1 1 1 1 1 1 1 1 1 1 1 1 0 1 1 1 @3 eif #
tvertex-vertex $2639 -1 -1 $-1 $2561 $2640 4.3091412675117716e-005 #
intcurve-curve $-1 -1 -1 $-1 forward { parcur summary 3 2 -0.94219539775787042 -0.92484782961308132 0.001 OPEN 
	spline forward { ref 3 } I I I I 
	null_surface 
	nubs 1 open 2 
	-0.94219539775787042 1 -0.92484782961308132 1 
	0.85840355779442579 -76.382142877580847 
	0.85884401177617542 -76.373169672597129 
	
	nullbs 
	-1 
	-1 
	I I 
	0 
	0 
	0 
	
	-1 
	none F surf1 } I I #
integer_attrib-name_attrib-gen-attrib $-1 -1 $-1 $2563 $2525 2 1 1 1 1 1 1 1 1 1 1 1 1 1 0 1 1 1 @3 pid 268 #
integer_attrib-name_attrib-gen-attrib $-1 -1 $-1 $-1 $2564 2 1 1 1 1 1 1 1 1 1 1 1 1 1 0 1 1 1 @3 pid 268 #
point $-1 -1 -1 $-1 33.896272797624498 -79.227181624474696 3.0241443738128799 #
coedge $-1 -1 -1 $-1 $2569 $2641 $-1 $2642 forward $30 $2643 #
edge $2644 -1 -1 $-1 $2645 -0.12021321043932265 $2609 -0.10580662806974528 $2569 $2646 forward @7 unknown T 36.68580899267657 69.544759254149895 0.42189466725607755 36.688162967044981 69.561081236567674 0.42540882641935979 #
pcurve $-1 -1 -1 $-1 0 forward { imppc forward { parcur summary 3 2 -0.12021321043932265 -0.10580662806974528 0.001 OPEN 
	spline forward { ref 3 } I I I I 
	null_surface 
	nubs 1 open 2 
	-0.12021321043932265 1 -0.10580662806974528 1 
	0.98598455808418473 72.390759254149813 
	0.98593688956601211 72.405081236567568 
	
	nullbs 
	-1 
	-1 
	I I 
	0 
	0 
	0 
	
	-1 
	none F surf1 } I I surf1 } 0 0 #
name_attrib-gen-attrib $-1 -1 $2647 $-1 $2570 2 1 1 1 1 1 1 1 1 1 1 1 1 1 0 1 1 1 @3 eif #
vertex $2648 -1 -1 $-1 $2606 $2649 #
intcurve-curve $-1 -1 -1 $-1 forward { ref 572 } I I #
integer_attrib-name_attrib-gen-attrib $-1 -1 $-1 $2572 $2534 2 1 1 1 1 1 1 1 1 1 1 1 1 1 0 1 1 1 @3 pid 330 #
integer_attrib-name_attrib-gen-attrib $-1 -1 $-1 $-1 $2573 2 1 1 1 1 1 1 1 1 1 1 1 1 1 0 1 1 1 @3 pid 329 #
point $-1 -1 -1 $-1 36.686236658329598 69.574267625989904 0.426851659224322 #
coedge $-1 -1 -1 $-1 $2650 $2578 $-1 $2651 forward $20 $2652 #
edge $2653 -1 -1 $-1 $2618 -0.54552263897888587 $2654 -0.53140775282620523 $2578 $2655 forward @7 unknown T -36.684061321422675 69.664572017007515 0.43928562937135812 -36.681650916255904 69.68057438957419 0.44300745088030347 #
pcurve $-1 -1 -1 $-1 0 forward { imppc forward { parcur summary 3 2 -0.54552263897888587 -0.53140775282620523 0.001 OPEN 
	spline forward { ref 1 } I I I I 
	null_surface 
	nubs 1 open 2 
	-0.54552263897888587 1 -0.53140775282620523 1 
	0.98538207873498262 -70.524574389574184 
	0.98543642358293271 -70.510572017007519 
	
	nullbs 
	-1 
	-1 
	I I 
	0 
	0 
	0 
	
	-1 
	none F surf1 } I I surf1 } 0 0 #
name_attrib-gen-attrib $-1 -1 $2656 $-1 $2579 2 1 1 1 1 1 1 1 1 1 1 1 1 1 0 1 1 1 @3 eif #
vertex $2657 -1 -1 $-1 $2579 $2658 #
intcurve-curve $-1 -1 -1 $-1 forward { ref 574 } I I #
integer_attrib-name_attrib-gen-attrib $-1 -1 $-1 $2581 $2543 2 1 1 1 1 1 1 1 1 1 1 1 1 1 0 1 1 1 @3 pid 76 #
integer_attrib-name_attrib-gen-attrib $-1 -1 $-1 $-1 $2582 2 1 1 1 1 1 1 1 1 1 1 1 1 1 0 1 1 1 @3 pid 77 #
point $-1 -1 -1 $-1 -36.682027637864998 69.693431541954197 0.444616118665558 #
coedge $-1 -1 -1 $-1 $2587 $2659 $-1 $2660 forward $20 $2661 #
edge $2662 -1 -1 $-1 $2663 -0.56657269928267451 $2627 -0.54896855479424045 $2587 $2664 forward @7 unknown T -34.602744884130757 -78.754719997226019 2.8138061501105747 -34.588119035200904 -78.741245193934219 2.8207125202614791 #
pcurve $-1 -1 -1 $-1 0 forward { exppc nubs 1 open 2 
	-0.56657269928267451 1 -0.54896855479424045 1 
	0.8806035085112327 77.89724517712969 
	0.88018654420121001 77.908720008256381 
	0.001 
	-1 
	spline forward { ref 1 } I I I I 
	} 0 0 #
name_attrib-gen-attrib $-1 -1 $2665 $-1 $2588 2 1 1 1 1 1 1 1 1 1 1 1 1 1 0 1 1 1 @3 eif #
tvertex-vertex $2666 -1 -1 $-1 $2624 $2667 0.00010771893841555958 #
intcurve-curve $-1 -1 -1 $-1 forward { parcur summary 3 2 -0.96466935743518811 -0.94702294019072908 0.001 OPEN 
	spline forward { ref 1 } I I I I 
	null_surface 
	nubs 1 open 2 
	-0.96466935743518811 1 -0.94702294019072908 1 
	0.88018600593123153 77.908685669033758 
	0.87973996886969275 77.919051583841195 
	
	nullbs 
	-1 
	-1 
	I I 
	0 
	0 
	0 
	
	-1 
	none F surf1 } I I #
integer_attrib-name_attrib-gen-attrib $-1 -1 $-1 $2590 $2552 2 1 1 1 1 1 1 1 1 1 1 1 1 1 0 1 1 1 @3 pid 136 #
integer_attrib-name_attrib-gen-attrib $-1 -1 $-1 $-1 $2591 2 1 1 1 1 1 1 1 1 1 1 1 1 1 0 1 1 1 @3 pid 136 #
point $-1 -1 -1 $-1 -34.575620697549603 -78.764129974176697 2.8249046447778001 #
coedge $-1 -1 -1 $-1 $2668 $2596 $-1 $2669 forward $30 $2670 #
edge $2671 -1 -1 $-1 $2636 -0.50004238245835686 $2672 -0.4802120996713608 $2596 $2673 forward @7 unknown T 34.265100467577604 -78.999477417876506 2.9239032192512808 34.283463134120787 -78.987231744518553 2.9308101307533638 #
pcurve $-1 -1 -1 $-1 0 forward { exppc nubs 1 open 2 
	-0.50004238245835686 1 -0.4802120996713608 1 
	0.86978254019743828 -76.153477426047985 
	0.87029825591690113 -76.143231735070643 
	0.001 
	-1 
	spline forward { ref 3 } I I I I 
	} 0 0 #
name_attrib-gen-attrib $-1 -1 $2674 $-1 $2597 2 1 1 1 1 1 1 1 1 1 1 1 1 1 0 1 1 1 @3 eif #
tvertex-vertex $2675 -1 -1 $-1 $2597 $2676 7.146609119899101e-005 #
intcurve-curve $-1 -1 -1 $-1 forward { ref 578 } I I #
integer_attrib-name_attrib-gen-attrib $-1 -1 $-1 $2599 $2561 2 1 1 1 1 1 1 1 1 1 1 1 1 1 0 1 1 1 @3 pid 269 #
integer_attrib-name_attrib-gen-attrib $-1 -1 $-1 $-1 $2600 2 1 1 1 1 1 1 1 1 1 1 1 1 1 0 1 1 1 @3 pid 269 #
point $-1 -1 -1 $-1 33.910892610682602 -79.218206629601795 3.02097499250219 #
coedge $-1 -1 -1 $-1 $2605 $2677 $-1 $2678 forward $30 $2679 #
edge $2680 -1 -1 $-1 $2681 -0.56291786627290419 $2645 -0.12021321043932265 $2605 $2682 forward @7 unknown T 36.686162967044986 69.104659147720582 0.37529347315376616 36.698768812241909 69.546759254149904 0.42389466725607755 #
pcurve $-1 -1 -1 $-1 0 forward { imppc forward { parcur summary 3 2 -0.56291786627290419 -0.12021321043932265 0.001 OPEN 
	spline forward { ref 3 } I I I I 
	null_surface 
	nubs 1 open 2 
	-0.56291786627290419 1 -0.12021321043932265 1 
	0.98744653827858708 71.950659147720486 
	0.98598455808418473 72.390759254149813 
	
	nullbs 
	-1 
	-1 
	I I 
	0 
	0 
	0 
	
	-1 
	none F surf1 } I I surf1 } 0 0 #
name_attrib-gen-attrib $-1 -1 $2683 $-1 $2606 2 1 1 1 1 1 1 1 1 1 1 1 1 1 0 1 1 1 @3 eif #
vertex $2684 -1 -1 $-1 $2642 $2685 #
intcurve-curve $-1 -1 -1 $-1 forward { ref 581 } I I #
integer_attrib-name_attrib-gen-attrib $-1 -1 $-1 $2608 $2570 2 1 1 1 1 1 1 1 1 1 1 1 1 1 0 1 1 1 @3 pid 329 #
integer_attrib-name_attrib-gen-attrib $-1 -1 $-1 $-1 $2609 2 1 1 1 1 1 1 1 1 1 1 1 1 1 0 1 1 1 @3 pid 328 #
point $-1 -1 -1 $-1 36.6868089948359 69.560081237593096 0.42440881719017898 #
coedge $-1 -1 -1 $-1 $2686 $2614 $-1 $2687 forward $20 $2688 #
edge $2689 -1 -1 $-1 $2654 -0.53140775282620523 $2690 -0.08804220664482032 $2614 $2691 forward @7 unknown T -36.696582685807662 69.224746832657374 0.38510124441478411 -36.68206132142268 69.666572017007525 0.44128562937135812 #
pcurve $-1 -1 -1 $-1 0 forward { imppc forward { parcur summary 3 2 -0.53140775282620523 -0.08804220664482032 0.001 OPEN 
	spline forward { ref 1 } I I I I 
	null_surface 
	nubs 1 open 2 
	-0.53140775282620523 1 -0.08804220664482032 1 
	0.98543642358293271 -70.510572017007519 
	0.98713966554533816 -70.070746832657377 
	
	nullbs 
	-1 
	-1 
	I I 
	0 
	0 
	0 
	
	-1 
	none F surf1 } I I surf1 } 0 0 #
name_attrib-gen-attrib $-1 -1 $2692 $-1 $2615 2 1 1 1 1 1 1 1 1 1 1 1 1 1 0 1 1 1 @3 eif #
vertex $2693 -1 -1 $-1 $2615 $2694 #
intcurve-curve $-1 -1 -1 $-1 forward { ref 583 } I I #
integer_attrib-name_attrib-gen-attrib $-1 -1 $-1 $2617 $2579 2 1 1 1 1 1 1 1 1 1 1 1 1 1 0 1 1 1 @3 pid 77 #
integer_attrib-name_attrib-gen-attrib $-1 -1 $-1 $-1 $2618 2 1 1 1 1 1 1 1 1 1 1 1 1 1 0 1 1 1 @3 pid 78 #
point $-1 -1 -1 $-1 -36.682650921755403 69.679574392569805 0.44200742782965802 #
coedge $-1 -1 -1 $-1 $2623 $2695 $-1 $2696 forward $20 $2697 #
edge $2698 -1 -1 $-1 $2699 -1.0026236037408656 $2663 -0.56657303394019332 $2623 $2700 forward @7 unknown T -34.910669333783311 -78.743244975555143 2.6781093838691521 -34.600745126562437 -78.456676117745872 2.8158060554372155 #
pcurve $-1 -1 -1 $-1 0 forward { exppc nubs 1 open 2 
	-1.0026236037408656 1 -0.5665730339401932 1 
	0.89105547527607432 77.612675880015018 
	0.8806035085112327 77.89724517712969 
	0.001 
	-1 
	spline forward { ref 1 } I I I I 
	} 0 0 #
name_attrib-gen-attrib $-1 -1 $2701 $-1 $2624 2 1 1 1 1 1 1 1 1 1 1 1 1 1 0 1 1 1 @3 eif #
tvertex-vertex $2702 -1 -1 $-1 $2660 $2703 6.4289354549129903e-005 #
intcurve-curve $-1 -1 -1 $-1 forward { parcur summary 3 2 -0.56657272506346068 -0.54896853787189104 0.001 OPEN 
	spline forward { ref 1 } I I I I 
	null_surface 
	nubs 1 open 2 
	-0.56657272506346068 1 -0.54896853787189104 1 
	0.8806035085112327 77.89724517712969 
	0.88018654420121001 77.908720008256381 
	
	nullbs 
	-1 
	-1 
	I I 
	0 
	0 
	0 
	
	-1 
	none F surf1 } I I #
integer_attrib-name_attrib-gen-attrib $-1 -1 $-1 $2626 $2588 2 1 1 1 1 1 1 1 1 1 1 1 1 1 0 1 1 1 @3 pid 135 #
integer_attrib-name_attrib-gen-attrib $-1 -1 $-1 $-1 $2627 2 1 1 1 1 1 1 1 1 1 1 1 1 1 0 1 1 1 @3 pid 135 #
point $-1 -1 -1 $-1 -34.589161134813999 -78.753773299947696 2.8196962407531299 #
coedge $-1 -1 -1 $-1 $2704 $2632 $-1 $2705 forward $30 $2706 #
edge $2707 -1 -1 $-1 $2672 -0.98694224316455992 $2708 -0.96715455126759886 $2632 $2709 forward @7 unknown T 34.281470665868419 -78.989255232781375 2.9192482672803091 34.298782192928613 -78.975514104508036 2.9259009451483795 #
pcurve $-1 -1 -1 $-1 0 forward { exppc nubs 1 open 2 
	-0.98694224316455992 1 -0.96715455126759886 1 
	0.87029849262065662 -76.143255244042336 
	0.87078210233668829 -76.131514090686679 
	0.001 
	-1 
	spline forward { ref 3 } I I I I 
	} 0 0 #
name_attrib-gen-attrib $-1 -1 $2710 $-1 $2633 2 1 1 1 1 1 1 1 1 1 1 1 1 1 0 1 1 1 @3 eif #
tvertex-vertex $2711 -1 -1 $-1 $2633 $2712 8.1899865651409464e-005 #
intcurve-curve $-1 -1 -1 $-1 forward { parcur summary 3 2 -0.5000423982741069 -0.48021208138513449 0.001 OPEN 
	spline forward { ref 3 } I I I I 
	null_surface 
	nubs 1 open 2 
	-0.5000423982741069 1 -0.48021208138513449 1 
	0.86978254019743828 -76.153477426047985 
	0.87029825591690113 -76.143231735070643 
	
	nullbs 
	-1 
	-1 
	I I 
	0 
	0 
	0 
	
	-1 
	none F surf1 } I I #
integer_attrib-name_attrib-gen-attrib $-1 -1 $-1 $2635 $2597 2 1 1 1 1 1 1 1 1 1 1 1 1 1 0 1 1 1 @3 pid 270 #
integer_attrib-name_attrib-gen-attrib $-1 -1 $-1 $-1 $2636 2 1 1 1 1 1 1 1 1 1 1 1 1 1 0 1 1 1 @3 pid 270 #
point $-1 -1 -1 $-1 34.266135683240897 -78.998538714232495 2.9297996419146299 #
coedge $-1 -1 -1 $-1 $2641 $2713 $-1 $2714 forward $30 $2715 #
edge $2716 -1 -1 $-1 $2717 -0.57816698718097526 $2681 -0.56291786627290419 $2641 $2718 forward @7 unknown T 36.696768812241913 69.089499298226173 0.37368584340888306 36.699124835805833 69.106659147720592 0.37729347315376616 #
pcurve $-1 -1 -1 $-1 0 forward { imppc forward { parcur summary 3 2 -0.57816698718097526 -0.56291786627290419 0.001 OPEN 
	spline forward { ref 3 } I I I I 
	null_surface 
	nubs 1 open 2 
	-0.57816698718097526 1 -0.56291786627290419 1 
	0.98749679763853193 71.935499298226077 
	0.98744653827858708 71.950659147720486 
	
	nullbs 
	-1 
	-1 
	I I 
	0 
	0 
	0 
	
	-1 
	none F surf1 } I I surf1 } 0 0 #
name_attrib-gen-attrib $-1 -1 $2719 $-1 $2642 2 1 1 1 1 1 1 1 1 1 1 1 1 1 0 1 1 1 @3 eif #
vertex $2720 -1 -1 $-1 $2678 $2721 #
intcurve-curve $-1 -1 -1 $-1 forward { ref 588 } I I #
integer_attrib-name_attrib-gen-attrib $-1 -1 $-1 $2644 $2606 2 1 1 1 1 1 1 1 1 1 1 1 1 1 0 1 1 1 @3 pid 328 #
integer_attrib-name_attrib-gen-attrib $-1 -1 $-1 $-1 $2645 2 1 1 1 1 1 1 1 1 1 1 1 1 1 0 1 1 1 @3 pid 327 #
point $-1 -1 -1 $-1 36.687162969677303 69.545759255404903 0.42289465600892001 #
coedge $-1 -1 -1 $-1 $2722 $2650 $-1 $2723 forward $20 $2724 #
edge $2725 -1 -1 $-1 $2690 -0.08804220664482032 $2726 -0.072821726204230552 $2650 $2727 forward @7 unknown T -36.696999919514383 69.209647237618071 0.38323776905276707 -36.694582685807667 69.226746832657383 0.38710124441478411 #
pcurve $-1 -1 -1 $-1 0 forward { imppc forward { parcur summary 3 2 -0.08804220664482032 -0.072821726204230552 0.001 OPEN 
	spline forward { ref 1 } I I I I 
	null_surface 
	nubs 1 open 2 
	-0.08804220664482032 1 -0.072821726204230552 1 
	0.98713966554533816 -70.070746832657377 
	0.98719800471759067 -70.055647237618075 
	
	nullbs 
	-1 
	-1 
	I I 
	0 
	0 
	0 
	
	-1 
	none F surf1 } I I surf1 } 0 0 #
name_attrib-gen-attrib $-1 -1 $2728 $-1 $2651 2 1 1 1 1 1 1 1 1 1 1 1 1 1 0 1 1 1 @3 eif #
vertex $2729 -1 -1 $-1 $2651 $2730 #
intcurve-curve $-1 -1 -1 $-1 forward { ref 590 } I I #
integer_attrib-name_attrib-gen-attrib $-1 -1 $-1 $2653 $2615 2 1 1 1 1 1 1 1 1 1 1 1 1 1 0 1 1 1 @3 pid 78 #
integer_attrib-name_attrib-gen-attrib $-1 -1 $-1 $-1 $2654 2 1 1 1 1 1 1 1 1 1 1 1 1 1 0 1 1 1 @3 pid 79 #
point $-1 -1 -1 $-1 -36.683061327922402 69.665572020547401 0.44028560213350498 #
coedge $-1 -1 -1 $-1 $2659 $2731 $-1 $2732 forward $20 $2733 #
edge $2734 -1 -1 $-1 $2735 -1.0156810906960971 $2699 -1.0026239789875562 $2659 $2736 forward @7 unknown T -34.919683050239229 -78.458675872862344 2.6736379177485343 -34.908669591504356 -78.448159979059909 2.6801092564547706 #
pcurve $-1 -1 -1 $-1 0 forward { exppc nubs 1 open 2 
	-1.0156810906960971 1 -1.0026239789875562 1 
	0.89137038199009644 77.604159971384433 
	0.89105547527607432 77.612675880015018 
	0.001 
	-1 
	spline forward { ref 1 } I I I I 
	} 0 0 #
name_attrib-gen-attrib $-1 -1 $2737 $-1 $2660 2 1 1 1 1 1 1 1 1 1 1 1 1 1 0 1 1 1 @3 eif #
tvertex-vertex $2738 -1 -1 $-1 $2696 $2739 0.00011303442935202647 #
intcurve-curve $-1 -1 -1 $-1 forward { parcur summary 3 3 -1.0026239680206266 -0.79120885927477003 -0.56657272506346068 0.001 OPEN 
	spline forward { ref 1 } I I I I 
	null_surface 
	nubs 1 open 2 
	-1.0026239680206266 1 -0.56657272506346068 1 
	0.89105547527607432 77.612675880015018 
	0.8806035085112327 77.89724517712969 
	
	nullbs 
	-1 
	-1 
	I I 
	0 
	0 
	1 -0.91543513007196742 
	
	-1 
	none F surf1 } I I #
integer_attrib-name_attrib-gen-attrib $-1 -1 $-1 $2662 $2624 2 1 1 1 1 1 1 1 1 1 1 1 1 1 0 1 1 1 @3 pid 134 #
integer_attrib-name_attrib-gen-attrib $-1 -1 $-1 $-1 $2663 2 1 1 1 1 1 1 1 1 1 1 1 1 1 0 1 1 1 @3 pid 134 #
point $-1 -1 -1 $-1 -34.601783600158399 -78.742294240777397 2.81479103066988 #
coedge $-1 -1 -1 $-1 $2740 $2668 $-1 $2741 forward $30 $2742 #
edge $2743 -1 -1 $-1 $2708 -0.96715424394368432 $2744 -0.54124712769064987 $2668 $2745 forward @7 unknown T 34.296782433365003 -78.977513922020989 2.8051941874670185 34.62461034370601 -78.722597491630026 2.9212481937536707 #
pcurve $-1 -1 -1 $-1 0 forward { exppc nubs 1 open 2 
	-0.96715424394368432 1 -0.54124712769064987 1 
	0.87078210233668829 -76.131514090686679 
	0.88132761585537844 -75.878597258306257 
	0.001 
	-1 
	spline forward { ref 3 } I I I I 
	} 0 0 #
name_attrib-gen-attrib $-1 -1 $2746 $-1 $2669 2 1 1 1 1 1 1 1 1 1 1 1 1 1 0 1 1 1 @3 eif #
tvertex-vertex $2747 -1 -1 $-1 $2669 $2748 5.3408867077743529e-005 #
intcurve-curve $-1 -1 -1 $-1 forward { parcur summary 3 2 -0.9869422621430296 -0.96715452797398171 0.001 OPEN 
	spline forward { ref 3 } I I I I 
	null_surface 
	nubs 1 open 2 
	-0.9869422621430296 1 -0.96715452797398171 1 
	0.87029849262065662 -76.143255244042336 
	0.87078210233668829 -76.131514090686679 
	
	nullbs 
	-1 
	-1 
	I I 
	0 
	0 
	0 
	
	-1 
	none F surf1 } I I #
integer_attrib-name_attrib-gen-attrib $-1 -1 $-1 $2671 $2633 2 1 1 1 1 1 1 1 1 1 1 1 1 1 0 1 1 1 @3 pid 271 #
integer_attrib-name_attrib-gen-attrib $-1 -1 $-1 $-1 $2672 2 1 1 1 1 1 1 1 1 1 1 1 1 1 0 1 1 1 @3 pid 271 #
point $-1 -1 -1 $-1 34.282503476933698 -78.988301970341695 2.9248910381509599 #
coedge $-1 -1 -1 $-1 $2677 $2749 $-1 $2750 forward $30 $2751 #
edge $2752 -1 -1 $-1 $2753 -0.061943981334260156 $2717 -0.046695022853955104 $2677 $2754 forward @7 unknown T 36.69712483657446 69.074260858031124 0.37313352025467128 36.699247002632156 69.091499298606891 0.37568583993494092 #
pcurve $-1 -1 -1 $-1 0 forward { imppc forward { parcur summary 3 2 -0.061943981334260156 -0.046695022853955104 0.001 OPEN 
	spline forward { ref 3 } I I I I 
	null_surface 
	nubs 1 open 2 
	-0.061943981334260156 1 -0.046695022853955104 1 
	0.98751406224521243 71.920260858031028 
	0.98749679774712529 71.935499298606786 
	
	nullbs 
	-1 
	-1 
	I I 
	0 
	0 
	0 
	
	-1 
	none F surf1 } I I surf1 } 0 0 #
name_attrib-gen-attrib $-1 -1 $2755 $-1 $2678 2 1 1 1 1 1 1 1 1 1 1 1 1 1 0 1 1 1 @3 eif #
vertex $2756 -1 -1 $-1 $2714 $2757 #
intcurve-curve $-1 -1 -1 $-1 forward { ref 596 } I I #
integer_attrib-name_attrib-gen-attrib $-1 -1 $-1 $2680 $2642 2 1 1 1 1 1 1 1 1 1 1 1 1 1 0 1 1 1 @3 pid 327 #
integer_attrib-name_attrib-gen-attrib $-1 -1 $-1 $-1 $2681 2 1 1 1 1 1 1 1 1 1 1 1 1 1 0 1 1 1 @3 pid 326 #
point $-1 -1 -1 $-1 36.697768813388102 69.105659148296098 0.37629346798007501 #
coedge $-1 -1 -1 $-1 $2758 $2686 $-1 $2759 forward $20 $2760 #
edge $2761 -1 -1 $-1 $2726 -0.51056544521297609 $2762 -0.49534561485564071 $2686 $2763 forward @7 unknown T -36.697181995993603 69.194450391084558 0.38242333519558169 -36.694999921674338 69.211647238883501 0.38523775939567662 #
pcurve $-1 -1 -1 $-1 0 forward { imppc forward { parcur summary 3 2 -0.51056544521297609 -0.49534561485564071 0.001 OPEN 
	spline forward { ref 1 } I I I I 
	null_surface 
	nubs 1 open 2 
	-0.51056544521297609 1 -0.49534561485564071 1 
	0.9871980050198812 -70.055647238883495 
	0.98722349698996215 -70.040450391084562 
	
	nullbs 
	-1 
	-1 
	I I 
	0 
	0 
	0 
	
	-1 
	none F surf1 } I I surf1 } 0 0 #
name_attrib-gen-attrib $-1 -1 $2764 $-1 $2687 2 1 1 1 1 1 1 1 1 1 1 1 1 1 0 1 1 1 @3 eif #
vertex $2765 -1 -1 $-1 $2687 $2766 #
intcurve-curve $-1 -1 -1 $-1 forward { ref 598 } I I #
integer_attrib-name_attrib-gen-attrib $-1 -1 $-1 $2689 $2651 2 1 1 1 1 1 1 1 1 1 1 1 1 1 0 1 1 1 @3 pid 79 #
integer_attrib-name_attrib-gen-attrib $-1 -1 $-1 $-1 $2690 2 1 1 1 1 1 1 1 1 1 1 1 1 1 0 1 1 1 @3 pid 80 #
point $-1 -1 -1 $-1 -36.695582688860704 69.2257468344241 0.38610123078258202 #
coedge $-1 -1 -1 $-1 $2695 $2767 $-1 $2768 forward $20 $2769 #
edge $2770 -1 -1 $-1 $2771 -0.57043395064774949 $2735 -0.55737883590635218 $2695 $2772 forward @7 unknown T -34.928200947375295 -78.450194316392043 2.669384392899429 -34.917703481084423 -78.439137162231731 2.6756277479777744 #
pcurve $-1 -1 -1 $-1 0 forward { exppc nubs 1 open 2 
	-0.57043395064774949 1 -0.55737883590635218 1 
	0.89166848875631954 77.595137150831988 
	0.89137109573792883 77.60419432861147 
	0.001 
	-1 
	spline forward { ref 1 } I I I I 
	} 0 0 #
name_attrib-gen-attrib $-1 -1 $2773 $-1 $2696 2 1 1 1 1 1 1 1 1 1 1 1 1 1 0 1 1 1 @3 eif #
tvertex-vertex $2774 -1 -1 $-1 $2732 $2775 0.00012159894420853189 #
intcurve-curve $-1 -1 -1 $-1 forward { parcur summary 3 2 -1.0156811024646251 -1.0026239680206266 0.001 OPEN 
	spline forward { ref 1 } I I I I 
	null_surface 
	nubs 1 open 2 
	-1.0156811024646251 1 -1.0026239680206266 1 
	0.89137038199009644 77.604159971384433 
	0.89105547527607432 77.612675880015018 
	
	nullbs 
	-1 
	-1 
	I I 
	0 
	0 
	0 
	
	-1 
	none F surf1 } I I #
integer_attrib-name_attrib-gen-attrib $-1 -1 $-1 $2698 $2660 2 1 1 1 1 1 1 1 1 1 1 1 1 1 0 1 1 1 @3 pid 133 #
integer_attrib-name_attrib-gen-attrib $-1 -1 $-1 $-1 $2699 2 1 1 1 1 1 1 1 1 1 1 1 1 1 0 1 1 1 @3 pid 133 #
point $-1 -1 -1 $-1 -34.909735044820202 -78.457762159964602 2.67907689626864 #
coedge $-1 -1 -1 $-1 $2776 $2704 $-1 $2777 forward $30 $2778 #
edge $2779 -1 -1 $-1 $2744 -0.54124671831421778 $2780 -0.52392671391666867 $2704 $2781 forward @7 unknown T 34.622610649356417 -78.724597248526337 2.7999926393994663 34.637638971449718 -78.712308250399232 2.8071940660557604 #
pcurve $-1 -1 -1 $-1 0 forward { exppc nubs 1 open 2 
	-0.54124671831421778 1 -0.52392671391666867 1 
	0.88132761585537844 -75.878597258306257 
	0.88176028450896549 -75.868308239473848 
	0.001 
	-1 
	spline forward { ref 3 } I I I I 
	} 0 0 #
name_attrib-gen-attrib $-1 -1 $2782 $-1 $2705 2 1 1 1 1 1 1 1 1 1 1 1 1 1 0 1 1 1 @3 eif #
tvertex-vertex $2783 -1 -1 $-1 $2705 $2784 0.00010077550700731404 #
intcurve-curve $-1 -1 -1 $-1 forward { parcur summary 3 3 -0.96715452797398171 -0.73775320138046097 -0.54124673477727991 0.001 OPEN 
	spline forward { ref 3 } I I I I 
	null_surface 
	nubs 1 open 2 
	-0.96715452797398171 1 -0.54124673477727991 1 
	0.87078210233668829 -76.131514090686679 
	0.88132761585537844 -75.878597258306257 
	
	nullbs 
	-1 
	-1 
	I I 
	0 
	0 
	1 -0.85249281737374072 
	
	-1 
	none F surf1 } I I #
integer_attrib-name_attrib-gen-attrib $-1 -1 $-1 $2707 $2669 2 1 1 1 1 1 1 1 1 1 1 1 1 1 0 1 1 1 @3 pid 272 #
integer_attrib-name_attrib-gen-attrib $-1 -1 $-1 $-1 $2708 2 1 1 1 1 1 1 1 1 1 1 1 1 1 0 1 1 1 @3 pid 272 #
point $-1 -1 -1 $-1 34.2978124154345 -78.976557158973307 2.9202390249731698 #
coedge $-1 -1 -1 $-1 $2713 $2785 $-1 $2786 forward $30 $2787 #
edge $2788 -1 -1 $-1 $2789 -0.51751982330644641 $2753 -0.061943981334260156 $2713 $2790 forward @7 unknown T 36.69724700263216 68.619 0.35662405405015929 36.702863439606709 69.076260858031134 0.37513352025467128 #
pcurve $-1 -1 -1 $-1 0 forward { imppc forward { parcur summary 3 2 -0.51751982330644641 -0.061943981334260156 0.001 OPEN 
	spline forward { ref 3 } I I I I 
	null_surface 
	nubs 1 open 2 
	-0.51751982330644641 1 -0.061943981334260156 1 
	0.98802948598082274 71.464999999999904 
	0.98751406224521243 71.920260858031028 
	
	nullbs 
	-1 
	-1 
	I I 
	0 
	0 
	0 
	
	-1 
	none F surf1 } I I surf1 } 0 0 #
name_attrib-gen-attrib $-1 -1 $2791 $-1 $2714 2 1 1 1 1 1 1 1 1 1 1 1 1 1 0 1 1 1 @3 eif #
vertex $2792 -1 -1 $-1 $2750 $2793 #
intcurve-curve $-1 -1 -1 $-1 forward { ref 604 } I I #
integer_attrib-name_attrib-gen-attrib $-1 -1 $-1 $2716 $2678 2 1 1 1 1 1 1 1 1 1 1 1 1 1 0 1 1 1 @3 pid 326 #
integer_attrib-name_attrib-gen-attrib $-1 -1 $-1 $-1 $2717 2 1 1 1 1 1 1 1 1 1 1 1 1 1 0 1 1 1 @3 pid 325 #
point $-1 -1 -1 $-1 36.698124836578103 69.090499298614304 0.37468583991969301 #
coedge $-1 -1 -1 $-1 $2794 $2722 $-1 $2795 forward $20 $2796 #
edge $2797 -1 -1 $-1 $2762 -0.49534561485564071 $2798 -0.043099805742902064 $2722 $2799 forward @7 unknown T -36.702520083178875 68.742889056358592 0.35820494933572122 -36.695181995993607 69.196450391084568 0.38442333519558169 #
pcurve $-1 -1 -1 $-1 0 forward { imppc forward { parcur summary 3 2 -0.49534561485564071 -0.043099805742902064 0.001 OPEN 
	spline forward { ref 1 } I I I I 
	null_surface 
	nubs 1 open 2 
	-0.49534561485564071 1 -0.043099805742902064 1 
	0.98722349698996215 -70.040450391084562 
	0.98798018342850225 -69.588889056358639 
	
	nullbs 
	-1 
	-1 
	I I 
	0 
	0 
	0 
	
	-1 
	none F surf1 } I I surf1 } 0 0 #
name_attrib-gen-attrib $-1 -1 $2800 $-1 $2723 2 1 1 1 1 1 1 1 1 1 1 1 1 1 0 1 1 1 @3 eif #
vertex $2801 -1 -1 $-1 $2723 $2802 #
intcurve-curve $-1 -1 -1 $-1 forward { ref 606 } I I #
integer_attrib-name_attrib-gen-attrib $-1 -1 $-1 $2725 $2687 2 1 1 1 1 1 1 1 1 1 1 1 1 1 0 1 1 1 @3 pid 80 #
integer_attrib-name_attrib-gen-attrib $-1 -1 $-1 $-1 $2726 2 1 1 1 1 1 1 1 1 1 1 1 1 1 0 1 1 1 @3 pid 81 #
point $-1 -1 -1 $-1 -36.695999921716201 69.210647238893799 0.38423775920873698 #
coedge $-1 -1 -1 $-1 $2731 $2803 $-1 $2804 forward $20 $2805 #
edge $2806 -1 -1 $-1 $2807 -1.0234318879961022 $2771 -0.57043396707949801 $2731 $2808 forward @7 unknown T -35.218427800960718 -78.441137150831992 2.506940464001127 -34.9262009580616 -78.122664204224151 2.6713843875459293 #
pcurve $-1 -1 -1 $-1 0 forward { imppc forward { parcur summary 3 3 -1.0234318879961022 -0.80190007077761305 -0.57043396707949801 0.001 OPEN 
	spline forward { ref 1 } I I I I 
	null_surface 
	nubs 2 open 7 
	-1.0234318879961022 2 -0.94793223451000153 2 -0.87243258102390087 2 -0.7969329275378001 2 -0.72143327405169944 2 
	-0.64593362056559867 2 -0.57043396707949801 2 
	0.90215622618225888 77.278664204224157 
	0.90129316471419718 77.30457401357333 
	0.90039690295026675 77.331521545776212 
	0.89953716416207707 77.35737095675681 
	0.8986389981726588 77.384412001154914 
	0.89775827042830025 77.410928033065289 
	0.89688241067140007 77.437329064095849 
	0.89593395197103121 77.465918444283403 
	0.8951329255131083 77.490116677652026 
	0.89421365468241332 77.517886958980938 
	0.89339499658080146 77.542699204338703 
	0.89249323971021388 77.570030043283879 
	0.89166848875631954 77.595137150831988 
	
	nullbs 
	-1 
	-1 
	I I 
	5 -0.94793223451000153 -0.87243258102390087 -0.7969329275378001 -0.72143327405169944 -0.64593362056559867 
	0 
	0 
	
	-1 
	none F surf1 } I I surf1 } 0 0 #
name_attrib-gen-attrib $-1 -1 $2809 $-1 $2732 2 1 1 1 1 1 1 1 1 1 1 1 1 1 0 1 1 1 @3 eif #
tvertex-vertex $2810 -1 -1 $-1 $2768 $2811 7.590907230799799e-005 #
intcurve-curve $-1 -1 -1 $-1 forward { parcur summary 3 2 -0.57043396707949801 -0.55737881829310043 0.001 OPEN 
	spline forward { ref 1 } I I I I 
	null_surface 
	nubs 1 open 2 
	-0.57043396707949801 1 -0.55737881829310043 1 
	0.89166848875631954 77.595137150831988 
	0.89137109573792883 77.60419432861147 
	
	nullbs 
	-1 
	-1 
	I I 
	0 
	0 
	0 
	
	-1 
	none F surf1 } I I #
integer_attrib-name_attrib-gen-attrib $-1 -1 $-1 $2734 $2696 2 1 1 1 1 1 1 1 1 1 1 1 1 1 0 1 1 1 @3 pid 132 #
integer_attrib-name_attrib-gen-attrib $-1 -1 $-1 $-1 $2735 2 1 1 1 1 1 1 1 1 1 1 1 1 1 0 1 1 1 @3 pid 132 #
point $-1 -1 -1 $-1 -34.9187533858519 -78.449252787538001 2.6746029064472401 #
coedge $-1 -1 -1 $-1 $2812 $2740 $-1 $2813 forward $30 $2814 #
edge $2815 -1 -1 $-1 $2780 -1.0129048706421715 $2816 -0.9956318328565934 $2740 $2817 forward @7 unknown T 34.63565754616716 -78.714345056702285 2.7950845624603304 34.649812903307215 -78.701013712361259 2.8019851860042433 #
pcurve $-1 -1 -1 $-1 0 forward { exppc nubs 1 open 2 
	-1.0129048706421715 1 -0.9956318328565934 1 
	0.8817609011681069 -75.86834506792168 
	0.88216541232975809 -75.857013695981266 
	0.001 
	-1 
	spline forward { ref 3 } I I I I 
	} 0 0 #
name_attrib-gen-attrib $-1 -1 $2818 $-1 $2741 2 1 1 1 1 1 1 1 1 1 1 1 1 1 0 1 1 1 @3 eif #
tvertex-vertex $2819 -1 -1 $-1 $2741 $2820 0.00011205486622448606 #
intcurve-curve $-1 -1 -1 $-1 forward { parcur summary 3 2 -0.54124673477727991 -0.52392669552536897 0.001 OPEN 
	spline forward { ref 3 } I I I I 
	null_surface 
	nubs 1 open 2 
	-0.54124673477727991 1 -0.52392669552536897 1 
	0.88132761585537844 -75.878597258306257 
	0.88176028450896549 -75.868308239473848 
	
	nullbs 
	-1 
	-1 
	I I 
	0 
	0 
	0 
	
	-1 
	none F surf1 } I I #
integer_attrib-name_attrib-gen-attrib $-1 -1 $-1 $2743 $2705 2 1 1 1 1 1 1 1 1 1 1 1 1 1 0 1 1 1 @3 pid 273 #
integer_attrib-name_attrib-gen-attrib $-1 -1 $-1 $-1 $2744 2 1 1 1 1 1 1 1 1 1 1 1 1 1 0 1 1 1 @3 pid 273 #
point $-1 -1 -1 $-1 34.623666027047499 -78.723678520373795 2.80617206830695 #
coedge $-1 -1 -1 $-1 $2749 $2821 $-1 $2822 forward $30 $2823 #
edge $2824 -1 -1 $-1 $2825 -0.52494068693999441 $2789 -0.51751982330644641 $2749 $2826 forward @7 unknown T 36.700863439606714 68.61158424842472 0.35635499776718915 36.702921814432692 68.621000000000009 0.35862405405015929 #
pcurve $-1 -1 -1 $-1 0 forward { imppc forward { parcur summary 3 2 -0.52494068693999441 -0.51751982330644641 0.001 OPEN 
	spline forward { ref 3 } I I I I 
	null_surface 
	nubs 1 open 2 
	-0.52494068693999441 1 -0.51751982330644641 1 
	0.98803787578646773 71.457584248424624 
	0.98802948598082274 71.464999999999904 
	
	nullbs 
	-1 
	-1 
	I I 
	0 
	0 
	0 
	
	-1 
	none F surf1 } I I surf1 } 0 0 #
name_attrib-gen-attrib $-1 -1 $2827 $-1 $2750 2 1 1 1 1 1 1 1 1 1 1 1 1 1 0 1 1 1 @3 eif #
vertex $2828 -1 -1 $-1 $2786 $2829 #
intcurve-curve $-1 -1 -1 $-1 forward { ref 612 } I I #
integer_attrib-name_attrib-gen-attrib $-1 -1 $-1 $2752 $2714 2 1 1 1 1 1 1 1 1 1 1 1 1 1 0 1 1 1 @3 pid 325 #
integer_attrib-name_attrib-gen-attrib $-1 -1 $-1 $-1 $2753 2 1 1 1 1 1 1 1 1 1 1 1 1 1 0 1 1 1 @3 pid 324 #
point $-1 -1 -1 $-1 36.698247002639903 69.075260858039499 0.37413352021941498 #
coedge $-1 -1 -1 $-1 $2830 $2758 $-1 $2831 forward $20 $2832 #
edge $2833 -1 -1 $-1 $2798 -0.043099805742902064 $2834 -0.033463896742158217 $2758 $2835 forward @7 unknown T -36.702632308627301 68.733267674767731 0.35768855087693296 -36.70052008317888 68.744889056358602 0.36020494933572123 #
pcurve $-1 -1 -1 $-1 0 forward { imppc forward { parcur summary 3 2 -0.043099805742902064 -0.033463896742158217 0.001 OPEN 
	spline forward { ref 1 } I I I I 
	null_surface 
	nubs 1 open 2 
	-0.043099805742902064 1 -0.033463896742158217 1 
	0.98798018342850225 -69.588889056358639 
	0.98799628930430106 -69.579267674767735 
	
	nullbs 
	-1 
	-1 
	I I 
	0 
	0 
	0 
	
	-1 
	none F surf1 } I I surf1 } 0 0 #
name_attrib-gen-attrib $-1 -1 $2836 $-1 $2759 2 1 1 1 1 1 1 1 1 1 1 1 1 1 0 1 1 1 @3 eif #
vertex $2837 -1 -1 $-1 $2759 $2838 #
intcurve-curve $-1 -1 -1 $-1 forward { ref 614 } I I #
integer_attrib-name_attrib-gen-attrib $-1 -1 $-1 $2761 $2723 2 1 1 1 1 1 1 1 1 1 1 1 1 1 0 1 1 1 @3 pid 81 #
integer_attrib-name_attrib-gen-attrib $-1 -1 $-1 $-1 $2762 2 1 1 1 1 1 1 1 1 1 1 1 1 1 0 1 1 1 @3 pid 82 #
point $-1 -1 -1 $-1 -36.696181996054698 69.195450391099698 0.38342333492286701 #
coedge $-1 -1 -1 $-1 $2767 $2839 $-1 $2840 forward $20 $2841 #
edge $2842 -1 -1 $-1 $2843 -1.0319786914872675 $2807 -1.0234318932233215 $2767 $2844 forward @7 unknown T -35.223757830140876 -78.124664200566016 2.5036137390381721 -35.216427804222732 -78.116682930636273 2.5089404619692397 #
pcurve $-1 -1 -1 $-1 0 forward { exppc nubs 1 open 2 
	-1.0319786914872675 1 -1.0234318932233215 1 
	0.90235548226830176 77.272682926882226 
	0.90215622618225888 77.278664204224157 
	0.001 
	-1 
	spline forward { ref 1 } I I I I 
	} 0 0 #
name_attrib-gen-attrib $-1 -1 $2845 $-1 $2768 2 1 1 1 1 1 1 1 1 1 1 1 1 1 0 1 1 1 @3 eif #
tvertex-vertex $2846 -1 -1 $-1 $2804 $2847 0.00011440341317124434 #
intcurve-curve $-1 -1 -1 $-1 forward { ref 616 } I I #
integer_attrib-name_attrib-gen-attrib $-1 -1 $-1 $2770 $2732 2 1 1 1 1 1 1 1 1 1 1 1 1 1 0 1 1 1 @3 pid 131 #
integer_attrib-name_attrib-gen-attrib $-1 -1 $-1 $-1 $2771 2 1 1 1 1 1 1 1 1 1 1 1 1 1 0 1 1 1 @3 pid 131 #
point $-1 -1 -1 $-1 -34.927247789083502 -78.440192092732005 2.6703609262955701 #
coedge $-1 -1 -1 $-1 $2848 $2776 $-1 $2849 forward $30 $2850 #
edge $2851 -1 -1 $-1 $2816 -0.99563149816031782 $2852 -0.55475457720946431 $2776 $2853 forward @7 unknown T 34.647813141198398 -78.703013492517798 2.655772402499522 34.955098117584413 -78.41139629208557 2.7970844660982537 #
pcurve $-1 -1 -1 $-1 0 forward { exppc nubs 1 open 2 
	-0.99563149816031782 1 -0.55475457720946431 1 
	0.88216541232975809 -75.857013695981266 
	0.89261316102213228 -75.567396057914337 
	0.001 
	-1 
	spline forward { ref 3 } I I I I 
	} 0 0 #
name_attrib-gen-attrib $-1 -1 $2854 $-1 $2777 2 1 1 1 1 1 1 1 1 1 1 1 1 1 0 1 1 1 @3 eif #
tvertex-vertex $2855 -1 -1 $-1 $2777 $2856 6.5249940960910601e-005 #
intcurve-curve $-1 -1 -1 $-1 forward { parcur summary 3 2 -1.0129048877445728 -0.99563180788758798 0.001 OPEN 
	spline forward { ref 3 } I I I I 
	null_surface 
	nubs 1 open 2 
	-1.0129048877445728 1 -0.99563180788758798 1 
	0.8817609011681069 -75.86834506792168 
	0.88216541232975809 -75.857013695981266 
	
	nullbs 
	-1 
	-1 
	I I 
	0 
	0 
	0 
	
	-1 
	none F surf1 } I I #
integer_attrib-name_attrib-gen-attrib $-1 -1 $-1 $2779 $2741 2 1 1 1 1 1 1 1 1 1 1 1 1 1 0 1 1 1 @3 pid 274 #
integer_attrib-name_attrib-gen-attrib $-1 -1 $-1 $-1 $2780 2 1 1 1 1 1 1 1 1 1 1 1 1 1 0 1 1 1 @3 pid 274 #
point $-1 -1 -1 $-1 34.636700490940903 -78.713398595532695 2.8009679533282998 #
coedge $-1 -1 -1 $-1 $2785 $2857 $-1 $2858 forward $30 $2859 #
edge $2860 -1 -1 $-1 $2861 -0.015837298462201943 $2825 -0.0074157515759054604 $2785 $2862 forward @7 unknown T 36.700921814433215 68.603162701537826 0.35635499776483559 36.702921814433211 68.613584248424161 0.35835499776483559 #
pcurve $-1 -1 -1 $-1 0 forward { imppc forward { parcur summary 3 2 -0.015837298462201943 -0.0074157515759054604 0.001 OPEN 
	spline forward { ref 3 } I I I I 
	null_surface 
	nubs 1 open 2 
	-0.015837298462201943 1 -0.0074157515759054604 1 
	0.98803787578654112 71.449162701537702 
	0.98803787578654112 71.457584248424027 
	
	nullbs 
	-1 
	-1 
	I I 
	0 
	0 
	0 
	
	-1 
	none F surf1 } I I surf1 } 0 0 #
name_attrib-gen-attrib $-1 -1 $2863 $-1 $2786 2 1 1 1 1 1 1 1 1 1 1 1 1 1 0 1 1 1 @3 eif #
vertex $2864 -1 -1 $-1 $2822 $2865 #
intcurve-curve $-1 -1 -1 $-1 forward { ref 621 } I I #
integer_attrib-name_attrib-gen-attrib $-1 -1 $-1 $2788 $2750 2 1 1 1 1 1 1 1 1 1 1 1 1 1 0 1 1 1 @3 pid 324 #
integer_attrib-name_attrib-gen-attrib $-1 -1 $-1 $-1 $2789 2 1 1 1 1 1 1 1 1 1 1 1 1 1 0 1 1 1 @3 pid 323 #
point $-1 -1 -1 $-1 36.7018634396088 68.620000000000203 0.35762405404029701 #
coedge $-1 -1 -1 $-1 $2866 $2794 $-1 $2867 forward $20 $2868 #
edge $2869 -1 -1 $-1 $2834 -0.12502874265678438 $2870 -0.11539286860944696 $2794 $2871 forward @7 unknown T -36.702656246528996 68.723632460057601 0.35757836262948456 -36.700632308633864 68.735267674769233 0.35968855084668533 #
pcurve $-1 -1 -1 $-1 0 forward { imppc forward { parcur summary 3 2 -0.12502874265678438 -0.11539286860944696 0.001 OPEN 
	spline forward { ref 1 } I I I I 
	null_surface 
	nubs 1 open 2 
	-0.12502874265678438 1 -0.11539286860944696 1 
	0.98799628930524441 -69.579267674769241 
	0.98799972579515516 -69.569632460057605 
	
	nullbs 
	-1 
	-1 
	I I 
	0 
	0 
	0 
	
	-1 
	none F surf1 } I I surf1 } 0 0 #
name_attrib-gen-attrib $-1 -1 $2872 $-1 $2795 2 1 1 1 1 1 1 1 1 1 1 1 1 1 0 1 1 1 @3 eif #
vertex $2873 -1 -1 $-1 $2795 $2874 #
intcurve-curve $-1 -1 -1 $-1 forward { ref 623 } I I #
integer_attrib-name_attrib-gen-attrib $-1 -1 $-1 $2797 $2759 2 1 1 1 1 1 1 1 1 1 1 1 1 1 0 1 1 1 @3 pid 82 #
integer_attrib-name_attrib-gen-attrib $-1 -1 $-1 $-1 $2798 2 1 1 1 1 1 1 1 1 1 1 1 1 1 0 1 1 1 @3 pid 83 #
point $-1 -1 -1 $-1 -36.701520083200101 68.743889056362704 0.35920494923840601 #
coedge $-1 -1 -1 $-1 $2803 $2875 $-1 $2876 forward $20 $2877 #
edge $2878 -1 -1 $-1 $2879 -0.56336509678606672 $2843 -0.55478198044554827 $2803 $2880 forward @7 unknown T -35.228886614936457 -78.118710663872491 2.5003999699826616 -35.221776570969908 -78.110528631793102 2.5056020183886933 #
pcurve $-1 -1 -1 $-1 0 forward { exppc nubs 1 open 2 
	-0.56336509678606672 1 -0.55478198044554827 1 
	0.90254746580429901 77.266528624212839 
	0.9023561829658695 77.272710671812405 
	0.001 
	-1 
	spline forward { ref 1 } I I I I 
	} 0 0 #
name_attrib-gen-attrib $-1 -1 $2881 $-1 $2804 2 1 1 1 1 1 1 1 1 1 1 1 1 1 0 1 1 1 @3 eif #
tvertex-vertex $2882 -1 -1 $-1 $2840 $2883 0.00011964836151664884 #
intcurve-curve $-1 -1 -1 $-1 forward { parcur summary 3 2 -1.0319786968515494 -1.0234318879961022 0.001 OPEN 
	spline forward { ref 1 } I I I I 
	null_surface 
	nubs 1 open 2 
	-1.0319786968515494 1 -1.0234318879961022 1 
	0.90235548226830176 77.272682926882226 
	0.90215622618225888 77.278664204224157 
	
	nullbs 
	-1 
	-1 
	I I 
	0 
	0 
	0 
	
	-1 
	none F surf1 } I I #
integer_attrib-name_attrib-gen-attrib $-1 -1 $-1 $2806 $2768 2 1 1 1 1 1 1 1 1 1 1 1 1 1 0 1 1 1 @3 pid 130 #
integer_attrib-name_attrib-gen-attrib $-1 -1 $-1 $-1 $2807 2 1 1 1 1 1 1 1 1 1 1 1 1 1 0 1 1 1 @3 pid 130 #
point $-1 -1 -1 $-1 -35.217494754642402 -78.123747065222204 2.5078987578809899 #
coedge $-1 -1 -1 $-1 $2884 $2812 $-1 $2885 forward $30 $2886 #
edge $2887 -1 -1 $-1 $2852 -0.55475421078541254 $2888 -0.54248764093952406 $2812 $2889 forward @7 unknown T 34.953098364202596 -78.413396051375898 2.6515142465799113 34.963401647873354 -78.403336223143967 2.6577722764249305 #
pcurve $-1 -1 -1 $-1 0 forward { exppc nubs 1 open 2 
	-0.55475421078541254 1 -0.54248764093952406 1 
	0.89261316102213228 -75.567396057914337 
	0.89290581837694027 -75.559336216108932 
	0.001 
	-1 
	spline forward { ref 3 } I I I I 
	} 0 0 #
name_attrib-gen-attrib $-1 -1 $2890 $-1 $2813 2 1 1 1 1 1 1 1 1 1 1 1 1 1 0 1 1 1 @3 eif #
tvertex-vertex $2891 -1 -1 $-1 $2813 $2892 0.00011357839715647041 #
intcurve-curve $-1 -1 -1 $-1 forward { parcur summary 3 3 -0.99563180788758798 -0.76923414398198098 -0.55475422073653524 0.001 OPEN 
	spline forward { ref 3 } I I I I 
	null_surface 
	nubs 1 open 2 
	-0.99563180788758798 1 -0.55475422073653524 1 
	0.88216541232975809 -75.857013695981266 
	0.89261316102213228 -75.567396057914337 
	
	nullbs 
	-1 
	-1 
	I I 
	0 
	0 
	1 -0.70867542405394479 
	
	-1 
	none F surf1 } I I #
integer_attrib-name_attrib-gen-attrib $-1 -1 $-1 $2815 $2777 2 1 1 1 1 1 1 1 1 1 1 1 1 1 0 1 1 1 @3 pid 275 #
integer_attrib-name_attrib-gen-attrib $-1 -1 $-1 $-1 $2816 2 1 1 1 1 1 1 1 1 1 1 1 1 1 0 1 1 1 @3 pid 275 #
point $-1 -1 -1 $-1 34.648852464640797 -78.702063064629897 2.7960685371908598 #
coedge $-1 -1 -1 $-1 $2821 $2893 $-1 $2894 forward $30 $2895 #
edge $2896 -1 -1 $-1 $2897 -141.32320461488808 $2861 -0.015837298462201943 $2821 $2898 forward @7 unknown T 36.700921814433215 -72.704204614888141 0.35635499776483559 36.702921814433218 68.605162701537836 0.35835499776483559 #
pcurve $-1 -1 -1 $-1 0 forward { imppc forward { parcur summary 3 2 -141.32320461488808 -0.015837298462201943 0.001 OPEN 
	spline forward { ref 3 } I I I I 
	null_surface 
	nubs 1 open 2 
	-141.32320461488808 1 -0.015837298462201943 1 
	0.98803787578654112 -69.858204614888137 
	0.98803787578654112 71.449162701537702 
	
	nullbs 
	-1 
	-1 
	I I 
	0 
	0 
	0 
	
	-1 
	none F surf1 } I I surf1 } 0 0 #
name_attrib-gen-attrib $-1 -1 $2899 $-1 $2822 2 1 1 1 1 1 1 1 1 1 1 1 1 1 0 1 1 1 @3 eif #
vertex $2900 -1 -1 $-1 $2858 $2901 #
intcurve-curve $-1 -1 -1 $-1 forward { ref 628 } I I #
integer_attrib-name_attrib-gen-attrib $-1 -1 $-1 $2824 $2786 2 1 1 1 1 1 1 1 1 1 1 1 1 1 0 1 1 1 @3 pid 323 #
integer_attrib-name_attrib-gen-attrib $-1 -1 $-1 $-1 $2825 2 1 1 1 1 1 1 1 1 1 1 1 1 1 0 1 1 1 @3 pid 322 #
point $-1 -1 -1 $-1 36.701921814433597 68.612584248424795 0.35735499776310398 #
coedge $-1 -1 -1 $-1 $2902 $2830 $-1 $2903 forward $20 $2904 #
edge $2905 -1 -1 $-1 $2870 -0.11539286860944696 $2906 -0.010753245605752776 $2830 $2907 forward @7 unknown T -36.702916013037132 68.618999999999986 0.35638174077321944 -36.700656246529 68.725632460057611 0.35957836262948456 #
pcurve $-1 -1 -1 $-1 0 forward { imppc forward { parcur summary 3 2 -0.11539286860944696 -0.010753245605752776 0.001 OPEN 
	spline forward { ref 1 } I I I I 
	null_surface 
	nubs 1 open 2 
	-0.11539286860944696 1 -0.010753245605752776 1 
	0.98799972579515516 -69.569632460057605 
	0.98803704189131547 -69.464999999999961 
	
	nullbs 
	-1 
	-1 
	I I 
	0 
	0 
	0 
	
	-1 
	none F surf1 } I I surf1 } 0 0 #
name_attrib-gen-attrib $-1 -1 $2908 $-1 $2831 2 1 1 1 1 1 1 1 1 1 1 1 1 1 0 1 1 1 @3 eif #
vertex $2909 -1 -1 $-1 $2831 $2910 #
intcurve-curve $-1 -1 -1 $-1 forward { ref 630 } I I #
integer_attrib-name_attrib-gen-attrib $-1 -1 $-1 $2833 $2795 2 1 1 1 1 1 1 1 1 1 1 1 1 1 0 1 1 1 @3 pid 83 #
integer_attrib-name_attrib-gen-attrib $-1 -1 $-1 $-1 $2834 2 1 1 1 1 1 1 1 1 1 1 1 1 1 0 1 1 1 @3 pid 84 #
point $-1 -1 -1 $-1 -36.701632308637897 68.734267674769399 0.35868855083147599 #
coedge $-1 -1 -1 $-1 $2839 $2911 $-1 $2912 forward $20 $2913 #
edge $2914 -1 -1 $-1 $2915 -1.0254456531932243 $2879 -0.56336510731050549 $2839 $2916 forward @7 unknown T -35.498121176672548 -78.112528624212842 2.3127838281637088 -35.226886621198283 -77.774964074851951 2.5023999660513208 #
pcurve $-1 -1 -1 $-1 0 forward { imppc forward { parcur summary 3 3 -1.0254456531932243 -0.80135382473079797 -0.56336510731050549 0.001 OPEN 
	spline forward { ref 1 } I I I I 
	null_surface 
	nubs 2 open 7 
	-1.0254456531932243 2 -0.9484322288794379 2 -0.87141880456565146 2 -0.79440538025186491 2 -0.71739195593807847 2 
	-0.64037853162429192 2 -0.56336510731050549 2 
	0.91301126738081229 76.930964074851971 
	0.91215672202016695 76.958265730699921 
	0.91125555747288134 76.987087257956574 
	0.91040735644754389 77.014214877483994 
	0.90950144641770114 77.04321363584117 
	0.90861293851271174 77.071655341066673 
	0.90774892514710748 77.099333545266973 
	0.90677972494775916 77.130381353199439 
	0.90600377247382624 77.155281113989787 
	0.90507730041622936 77.185010940737698 
	0.90426999851795242 77.21099044639567 
	0.90336372988862546 77.240154766499643 
	0.90254746580429901 77.266528624212839 
	
	nullbs 
	-1 
	-1 
	I I 
	5 -0.9484322288794379 -0.87141880456565146 -0.79440538025186491 -0.71739195593807847 -0.64037853162429192 
	0 
	1 -0.63890111880453926 
	
	-1 
	none F surf1 } I I surf1 } 0 0 #
name_attrib-gen-attrib $-1 -1 $2917 $-1 $2840 2 1 1 1 1 1 1 1 1 1 1 1 1 1 0 1 1 1 @3 eif #
tvertex-vertex $2918 -1 -1 $-1 $2876 $2919 8.1090130252842689e-005 #
intcurve-curve $-1 -1 -1 $-1 forward { parcur summary 3 2 -0.56336510731050549 -0.55478196942177715 0.001 OPEN 
	spline forward { ref 1 } I I I I 
	null_surface 
	nubs 1 open 2 
	-0.56336510731050549 1 -0.55478196942177715 1 
	0.90254746580429901 77.266528624212839 
	0.9023561829658695 77.272710671812405 
	
	nullbs 
	-1 
	-1 
	I I 
	0 
	0 
	0 
	
	-1 
	none F surf1 } I I #
integer_attrib-name_attrib-gen-attrib $-1 -1 $-1 $2842 $2804 2 1 1 1 1 1 1 1 1 1 1 1 1 1 0 1 1 1 @3 pid 129 #
integer_attrib-name_attrib-gen-attrib $-1 -1 $-1 $-1 $2843 2 1 1 1 1 1 1 1 1 1 1 1 1 1 0 1 1 1 @3 pid 129 #
point $-1 -1 -1 $-1 -35.222827778525897 -78.1177695859772 2.5045699919727098 #
coedge $-1 -1 -1 $-1 $2920 $2848 $-1 $2921 forward $30 $2922 #
edge $2923 -1 -1 $-1 $2888 -1.0276736087166083 $2924 -1.0153480637699996 $2848 $2925 forward @7 unknown T 34.961421483247683 -78.405368946874191 2.6474530128240281 34.971273183125156 -78.394845083287947 2.6535040428934082 #
pcurve $-1 -1 -1 $-1 0 forward { exppc nubs 1 open 2 
	-1.0276736087166083 1 -1.0153480637699996 1 
	0.8929065174527534 -75.559368958424812 
	0.89318371481306735 -75.550845072420842 
	0.001 
	-1 
	spline forward { ref 3 } I I I I 
	} 0 0 #
name_attrib-gen-attrib $-1 -1 $2926 $-1 $2849 2 1 1 1 1 1 1 1 1 1 1 1 1 1 0 1 1 1 @3 eif #
tvertex-vertex $2927 -1 -1 $-1 $2849 $2928 0.00012151167361600068 #
intcurve-curve $-1 -1 -1 $-1 forward { parcur summary 3 2 -0.55475422073653524 -0.5424876302325814 0.001 OPEN 
	spline forward { ref 3 } I I I I 
	null_surface 
	nubs 1 open 2 
	-0.55475422073653524 1 -0.5424876302325814 1 
	0.89261316102213228 -75.567396057914337 
	0.89290581837694027 -75.559336216108932 
	
	nullbs 
	-1 
	-1 
	I I 
	0 
	0 
	0 
	
	-1 
	none F surf1 } I I #
integer_attrib-name_attrib-gen-attrib $-1 -1 $-1 $2851 $2813 2 1 1 1 1 1 1 1 1 1 1 1 1 1 0 1 1 1 @3 pid 276 #
integer_attrib-name_attrib-gen-attrib $-1 -1 $-1 $-1 $2852 2 1 1 1 1 1 1 1 1 1 1 1 1 1 0 1 1 1 @3 pid 276 #
point $-1 -1 -1 $-1 34.954164461226398 -78.412482013196794 2.65673848587755 #
coedge $-1 -1 -1 $-1 $2857 $2929 $-1 $2930 forward $30 $2931 #
edge $2932 -1 -1 $-1 $2933 -141.3323060379455 $2897 -141.32320461488808 $2857 $2934 forward @7 unknown T 36.700921814433208 -72.713306037945529 0.35635499776483559 36.702921814433218 -72.702204614888132 0.35835499776483909 #
pcurve $-1 -1 -1 $-1 0 forward { imppc forward { parcur summary 3 2 -141.3323060379455 -141.32320461488808 0.001 OPEN 
	spline forward { ref 3 } I I I I 
	null_surface 
	nubs 1 open 2 
	-141.3323060379455 1 -141.32320461488808 1 
	0.98803787578654101 -69.867306037945568 
	0.98803787578654112 -69.858204614888137 
	
	nullbs 
	-1 
	-1 
	I I 
	0 
	0 
	0 
	
	-1 
	none F surf1 } I I surf1 } 0 0 #
name_attrib-gen-attrib $-1 -1 $2935 $-1 $2858 2 1 1 1 1 1 1 1 1 1 1 1 1 1 0 1 1 1 @3 eif #
vertex $2936 -1 -1 $-1 $2894 $2937 #
intcurve-curve $-1 -1 -1 $-1 forward { ref 636 } I I #
integer_attrib-name_attrib-gen-attrib $-1 -1 $-1 $2860 $2822 2 1 1 1 1 1 1 1 1 1 1 1 1 1 0 1 1 1 @3 pid 322 #
integer_attrib-name_attrib-gen-attrib $-1 -1 $-1 $-1 $2861 2 1 1 1 1 1 1 1 1 1 1 1 1 1 0 1 1 1 @3 pid 321 #
point $-1 -1 -1 $-1 36.701921814433199 68.604162701538499 0.35735499776483498 #
coedge $-1 -1 -1 $-1 $2938 $2866 $-1 $2939 forward $20 $2940 #
edge $2941 -1 -1 $-1 $2906 -0.010753245605752776 $2942 -0.0084147645391421388 $2866 $2943 forward @7 unknown T -36.702921814433118 68.616661679049798 0.35635499776481117 -36.700916013037137 68.620999999999995 0.35838174077321944 #
pcurve $-1 -1 -1 $-1 0 forward { imppc forward { parcur summary 3 2 -0.010753245605752776 -0.0084147645391421388 0.001 OPEN 
	spline forward { ref 1 } I I I I 
	null_surface 
	nubs 1 open 2 
	-0.010753245605752776 1 -0.0084147645391421388 1 
	0.98803704189131547 -69.464999999999961 
	0.98803787578654245 -69.462661679049802 
	
	nullbs 
	-1 
	-1 
	I I 
	0 
	0 
	0 
	
	-1 
	none F surf1 } I I surf1 } 0 0 #
name_attrib-gen-attrib $-1 -1 $2944 $-1 $2867 2 1 1 1 1 1 1 1 1 1 1 1 1 1 0 1 1 1 @3 eif #
vertex $2945 -1 -1 $-1 $2867 $2946 #
intcurve-curve $-1 -1 -1 $-1 forward { ref 638 } I I #
integer_attrib-name_attrib-gen-attrib $-1 -1 $-1 $2869 $2831 2 1 1 1 1 1 1 1 1 1 1 1 1 1 0 1 1 1 @3 pid 84 #
integer_attrib-name_attrib-gen-attrib $-1 -1 $-1 $-1 $2870 2 1 1 1 1 1 1 1 1 1 1 1 1 1 0 1 1 1 @3 pid 85 #
point $-1 -1 -1 $-1 -36.701656246529097 68.724632460057606 0.358578362629488 #
coedge $-1 -1 -1 $-1 $2875 $2947 $-1 $2948 forward $20 $2949 #
edge $2950 -1 -1 $-1 $2951 -1.0333788957030547 $2915 -1.0254456565624599 $2875 $2952 forward @7 unknown T -35.502592783735345 -77.776964072396865 2.3093271233612054 -35.49612117857302 -77.769183278746993 2.3147838266971625 #
pcurve $-1 -1 -1 $-1 0 forward { exppc nubs 1 open 2 
	-1.0333788957030547 1 -1.0254456565624599 1 
	0.91319221804860373 76.925183276383763 
	0.91301126738081229 76.930964074851971 
	0.001 
	-1 
	spline forward { ref 1 } I I I I 
	} 0 0 #
name_attrib-gen-attrib $-1 -1 $2953 $-1 $2876 2 1 1 1 1 1 1 1 1 1 1 1 1 1 0 1 1 1 @3 eif #
tvertex-vertex $2954 -1 -1 $-1 $2912 $2955 0.00011104601752425443 #
intcurve-curve $-1 -1 -1 $-1 forward { ref 640 } I I #
integer_attrib-name_attrib-gen-attrib $-1 -1 $-1 $2878 $2840 2 1 1 1 1 1 1 1 1 1 1 1 1 1 0 1 1 1 @3 pid 128 #
integer_attrib-name_attrib-gen-attrib $-1 -1 $-1 $-1 $2879 2 1 1 1 1 1 1 1 1 1 1 1 1 1 0 1 1 1 @3 pid 128 #
point $-1 -1 -1 $-1 -35.227935778060697 -78.111585252056102 2.5013691034612 #
coedge $-1 -1 -1 $-1 $2956 $2884 $-1 $2957 forward $30 $2958 #
edge $2959 -1 -1 $-1 $2924 -1.0153480480560999 $2960 -0.55588788673333789 $2884 $2961 forward @7 unknown T 34.9692731931273 -78.396845072420859 2.4812696401093248 35.259011941482775 -78.074969642314258 2.6494530076482516 #
pcurve $-1 -1 -1 $-1 0 forward { imppc forward { parcur summary 3 3 -1.0153480480560999 -0.78030494057064004 -0.55588788673333789 0.001 OPEN 
	spline forward { ref 3 } I I I I 
	null_surface 
	nubs 2 open 7 
	-1.0153480480560999 2 -0.9387713545023062 2 -0.86219466094851271 2 -0.7856179673947189 2 -0.7090412738409253 2 
	-0.63246458028713159 2 -0.55588788673333789 2 
	0.89318371481306735 -75.550845072420842 
	0.89400852993723889 -75.525491962894421 
	0.89491234000188702 -75.497831506943271 
	0.89573015823060675 -75.472802769185705 
	0.89665213031884128 -75.444677342183653 
	0.89744989755915094 -75.42034087411848 
	0.89840317932904823 -75.391321620992358 
	0.89927818793311465 -75.364685114378545 
	0.90016107489772834 -75.337838799940357 
	0.90106045061309237 -75.310491105139278 
	0.90192004190235575 -75.284385962693861 
	0.90281737593024269 -75.257134601599461 
	0.90368017075700779 -75.230969642314264 
	
	nullbs 
	-1 
	-1 
	I I 
	5 -0.9387713545023062 -0.86219466094851271 -0.7856179673947189 -0.7090412738409253 -0.63246458028713159 
	0 
	0 
	
	-1 
	none F surf1 } I I surf1 } 0 0 #
name_attrib-gen-attrib $-1 -1 $2962 $-1 $2885 2 1 1 1 1 1 1 1 1 1 1 1 1 1 0 1 1 1 @3 eif #
tvertex-vertex $2963 -1 -1 $-1 $2885 $2964 7.7660950345060715e-005 #
intcurve-curve $-1 -1 -1 $-1 forward { parcur summary 3 2 -1.0276736254189238 -1.0153480480560999 0.001 OPEN 
	spline forward { ref 3 } I I I I 
	null_surface 
	nubs 1 open 2 
	-1.0276736254189238 1 -1.0153480480560999 1 
	0.8929065174527534 -75.559368958424812 
	0.89318371481306735 -75.550845072420842 
	
	nullbs 
	-1 
	-1 
	I I 
	0 
	0 
	0 
	
	-1 
	none F surf1 } I I #
integer_attrib-name_attrib-gen-attrib $-1 -1 $-1 $2887 $2849 2 1 1 1 1 1 1 1 1 1 1 1 1 1 0 1 1 1 @3 pid 277 #
integer_attrib-name_attrib-gen-attrib $-1 -1 $-1 $-1 $2888 2 1 1 1 1 1 1 1 1 1 1 1 1 1 0 1 1 1 @3 pid 277 #
point $-1 -1 -1 $-1 34.9624722853411 -78.404428174162206 2.6524779086490202 #
coedge $-1 -1 -1 $-1 $2893 $2965 $-1 $2966 forward $30 $2967 #
edge $2968 -1 -1 $-1 $2969 -0.033414277750281551 $2933 -0.025313665178071487 $2893 $2970 forward @7 unknown T 36.700852267472172 -72.721399999972562 0.35635499777109142 36.702921814431846 -72.71130603791535 0.35867553826001275 #
pcurve $-1 -1 -1 $-1 0 forward { imppc forward { parcur summary 3 2 -0.033414277750281551 -0.025313665178071487 0.001 OPEN 
	spline forward { ref 3 } I I I I 
	null_surface 
	nubs 1 open 2 
	-0.033414277750281551 1 -0.025313665178071487 1 
	0.98802788054561952 -69.875399999972558 
	0.98803787578634605 -69.867306037915355 
	
	nullbs 
	-1 
	-1 
	I I 
	0 
	0 
	0 
	
	-1 
	none F surf1 } I I surf1 } 0 0 #
name_attrib-gen-attrib $-1 -1 $2971 $-1 $2894 2 1 1 1 1 1 1 1 1 1 1 1 1 1 0 1 1 1 @3 eif #
vertex $2972 -1 -1 $-1 $2930 $2973 #
intcurve-curve $-1 -1 -1 $-1 forward { ref 645 } I I #
integer_attrib-name_attrib-gen-attrib $-1 -1 $-1 $2896 $2858 2 1 1 1 1 1 1 1 1 1 1 1 1 1 0 1 1 1 @3 pid 321 #
integer_attrib-name_attrib-gen-attrib $-1 -1 $-1 $-1 $2897 2 1 1 1 1 1 1 1 1 1 1 1 1 1 0 1 1 1 @3 pid 320 #
point $-1 -1 -1 $-1 36.701921814433199 -72.703204614888094 0.35735499776483498 #
coedge $-1 -1 -1 $-1 $2974 $2902 $-1 $2975 forward $20 $2976 #
edge $2977 -1 -1 $-1 $2942 -141.33806167904979 $2978 -141.33472312956508 $2902 $2979 forward @7 unknown T -36.702921814433118 68.613323129565089 0.35635499776478968 -36.700921814433123 68.618661679049808 0.35835499776478968 #
pcurve $-1 -1 -1 $-1 0 forward { imppc forward { parcur summary 3 2 -141.33806167904979 -141.33472312956508 0.001 OPEN 
	spline forward { ref 1 } I I I I 
	null_surface 
	nubs 1 open 2 
	-141.33806167904979 1 -141.33472312956508 1 
	0.98803787578654312 -69.462661679049802 
	0.98803787578654312 -69.459323129565092 
	
	nullbs 
	-1 
	-1 
	I I 
	0 
	0 
	0 
	
	-1 
	none F surf1 } I I surf1 } 0 0 #
name_attrib-gen-attrib $-1 -1 $2980 $-1 $2903 2 1 1 1 1 1 1 1 1 1 1 1 1 1 0 1 1 1 @3 eif #
vertex $2981 -1 -1 $-1 $2903 $2982 #
intcurve-curve $-1 -1 -1 $-1 forward { ref 647 } I I #
integer_attrib-name_attrib-gen-attrib $-1 -1 $-1 $2905 $2867 2 1 1 1 1 1 1 1 1 1 1 1 1 1 0 1 1 1 @3 pid 85 #
integer_attrib-name_attrib-gen-attrib $-1 -1 $-1 $-1 $2906 2 1 1 1 1 1 1 1 1 1 1 1 1 1 0 1 1 1 @3 pid 86 #
point $-1 -1 -1 $-1 -36.701916013037199 68.620000000000005 0.35738174077321599 #
coedge $-1 -1 -1 $-1 $2911 $2983 $-1 $2984 forward $20 $2985 #
edge $2986 -1 -1 $-1 $2987 -0.55596594902087892 $2951 -0.54795058098912919 $2911 $2988 forward @7 unknown T -35.506898060351844 -77.771208284561197 2.305987520003578 -35.500609816111982 -77.763264453851278 2.3113139335651276 #
pcurve $-1 -1 -1 $-1 0 forward { exppc nubs 1 open 2 
	-0.55596594902087892 1 -0.54795058098912919 1 
	0.91336668623025952 76.919264447416111 
	0.91319290752109172 76.925208291291455 
	0.001 
	-1 
	spline forward { ref 1 } I I I I 
	} 0 0 #
name_attrib-gen-attrib $-1 -1 $2989 $-1 $2912 2 1 1 1 1 1 1 1 1 1 1 1 1 1 0 1 1 1 @3 eif #
tvertex-vertex $2990 -1 -1 $-1 $2948 $2991 0.0001156619145358221 #
intcurve-curve $-1 -1 -1 $-1 forward { parcur summary 3 2 -1.0333788989462589 -1.0254456531932243 0.001 OPEN 
	spline forward { ref 1 } I I I I 
	null_surface 
	nubs 1 open 2 
	-1.0333788989462589 1 -1.0254456531932243 1 
	0.91319221804860373 76.925183276383763 
	0.91301126738081229 76.930964074851971 
	
	nullbs 
	-1 
	-1 
	I I 
	0 
	0 
	0 
	
	-1 
	none F surf1 } I I #
integer_attrib-name_attrib-gen-attrib $-1 -1 $-1 $2914 $2876 2 1 1 1 1 1 1 1 1 1 1 1 1 1 0 1 1 1 @3 pid 127 #
integer_attrib-name_attrib-gen-attrib $-1 -1 $-1 $-1 $2915 2 1 1 1 1 1 1 1 1 1 1 1 1 1 0 1 1 1 @3 pid 127 #
point $-1 -1 -1 $-1 -35.497184036995797 -77.7760417063581 2.3137353189169301 #
coedge $-1 -1 -1 $-1 $2992 $2920 $-1 $2993 forward $30 $2994 #
edge $2995 -1 -1 $-1 $2960 -0.55588788195769356 $2996 -0.54746433976457265 $2920 $2997 forward @7 unknown T 35.25701194439214 -78.076969638984409 2.4779694178646068 35.264140225994922 -78.069096249761557 2.4832696382406918 #
pcurve $-1 -1 -1 $-1 0 forward { exppc nubs 1 open 2 
	-0.55588788195769356 1 -0.54746433976457265 1 
	0.90368017075700779 -75.230969642314264 
	0.90387386348858789 -75.225096246286569 
	0.001 
	-1 
	spline forward { ref 3 } I I I I 
	} 0 0 #
name_attrib-gen-attrib $-1 -1 $2998 $-1 $2921 2 1 1 1 1 1 1 1 1 1 1 1 1 1 0 1 1 1 @3 eif #
tvertex-vertex $2999 -1 -1 $-1 $2921 $3000 0.00011421217985444762 #
intcurve-curve $-1 -1 -1 $-1 forward { ref 650 } I I #
integer_attrib-name_attrib-gen-attrib $-1 -1 $-1 $2923 $2885 2 1 1 1 1 1 1 1 1 1 1 1 1 1 0 1 1 1 @3 pid 278 #
integer_attrib-name_attrib-gen-attrib $-1 -1 $-1 $-1 $2924 2 1 1 1 1 1 1 1 1 1 1 1 1 1 0 1 1 1 @3 pid 278 #
point $-1 -1 -1 $-1 34.9703210767344 -78.395900968791096 2.6484282290451202 #
coedge $-1 -1 -1 $-1 $2929 $3001 $-1 $3002 forward $30 $3003 #
edge $3004 -1 -1 $-1 $3005 -0.41271469789028825 $2969 -0.033414277750281551 $2929 $3006 forward @7 unknown T 36.697568667130028 -73.100388175260463 0.35667553826001275 36.702852267472167 -72.719399999972552 0.37367759690848285 #
pcurve $-1 -1 -1 $-1 0 forward { imppc forward { parcur summary 3 2 -0.41271469789028825 -0.033414277750281551 0.001 OPEN 
	spline forward { ref 3 } I I I I 
	null_surface 
	nubs 1 open 2 
	-0.41271469789028825 1 -0.033414277750281551 1 
	0.98755956516120413 -70.254388175260431 
	0.98802788054561952 -69.875399999972558 
	
	nullbs 
	-1 
	-1 
	I I 
	0 
	0 
	0 
	
	-1 
	none F surf1 } I I surf1 } 0 0 #
name_attrib-gen-attrib $-1 -1 $3007 $-1 $2930 2 1 1 1 1 1 1 1 1 1 1 1 1 1 0 1 1 1 @3 eif #
vertex $3008 -1 -1 $-1 $2966 $3009 #
intcurve-curve $-1 -1 -1 $-1 forward { ref 653 } I I #
integer_attrib-name_attrib-gen-attrib $-1 -1 $-1 $2932 $2894 2 1 1 1 1 1 1 1 1 1 1 1 1 1 0 1 1 1 @3 pid 320 #
integer_attrib-name_attrib-gen-attrib $-1 -1 $-1 $-1 $2933 2 1 1 1 1 1 1 1 1 1 1 1 1 1 0 1 1 1 @3 pid 319 #
point $-1 -1 -1 $-1 36.701921814433199 -72.712306037945496 0.35735499776483498 #
coedge $-1 -1 -1 $-1 $3010 $2938 $-1 $3011 forward $20 $3012 #
edge $3013 -1 -1 $-1 $2978 -141.33472312956508 $3014 -0.019765353571813193 $2938 $3015 forward @7 unknown T -36.702921814433196 -72.701634646428204 0.35635499776478968 -36.700921814433123 68.615323129565098 0.35835499776480756 #
pcurve $-1 -1 -1 $-1 0 forward { imppc forward { parcur summary 3 2 -141.33472312956508 -0.019765353571813193 0.001 OPEN 
	spline forward { ref 1 } I I I I 
	null_surface 
	nubs 1 open 2 
	-141.33472312956508 1 -0.019765353571813193 1 
	0.98803787578654312 -69.459323129565092 
	0.98803787578654256 71.855634646428285 
	
	nullbs 
	-1 
	-1 
	I I 
	0 
	0 
	0 
	
	-1 
	none F surf1 } I I surf1 } 0 0 #
name_attrib-gen-attrib $-1 -1 $3016 $-1 $2939 2 1 1 1 1 1 1 1 1 1 1 1 1 1 0 1 1 1 @3 eif #
vertex $3017 -1 -1 $-1 $2939 $3018 #
intcurve-curve $-1 -1 -1 $-1 forward { ref 655 } I I #
integer_attrib-name_attrib-gen-attrib $-1 -1 $-1 $2941 $2903 2 1 1 1 1 1 1 1 1 1 1 1 1 1 0 1 1 1 @3 pid 86 #
integer_attrib-name_attrib-gen-attrib $-1 -1 $-1 $-1 $2942 2 1 1 1 1 1 1 1 1 1 1 1 1 1 0 1 1 1 @3 pid 87 #
point $-1 -1 -1 $-1 -36.701921814433199 68.617661679049803 0.357354997764807 #
coedge $-1 -1 -1 $-1 $2947 $3019 $-1 $3020 forward $20 $3021 #
edge $3022 -1 -1 $-1 $3023 -1.017247983191254 $2987 -0.55596620333789237 $2947 $3024 forward @7 unknown T -35.746304807017857 -77.765264264028133 2.1008260351368579 -35.504898198066584 -77.418882847444493 2.307987412997615 #
pcurve $-1 -1 -1 $-1 0 forward { exppc nubs 1 open 2 
	-1.017247983191254 1 -0.55596620333789237 1 
	0.92350079682102371 76.574882754025253 
	0.91336668623025952 76.919264447416111 
	0.001 
	-1 
	spline forward { ref 1 } I I I I 
	} 0 0 #
name_attrib-gen-attrib $-1 -1 $3025 $-1 $2948 2 1 1 1 1 1 1 1 1 1 1 1 1 1 0 1 1 1 @3 eif #
tvertex-vertex $3026 -1 -1 $-1 $2984 $3027 7.9805558515192671e-005 #
intcurve-curve $-1 -1 -1 $-1 forward { parcur summary 3 2 -0.55596595769880763 -0.54795057191324448 0.001 OPEN 
	spline forward { ref 1 } I I I I 
	null_surface 
	nubs 1 open 2 
	-0.55596595769880763 1 -0.54795057191324448 1 
	0.91336668623025952 76.919264447416111 
	0.91319290752109172 76.925208291291455 
	
	nullbs 
	-1 
	-1 
	I I 
	0 
	0 
	0 
	
	-1 
	none F surf1 } I I #
integer_attrib-name_attrib-gen-attrib $-1 -1 $-1 $2950 $2912 2 1 1 1 1 1 1 1 1 1 1 1 1 1 0 1 1 1 @3 pid 126 #
integer_attrib-name_attrib-gen-attrib $-1 -1 $-1 $-1 $2951 2 1 1 1 1 1 1 1 1 1 1 1 1 1 0 1 1 1 @3 pid 126 #
point $-1 -1 -1 $-1 -35.5016581735469 -77.770264134111301 2.31027648482763 #
coedge $-1 -1 -1 $-1 $3028 $2956 $-1 $3029 forward $30 $3030 #
edge $3031 -1 -1 $-1 $2996 -1.0349486351841402 $3032 -1.0264371756157018 $2956 $3033 forward @7 unknown T 35.2621585895142 -78.071123315651022 2.4747796907370367 35.269077951131123 -78.063061912735009 2.4799575772831939 #
pcurve $-1 -1 -1 $-1 0 forward { exppc nubs 1 open 2 
	-1.0349486351841402 1 -1.0264371756157018 1 
	0.90387455717653398 -75.225123323432655 
	0.90406060171544322 -75.219061905355147 
	0.001 
	-1 
	spline forward { ref 3 } I I I I 
	} 0 0 #
name_attrib-gen-attrib $-1 -1 $3034 $-1 $2957 2 1 1 1 1 1 1 1 1 1 1 1 1 1 0 1 1 1 @3 eif #
tvertex-vertex $3035 -1 -1 $-1 $2957 $3036 0.00011929225402494327 #
intcurve-curve $-1 -1 -1 $-1 forward { parcur summary 3 2 -0.55588788673333789 -0.54746433478079615 0.001 OPEN 
	spline forward { ref 3 } I I I I 
	null_surface 
	nubs 1 open 2 
	-0.55588788673333789 1 -0.54746433478079615 1 
	0.90368017075700779 -75.230969642314264 
	0.90387386348858789 -75.225096246286569 
	
	nullbs 
	-1 
	-1 
	I I 
	0 
	0 
	0 
	
	-1 
	none F surf1 } I I #
integer_attrib-name_attrib-gen-attrib $-1 -1 $-1 $2959 $2921 2 1 1 1 1 1 1 1 1 1 1 1 1 1 0 1 1 1 @3 pid 279 #
integer_attrib-name_attrib-gen-attrib $-1 -1 $-1 $-1 $2960 2 1 1 1 1 1 1 1 1 1 1 1 1 1 0 1 1 1 @3 pid 279 #
point $-1 -1 -1 $-1 35.258078603070203 -78.076051906375199 2.4822268233010898 #
coedge $-1 -1 -1 $-1 $2965 $3037 $-1 $3038 forward $30 $3039 #
edge $3040 -1 -1 $-1 $3041 -0.43064159200322827 $3005 -0.41271469789028825 $2965 $3042 forward @7 unknown T 36.697412154796211 -73.118300335114782 0.37167759690848284 36.699568667130023 -73.098388175260453 0.37438630659390038 #
pcurve $-1 -1 -1 $-1 0 forward { imppc forward { parcur summary 3 2 -0.43064159200322827 -0.41271469789028825 0.001 OPEN 
	spline forward { ref 3 } I I I I 
	null_surface 
	nubs 1 open 2 
	-0.43064159200322827 1 -0.41271469789028825 1 
	0.98753741658813399 -70.272300335114778 
	0.98755956516120413 -70.254388175260431 
	
	nullbs 
	-1 
	-1 
	I I 
	0 
	0 
	0 
	
	-1 
	none F surf1 } I I surf1 } 0 0 #
name_attrib-gen-attrib $-1 -1 $3043 $-1 $2966 2 1 1 1 1 1 1 1 1 1 1 1 1 1 0 1 1 1 @3 eif #
vertex $3044 -1 -1 $-1 $3002 $3045 #
intcurve-curve $-1 -1 -1 $-1 forward { ref 660 } I I #
integer_attrib-name_attrib-gen-attrib $-1 -1 $-1 $2968 $2930 2 1 1 1 1 1 1 1 1 1 1 1 1 1 0 1 1 1 @3 pid 319 #
integer_attrib-name_attrib-gen-attrib $-1 -1 $-1 $-1 $2969 2 1 1 1 1 1 1 1 1 1 1 1 1 1 0 1 1 1 @3 pid 318 #
point $-1 -1 -1 $-1 36.7018522674746 -72.720400000000296 0.35767553824860099 #
coedge $-1 -1 -1 $-1 $3046 $2974 $-1 $3047 forward $20 $3048 #
edge $3049 -1 -1 $-1 $3014 -0.019765353571813193 $3050 -0.0093769632617295429 $2974 $3051 forward @7 unknown T -36.702921814433196 -72.712023036738259 0.3563549977648075 -36.700921814433201 -72.699634646428194 0.35835499776480756 #
pcurve $-1 -1 -1 $-1 0 forward { imppc forward { parcur summary 3 2 -0.019765353571813193 -0.0093769632617295429 0.001 OPEN 
	spline forward { ref 1 } I I I I 
	null_surface 
	nubs 1 open 2 
	-0.019765353571813193 1 -0.0093769632617295429 1 
	0.98803787578654256 71.855634646428285 
	0.98803787578654256 71.866023036738341 
	
	nullbs 
	-1 
	-1 
	I I 
	0 
	0 
	0 
	
	-1 
	none F surf1 } I I surf1 } 0 0 #
name_attrib-gen-attrib $-1 -1 $3052 $-1 $2975 2 1 1 1 1 1 1 1 1 1 1 1 1 1 0 1 1 1 @3 eif #
vertex $3053 -1 -1 $-1 $2975 $3054 #
intcurve-curve $-1 -1 -1 $-1 forward { ref 662 } I I #
integer_attrib-name_attrib-gen-attrib $-1 -1 $-1 $2977 $2939 2 1 1 1 1 1 1 1 1 1 1 1 1 1 0 1 1 1 @3 pid 87 #
integer_attrib-name_attrib-gen-attrib $-1 -1 $-1 $-1 $2978 2 1 1 1 1 1 1 1 1 1 1 1 1 1 0 1 1 1 @3 pid 88 #
point $-1 -1 -1 $-1 -36.701921814433199 68.614323129565093 0.357354997764807 #
coedge $-1 -1 -1 $-1 $2983 $3055 $-1 $3056 forward $20 $3057 #
edge $3058 -1 -1 $-1 $3059 -1.0270330478540954 $3023 -1.0172481104514777 $2983 $3060 forward @7 unknown T -35.751175311262578 -77.420882752430771 2.0962153349939321 -35.744304870092279 -77.411557195489678 2.1028259755510201 #
pcurve $-1 -1 -1 $-1 0 forward { exppc nubs 1 open 2 
	-1.0270330478540954 1 -1.0172481104514777 1 
	0.92371692739775968 76.567557193805527 
	0.92350079682102371 76.574882754025253 
	0.001 
	-1 
	spline forward { ref 1 } I I I I 
	} 0 0 #
name_attrib-gen-attrib $-1 -1 $3061 $-1 $2984 2 1 1 1 1 1 1 1 1 1 1 1 1 1 0 1 1 1 @3 eif #
tvertex-vertex $3062 -1 -1 $-1 $3020 $3063 9.9320636875054665e-005 #
intcurve-curve $-1 -1 -1 $-1 forward { parcur summary 3 3 -1.017248108321684 -0.79401513162406201 -0.55596595769880763 0.001 OPEN 
	spline forward { ref 1 } I I I I 
	null_surface 
	nubs 1 open 2 
	-1.017248108321684 1 -0.55596595769880763 1 
	0.92350079682102371 76.574882754025253 
	0.91336668623025952 76.919264447416111 
	
	nullbs 
	-1 
	-1 
	I I 
	0 
	0 
	1 -0.8342853834142504 
	
	-1 
	none F surf1 } I I #
integer_attrib-name_attrib-gen-attrib $-1 -1 $-1 $2986 $2948 2 1 1 1 1 1 1 1 1 1 1 1 1 1 0 1 1 1 @3 pid 125 #
integer_attrib-name_attrib-gen-attrib $-1 -1 $-1 $-1 $2987 2 1 1 1 1 1 1 1 1 1 1 1 1 1 0 1 1 1 @3 pid 125 #
point $-1 -1 -1 $-1 -35.505944598627998 -77.764318263383302 2.3069513585560601 #
coedge $-1 -1 -1 $-1 $3064 $2992 $-1 $3065 forward $30 $3066 #
edge $3067 -1 -1 $-1 $3032 -1.0264371652528403 $3068 -0.55657168075646668 $2992 $3069 forward @7 unknown T 35.267077957116719 -78.065061905355165 2.2842240551357906 35.534602912312899 -77.725702911412768 2.476779686863158 #
pcurve $-1 -1 -1 $-1 0 forward { imppc forward { parcur summary 3 3 -1.0264371652528403 -0.78445252305867896 -0.55657168075646668 0.001 OPEN 
	spline forward { ref 3 } I I I I 
	null_surface 
	nubs 2 open 7 
	-1.0264371652528403 2 -0.9481262511701114 2 -0.86981533708738246 2 -0.79150442300465351 2 -0.71319350892192457 2 
	-0.63488259483919562 2 -0.55657168075646668 2 
	0.90406060171544322 -75.219061905355147 
	0.90487579505456472 -75.192509220416667 
	0.90577850622990508 -75.163223508496301 
	0.90658291020521187 -75.13712707396445 
	0.90750766235794611 -75.107211427857834 
	0.90827969390182317 -75.082236279238401 
	0.90924823488354944 -75.0509571463638 
	0.91010728037698518 -75.023214181801336 
	0.91099603708545851 -74.994532543022487 
	0.91189716839298185 -74.965451555609491 
	0.9127450546075051 -74.938111938176917 
	0.91364176848587952 -74.909197899994439 
	0.91449532853789151 -74.881702911412788 
	
	nullbs 
	-1 
	-1 
	I I 
	5 -0.9481262511701114 -0.86981533708738246 -0.79150442300465351 -0.71319350892192457 -0.63488259483919562 
	0 
	1 -1.0180956434293715 
	
	-1 
	none F surf1 } I I surf1 } 0 0 #
name_attrib-gen-attrib $-1 -1 $3070 $-1 $2993 2 1 1 1 1 1 1 1 1 1 1 1 1 1 0 1 1 1 @3 eif #
tvertex-vertex $3071 -1 -1 $-1 $2993 $3072 8.1470262422513005e-005 #
intcurve-curve $-1 -1 -1 $-1 forward { parcur summary 3 2 -1.0349486461111614 -1.0264371652528403 0.001 OPEN 
	spline forward { ref 3 } I I I I 
	null_surface 
	nubs 1 open 2 
	-1.0349486461111614 1 -1.0264371652528403 1 
	0.90387455717653398 -75.225123323432655 
	0.90406060171544322 -75.219061905355147 
	
	nullbs 
	-1 
	-1 
	I I 
	0 
	0 
	0 
	
	-1 
	none F surf1 } I I #
integer_attrib-name_attrib-gen-attrib $-1 -1 $-1 $2995 $2957 2 1 1 1 1 1 1 1 1 1 1 1 1 1 0 1 1 1 @3 pid 280 #
integer_attrib-name_attrib-gen-attrib $-1 -1 $-1 $-1 $2996 2 1 1 1 1 1 1 1 1 1 1 1 1 1 0 1 1 1 @3 pid 280 #
point $-1 -1 -1 $-1 35.263209777152198 -78.070182168661901 2.4789245712264201 #
coedge $-1 -1 -1 $-1 $3001 $3073 $-1 $3074 forward $30 $3075 #
edge $3076 -1 -1 $-1 $3077 -0.087498686990737373 $3041 -0.06957103730525227 $3001 $3078 forward @7 unknown T 36.696930045326702 -73.136087807106861 0.37238631508665027 36.699412152919912 -73.116300334020991 0.37656578624239051 #
pcurve $-1 -1 -1 $-1 0 forward { imppc forward { parcur summary 3 2 -0.087498686990737373 -0.06957103730525227 0.001 OPEN 
	spline forward { ref 3 } I I I I 
	null_surface 
	nubs 1 open 2 
	-0.087498686990737373 1 -0.06957103730525227 1 
	0.98746928940888434 -70.290087807106858 
	0.98753741632270531 -70.272300334020997 
	
	nullbs 
	-1 
	-1 
	I I 
	0 
	0 
	0 
	
	-1 
	none F surf1 } I I surf1 } 0 0 #
name_attrib-gen-attrib $-1 -1 $3079 $-1 $3002 2 1 1 1 1 1 1 1 1 1 1 1 1 1 0 1 1 1 @3 eif #
vertex $3080 -1 -1 $-1 $3038 $3081 #
intcurve-curve $-1 -1 -1 $-1 forward { ref 668 } I I #
integer_attrib-name_attrib-gen-attrib $-1 -1 $-1 $3004 $2966 2 1 1 1 1 1 1 1 1 1 1 1 1 1 0 1 1 1 @3 pid 318 #
integer_attrib-name_attrib-gen-attrib $-1 -1 $-1 $-1 $3005 2 1 1 1 1 1 1 1 1 1 1 1 1 1 0 1 1 1 @3 pid 317 #
point $-1 -1 -1 $-1 36.6985686671403 -73.099388175262604 0.37267759686206198 #
coedge $-1 -1 -1 $-1 $3082 $3010 $-1 $3083 forward $20 $3084 #
edge $3085 -1 -1 $-1 $3050 -0.53124071667819373 $3086 -0.52185341398481444 $3010 $3087 forward @7 unknown T -36.702921814430724 -72.72139999999871 0.35635499777627228 -36.700828453160874 -72.710023036737809 0.3587852709096237 #
pcurve $-1 -1 -1 $-1 0 forward { imppc forward { parcur summary 3 2 -0.53124071667819373 -0.52185341398481444 0.001 OPEN 
	spline forward { ref 1 } I I I I 
	null_surface 
	nubs 1 open 2 
	-0.53124071667819373 1 -0.52185341398481444 1 
	0.98803787578618507 71.866023036737914 
	0.98802445870632527 71.875399999998791 
	
	nullbs 
	-1 
	-1 
	I I 
	0 
	0 
	0 
	
	-1 
	none F surf1 } I I surf1 } 0 0 #
name_attrib-gen-attrib $-1 -1 $3088 $-1 $3011 2 1 1 1 1 1 1 1 1 1 1 1 1 1 0 1 1 1 @3 eif #
vertex $3089 -1 -1 $-1 $3011 $3090 #
intcurve-curve $-1 -1 -1 $-1 forward { ref 670 } I I #
integer_attrib-name_attrib-gen-attrib $-1 -1 $-1 $3013 $2975 2 1 1 1 1 1 1 1 1 1 1 1 1 1 0 1 1 1 @3 pid 88 #
integer_attrib-name_attrib-gen-attrib $-1 -1 $-1 $-1 $3014 2 1 1 1 1 1 1 1 1 1 1 1 1 1 0 1 1 1 @3 pid 89 #
point $-1 -1 -1 $-1 -36.701921814433199 -72.700634646428895 0.357354997764808 #
coedge $-1 -1 -1 $-1 $3019 $3091 $-1 $3092 forward $20 $3093 #
edge $3094 -1 -1 $-1 $3095 -0.50932786915983763 $3059 -0.50055062974364128 $3019 $3096 forward @7 unknown T -35.75551932414681 -77.413270739234747 2.0920868141101732 -35.748921385674741 -77.403682893529435 2.098456189900578 #
pcurve $-1 -1 -1 $-1 0 forward { exppc nubs 1 open 2 
	-0.50932786915983763 1 -0.50055062974364128 1 
	0.92391007812429471 76.559682841574414 
	0.9237056467138145 76.567270789448088 
	0.001 
	-1 
	spline forward { ref 1 } I I I I 
	} 0 0 #
name_attrib-gen-attrib $-1 -1 $3097 $-1 $3020 2 1 1 1 1 1 1 1 1 1 1 1 1 1 0 1 1 1 @3 eif #
tvertex-vertex $3098 -1 -1 $-1 $3056 $3099 0.00055654024913153865 #
intcurve-curve $-1 -1 -1 $-1 forward { parcur summary 3 2 -1.0270330501036573 -1.017248108321684 0.001 OPEN 
	spline forward { ref 1 } I I I I 
	null_surface 
	nubs 1 open 2 
	-1.0270330501036573 1 -1.017248108321684 1 
	0.92371692739775968 76.567557193805527 
	0.92350079682102371 76.574882754025253 
	
	nullbs 
	-1 
	-1 
	I I 
	0 
	0 
	0 
	
	-1 
	none F surf1 } I I #
integer_attrib-name_attrib-gen-attrib $-1 -1 $-1 $3022 $2984 2 1 1 1 1 1 1 1 1 1 1 1 1 1 0 1 1 1 @3 pid 124 #
integer_attrib-name_attrib-gen-attrib $-1 -1 $-1 $-1 $3023 2 1 1 1 1 1 1 1 1 1 1 1 1 1 0 1 1 1 @3 pid 124 #
point $-1 -1 -1 $-1 -35.7453581201882 -77.419949821943902 2.1017756695215501 #
coedge $-1 -1 -1 $-1 $3100 $3028 $-1 $3101 forward $30 $3102 #
edge $3103 -1 -1 $-1 $3068 -0.55657167751016323 $3104 -0.54846519633915736 $3028 $3105 forward @7 unknown T 35.532602914086496 -77.727702909074779 2.2807032056859513 35.539028546749947 -77.719864551090836 2.286224053727262 #
pcurve $-1 -1 -1 $-1 0 forward { exppc nubs 1 open 2 
	-0.55657167751016323 1 -0.54846519633915736 1 
	0.91449532853789151 -74.881702911412788 
	0.91467658627083681 -74.875864548884749 
	0.001 
	-1 
	spline forward { ref 3 } I I I I 
	} 0 0 #
name_attrib-gen-attrib $-1 -1 $3106 $-1 $3029 2 1 1 1 1 1 1 1 1 1 1 1 1 1 0 1 1 1 @3 eif #
tvertex-vertex $3107 -1 -1 $-1 $3029 $3108 0.00010998236918464964 #
intcurve-curve $-1 -1 -1 $-1 forward { ref 674 } I I #
integer_attrib-name_attrib-gen-attrib $-1 -1 $-1 $3031 $2993 2 1 1 1 1 1 1 1 1 1 1 1 1 1 0 1 1 1 @3 pid 281 #
integer_attrib-name_attrib-gen-attrib $-1 -1 $-1 $-1 $3032 2 1 1 1 1 1 1 1 1 1 1 1 1 1 0 1 1 1 @3 pid 281 #
point $-1 -1 -1 $-1 35.268127139998498 -78.064118519715805 2.4757478550870902 #
coedge $-1 -1 -1 $-1 $3037 $3109 $-1 $3110 forward $30 $3111 #
edge $3112 -1 -1 $-1 $3113 -0.51782570508112591 $3077 -0.087498686990737373 $3037 $3114 forward @7 unknown T 36.685016149216914 -73.563032555320959 0.37456578624239051 36.698930045326698 -73.134087807106852 0.42879106745449158 #
pcurve $-1 -1 -1 $-1 0 forward { imppc forward { parcur summary 3 2 -0.51782570508112591 -0.087498686990737373 0.001 OPEN 
	spline forward { ref 3 } I I I I 
	null_surface 
	nubs 1 open 2 
	-0.51782570508112591 1 -0.087498686990737373 1 
	0.98583037237127769 -70.717032555320955 
	0.98746928940888434 -70.290087807106858 
	
	nullbs 
	-1 
	-1 
	I I 
	0 
	0 
	0 
	
	-1 
	none F surf1 } I I surf1 } 0 0 #
name_attrib-gen-attrib $-1 -1 $3115 $-1 $3038 2 1 1 1 1 1 1 1 1 1 1 1 1 1 0 1 1 1 @3 eif #
vertex $3116 -1 -1 $-1 $3074 $3117 #
intcurve-curve $-1 -1 -1 $-1 forward { ref 677 } I I #
integer_attrib-name_attrib-gen-attrib $-1 -1 $-1 $3040 $3002 2 1 1 1 1 1 1 1 1 1 1 1 1 1 0 1 1 1 @3 pid 317 #
integer_attrib-name_attrib-gen-attrib $-1 -1 $-1 $-1 $3041 2 1 1 1 1 1 1 1 1 1 1 1 1 1 0 1 1 1 @3 pid 316 #
point $-1 -1 -1 $-1 36.698412154802398 -73.117300335116099 0.37338630656579003 #
coedge $-1 -1 -1 $-1 $3118 $3046 $-1 $3119 forward $20 $3120 #
edge $3121 -1 -1 $-1 $3086 -0.52185341398481444 $3122 -0.077906275349723109 $3046 $3123 forward @7 unknown T -36.702828453160869 -73.164856329569034 0.3567852709096237 -36.696363235573585 -72.7193999999987 0.37912129382585691 #
pcurve $-1 -1 -1 $-1 0 forward { imppc forward { parcur summary 3 2 -0.52185341398481444 -0.077906275349723109 0.001 OPEN 
	spline forward { ref 1 } I I I I 
	null_surface 
	nubs 1 open 2 
	-0.52185341398481444 1 -0.077906275349723109 1 
	0.98802445870632527 71.875399999998791 
	0.9873893809565113 72.318856329569115 
	
	nullbs 
	-1 
	-1 
	I I 
	0 
	0 
	0 
	
	-1 
	none F surf1 } I I surf1 } 0 0 #
name_attrib-gen-attrib $-1 -1 $3124 $-1 $3047 2 1 1 1 1 1 1 1 1 1 1 1 1 1 0 1 1 1 @3 eif #
vertex $3125 -1 -1 $-1 $3047 $3126 #
intcurve-curve $-1 -1 -1 $-1 forward { ref 679 } I I #
integer_attrib-name_attrib-gen-attrib $-1 -1 $-1 $3049 $3011 2 1 1 1 1 1 1 1 1 1 1 1 1 1 0 1 1 1 @3 pid 89 #
integer_attrib-name_attrib-gen-attrib $-1 -1 $-1 $-1 $3050 2 1 1 1 1 1 1 1 1 1 1 1 1 1 0 1 1 1 @3 pid 90 #
point $-1 -1 -1 $-1 -36.701921814435103 -72.711023036738993 0.35735499775729401 #
coedge $-1 -1 -1 $-1 $3055 $3127 $-1 $3128 forward $20 $3129 #
edge $3130 -1 -1 $-1 $3131 -0.89927809572719719 $3095 -0.50932792925880144 $3055 $3132 forward @7 unknown T -35.960062688313954 -77.405682841574418 1.8784651138271595 -35.753519355598527 -77.051991697847853 2.0940867841630619 #
pcurve $-1 -1 -1 $-1 0 forward { imppc forward { parcur summary 3 2 -0.89927809572719719 -0.50932792925880144 0.001 OPEN 
	spline forward { ref 1 } I I I I 
	null_surface 
	nubs 2 open 7 
	-0.89927809572719719 2 -0.8342864013157979 2 -0.76929470690439872 2 -0.70430301249299931 2 -0.63931131808160002 2 
	-0.57431962367020073 2 -0.50932792925880144 2 
	0.93346099776208591 76.207991697847859 
	0.93259478516998562 76.239730277665899 
	0.93180636988298859 76.268649898905863 
	0.93096026243828089 76.299685708628857 
	0.93017663657802085 76.328471507917556 
	0.92934767606283286 76.358922635451961 
	0.92857194894194728 76.387471065786599 
	0.92775850398139825 76.417407593927948 
	0.92699248521431998 76.445663113416657 
	0.92619364233164581 76.475129389714851 
	0.92543845079508025 76.503062191711365 
	0.92465372811968738 76.532087282769993 
	0.92391007812429471 76.559682841574414 
	
	nullbs 
	-1 
	-1 
	I I 
	5 -0.8342864013157979 -0.76929470690439872 -0.70430301249299931 -0.63931131808160002 -0.57431962367020073 
	0 
	0 
	
	-1 
	none F surf1 } I I surf1 } 0 0 #
name_attrib-gen-attrib $-1 -1 $3133 $-1 $3056 2 1 1 1 1 1 1 1 1 1 1 1 1 1 0 1 1 1 @3 eif #
tvertex-vertex $3134 -1 -1 $-1 $3092 $3135 0.00056970265445140502 #
intcurve-curve $-1 -1 -1 $-1 forward { parcur summary 3 2 -0.50932792925880144 -0.50055057165936767 0.001 OPEN 
	spline forward { ref 1 } I I I I 
	null_surface 
	nubs 1 open 2 
	-0.50932792925880144 1 -0.50055057165936767 1 
	0.92391007812429471 76.559682841574414 
	0.9237056467138145 76.567270789448088 
	
	nullbs 
	-1 
	-1 
	I I 
	0 
	0 
	0 
	
	-1 
	none F surf1 } I I #
integer_attrib-name_attrib-gen-attrib $-1 -1 $-1 $3058 $3020 2 1 1 1 1 1 1 1 1 1 1 1 1 1 0 1 1 1 @3 pid 123 #
integer_attrib-name_attrib-gen-attrib $-1 -1 $-1 $-1 $3059 2 1 1 1 1 1 1 1 1 1 1 1 1 1 0 1 1 1 @3 pid 123 #
point $-1 -1 -1 $-1 -35.750231178598703 -77.412627692315894 2.0971623363809102 #
coedge $-1 -1 -1 $-1 $3136 $3064 $-1 $3137 forward $30 $3138 #
edge $3139 -1 -1 $-1 $3104 -1.0282047478100176 $3140 -1.0200295865442752 $3064 $3141 forward @7 unknown T 35.537045910652772 -77.721889925793789 2.2773031089133444 35.543287722933343 -77.71388685464278 2.2826893673800637 #
pcurve $-1 -1 -1 $-1 0 forward { exppc nubs 1 open 2 
	-1.0282047478100176 1 -1.0200295865442752 1 
	0.91467729770899908 -74.875889932228887 
	0.91485128198085774 -74.869886848510831 
	0.001 
	-1 
	spline forward { ref 3 } I I I I 
	} 0 0 #
name_attrib-gen-attrib $-1 -1 $3142 $-1 $3065 2 1 1 1 1 1 1 1 1 1 1 1 1 1 0 1 1 1 @3 eif #
tvertex-vertex $3143 -1 -1 $-1 $3065 $3144 0.00011456796322716027 #
intcurve-curve $-1 -1 -1 $-1 forward { parcur summary 3 2 -0.55657168075646668 -0.54846519327601018 0.001 OPEN 
	spline forward { ref 3 } I I I I 
	null_surface 
	nubs 1 open 2 
	-0.55657168075646668 1 -0.54846519327601018 1 
	0.91449532853789151 -74.881702911412788 
	0.91467658627083681 -74.875864548884749 
	
	nullbs 
	-1 
	-1 
	I I 
	0 
	0 
	0 
	
	-1 
	none F surf1 } I I #
integer_attrib-name_attrib-gen-attrib $-1 -1 $-1 $3067 $3029 2 1 1 1 1 1 1 1 1 1 1 1 1 1 0 1 1 1 @3 pid 282 #
integer_attrib-name_attrib-gen-attrib $-1 -1 $-1 $-1 $3068 2 1 1 1 1 1 1 1 1 1 1 1 1 1 0 1 1 1 @3 pid 282 #
point $-1 -1 -1 $-1 35.533664774114499 -77.726779432713798 2.2851749254143998 #
coedge $-1 -1 -1 $-1 $3073 $3145 $-1 $3146 forward $30 $3147 #
edge $3148 -1 -1 $-1 $3149 -0.53575060377146588 $3113 -0.51782570508112591 $3073 $3150 forward @7 unknown T 36.684505530760909 -73.580816777374963 0.42679106745449158 36.687016149216909 -73.561032555320949 0.43096263772312488 #
pcurve $-1 -1 -1 $-1 0 forward { imppc forward { parcur summary 3 2 -0.53575060377146588 -0.51782570508112591 0.001 OPEN 
	spline forward { ref 3 } I I I I 
	null_surface 
	nubs 1 open 2 
	-0.53575060377146588 1 -0.51782570508112591 1 
	0.9857619552150606 -70.734816777374945 
	0.98583037237127769 -70.717032555320955 
	
	nullbs 
	-1 
	-1 
	I I 
	0 
	0 
	0 
	
	-1 
	none F surf1 } I I surf1 } 0 0 #
name_attrib-gen-attrib $-1 -1 $3151 $-1 $3074 2 1 1 1 1 1 1 1 1 1 1 1 1 1 0 1 1 1 @3 eif #
vertex $3152 -1 -1 $-1 $3110 $3153 #
intcurve-curve $-1 -1 -1 $-1 forward { ref 684 } I I #
integer_attrib-name_attrib-gen-attrib $-1 -1 $-1 $3076 $3038 2 1 1 1 1 1 1 1 1 1 1 1 1 1 0 1 1 1 @3 pid 316 #
integer_attrib-name_attrib-gen-attrib $-1 -1 $-1 $-1 $3077 2 1 1 1 1 1 1 1 1 1 1 1 1 1 0 1 1 1 @3 pid 315 #
point $-1 -1 -1 $-1 36.697930048122601 -73.135087808730503 0.37556577360958798 #
coedge $-1 -1 -1 $-1 $3154 $3082 $-1 $3155 forward $20 $3156 #
edge $3157 -1 -1 $-1 $3122 -0.077906275349723109 $3158 -0.058811140613495461 $3082 $3159 forward @7 unknown T -36.698363235573581 -73.183930399779257 0.37712129382585691 -36.696168974947611 -73.162856329569024 0.37999543180862305 #
pcurve $-1 -1 -1 $-1 0 forward { imppc forward { parcur summary 3 2 -0.077906275349723109 -0.058811140613495461 0.001 OPEN 
	spline forward { ref 1 } I I I I 
	null_surface 
	nubs 1 open 2 
	-0.077906275349723109 1 -0.058811140613495461 1 
	0.9873893809565113 72.318856329569115 
	0.98736204068928213 72.337930399779339 
	
	nullbs 
	-1 
	-1 
	I I 
	0 
	0 
	0 
	
	-1 
	none F surf1 } I I surf1 } 0 0 #
name_attrib-gen-attrib $-1 -1 $3160 $-1 $3083 2 1 1 1 1 1 1 1 1 1 1 1 1 1 0 1 1 1 @3 eif #
vertex $3161 -1 -1 $-1 $3083 $3162 #
intcurve-curve $-1 -1 -1 $-1 forward { ref 686 } I I #
integer_attrib-name_attrib-gen-attrib $-1 -1 $-1 $3085 $3047 2 1 1 1 1 1 1 1 1 1 1 1 1 1 0 1 1 1 @3 pid 90 #
integer_attrib-name_attrib-gen-attrib $-1 -1 $-1 $-1 $3086 2 1 1 1 1 1 1 1 1 1 1 1 1 1 0 1 1 1 @3 pid 91 #
point $-1 -1 -1 $-1 -36.7018284531703 -72.720400000001007 0.35778527086593598 #
coedge $-1 -1 -1 $-1 $3091 $3163 $-1 $3164 forward $20 $3165 #
edge $3166 -1 -1 $-1 $3167 -0.90889316119613295 $3131 -0.89927811320608508 $3091 $3168 forward @7 unknown T -35.965054943105507 -77.054162796495248 1.8727259176883486 -35.957992955283821 -77.042945819001162 1.8805871806140433 #
pcurve $-1 -1 -1 $-1 0 forward { exppc nubs 1 open 2 
	-0.90889316119613295 1 -0.89927811320608508 1 
	0.93370789490064654 76.198945800151677 
	0.93346099776208591 76.207991697847859 
	0.001 
	-1 
	spline forward { ref 1 } I I I I 
	} 0 0 #
name_attrib-gen-attrib $-1 -1 $3169 $-1 $3092 2 1 1 1 1 1 1 1 1 1 1 1 1 1 0 1 1 1 @3 eif #
tvertex-vertex $3170 -1 -1 $-1 $3128 $3171 0.00071199235615045325 #
intcurve-curve $-1 -1 -1 $-1 forward { ref 688 } I I #
integer_attrib-name_attrib-gen-attrib $-1 -1 $-1 $3094 $3056 2 1 1 1 1 1 1 1 1 1 1 1 1 1 0 1 1 1 @3 pid 122 #
integer_attrib-name_attrib-gen-attrib $-1 -1 $-1 $-1 $3095 2 1 1 1 1 1 1 1 1 1 1 1 1 1 0 1 1 1 @3 pid 122 #
point $-1 -1 -1 $-1 -35.754835864980102 -77.4050482667963 2.0927853752496701 #
coedge $-1 -1 -1 $-1 $3172 $3100 $-1 $3173 forward $30 $3174 #
edge $3175 -1 -1 $-1 $3140 -1.0200293471346802 $3176 -0.55313961654993848 $3100 $3177 forward @7 unknown T 35.541287848688327 -77.715886677601418 2.0703276367314345 35.778150176608115 -77.368538216304927 2.2793030083536734 #
pcurve $-1 -1 -1 $-1 0 forward { exppc nubs 1 open 2 
	-1.0200293471346802 1 -0.55313961654993848 1 
	0.91485128198085774 -74.869886848510831 
	0.92492221452578061 -74.524538132650477 
	0.001 
	-1 
	spline forward { ref 3 } I I I I 
	} 0 0 #
name_attrib-gen-attrib $-1 -1 $3178 $-1 $3101 2 1 1 1 1 1 1 1 1 1 1 1 1 1 0 1 1 1 @3 eif #
tvertex-vertex $3179 -1 -1 $-1 $3101 $3180 7.8041293186408616e-005 #
intcurve-curve $-1 -1 -1 $-1 forward { parcur summary 3 2 -1.0282047565735164 -1.0200295781936259 0.001 OPEN 
	spline forward { ref 3 } I I I I 
	null_surface 
	nubs 1 open 2 
	-1.0282047565735164 1 -1.0200295781936259 1 
	0.91467729770899908 -74.875889932228887 
	0.91485128198085774 -74.869886848510831 
	
	nullbs 
	-1 
	-1 
	I I 
	0 
	0 
	0 
	
	-1 
	none F surf1 } I I #
integer_attrib-name_attrib-gen-attrib $-1 -1 $-1 $3103 $3065 2 1 1 1 1 1 1 1 1 1 1 1 1 1 0 1 1 1 @3 pid 283 #
integer_attrib-name_attrib-gen-attrib $-1 -1 $-1 $-1 $3104 2 1 1 1 1 1 1 1 1 1 1 1 1 1 0 1 1 1 @3 pid 283 #
point $-1 -1 -1 $-1 35.538092902548399 -77.720944259946705 2.2816519158458202 #
coedge $-1 -1 -1 $-1 $3109 $3181 $-1 $3182 forward $30 $3183 #
edge $3184 -1 -1 $-1 $3185 -0.13373296589435202 $3149 -0.11580409224043897 $3109 $3186 forward @7 unknown T 36.683651212162395 -73.598350659509478 0.42896285469945072 36.686505479680008 -73.578816728077626 0.43458424331630285 #
pcurve $-1 -1 -1 $-1 0 forward { imppc forward { parcur summary 3 2 -0.13373296589435202 -0.11580409224043897 0.001 OPEN 
	spline forward { ref 3 } I I I I 
	null_surface 
	nubs 1 open 2 
	-0.13373296589435202 1 -0.11580409224043897 1 
	0.9856478051951757 -70.752350659509489 
	0.98576194837795439 -70.734816728077632 
	
	nullbs 
	-1 
	-1 
	I I 
	0 
	0 
	0 
	
	-1 
	none F surf1 } I I surf1 } 0 0 #
name_attrib-gen-attrib $-1 -1 $3187 $-1 $3110 2 1 1 1 1 1 1 1 1 1 1 1 1 1 0 1 1 1 @3 eif #
vertex $3188 -1 -1 $-1 $3146 $3189 #
intcurve-curve $-1 -1 -1 $-1 forward { ref 693 } I I #
integer_attrib-name_attrib-gen-attrib $-1 -1 $-1 $3112 $3074 2 1 1 1 1 1 1 1 1 1 1 1 1 1 0 1 1 1 @3 pid 315 #
integer_attrib-name_attrib-gen-attrib $-1 -1 $-1 $-1 $3113 2 1 1 1 1 1 1 1 1 1 1 1 1 1 0 1 1 1 @3 pid 314 #
point $-1 -1 -1 $-1 36.686016155652098 -73.562032558841807 0.42779104013368702 #
coedge $-1 -1 -1 $-1 $3190 $3118 $-1 $3191 forward $20 $3192 #
edge $3193 -1 -1 $-1 $3158 -0.59828477550941894 $3194 -0.5791892167509114 $3118 $3195 forward @7 unknown T -36.698168971105545 -73.20284668359588 0.37799544908867522 -36.695602098351067 -73.181930397333005 0.3825413350960768 #
pcurve $-1 -1 -1 $-1 0 forward { imppc forward { parcur summary 3 2 -0.59828477550941894 -0.5791892167509114 0.001 OPEN 
	spline forward { ref 1 } I I I I 
	null_surface 
	nubs 1 open 2 
	-0.59828477550941894 1 -0.5791892167509114 1 
	0.98736204014878282 72.337930397333054 
	0.98728239328170742 72.356846683595933 
	
	nullbs 
	-1 
	-1 
	I I 
	0 
	0 
	0 
	
	-1 
	none F surf1 } I I surf1 } 0 0 #
name_attrib-gen-attrib $-1 -1 $3196 $-1 $3119 2 1 1 1 1 1 1 1 1 1 1 1 1 1 0 1 1 1 @3 eif #
vertex $3197 -1 -1 $-1 $3119 $3198 #
intcurve-curve $-1 -1 -1 $-1 forward { ref 695 } I I #
integer_attrib-name_attrib-gen-attrib $-1 -1 $-1 $3121 $3083 2 1 1 1 1 1 1 1 1 1 1 1 1 1 0 1 1 1 @3 pid 91 #
integer_attrib-name_attrib-gen-attrib $-1 -1 $-1 $-1 $3122 2 1 1 1 1 1 1 1 1 1 1 1 1 1 0 1 1 1 @3 pid 92 #
point $-1 -1 -1 $-1 -36.697363235605202 -73.163856329576603 0.37812129368369102 #
coedge $-1 -1 -1 $-1 $3127 $3199 $-1 $3200 forward $20 $3201 #
edge $3202 -1 -1 $-1 $3203 -0.48759756352330574 $3167 -0.47709839929661091 $3127 $3204 forward @7 unknown T -35.969839661676929 -77.045216457370643 1.8672478117458198 -35.96319678551334 -77.033797111080077 1.874608035645601 #
pcurve $-1 -1 -1 $-1 0 forward { exppc nubs 1 open 2 
	-0.48759756352330574 1 -0.47709839929661091 1 
	0.93394687241844287 76.18979708883441 
	0.93371743559427367 76.199216487521454 
	0.001 
	-1 
	spline forward { ref 1 } I I I I 
	} 0 0 #
name_attrib-gen-attrib $-1 -1 $3205 $-1 $3128 2 1 1 1 1 1 1 1 1 1 1 1 1 1 0 1 1 1 @3 eif #
tvertex-vertex $3206 -1 -1 $-1 $3164 $3207 0.00070050761201134759 #
intcurve-curve $-1 -1 -1 $-1 forward { parcur summary 3 2 -0.9088931812316986 -0.89927809572719719 0.001 OPEN 
	spline forward { ref 1 } I I I I 
	null_surface 
	nubs 1 open 2 
	-0.9088931812316986 1 -0.89927809572719719 1 
	0.93370789490064654 76.198945800151677 
	0.93346099776208591 76.207991697847859 
	
	nullbs 
	-1 
	-1 
	I I 
	0 
	0 
	0 
	
	-1 
	none F surf1 } I I #
integer_attrib-name_attrib-gen-attrib $-1 -1 $-1 $3130 $3092 2 1 1 1 1 1 1 1 1 1 1 1 1 1 0 1 1 1 @3 pid 121 #
integer_attrib-name_attrib-gen-attrib $-1 -1 $-1 $-1 $3131 2 1 1 1 1 1 1 1 1 1 1 1 1 1 0 1 1 1 @3 pid 121 #
point $-1 -1 -1 $-1 -35.959350695957802 -77.053450804139104 1.87917710618331 #
coedge $-1 -1 -1 $-1 $3208 $3136 $-1 $3209 forward $30 $3210 #
edge $3211 -1 -1 $-1 $3176 -0.55313950141460633 $3212 -0.54288487002102903 $3136 $3213 forward @7 unknown T 35.776150231869828 -77.370538131136442 2.0655160239776209 35.783095405114246 -77.360926175112454 2.0723275830779531 #
pcurve $-1 -1 -1 $-1 0 forward { exppc nubs 1 open 2 
	-0.55313950141460633 1 -0.54288487002102903 1 
	0.92492221452578061 -74.524538132650477 
	0.9251447204966311 -74.516926173605682 
	0.001 
	-1 
	spline forward { ref 3 } I I I I 
	} 0 0 #
name_attrib-gen-attrib $-1 -1 $3214 $-1 $3137 2 1 1 1 1 1 1 1 1 1 1 1 1 1 0 1 1 1 @3 eif #
tvertex-vertex $3215 -1 -1 $-1 $3137 $3216 9.69960189098631e-005 #
intcurve-curve $-1 -1 -1 $-1 forward { parcur summary 3 3 -1.0200295781936259 -0.77899954123857795 -0.55313950345427321 0.001 OPEN 
	spline forward { ref 3 } I I I I 
	null_surface 
	nubs 1 open 2 
	-1.0200295781936259 1 -0.55313950345427321 1 
	0.91485128198085774 -74.869886848510831 
	0.92492221452578061 -74.524538132650477 
	
	nullbs 
	-1 
	-1 
	I I 
	0 
	0 
	1 -0.80538544426444914 
	
	-1 
	none F surf1 } I I #
integer_attrib-name_attrib-gen-attrib $-1 -1 $-1 $3139 $3101 2 1 1 1 1 1 1 1 1 1 1 1 1 1 0 1 1 1 @3 pid 284 #
integer_attrib-name_attrib-gen-attrib $-1 -1 $-1 $-1 $3140 2 1 1 1 1 1 1 1 1 1 1 1 1 1 0 1 1 1 @3 pid 284 #
point $-1 -1 -1 $-1 35.542332934589702 -77.714939192343707 2.2782669548729899 #
coedge $-1 -1 -1 $-1 $3145 $3217 $-1 $3218 forward $30 $3219 #
edge $3220 -1 -1 $-1 $3221 -0.56733729604239458 $3185 -0.13373296589435202 $3145 $3222 forward @7 unknown T 36.661999064653024 -74.022323559514788 0.43258424331630285 36.685651212162391 -73.596350659509469 0.52187671317166306 #
pcurve $-1 -1 -1 $-1 0 forward { imppc forward { parcur summary 3 2 -0.56733729604239458 -0.13373296589435202 0.001 OPEN 
	spline forward { ref 3 } I I I I 
	null_surface 
	nubs 1 open 2 
	-0.56733729604239458 1 -0.13373296589435202 1 
	0.98287791792395396 -71.176323559514799 
	0.9856478051951757 -70.752350659509489 
	
	nullbs 
	-1 
	-1 
	I I 
	0 
	0 
	0 
	
	-1 
	none F surf1 } I I surf1 } 0 0 #
name_attrib-gen-attrib $-1 -1 $3223 $-1 $3146 2 1 1 1 1 1 1 1 1 1 1 1 1 1 0 1 1 1 @3 eif #
vertex $3224 -1 -1 $-1 $3182 $3225 #
intcurve-curve $-1 -1 -1 $-1 forward { ref 700 } I I #
integer_attrib-name_attrib-gen-attrib $-1 -1 $-1 $3148 $3110 2 1 1 1 1 1 1 1 1 1 1 1 1 1 0 1 1 1 @3 pid 314 #
integer_attrib-name_attrib-gen-attrib $-1 -1 $-1 $-1 $3149 2 1 1 1 1 1 1 1 1 1 1 1 1 1 0 1 1 1 @3 pid 313 #
point $-1 -1 -1 $-1 36.685505536029197 -73.579816780258696 0.42996261534493202 #
coedge $-1 -1 -1 $-1 $3226 $3154 $-1 $3227 forward $20 $3228 #
edge $3229 -1 -1 $-1 $3194 -0.5791892167509114 $3230 -0.15075945137599256 $3154 $3231 forward @7 unknown T -36.697602098351062 -73.627232353077943 0.38054133509607679 -36.682473703810736 -73.20084668359587 0.43955220576854026 #
pcurve $-1 -1 -1 $-1 0 forward { imppc forward { parcur summary 3 2 -0.5791892167509114 -0.15075945137599256 0.001 OPEN 
	spline forward { ref 1 } I I I I 
	null_surface 
	nubs 1 open 2 
	-0.5791892167509114 1 -0.15075945137599256 1 
	0.98728239328170742 72.356846683595933 
	0.98549112078292322 72.781232353077968 
	
	nullbs 
	-1 
	-1 
	I I 
	0 
	0 
	0 
	
	-1 
	none F surf1 } I I surf1 } 0 0 #
name_attrib-gen-attrib $-1 -1 $3232 $-1 $3155 2 1 1 1 1 1 1 1 1 1 1 1 1 1 0 1 1 1 @3 eif #
vertex $3233 -1 -1 $-1 $3155 $3234 #
intcurve-curve $-1 -1 -1 $-1 forward { ref 702 } I I #
integer_attrib-name_attrib-gen-attrib $-1 -1 $-1 $3157 $3119 2 1 1 1 1 1 1 1 1 1 1 1 1 1 0 1 1 1 @3 pid 92 #
integer_attrib-name_attrib-gen-attrib $-1 -1 $-1 $-1 $3158 2 1 1 1 1 1 1 1 1 1 1 1 1 1 0 1 1 1 @3 pid 93 #
point $-1 -1 -1 $-1 -36.6971689749628 -73.182930399782805 0.37899543174532802 #
coedge $-1 -1 -1 $-1 $3163 $3235 $-1 $3236 forward $20 $3237 #
edge $3238 -1 -1 $-1 $3239 -0.87235721077573314 $3203 -0.4875975961036253 $3163 $3240 forward @7 unknown T -36.139348548918413 -77.035797081893364 1.6530516146777547 -35.967839676045152 -76.672596083760993 1.8692477951200694 #
pcurve $-1 -1 -1 $-1 0 forward { exppc nubs 2 open 7 
	-0.87235721077573314 2 -0.80823060833038185 2 -0.74410400588503045 2 -0.67997740343967916 2 -0.61585080099432787 2 
	-0.55172419854897659 2 -0.48759759610362524 2 
	0.94279386802220377 75.828596048481302 
	0.94202140973297155 75.860052797268665 
	0.94126041206636668 75.891042836161205 
	0.9404956299316507 75.922192600016984 
	0.93975044359198123 75.952565680335312 
	0.93899844128077592 75.983216573122533 
	0.93826401972746087 76.013183554346568 
	0.93752314740358944 76.043413749680866 
	0.9368012166366928 76.072915431538178 
	0.93607107745132012 76.102752550204571 
	0.93536212966926768 76.131780285253086 
	0.93464342708322035 76.161207428936081 
	0.93394687241844287 76.18979708883441 
	0.001 
	-1 
	spline forward { ref 1 } I I I I 
	} 0 0 #
name_attrib-gen-attrib $-1 -1 $3241 $-1 $3164 2 1 1 1 1 1 1 1 1 1 1 1 1 1 0 1 1 1 @3 eif #
tvertex-vertex $3242 -1 -1 $-1 $3200 $3243 0.00031070413175320852 #
intcurve-curve $-1 -1 -1 $-1 forward { parcur summary 3 2 -0.48759758831920097 -0.47709836568935604 0.001 OPEN 
	spline forward { ref 1 } I I I I 
	null_surface 
	nubs 1 open 2 
	-0.48759758831920097 1 -0.47709836568935604 1 
	0.93394687241844287 76.18979708883441 
	0.93371743559427367 76.199216487521454 
	
	nullbs 
	-1 
	-1 
	I I 
	0 
	0 
	0 
	
	-1 
	none F surf1 } I I #
integer_attrib-name_attrib-gen-attrib $-1 -1 $-1 $3166 $3128 2 1 1 1 1 1 1 1 1 1 1 1 1 1 0 1 1 1 @3 pid 120 #
integer_attrib-name_attrib-gen-attrib $-1 -1 $-1 $-1 $3167 2 1 1 1 1 1 1 1 1 1 1 1 1 1 0 1 1 1 @3 pid 120 #
point $-1 -1 -1 $-1 -35.964354435493497 -77.044397518219299 1.8734264253003601 #
coedge $-1 -1 -1 $-1 $3244 $3172 $-1 $3245 forward $30 $3246 #
edge $3247 -1 -1 $-1 $3212 -1.0990374061307659 $3248 -1.0868174168861613 $3172 $3249 forward @7 unknown T 35.780861043518179 -77.362662368333062 2.0611960097172397 35.787517377568683 -77.35277031096534 2.0677445193131656 #
pcurve $-1 -1 -1 $-1 0 forward { exppc nubs 1 open 2 
	-1.0990374061307659 1 -1.0868174168861613 1 
	0.92513416317867547 -74.516662416011116 
	0.92534410059774996 -74.508770261156911 
	0.001 
	-1 
	spline forward { ref 3 } I I I I 
	} 0 0 #
name_attrib-gen-attrib $-1 -1 $3250 $-1 $3173 2 1 1 1 1 1 1 1 1 1 1 1 1 1 0 1 1 1 @3 eif #
tvertex-vertex $3251 -1 -1 $-1 $3173 $3252 0.00052238622655986907 #
intcurve-curve $-1 -1 -1 $-1 forward { parcur summary 3 2 -0.55313950345427321 -0.54288486799112834 0.001 OPEN 
	spline forward { ref 3 } I I I I 
	null_surface 
	nubs 1 open 2 
	-0.55313950345427321 1 -0.54288486799112834 1 
	0.92492221452578061 -74.524538132650477 
	0.9251447204966311 -74.516926173605682 
	
	nullbs 
	-1 
	-1 
	I I 
	0 
	0 
	0 
	
	-1 
	none F surf1 } I I #
integer_attrib-name_attrib-gen-attrib $-1 -1 $-1 $3175 $3137 2 1 1 1 1 1 1 1 1 1 1 1 1 1 0 1 1 1 @3 pid 285 #
integer_attrib-name_attrib-gen-attrib $-1 -1 $-1 $-1 $3176 2 1 1 1 1 1 1 1 1 1 1 1 1 1 0 1 1 1 @3 pid 285 #
point $-1 -1 -1 $-1 35.777201792025402 -77.369603274799701 2.0712775223031099 #
coedge $-1 -1 -1 $-1 $3181 $3253 $-1 $3254 forward $30 $3255 #
edge $3256 -1 -1 $-1 $3257 -0.58374591728275715 $3221 -0.56733729604239458 $3181 $3258 forward @7 unknown T 36.66114174700828 -74.03836780324167 0.51987671317166306 36.663999064653019 -74.020323559514779 0.5251688185820037 #
pcurve $-1 -1 -1 $-1 0 forward { imppc forward { parcur summary 3 2 -0.58374591728275715 -0.56733729604239458 0.001 OPEN 
	spline forward { ref 3 } I I I I 
	null_surface 
	nubs 1 open 2 
	-0.58374591728275715 1 -0.56733729604239458 1 
	0.98277275127660046 -71.192367803241666 
	0.98287791792395396 -71.176323559514799 
	
	nullbs 
	-1 
	-1 
	I I 
	0 
	0 
	0 
	
	-1 
	none F surf1 } I I surf1 } 0 0 #
name_attrib-gen-attrib $-1 -1 $3259 $-1 $3182 2 1 1 1 1 1 1 1 1 1 1 1 1 1 0 1 1 1 @3 eif #
vertex $3260 -1 -1 $-1 $3218 $3261 #
intcurve-curve $-1 -1 -1 $-1 forward { ref 708 } I I #
integer_attrib-name_attrib-gen-attrib $-1 -1 $-1 $3184 $3146 2 1 1 1 1 1 1 1 1 1 1 1 1 1 0 1 1 1 @3 pid 313 #
integer_attrib-name_attrib-gen-attrib $-1 -1 $-1 $-1 $3185 2 1 1 1 1 1 1 1 1 1 1 1 1 1 0 1 1 1 @3 pid 312 #
point $-1 -1 -1 $-1 36.684651283623801 -73.597350725432705 0.433583940986279 #
coedge $-1 -1 -1 $-1 $3262 $3190 $-1 $3263 forward $20 $3264 #
edge $3265 -1 -1 $-1 $3230 -0.15075945137599256 $3266 -0.13304625155608307 $3190 $3267 forward @7 unknown T -36.684473703810731 -73.644778593544814 0.43755220576854026 -36.681913855587545 -73.625232353077934 0.44190468741499989 #
pcurve $-1 -1 -1 $-1 0 forward { imppc forward { parcur summary 3 2 -0.15075945137599256 -0.13304625155608307 0.001 OPEN 
	spline forward { ref 1 } I I I I 
	null_surface 
	nubs 1 open 2 
	-0.15075945137599256 1 -0.13304625155608307 1 
	0.98549112078292322 72.781232353077968 
	0.98541688619278422 72.798778593544824 
	
	nullbs 
	-1 
	-1 
	I I 
	0 
	0 
	0 
	
	-1 
	none F surf1 } I I surf1 } 0 0 #
name_attrib-gen-attrib $-1 -1 $3268 $-1 $3191 2 1 1 1 1 1 1 1 1 1 1 1 1 1 0 1 1 1 @3 eif #
vertex $3269 -1 -1 $-1 $3191 $3270 #
intcurve-curve $-1 -1 -1 $-1 forward { ref 710 } I I #
integer_attrib-name_attrib-gen-attrib $-1 -1 $-1 $3193 $3155 2 1 1 1 1 1 1 1 1 1 1 1 1 1 0 1 1 1 @3 pid 93 #
integer_attrib-name_attrib-gen-attrib $-1 -1 $-1 $-1 $3194 2 1 1 1 1 1 1 1 1 1 1 1 1 1 0 1 1 1 @3 pid 94 #
point $-1 -1 -1 $-1 -36.696602103855298 -73.201846687085904 0.38154131039 #
coedge $-1 -1 -1 $-1 $3199 $3271 $-1 $3272 forward $20 $3273 #
edge $3274 -1 -1 $-1 $3275 -0.88307005134037253 $3239 -0.87235724673570281 $3199 $3276 forward @7 unknown T -36.144017715012048 -76.674596048481291 1.6465793301652203 -36.137348564596181 -76.662072465601412 1.6550515930033349 #
pcurve $-1 -1 -1 $-1 0 forward { exppc nubs 1 open 2 
	-0.88307005134037253 1 -0.87235724673570281 1 
	0.94305232969416875 75.818072451786065 
	0.94279386802220377 75.828596048481302 
	0.001 
	-1 
	spline forward { ref 1 } I I I I 
	} 0 0 #
name_attrib-gen-attrib $-1 -1 $3277 $-1 $3200 2 1 1 1 1 1 1 1 1 1 1 1 1 1 0 1 1 1 @3 eif #
tvertex-vertex $3278 -1 -1 $-1 $3236 $3279 0.0004099375156203932 #
intcurve-curve $-1 -1 -1 $-1 forward { parcur summary 3 2 -0.87235724673570281 -0.48759758831920097 0.001 OPEN 
	spline forward { ref 1 } I I I I 
	null_surface 
	nubs 2 open 7 
	-0.87235724673570281 2 -0.80823063699961928 2 -0.74410402726353553 2 -0.67997741752745189 2 -0.61585080779136825 2 
	-0.55172419805528461 2 -0.48759758831920097 2 
	0.94279386802220377 75.828596048481302 
	0.94202140973297155 75.860052797268665 
	0.94126041206636668 75.891042836161205 
	0.9404956299316507 75.922192600016984 
	0.93975044359198123 75.952565680335312 
	0.93899844128077592 75.983216573122533 
	0.93826401972746087 76.013183554346568 
	0.93752314740358944 76.043413749680866 
	0.9368012166366928 76.072915431538178 
	0.93607107745132012 76.102752550204571 
	0.93536212966926768 76.131780285253086 
	0.93464342708322035 76.161207428936081 
	0.93394687241844287 76.18979708883441 
	
	nullbs 
	-1 
	-1 
	I I 
	5 -0.80823063699961928 -0.74410402726353553 -0.67997741752745189 -0.61585080779136825 -0.55172419805528461 
	0 
	1 -0.52437178959075104 
	
	-1 
	none F surf1 } I I #
integer_attrib-name_attrib-gen-attrib $-1 -1 $-1 $3202 $3164 2 1 1 1 1 1 1 1 1 1 1 1 1 1 0 1 1 1 @3 pid 119 #
integer_attrib-name_attrib-gen-attrib $-1 -1 $-1 $-1 $3203 2 1 1 1 1 1 1 1 1 1 1 1 1 1 0 1 1 1 @3 pid 119 #
point $-1 -1 -1 $-1 -35.9690019613234 -77.034983983589598 1.86805999655273 #
coedge $-1 -1 -1 $-1 $3280 $3208 $-1 $3281 forward $30 $3282 #
edge $3283 -1 -1 $-1 $3248 -1.0868173385225719 $3284 -0.56321248323603679 $3208 $3285 forward @7 unknown T 35.78551740738979 -77.354770260369037 1.8471392787983414 35.987021611688036 -76.999987935578517 2.0631959805277194 #
pcurve $-1 -1 -1 $-1 0 forward { exppc nubs 2 open 7 
	-1.0868173385225719 2 -0.99954986264148282 2 -0.91228238676039364 2 -0.82501491087930445 2 -0.73774743499821527 2 
	-0.65047995911712597 2 -0.56321248323603679 2 
	0.92534410059774996 -74.508770261156911 
	0.92608134813869158 -74.481061910584884 
	0.92685780885282965 -74.451972172515042 
	0.92760635729479901 -74.42392815468699 
	0.92839676286384265 -74.394394837572221 
	0.92915579165700812 -74.366033906263709 
	0.92996074830838016 -74.336023001367778 
	0.9307289853974563 -74.307381098509708 
	0.93154957657513793 -74.276841408941124 
	0.93232496971010503 -74.247983841031242 
	0.93316308478992915 -74.216834805331558 
	0.93394204829062177 -74.187884172565177 
	0.93480113570566992 -74.155987935578523 
	0.001 
	-1 
	spline forward { ref 3 } I I I I 
	} 0 0 #
name_attrib-gen-attrib $-1 -1 $3286 $-1 $3209 2 1 1 1 1 1 1 1 1 1 1 1 1 1 0 1 1 1 @3 eif #
tvertex-vertex $3287 -1 -1 $-1 $3209 $3288 0.00053527357168532599 #
intcurve-curve $-1 -1 -1 $-1 forward { parcur summary 3 2 -1.0990374799550193 -1.0868173397632443 0.001 OPEN 
	spline forward { ref 3 } I I I I 
	null_surface 
	nubs 1 open 2 
	-1.0990374799550193 1 -1.0868173397632443 1 
	0.92513416317867547 -74.516662416011116 
	0.92534410059774996 -74.508770261156911 
	
	nullbs 
	-1 
	-1 
	I I 
	0 
	0 
	0 
	
	-1 
	none F surf1 } I I #
integer_attrib-name_attrib-gen-attrib $-1 -1 $-1 $3211 $3173 2 1 1 1 1 1 1 1 1 1 1 1 1 1 0 1 1 1 @3 pid 286 #
integer_attrib-name_attrib-gen-attrib $-1 -1 $-1 $-1 $3212 2 1 1 1 1 1 1 1 1 1 1 1 1 1 0 1 1 1 @3 pid 286 #
point $-1 -1 -1 $-1 35.782149584965403 -77.361994764311106 2.0664631936714102 #
coedge $-1 -1 -1 $-1 $3217 $3289 $-1 $3290 forward $30 $3291 #
edge $3292 -1 -1 $-1 $3293 -0.19305679825247424 $3257 -0.17661043586727687 $3217 $3294 forward @7 unknown T 36.659971571283506 -74.054105412858533 0.52317065491891068 36.66314126795222 -74.036367201640829 0.52964365587335782 #
pcurve $-1 -1 -1 $-1 0 forward { imppc forward { parcur summary 3 2 -0.19305679825247424 -0.17661043586727687 0.001 OPEN 
	spline forward { ref 3 } I I I I 
	null_surface 
	nubs 1 open 2 
	-0.19305679825247424 1 -0.17661043586727687 1 
	0.98262971892224582 -71.208105412858529 
	0.9827726926001551 -71.192367201640835 
	
	nullbs 
	-1 
	-1 
	I I 
	0 
	0 
	0 
	
	-1 
	none F surf1 } I I surf1 } 0 0 #
name_attrib-gen-attrib $-1 -1 $3295 $-1 $3218 2 1 1 1 1 1 1 1 1 1 1 1 1 1 0 1 1 1 @3 eif #
tvertex-vertex $3296 -1 -1 $-1 $3254 $3297 2.5399651710399882e-006 #
intcurve-curve $-1 -1 -1 $-1 forward { ref 716 } I I #
integer_attrib-name_attrib-gen-attrib $-1 -1 $-1 $3220 $3182 2 1 1 1 1 1 1 1 1 1 1 1 1 1 0 1 1 1 @3 pid 312 #
integer_attrib-name_attrib-gen-attrib $-1 -1 $-1 $-1 $3221 2 1 1 1 1 1 1 1 1 1 1 1 1 1 0 1 1 1 @3 pid 311 #
point $-1 -1 -1 $-1 36.662999215629597 -74.021323686753803 0.52087613239675001 #
coedge $-1 -1 -1 $-1 $3298 $3226 $-1 $3299 forward $20 $3300 #
edge $3301 -1 -1 $-1 $3266 -0.66810738473179587 $3302 -0.65037628792410052 $3226 $3303 forward @7 unknown T -36.683913772090783 -73.662063726679847 0.43990503781242918 -36.681015065383811 -73.642778509407222 0.44566866228895141 #
pcurve $-1 -1 -1 $-1 0 forward { imppc forward { parcur summary 3 2 -0.66810738473179587 -0.65037628792410052 0.001 OPEN 
	spline forward { ref 1 } I I I I 
	null_surface 
	nubs 1 open 2 
	-0.66810738473179587 1 -0.65037628792410052 1 
	0.98541687513378606 72.798778509407242 
	0.98529805749935606 72.816063726679857 
	
	nullbs 
	-1 
	-1 
	I I 
	0 
	0 
	0 
	
	-1 
	none F surf1 } I I surf1 } 0 0 #
name_attrib-gen-attrib $-1 -1 $3304 $-1 $3227 2 1 1 1 1 1 1 1 1 1 1 1 1 1 0 1 1 1 @3 eif #
vertex $3305 -1 -1 $-1 $3227 $3306 #
intcurve-curve $-1 -1 -1 $-1 forward { ref 718 } I I #
integer_attrib-name_attrib-gen-attrib $-1 -1 $-1 $3229 $3191 2 1 1 1 1 1 1 1 1 1 1 1 1 1 0 1 1 1 @3 pid 94 #
integer_attrib-name_attrib-gen-attrib $-1 -1 $-1 $-1 $3230 2 1 1 1 1 1 1 1 1 1 1 1 1 1 0 1 1 1 @3 pid 95 #
point $-1 -1 -1 $-1 -36.683473715107297 -73.626232359791899 0.43855215838105899 #
coedge $-1 -1 -1 $-1 $3235 $3307 $-1 $3308 forward $20 $3309 #
edge $3310 -1 -1 $-1 $3311 -0.48514053578364769 $3275 -0.47194752347610208 $3235 $3312 forward @7 unknown T -36.148202689882517 -76.664028149393303 1.6407487963339098 -36.141952406197014 -76.651063341709346 1.6486700976479609 #
pcurve $-1 -1 -1 $-1 0 forward { exppc nubs 1 open 2 
	-0.48514053578364769 1 -0.47194752347610208 1 
	0.94328476001176564 75.807063297568845 
	0.94304870704048993 75.818028191759481 
	0.001 
	-1 
	spline forward { ref 1 } I I I I 
	} 0 0 #
name_attrib-gen-attrib $-1 -1 $3313 $-1 $3236 2 1 1 1 1 1 1 1 1 1 1 1 1 1 0 1 1 1 @3 eif #
tvertex-vertex $3314 -1 -1 $-1 $3272 $3315 0.00051923598192055685 #
intcurve-curve $-1 -1 -1 $-1 forward { parcur summary 3 2 -0.88307006540413568 -0.87235724673570281 0.001 OPEN 
	spline forward { ref 1 } I I I I 
	null_surface 
	nubs 1 open 2 
	-0.88307006540413568 1 -0.87235724673570281 1 
	0.94305232969416875 75.818072451786065 
	0.94279386802220377 75.828596048481302 
	
	nullbs 
	-1 
	-1 
	I I 
	0 
	0 
	0 
	
	-1 
	none F surf1 } I I #
integer_attrib-name_attrib-gen-attrib $-1 -1 $-1 $3238 $3200 2 1 1 1 1 1 1 1 1 1 1 1 1 1 0 1 1 1 @3 pid 118 #
integer_attrib-name_attrib-gen-attrib $-1 -1 $-1 $-1 $3239 2 1 1 1 1 1 1 1 1 1 1 1 1 1 0 1 1 1 @3 pid 118 #
point $-1 -1 -1 $-1 -36.138539981349098 -76.673843763886794 1.6537869319535199 #
coedge $-1 -1 -1 $-1 $3316 $3244 $-1 $3317 forward $30 $3318 #
edge $3319 -1 -1 $-1 $3284 -0.56321246347359388 $3320 -0.55002218749790344 $3244 $3321 forward @7 unknown T 35.985018330459503 -77.002086379074044 1.841270003872435 35.992007588154614 -76.990717006903651 1.8492015766848717 #
pcurve $-1 -1 -1 $-1 0 forward { exppc nubs 1 open 2 
	-0.56321246347359388 1 -0.55002218749790344 1 
	0.93480113570566992 -74.155987935578523 
	0.93505085189114401 -74.14671699008295 
	0.001 
	-1 
	spline forward { ref 3 } I I I I 
	} 0 0 #
name_attrib-gen-attrib $-1 -1 $3322 $-1 $3245 2 1 1 1 1 1 1 1 1 1 1 1 1 1 0 1 1 1 @3 eif #
tvertex-vertex $3323 -1 -1 $-1 $3245 $3324 0.00066990399293851766 #
intcurve-curve $-1 -1 -1 $-1 forward { parcur summary 3 2 -1.0868173397632443 -0.56321248323603679 0.001 OPEN 
	spline forward { ref 3 } I I I I 
	null_surface 
	nubs 2 open 7 
	-1.0868173397632443 2 -0.99954986367537646 2 -0.91228238758750857 2 -0.82501491149964057 2 -0.73774743541177268 2 
	-0.65047995932390468 2 -0.56321248323603679 2 
	0.92534410059774996 -74.508770261156911 
	0.92608134813869158 -74.481061910584884 
	0.92685780885282965 -74.451972172515042 
	0.92760635729479901 -74.42392815468699 
	0.92839676286384265 -74.394394837572221 
	0.92915579165700812 -74.366033906263709 
	0.92996074830838016 -74.336023001367778 
	0.9307289853974563 -74.307381098509708 
	0.93154957657513793 -74.276841408941124 
	0.93232496971010503 -74.247983841031242 
	0.93316308478992915 -74.216834805331558 
	0.93394204829062177 -74.187884172565177 
	0.93480113570566992 -74.155987935578523 
	
	nullbs 
	-1 
	-1 
	I I 
	5 -0.99954986367537646 -0.91228238758750857 -0.82501491149964057 -0.73774743541177268 -0.65047995932390468 
	0 
	1 -0.56565789773591246 
	
	-1 
	none F surf1 } I I #
integer_attrib-name_attrib-gen-attrib $-1 -1 $-1 $3247 $3209 2 1 1 1 1 1 1 1 1 1 1 1 1 1 0 1 1 1 @3 pid 287 #
integer_attrib-name_attrib-gen-attrib $-1 -1 $-1 $-1 $3248 2 1 1 1 1 1 1 1 1 1 1 1 1 1 0 1 1 1 @3 pid 287 #
point $-1 -1 -1 $-1 35.7868124652178 -77.354110887332595 2.06190713464084 #
coedge $-1 -1 -1 $-1 $3253 $3325 $-1 $3326 forward $30 $3327 #
edge $3328 -1 -1 $-1 $3329 -0.63466794062765208 $3293 -0.19305679825247424 $3253 $3330 forward @7 unknown T 36.626643056064864 -74.476081637747569 0.52764365587335782 36.661971571283502 -74.052105412858523 0.64897183912470524 #
pcurve $-1 -1 -1 $-1 0 forward { imppc forward { parcur summary 3 2 -0.63466794062765208 -0.19305679825247424 0.001 OPEN 
	spline forward { ref 3 } I I I I 
	null_surface 
	nubs 1 open 2 
	-0.63466794062765208 1 -0.19305679825247424 1 
	0.97877948742505694 -71.63008163774758 
	0.98262971892224582 -71.208105412858529 
	
	nullbs 
	-1 
	-1 
	I I 
	0 
	0 
	1 -0.33549213615510853 
	
	-1 
	none F surf1 } I I surf1 } 0 0 #
name_attrib-gen-attrib $-1 -1 $3331 $-1 $3254 2 1 1 1 1 1 1 1 1 1 1 1 1 1 0 1 1 1 @3 eif #
tvertex-vertex $3332 -1 -1 $-1 $3290 $3333 2.902399973123171e-006 #
intcurve-curve $-1 -1 -1 $-1 forward { ref 724 } I I #
integer_attrib-name_attrib-gen-attrib $-1 -1 $-1 $3256 $3218 2 1 1 1 1 1 1 1 1 1 1 1 1 1 0 1 1 1 @3 pid 311 #
integer_attrib-name_attrib-gen-attrib $-1 -1 $-1 $-1 $3257 2 1 1 1 1 1 1 1 1 1 1 1 1 1 0 1 1 1 @3 pid 310 #
point $-1 -1 -1 $-1 36.662141883113499 -74.037367917563998 0.52416829685748301 #
coedge $-1 -1 -1 $-1 $3334 $3262 $-1 $3335 forward $20 $3336 #
edge $3337 -1 -1 $-1 $3302 -0.65037628792410052 $3338 -0.21568309966830101 $3262 $3339 forward @7 unknown T -36.683015065383806 -74.085864317783631 0.44366866228895141 -36.657867571094066 -73.660063726679837 0.5376360733742106 #
pcurve $-1 -1 -1 $-1 0 forward { imppc forward { parcur summary 3 2 -0.65037628792410052 -0.21568309966830101 0.001 OPEN 
	spline forward { ref 1 } I I I I 
	null_surface 
	nubs 1 open 2 
	-0.65037628792410052 1 -0.21568309966830101 1 
	0.98529805749935606 72.816063726679857 
	0.98237401257987089 73.239864317783628 
	
	nullbs 
	-1 
	-1 
	I I 
	0 
	0 
	0 
	
	-1 
	none F surf1 } I I surf1 } 0 0 #
name_attrib-gen-attrib $-1 -1 $3340 $-1 $3263 2 1 1 1 1 1 1 1 1 1 1 1 1 1 0 1 1 1 @3 eif #
vertex $3341 -1 -1 $-1 $3263 $3342 #
intcurve-curve $-1 -1 -1 $-1 forward { ref 726 } I I #
integer_attrib-name_attrib-gen-attrib $-1 -1 $-1 $3265 $3227 2 1 1 1 1 1 1 1 1 1 1 1 1 1 0 1 1 1 @3 pid 95 #
integer_attrib-name_attrib-gen-attrib $-1 -1 $-1 $-1 $3266 2 1 1 1 1 1 1 1 1 1 1 1 1 1 0 1 1 1 @3 pid 96 #
point $-1 -1 -1 $-1 -36.682913865020303 -73.643778599152995 0.44090464782990202 #
coedge $-1 -1 -1 $-1 $3271 $3343 $-1 $3344 forward $20 $3345 #
edge $3346 -1 -1 $-1 $3347 -0.93445988826546722 $3311 -0.48514172766256164 $3271 $3348 forward @7 unknown T -36.285821189963357 -76.653062347823507 1.4315257699538548 -36.146203076315977 -76.276326087413636 1.6427482566594844 #
pcurve $-1 -1 -1 $-1 0 forward { exppc nubs 1 open 2 
	-0.93445988826546722 1 -0.48514172766256164 1 
	0.95139142710052194 75.432325680835163 
	0.94328476001176564 75.807063297568845 
	0.001 
	-1 
	spline forward { ref 1 } I I I I 
	} 0 0 #
name_attrib-gen-attrib $-1 -1 $3349 $-1 $3272 2 1 1 1 1 1 1 1 1 1 1 1 1 1 0 1 1 1 @3 eif #
tvertex-vertex $3350 -1 -1 $-1 $3308 $3351 0.00053307469722386851 #
intcurve-curve $-1 -1 -1 $-1 forward { parcur summary 3 2 -0.48514058889411749 -0.47194747250050662 0.001 OPEN 
	spline forward { ref 1 } I I I I 
	null_surface 
	nubs 1 open 2 
	-0.48514058889411749 1 -0.47194747250050662 1 
	0.94328476001176564 75.807063297568845 
	0.94304870704048993 75.818028191759481 
	
	nullbs 
	-1 
	-1 
	I I 
	0 
	0 
	0 
	
	-1 
	none F surf1 } I I #
integer_attrib-name_attrib-gen-attrib $-1 -1 $-1 $3274 $3236 2 1 1 1 1 1 1 1 1 1 1 1 1 1 0 1 1 1 @3 pid 117 #
integer_attrib-name_attrib-gen-attrib $-1 -1 $-1 $-1 $3275 2 1 1 1 1 1 1 1 1 1 1 1 1 1 0 1 1 1 @3 pid 117 #
point $-1 -1 -1 $-1 -36.143204938698098 -76.663315592882299 1.6473190854238899 #
coedge $-1 -1 -1 $-1 $3352 $3280 $-1 $3353 forward $30 $3354 #
edge $3355 -1 -1 $-1 $3320 -1.072165683943431 $3356 -1.0576628633742438 $3280 $3357 forward @7 unknown T 35.99019485174292 -76.992978167984063 1.8356254881349743 35.996807270117181 -76.981322151242139 1.8430940196898227 #
pcurve $-1 -1 -1 $-1 0 forward { exppc nubs 1 open 2 
	-1.072165683943431 1 -1.0576628633742438 1 
	0.93506023769089208 -74.146978197902058 
	0.93529177473988223 -74.137322135459286 
	0.001 
	-1 
	spline forward { ref 3 } I I I I 
	} 0 0 #
name_attrib-gen-attrib $-1 -1 $3358 $-1 $3281 2 1 1 1 1 1 1 1 1 1 1 1 1 1 0 1 1 1 @3 eif #
tvertex-vertex $3359 -1 -1 $-1 $3281 $3360 0.00065880622034494331 #
intcurve-curve $-1 -1 -1 $-1 forward { parcur summary 3 2 -0.56321248323603679 -0.55002216356610578 0.001 OPEN 
	spline forward { ref 3 } I I I I 
	null_surface 
	nubs 1 open 2 
	-0.56321248323603679 1 -0.55002216356610578 1 
	0.93480113570566992 -74.155987935578523 
	0.93505085189114401 -74.14671699008295 
	
	nullbs 
	-1 
	-1 
	I I 
	0 
	0 
	0 
	
	-1 
	none F surf1 } I I #
integer_attrib-name_attrib-gen-attrib $-1 -1 $-1 $3283 $3245 2 1 1 1 1 1 1 1 1 1 1 1 1 1 0 1 1 1 @3 pid 288 #
integer_attrib-name_attrib-gen-attrib $-1 -1 $-1 $-1 $3284 2 1 1 1 1 1 1 1 1 1 1 1 1 1 0 1 1 1 @3 pid 288 #
point $-1 -1 -1 $-1 35.9863517076951 -77.001416475081101 1.8478091827912799 #
coedge $-1 -1 -1 $-1 $3289 $3361 $-1 $3362 forward $30 $3363 #
edge $3364 -1 -1 $-1 $3365 -0.64950531598141104 $3329 -0.63466794062765208 $3289 $3366 forward @7 unknown T 36.625457394437134 -74.490255041608776 0.64697183912470524 36.62864305606486 -74.47408163774756 0.65295726004299004 #
pcurve $-1 -1 -1 $-1 0 forward { imppc forward { parcur summary 3 2 -0.64950531598141104 -0.63466794062765208 0.001 OPEN 
	spline forward { ref 3 } I I I I 
	null_surface 
	nubs 1 open 2 
	-0.64950531598141104 1 -0.63466794062765208 1 
	0.97864966898378203 -71.644255041608773 
	0.97877948742505694 -71.63008163774758 
	
	nullbs 
	-1 
	-1 
	I I 
	0 
	0 
	0 
	
	-1 
	none F surf1 } I I surf1 } 0 0 #
name_attrib-gen-attrib $-1 -1 $3367 $-1 $3290 2 1 1 1 1 1 1 1 1 1 1 1 1 1 0 1 1 1 @3 eif #
tvertex-vertex $3368 -1 -1 $-1 $3326 $3369 4.5446290853259375e-006 #
intcurve-curve $-1 -1 -1 $-1 forward { ref 732 } I I #
integer_attrib-name_attrib-gen-attrib $-1 -1 $-1 $3292 $3254 2 1 1 1 1 1 1 1 1 1 1 1 1 1 0 1 1 1 @3 pid 310 #
integer_attrib-name_attrib-gen-attrib $-1 -1 $-1 $-1 $3293 2 1 1 1 1 1 1 1 1 1 1 1 1 1 0 1 1 1 @3 pid 309 #
point $-1 -1 -1 $-1 36.660972277380402 -74.053106230925707 0.52864096215494905 #
coedge $-1 -1 -1 $-1 $3370 $3298 $-1 $3371 forward $20 $3372 #
edge $3373 -1 -1 $-1 $3338 -0.21568309966830101 $3374 -0.1994933855066795 $3298 $3375 forward @7 unknown T -36.659867571094061 -74.101653638451594 0.5356360733742106 -36.65696341898937 -74.083864317783622 0.54104983569619303 #
pcurve $-1 -1 -1 $-1 0 forward { imppc forward { parcur summary 3 2 -0.21568309966830101 -0.1994933855066795 0.001 OPEN 
	spline forward { ref 1 } I I I I 
	null_surface 
	nubs 1 open 2 
	-0.21568309966830101 1 -0.1994933855066795 1 
	0.98237401257987089 73.239864317783628 
	0.9822647003258429 73.255653638451577 
	
	nullbs 
	-1 
	-1 
	I I 
	0 
	0 
	0 
	
	-1 
	none F surf1 } I I surf1 } 0 0 #
name_attrib-gen-attrib $-1 -1 $3376 $-1 $3299 2 1 1 1 1 1 1 1 1 1 1 1 1 1 0 1 1 1 @3 eif #
vertex $3377 -1 -1 $-1 $3299 $3378 #
intcurve-curve $-1 -1 -1 $-1 forward { ref 734 } I I #
integer_attrib-name_attrib-gen-attrib $-1 -1 $-1 $3301 $3263 2 1 1 1 1 1 1 1 1 1 1 1 1 1 0 1 1 1 @3 pid 96 #
integer_attrib-name_attrib-gen-attrib $-1 -1 $-1 $-1 $3302 2 1 1 1 1 1 1 1 1 1 1 1 1 1 0 1 1 1 @3 pid 97 #
point $-1 -1 -1 $-1 -36.682015179599297 -73.661063836547996 0.44466818496669702 #
coedge $-1 -1 -1 $-1 $3307 $3379 $-1 $3380 forward $20 $3381 #
edge $3382 -1 -1 $-1 $3383 -0.9471879088261792 $3347 -0.93446037576324936 $3307 $3384 forward @7 unknown T -36.289512524057557 -76.278325680835152 1.4253834866694333 -36.283821330373961 -76.265640003030569 1.4335255369097077 #
pcurve $-1 -1 -1 $-1 0 forward { imppc forward { parcur summary 3 2 -0.9471879088261792 -0.93446037576324936 0.001 OPEN 
	spline forward { ref 1 } I I I I 
	null_surface 
	nubs 1 open 2 
	-0.9471879088261792 1 -0.93446037576324936 1 
	0.95162307042321226 75.421640003030575 
	0.95139142710052194 75.432325680835163 
	
	nullbs 
	-1 
	-1 
	I I 
	0 
	0 
	0 
	
	-1 
	none F surf1 } I I surf1 } 0 0 #
name_attrib-gen-attrib $-1 -1 $3385 $-1 $3308 2 1 1 1 1 1 1 1 1 1 1 1 1 1 0 1 1 1 @3 eif #
tvertex-vertex $3386 -1 -1 $-1 $3344 $3387 0.00050535290586612293 #
intcurve-curve $-1 -1 -1 $-1 forward { parcur summary 3 2 -0.93446037576324936 -0.48514058889411749 0.001 OPEN 
	spline forward { ref 1 } I I I I 
	null_surface 
	nubs 1 open 2 
	-0.93446037576324936 1 -0.48514058889411749 1 
	0.95139142710052194 75.432325680835163 
	0.94328476001176564 75.807063297568845 
	
	nullbs 
	-1 
	-1 
	I I 
	0 
	0 
	1 -0.86325265227114101 
	
	-1 
	none F surf1 } I I #
integer_attrib-name_attrib-gen-attrib $-1 -1 $-1 $3310 $3272 2 1 1 1 1 1 1 1 1 1 1 1 1 1 0 1 1 1 @3 pid 116 #
integer_attrib-name_attrib-gen-attrib $-1 -1 $-1 $-1 $3311 2 1 1 1 1 1 1 1 1 1 1 1 1 1 0 1 1 1 @3 pid 116 #
point $-1 -1 -1 $-1 -36.1474611190595 -76.652358449334102 1.64138783306276 #
coedge $-1 -1 -1 $-1 $3388 $3316 $-1 $3389 forward $30 $3390 #
edge $3391 -1 -1 $-1 $3356 -1.0576628244635859 $3392 -0.53720843943991514 $3316 $3393 forward @7 unknown T 35.994807282458261 -76.983322125373363 1.6218235689403606 36.161649199556329 -76.61850269464604 1.8376254734696194 #
pcurve $-1 -1 -1 $-1 0 forward { exppc nubs 2 open 7 
	-1.0576628244635859 2 -0.97092042695964087 2 -0.88417802945569568 2 -0.79743563195175049 2 -0.71069323444780541 2 
	-0.62395083694386022 2 -0.53720843943991514 2 
	0.93529177473988223 -74.137322135459286 
	0.93598175688140595 -74.108553955824306 
	0.93669043383543993 -74.079073988415701 
	0.93739435583722652 -74.049791820358422 
	0.93811271178955513 -74.019963614978721 
	0.93883078003934028 -73.990147355834381 
	0.9395585234603322 -73.959971155548985 
	0.94029068781386893 -73.929611639353595 
	0.94102780222541649 -73.899076750527158 
	0.94177329357437667 -73.868194847929459 
	0.94252049982164365 -73.837260540313864 
	0.9432727959631626 -73.806119497516647 
	0.94403658608513152 -73.774502665309754 
	0.001 
	-1 
	spline forward { ref 3 } I I I I 
	} 0 0 #
name_attrib-gen-attrib $-1 -1 $3394 $-1 $3317 2 1 1 1 1 1 1 1 1 1 1 1 1 1 0 1 1 1 @3 eif #
tvertex-vertex $3395 -1 -1 $-1 $3317 $3396 0.00027828625598843324 #
intcurve-curve $-1 -1 -1 $-1 forward { parcur summary 3 2 -1.0721657288786908 -1.0576628396692347 0.001 OPEN 
	spline forward { ref 3 } I I I I 
	null_surface 
	nubs 1 open 2 
	-1.0721657288786908 1 -1.0576628396692347 1 
	0.93506023769089208 -74.146978197902058 
	0.93529177473988223 -74.137322135459286 
	
	nullbs 
	-1 
	-1 
	I I 
	0 
	0 
	0 
	
	-1 
	none F surf1 } I I #
integer_attrib-name_attrib-gen-attrib $-1 -1 $-1 $3319 $3281 2 1 1 1 1 1 1 1 1 1 1 1 1 1 0 1 1 1 @3 pid 289 #
integer_attrib-name_attrib-gen-attrib $-1 -1 $-1 $-1 $3320 2 1 1 1 1 1 1 1 1 1 1 1 1 1 0 1 1 1 @3 pid 289 #
point $-1 -1 -1 $-1 35.991334507938902 -76.992138446158407 1.84192881009278 #
coedge $-1 -1 -1 $-1 $3325 $3397 $-1 $3398 forward $30 $3399 #
edge $3400 -1 -1 $-1 $3401 -0.27247377809106965 $3365 -0.25765240775659359 $3325 $3402 forward @7 unknown T 36.623987470804423 -74.504109899727951 0.65096665402474918 36.627454594057589 -74.488251106330551 0.65787591038875493 #
pcurve $-1 -1 -1 $-1 0 forward { imppc forward { parcur summary 3 2 -0.27247377809106965 -0.25765240775659359 0.001 OPEN 
	spline forward { ref 3 } I I I I 
	null_surface 
	nubs 1 open 2 
	-0.27247377809106965 1 -0.25765240775659359 1 
	0.97848934052694403 -71.658109899727947 
	0.9786493628949261 -71.644251106330557 
	
	nullbs 
	-1 
	-1 
	I I 
	0 
	0 
	0 
	
	-1 
	none F surf1 } I I surf1 } 0 0 #
name_attrib-gen-attrib $-1 -1 $3403 $-1 $3326 2 1 1 1 1 1 1 1 1 1 1 1 1 1 0 1 1 1 @3 eif #
tvertex-vertex $3404 -1 -1 $-1 $3362 $3405 1.4795168472546198e-005 #
intcurve-curve $-1 -1 -1 $-1 forward { ref 740 } I I #
integer_attrib-name_attrib-gen-attrib $-1 -1 $-1 $3328 $3290 2 1 1 1 1 1 1 1 1 1 1 1 1 1 0 1 1 1 @3 pid 309 #
integer_attrib-name_attrib-gen-attrib $-1 -1 $-1 $-1 $3329 2 1 1 1 1 1 1 1 1 1 1 1 1 1 0 1 1 1 @3 pid 308 #
point $-1 -1 -1 $-1 36.627644297234397 -74.475082917131601 0.64796765865485195 #
coedge $-1 -1 -1 $-1 $3406 $3334 $-1 $3407 forward $20 $3408 #
edge $3409 -1 -1 $-1 $3374 -0.72962472624273345 $3410 -0.71344726180994411 $3334 $3411 forward @7 unknown T -36.65896272093417 -74.117132285191673 0.53905246651908689 -36.655750435301577 -74.099652745978489 0.54561023852795287 #
pcurve $-1 -1 -1 $-1 0 forward { imppc forward { parcur summary 3 2 -0.72962472624273345 -0.71344726180994411 0.001 OPEN 
	spline forward { ref 1 } I I I I 
	null_surface 
	nubs 1 open 2 
	-0.72962472624273345 1 -0.71344726180994411 1 
	0.98226461606247906 73.255652745978495 
	0.98211858377527606 73.271132285191669 
	
	nullbs 
	-1 
	-1 
	I I 
	0 
	0 
	0 
	
	-1 
	none F surf1 } I I surf1 } 0 0 #
name_attrib-gen-attrib $-1 -1 $3412 $-1 $3335 2 1 1 1 1 1 1 1 1 1 1 1 1 1 0 1 1 1 @3 eif #
tvertex-vertex $3413 -1 -1 $-1 $3335 $3414 3.6606183922509525e-006 #
intcurve-curve $-1 -1 -1 $-1 forward { ref 742 } I I #
integer_attrib-name_attrib-gen-attrib $-1 -1 $-1 $3337 $3299 2 1 1 1 1 1 1 1 1 1 1 1 1 1 0 1 1 1 @3 pid 97 #
integer_attrib-name_attrib-gen-attrib $-1 -1 $-1 $-1 $3338 2 1 1 1 1 1 1 1 1 1 1 1 1 1 0 1 1 1 @3 pid 98 #
point $-1 -1 -1 $-1 -36.658867791355497 -74.084864510533194 0.53663524022936504 #
coedge $-1 -1 -1 $-1 $3343 $3415 $-1 $3416 forward $20 $3417 #
edge $3418 -1 -1 $-1 $3419 -0.4458164429084237 $3383 -0.4329250082480639 $3343 $3420 forward @7 unknown T -36.29292863409858 -76.26777223919575 1.4196710844067264 -36.287598265040103 -76.254697833331491 1.4272404425230349 #
pcurve $-1 -1 -1 $-1 0 forward { exppc nubs 1 open 2 
	-0.4458164429084237 1 -0.4329250082480639 1 
	0.95183820972084365 75.410697820155491 
	0.95162846099395559 75.421772252320608 
	0.001 
	-1 
	spline forward { ref 1 } I I I I 
	} 0 0 #
name_attrib-gen-attrib $-1 -1 $3421 $-1 $3344 2 1 1 1 1 1 1 1 1 1 1 1 1 1 0 1 1 1 @3 eif #
tvertex-vertex $3422 -1 -1 $-1 $3380 $3423 0.00049075459428735569 #
intcurve-curve $-1 -1 -1 $-1 forward { ref 744 } I I #
integer_attrib-name_attrib-gen-attrib $-1 -1 $-1 $3346 $3308 2 1 1 1 1 1 1 1 1 1 1 1 1 1 0 1 1 1 @3 pid 115 #
integer_attrib-name_attrib-gen-attrib $-1 -1 $-1 $-1 $3347 2 1 1 1 1 1 1 1 1 1 1 1 1 1 0 1 1 1 @3 pid 115 #
point $-1 -1 -1 $-1 -36.285037912268002 -76.277607137450701 1.43216601498242 #
coedge $-1 -1 -1 $-1 $3424 $3352 $-1 $3425 forward $30 $3426 #
edge $3427 -1 -1 $-1 $3392 -0.53720839919710239 $3428 -0.52262049165432189 $3352 $3429 forward @7 unknown T 36.159649212166315 -76.620502665309758 1.6153246923219393 36.166218651707986 -76.607854448664284 1.6238235510537147 #
pcurve $-1 -1 -1 $-1 0 forward { exppc nubs 1 open 2 
	-0.53720839919710239 1 -0.52262049165432189 1 
	0.94403658608513152 -73.774502665309754 
	0.94429385062822357 -73.763854433185031 
	0.001 
	-1 
	spline forward { ref 3 } I I I I 
	} 0 0 #
name_attrib-gen-attrib $-1 -1 $3430 $-1 $3353 2 1 1 1 1 1 1 1 1 1 1 1 1 1 0 1 1 1 @3 eif #
tvertex-vertex $3431 -1 -1 $-1 $3353 $3432 0.00037212263512116878 #
intcurve-curve $-1 -1 -1 $-1 forward { parcur summary 3 2 -1.0576628396692347 -0.53720839919710239 0.001 OPEN 
	spline forward { ref 3 } I I I I 
	null_surface 
	nubs 2 open 7 
	-1.0576628396692347 2 -0.97092043292387942 2 -0.88417802617852392 2 -0.79743561943316854 2 -0.71069321268781316 2 
	-0.62395080594245778 2 -0.53720839919710239 2 
	0.93529177473988223 -74.137322135459286 
	0.93598175688140595 -74.108553955824306 
	0.93669043383543993 -74.079073988415701 
	0.93739435583722652 -74.049791820358422 
	0.93811271178955513 -74.019963614978721 
	0.93883078003934028 -73.990147355834381 
	0.9395585234603322 -73.959971155548985 
	0.94029068781386893 -73.929611639353595 
	0.94102780222541649 -73.899076750527158 
	0.94177329357437667 -73.868194847929459 
	0.94252049982164365 -73.837260540313864 
	0.9432727959631626 -73.806119497516647 
	0.94403658608513152 -73.774502665309754 
	
	nullbs 
	-1 
	-1 
	I I 
	5 -0.97092043292387942 -0.88417802617852392 -0.79743561943316854 -0.71069321268781316 -0.62395080594245778 
	0 
	0 
	
	-1 
	none F surf1 } I I #
integer_attrib-name_attrib-gen-attrib $-1 -1 $-1 $3355 $3317 2 1 1 1 1 1 1 1 1 1 1 1 1 1 0 1 1 1 @3 pid 290 #
integer_attrib-name_attrib-gen-attrib $-1 -1 $-1 $-1 $3356 2 1 1 1 1 1 1 1 1 1 1 1 1 1 0 1 1 1 @3 pid 290 #
point $-1 -1 -1 $-1 35.995951237239801 -76.982487812489694 1.83645439442174 #
coedge $-1 -1 -1 $-1 $3361 $3433 $-1 $3434 forward $30 $3435 #
edge $3436 -1 -1 $-1 $3437 -0.72054660647964308 $3401 -0.27247377809106965 $3361 $3438 forward @7 unknown T 36.576528071734948 -74.922612568117088 0.65587591038875492 36.625987470804418 -74.502109899727941 0.80500092772016585 #
pcurve $-1 -1 -1 $-1 0 forward { imppc forward { parcur summary 3 2 -0.72054660647964308 -0.27247377809106965 0.001 OPEN 
	spline forward { ref 3 } I I I I 
	null_surface 
	nubs 1 open 2 
	-0.72054660647964308 1 -0.27247377809106965 1 
	0.97363502181858486 -72.076612568117071 
	0.97848934052694403 -71.658109899727947 
	
	nullbs 
	-1 
	-1 
	I I 
	0 
	0 
	0 
	
	-1 
	none F surf1 } I I surf1 } 0 0 #
name_attrib-gen-attrib $-1 -1 $3439 $-1 $3362 2 1 1 1 1 1 1 1 1 1 1 1 1 1 0 1 1 1 @3 eif #
tvertex-vertex $3440 -1 -1 $-1 $3398 $3441 1.5937846313859518e-005 #
intcurve-curve $-1 -1 -1 $-1 forward { ref 749 } I I #
integer_attrib-name_attrib-gen-attrib $-1 -1 $-1 $3364 $3326 2 1 1 1 1 1 1 1 1 1 1 1 1 1 0 1 1 1 @3 pid 308 #
integer_attrib-name_attrib-gen-attrib $-1 -1 $-1 $-1 $3365 2 1 1 1 1 1 1 1 1 1 1 1 1 1 0 1 1 1 @3 pid 307 #
point $-1 -1 -1 $-1 36.626458558462701 -74.489256236928298 0.65195335524777298 #
coedge $-1 -1 -1 $-1 $3442 $3370 $-1 $3443 forward $20 $3444 #
edge $3445 -1 -1 $-1 $3410 -0.71344726180994411 $3446 -0.27215570918046528 $3370 $3447 forward @7 unknown T -36.657750435301573 -74.538692922008096 0.54361023852795287 -36.62061451086236 -74.115132285191663 0.66907079999151942 #
pcurve $-1 -1 -1 $-1 0 forward { imppc forward { parcur summary 3 2 -0.71344726180994411 -0.27215570918046528 0.001 OPEN 
	spline forward { ref 1 } I I I I 
	null_surface 
	nubs 1 open 2 
	-0.71344726180994411 1 -0.27215570918046528 1 
	0.98211858377527606 73.271132285191669 
	0.97812397022304975 73.692692922008092 
	
	nullbs 
	-1 
	-1 
	I I 
	0 
	0 
	1 -0.63272542999017289 
	
	-1 
	none F surf1 } I I surf1 } 0 0 #
name_attrib-gen-attrib $-1 -1 $3448 $-1 $3371 2 1 1 1 1 1 1 1 1 1 1 1 1 1 0 1 1 1 @3 eif #
tvertex-vertex $3449 -1 -1 $-1 $3371 $3450 4.107753406238242e-006 #
intcurve-curve $-1 -1 -1 $-1 forward { ref 751 } I I #
integer_attrib-name_attrib-gen-attrib $-1 -1 $-1 $3373 $3335 2 1 1 1 1 1 1 1 1 1 1 1 1 1 0 1 1 1 @3 pid 98 #
integer_attrib-name_attrib-gen-attrib $-1 -1 $-1 $-1 $3374 2 1 1 1 1 1 1 1 1 1 1 1 1 1 0 1 1 1 @3 pid 99 #
point $-1 -1 -1 $-1 -36.657963618988497 -74.100653812867293 0.54004908194027501 #
coedge $-1 -1 -1 $-1 $3379 $3451 $-1 $3452 forward $20 $3453 #
edge $3454 -1 -1 $-1 $3455 -0.89898805331625453 $3419 -0.4458167039600856 $3379 $3456 forward @7 unknown T -36.403360172115541 -76.256697608690999 1.2185382714535502 -36.290928701673799 -75.864692426305936 1.4216709711389028 #
pcurve $-1 -1 -1 $-1 0 forward { exppc nubs 1 open 2 
	-0.89898805331625453 1 -0.4458167039600856 1 
	0.95924024626242621 75.020692426305942 
	0.95183820972084365 75.410697820155491 
	0.001 
	-1 
	spline forward { ref 1 } I I I I 
	} 0 0 #
name_attrib-gen-attrib $-1 -1 $3457 $-1 $3380 2 1 1 1 1 1 1 1 1 1 1 1 1 1 0 1 1 1 @3 eif #
tvertex-vertex $3458 -1 -1 $-1 $3416 $3459 0.00028715411232291765 #
intcurve-curve $-1 -1 -1 $-1 forward { parcur summary 3 2 -0.44581645824629468 -0.43292499296973752 0.001 OPEN 
	spline forward { ref 1 } I I I I 
	null_surface 
	nubs 1 open 2 
	-0.44581645824629468 1 -0.43292499296973752 1 
	0.95183820972084365 75.410697820155491 
	0.95162846099395559 75.421772252320608 
	
	nullbs 
	-1 
	-1 
	I I 
	0 
	0 
	0 
	
	-1 
	none F surf1 } I I #
integer_attrib-name_attrib-gen-attrib $-1 -1 $-1 $3382 $3344 2 1 1 1 1 1 1 1 1 1 1 1 1 1 0 1 1 1 @3 pid 114 #
integer_attrib-name_attrib-gen-attrib $-1 -1 $-1 $-1 $3383 2 1 1 1 1 1 1 1 1 1 1 1 1 1 0 1 1 1 @3 pid 114 #
point $-1 -1 -1 $-1 -36.288722058730997 -76.266913340215197 1.4260338839292499 #
coedge $-1 -1 -1 $-1 $3460 $3388 $-1 $3461 forward $30 $3462 #
edge $3463 -1 -1 $-1 $3428 -0.94118451493129296 $3464 -0.92743960026911865 $3388 $3465 forward @7 unknown T 36.164157870669108 -76.609812525432105 1.6094766199330834 36.17030969811551 -76.596722918773423 1.6174113660441967 #
pcurve $-1 -1 -1 $-1 0 forward { exppc nubs 1 open 2 
	-0.94118451493129296 1 -0.92743960026911865 1 
	0.94429042143562691 -73.763812562330742 
	0.94452496010078069 -73.752722880600572 
	0.001 
	-1 
	spline forward { ref 3 } I I I I 
	} 0 0 #
name_attrib-gen-attrib $-1 -1 $3466 $-1 $3389 2 1 1 1 1 1 1 1 1 1 1 1 1 1 0 1 1 1 @3 eif #
tvertex-vertex $3467 -1 -1 $-1 $3389 $3468 0.00047603264781544407 #
intcurve-curve $-1 -1 -1 $-1 forward { parcur summary 3 2 -0.53720839919710239 -0.52262047044796001 0.001 OPEN 
	spline forward { ref 3 } I I I I 
	null_surface 
	nubs 1 open 2 
	-0.53720839919710239 1 -0.52262047044796001 1 
	0.94403658608513152 -73.774502665309754 
	0.94429385062822357 -73.763854433185031 
	
	nullbs 
	-1 
	-1 
	I I 
	0 
	0 
	0 
	
	-1 
	none F surf1 } I I #
integer_attrib-name_attrib-gen-attrib $-1 -1 $-1 $3391 $3353 2 1 1 1 1 1 1 1 1 1 1 1 1 1 0 1 1 1 @3 pid 291 #
integer_attrib-name_attrib-gen-attrib $-1 -1 $-1 $-1 $3392 2 1 1 1 1 1 1 1 1 1 1 1 1 1 0 1 1 1 @3 pid 291 #
point $-1 -1 -1 $-1 36.1608210509388 -76.619725203312399 1.62257978163558 #
coedge $-1 -1 -1 $-1 $3397 $3469 $-1 $3470 forward $30 $3471 #
edge $3472 -1 -1 $-1 $3473 -0.73388453844804613 $3437 -0.72054660647964308 $3397 $3474 forward @7 unknown T 36.575021944884163 -74.93506755408815 0.80300092772016585 36.578528071734944 -74.920612568117079 0.80934169224707031 #
pcurve $-1 -1 -1 $-1 0 forward { imppc forward { parcur summary 3 2 -0.73388453844804613 -0.72054660647964308 0.001 OPEN 
	spline forward { ref 3 } I I I I 
	null_surface 
	nubs 1 open 2 
	-0.73388453844804613 1 -0.72054660647964308 1 
	0.97349002792625761 -72.089067554088146 
	0.97363502181858486 -72.076612568117071 
	
	nullbs 
	-1 
	-1 
	I I 
	0 
	0 
	0 
	
	-1 
	none F surf1 } I I surf1 } 0 0 #
name_attrib-gen-attrib $-1 -1 $3475 $-1 $3398 2 1 1 1 1 1 1 1 1 1 1 1 1 1 0 1 1 1 @3 eif #
tvertex-vertex $3476 -1 -1 $-1 $3434 $3477 1.9603831188088973e-005 #
intcurve-curve $-1 -1 -1 $-1 forward { ref 756 } I I #
integer_attrib-name_attrib-gen-attrib $-1 -1 $-1 $3400 $3362 2 1 1 1 1 1 1 1 1 1 1 1 1 1 0 1 1 1 @3 pid 307 #
integer_attrib-name_attrib-gen-attrib $-1 -1 $-1 $-1 $3401 2 1 1 1 1 1 1 1 1 1 1 1 1 1 0 1 1 1 @3 pid 306 #
point $-1 -1 -1 $-1 36.624991760956497 -74.503115426508799 0.65686159032473002 #
coedge $-1 -1 -1 $-1 $3478 $3406 $-1 $3479 forward $20 $3480 #
edge $3481 -1 -1 $-1 $3446 -0.27215570918046528 $3482 -0.2575705105688868 $3406 $3483 forward @7 unknown T -36.622614510862356 -74.552620169344095 0.66707079999151941 -36.619383534414197 -74.536692922008086 0.67312513011468256 #
pcurve $-1 -1 -1 $-1 0 forward { imppc forward { parcur summary 3 2 -0.27215570918046528 -0.2575705105688868 0.001 OPEN 
	spline forward { ref 1 } I I I I 
	null_surface 
	nubs 1 open 2 
	-0.27215570918046528 1 -0.2575705105688868 1 
	0.97812397022304975 73.692692922008092 
	0.9779914893809758 73.706620169344092 
	
	nullbs 
	-1 
	-1 
	I I 
	0 
	0 
	0 
	
	-1 
	none F surf1 } I I surf1 } 0 0 #
name_attrib-gen-attrib $-1 -1 $3484 $-1 $3407 2 1 1 1 1 1 1 1 1 1 1 1 1 1 0 1 1 1 @3 eif #
tvertex-vertex $3485 -1 -1 $-1 $3407 $3486 5.8333023835235718e-006 #
intcurve-curve $-1 -1 -1 $-1 forward { ref 758 } I I #
integer_attrib-name_attrib-gen-attrib $-1 -1 $-1 $3409 $3371 2 1 1 1 1 1 1 1 1 1 1 1 1 1 0 1 1 1 @3 pid 99 #
integer_attrib-name_attrib-gen-attrib $-1 -1 $-1 $-1 $3410 2 1 1 1 1 1 1 1 1 1 1 1 1 1 0 1 1 1 @3 pid 100 #
point $-1 -1 -1 $-1 -36.656751447625702 -74.116133482383603 0.54460644174386896 #
coedge $-1 -1 -1 $-1 $3415 $3487 $-1 $3488 forward $20 $3489 #
edge $3490 -1 -1 $-1 $3491 -0.91118847679988724 $3455 -0.89898805331625453 $3415 $3492 forward @7 unknown T -36.406153571687163 -75.866692426305946 1.2129792599980767 -36.401360172115545 -75.854145302037779 1.22053827145355 #
pcurve $-1 -1 -1 $-1 0 forward { imppc forward { parcur summary 3 2 -0.91118847679988724 -0.89898805331625453 0.001 OPEN 
	spline forward { ref 1 } I I I I 
	null_surface 
	nubs 1 open 2 
	-0.91118847679988724 1 -0.89898805331625453 1 
	0.9594403455368159 75.010145302037785 
	0.95924024626242621 75.020692426305942 
	
	nullbs 
	-1 
	-1 
	I I 
	0 
	0 
	0 
	
	-1 
	none F surf1 } I I surf1 } 0 0 #
name_attrib-gen-attrib $-1 -1 $3493 $-1 $3416 2 1 1 1 1 1 1 1 1 1 1 1 1 1 0 1 1 1 @3 eif #
tvertex-vertex $3494 -1 -1 $-1 $3452 $3495 0.00025689204670051026 #
intcurve-curve $-1 -1 -1 $-1 forward { parcur summary 3 2 -0.89898805331625453 -0.44581645824629468 0.001 OPEN 
	spline forward { ref 1 } I I I I 
	null_surface 
	nubs 1 open 2 
	-0.89898805331625453 1 -0.44581645824629468 1 
	0.95924024626242621 75.020692426305942 
	0.95183820972084365 75.410697820155491 
	
	nullbs 
	-1 
	-1 
	I I 
	0 
	0 
	0 
	
	-1 
	none F surf1 } I I #
integer_attrib-name_attrib-gen-attrib $-1 -1 $-1 $3418 $3380 2 1 1 1 1 1 1 1 1 1 1 1 1 1 0 1 1 1 @3 pid 113 #
integer_attrib-name_attrib-gen-attrib $-1 -1 $-1 $-1 $3419 2 1 1 1 1 1 1 1 1 1 1 1 1 1 0 1 1 1 @3 pid 113 #
point $-1 -1 -1 $-1 -36.292055559955799 -76.255843011948798 1.42045831579985 #
coedge $-1 -1 -1 $-1 $3496 $3424 $-1 $3497 forward $30 $3498 #
edge $3499 -1 -1 $-1 $3464 -0.92743856198344454 $3500 -0.46192230268129769 $3424 $3501 forward @7 unknown T 36.168310013565446 -76.598722078435557 1.4012419781110177 36.303839497692685 -76.219899526491858 1.6114761679176934 #
pcurve $-1 -1 -1 $-1 0 forward { exppc nubs 1 open 2 
	-0.92743856198344454 1 -0.46192230268129769 1 
	0.94452496010078069 -73.752722880600572 
	0.95253033353177874 -73.37589921934152 
	0.001 
	-1 
	spline forward { ref 3 } I I I I 
	} 0 0 #
name_attrib-gen-attrib $-1 -1 $3502 $-1 $3425 2 1 1 1 1 1 1 1 1 1 1 1 1 1 0 1 1 1 @3 eif #
tvertex-vertex $3503 -1 -1 $-1 $3425 $3504 0.00048892997978514389 #
intcurve-curve $-1 -1 -1 $-1 forward { parcur summary 3 2 -0.94118456066496448 -0.92743955295610692 0.001 OPEN 
	spline forward { ref 3 } I I I I 
	null_surface 
	nubs 1 open 2 
	-0.94118456066496448 1 -0.92743955295610692 1 
	0.94429042143562691 -73.763812562330742 
	0.94452496010078069 -73.752722880600572 
	
	nullbs 
	-1 
	-1 
	I I 
	0 
	0 
	0 
	
	-1 
	none F surf1 } I I #
integer_attrib-name_attrib-gen-attrib $-1 -1 $-1 $3427 $3389 2 1 1 1 1 1 1 1 1 1 1 1 1 1 0 1 1 1 @3 pid 292 #
integer_attrib-name_attrib-gen-attrib $-1 -1 $-1 $-1 $3428 2 1 1 1 1 1 1 1 1 1 1 1 1 1 0 1 1 1 @3 pid 292 #
point $-1 -1 -1 $-1 36.165386690430999 -76.609072829085605 1.61608503705939 #
coedge $-1 -1 -1 $-1 $3433 $3505 $-1 $3506 forward $30 $3507 #
edge $3508 -1 -1 $-1 $3509 -0.32786425718080969 $3473 -0.31449809744016999 $3433 $3510 forward @7 unknown T 36.573250742457695 -74.947211280175623 0.80736714644278762 36.577013094519593 -74.933054429995423 0.81442348582065538 #
pcurve $-1 -1 -1 $-1 0 forward { imppc forward { parcur summary 3 2 -0.32786425718080969 -0.31449809744016999 0.001 OPEN 
	spline forward { ref 3 } I I I I 
	null_surface 
	nubs 1 open 2 
	-0.32786425718080969 1 -0.31449809744016999 1 
	0.97332014874100792 -72.101211280175605 
	0.9734891773756853 -72.089054429995429 
	
	nullbs 
	-1 
	-1 
	I I 
	0 
	0 
	0 
	
	-1 
	none F surf1 } I I surf1 } 0 0 #
name_attrib-gen-attrib $-1 -1 $3511 $-1 $3434 2 1 1 1 1 1 1 1 1 1 1 1 1 1 0 1 1 1 @3 eif #
tvertex-vertex $3512 -1 -1 $-1 $3470 $3513 4.8586553652954339e-005 #
intcurve-curve $-1 -1 -1 $-1 forward { ref 764 } I I #
integer_attrib-name_attrib-gen-attrib $-1 -1 $-1 $3436 $3398 2 1 1 1 1 1 1 1 1 1 1 1 1 1 0 1 1 1 @3 pid 306 #
integer_attrib-name_attrib-gen-attrib $-1 -1 $-1 $-1 $3437 2 1 1 1 1 1 1 1 1 1 1 1 1 1 0 1 1 1 @3 pid 305 #
point $-1 -1 -1 $-1 36.577534089487202 -74.921619353345605 0.80398354791783799 #
coedge $-1 -1 -1 $-1 $3514 $3442 $-1 $3515 forward $20 $3516 #
edge $3517 -1 -1 $-1 $3482 -0.78271485645657934 $3518 -0.76815015679475829 $3442 $3519 forward @7 unknown T -36.621379598318946 -74.566228214187134 0.67113806748399274 -36.617870819733447 -74.550614636241363 0.67808484495334254 #
pcurve $-1 -1 -1 $-1 0 forward { imppc forward { parcur summary 3 2 -0.78271485645657934 -0.76815015679475829 0.001 OPEN 
	spline forward { ref 1 } I I I I 
	null_surface 
	nubs 1 open 2 
	-0.78271485645657934 1 -0.76815015679475829 1 
	0.97799106649911738 73.706614636241369 
	0.97782930867633922 73.720228214187131 
	
	nullbs 
	-1 
	-1 
	I I 
	0 
	0 
	0 
	
	-1 
	none F surf1 } I I surf1 } 0 0 #
name_attrib-gen-attrib $-1 -1 $3520 $-1 $3443 2 1 1 1 1 1 1 1 1 1 1 1 1 1 0 1 1 1 @3 eif #
tvertex-vertex $3521 -1 -1 $-1 $3443 $3522 2.005976930616946e-005 #
intcurve-curve $-1 -1 -1 $-1 forward { ref 766 } I I #
integer_attrib-name_attrib-gen-attrib $-1 -1 $-1 $3445 $3407 2 1 1 1 1 1 1 1 1 1 1 1 1 1 0 1 1 1 @3 pid 100 #
integer_attrib-name_attrib-gen-attrib $-1 -1 $-1 $-1 $3446 2 1 1 1 1 1 1 1 1 1 1 1 1 1 0 1 1 1 @3 pid 101 #
point $-1 -1 -1 $-1 -36.621616129166497 -74.537694619900407 0.66806545904870995 #
coedge $-1 -1 -1 $-1 $3451 $3523 $-1 $3524 forward $20 $3525 #
edge $3526 -1 -1 $-1 $3527 -0.40502887150912215 $3491 -0.39274878669155189 $3451 $3528 forward @7 unknown T -36.408699603373464 -75.856207727085462 1.2078893808421913 -36.404194007318281 -75.843341609565144 1.2148985965241073 #
pcurve $-1 -1 -1 $-1 0 forward { exppc nubs 1 open 2 
	-0.40502887150912215 1 -0.39274878669155189 1 
	0.95962335965627465 74.999341607557852 
	0.9594432473558413 75.01020772904505 
	0.001 
	-1 
	spline forward { ref 1 } I I I I 
	} 0 0 #
name_attrib-gen-attrib $-1 -1 $3529 $-1 $3452 2 1 1 1 1 1 1 1 1 1 1 1 1 1 0 1 1 1 @3 eif #
tvertex-vertex $3530 -1 -1 $-1 $3488 $3531 0.00024819247771333482 #
intcurve-curve $-1 -1 -1 $-1 forward { ref 768 } I I #
integer_attrib-name_attrib-gen-attrib $-1 -1 $-1 $3454 $3416 2 1 1 1 1 1 1 1 1 1 1 1 1 1 0 1 1 1 @3 pid 112 #
integer_attrib-name_attrib-gen-attrib $-1 -1 $-1 $-1 $3455 2 1 1 1 1 1 1 1 1 1 1 1 1 1 0 1 1 1 @3 pid 112 #
point $-1 -1 -1 $-1 -36.402459702749397 -75.8658229421995 1.2193406536959699 #
coedge $-1 -1 -1 $-1 $3532 $3460 $-1 $3533 forward $30 $3534 #
edge $3535 -1 -1 $-1 $3500 -0.46192192323619741 $3536 -0.44884896328535118 $3460 $3537 forward @7 unknown T 36.301839599990807 -76.221899219341523 1.3951895694533472 36.307386424426262 -76.209248830398991 1.4032418039908334 #
pcurve $-1 -1 -1 $-1 0 forward { imppc forward { parcur summary 3 2 -0.46192192323619741 -0.44884896328535118 0.001 OPEN 
	spline forward { ref 3 } I I I I 
	null_surface 
	nubs 1 open 2 
	-0.46192192323619741 1 -0.44884896328535118 1 
	0.95253033353177874 -73.37589921934152 
	0.95275698442030565 -73.365248830398983 
	
	nullbs 
	-1 
	-1 
	I I 
	0 
	0 
	0 
	
	-1 
	none F surf1 } I I surf1 } 0 0 #
name_attrib-gen-attrib $-1 -1 $3538 $-1 $3461 2 1 1 1 1 1 1 1 1 1 1 1 1 1 0 1 1 1 @3 eif #
tvertex-vertex $3539 -1 -1 $-1 $3461 $3540 0.00045772706357267892 #
intcurve-curve $-1 -1 -1 $-1 forward { parcur summary 3 2 -0.92743955295610692 -0.46192192323619741 0.001 OPEN 
	spline forward { ref 3 } I I I I 
	null_surface 
	nubs 1 open 2 
	-0.92743955295610692 1 -0.46192192323619741 1 
	0.94452496010078069 -73.752722880600572 
	0.95253033353177874 -73.37589921934152 
	
	nullbs 
	-1 
	-1 
	I I 
	0 
	0 
	1 -0.60285829460082685 
	
	-1 
	none F surf1 } I I #
integer_attrib-name_attrib-gen-attrib $-1 -1 $-1 $3463 $3425 2 1 1 1 1 1 1 1 1 1 1 1 1 1 0 1 1 1 @3 pid 293 #
integer_attrib-name_attrib-gen-attrib $-1 -1 $-1 $-1 $3464 2 1 1 1 1 1 1 1 1 1 1 1 1 1 0 1 1 1 @3 pid 293 #
point $-1 -1 -1 $-1 36.1695439462979 -76.597990279802701 1.61014091411811 #
coedge $-1 -1 -1 $-1 $3469 $3541 $-1 $3542 forward $30 $3543 #
edge $3544 -1 -1 $-1 $3545 -0.7828045877437928 $3509 -0.32786425718080969 $3469 $3546 forward @7 unknown T 36.508886494276616 -75.360322751993266 0.81242348582065538 36.57525074245769 -74.945211280175613 0.98436437211916739 #
pcurve $-1 -1 -1 $-1 0 forward { imppc forward { parcur summary 3 2 -0.7828045877437928 -0.32786425718080969 0.001 OPEN 
	spline forward { ref 3 } I I I I 
	null_surface 
	nubs 1 open 2 
	-0.7828045877437928 1 -0.32786425718080969 1 
	0.96755384048237769 -72.514322751993262 
	0.97332014874100792 -72.101211280175605 
	
	nullbs 
	-1 
	-1 
	I I 
	0 
	0 
	0 
	
	-1 
	none F surf1 } I I surf1 } 0 0 #
name_attrib-gen-attrib $-1 -1 $3547 $-1 $3470 2 1 1 1 1 1 1 1 1 1 1 1 1 1 0 1 1 1 @3 eif #
tvertex-vertex $3548 -1 -1 $-1 $3506 $3549 5.1161579585135568e-005 #
intcurve-curve $-1 -1 -1 $-1 forward { ref 773 } I I #
integer_attrib-name_attrib-gen-attrib $-1 -1 $-1 $3472 $3434 2 1 1 1 1 1 1 1 1 1 1 1 1 1 0 1 1 1 @3 pid 305 #
integer_attrib-name_attrib-gen-attrib $-1 -1 $-1 $-1 $3473 2 1 1 1 1 1 1 1 1 1 1 1 1 1 0 1 1 1 @3 pid 304 #
point $-1 -1 -1 $-1 36.576027697051103 -74.934074015130804 0.80832514832685698 #
coedge $-1 -1 -1 $-1 $3550 $3478 $-1 $3551 forward $20 $3552 #
edge $3553 -1 -1 $-1 $3518 -0.76815015679475829 $3554 -0.32052274030529204 $3478 $3555 forward @7 unknown T -36.619870819733443 -74.984141915134757 0.67608484495334253 -36.568219208122585 -74.564228214187125 0.82872669635343554 #
pcurve $-1 -1 -1 $-1 0 forward { imppc forward { parcur summary 3 2 -0.76815015679475829 -0.32052274030529204 0.001 OPEN 
	spline forward { ref 1 } I I I I 
	null_surface 
	nubs 1 open 2 
	-0.76815015679475829 1 -0.32052274030529204 1 
	0.97782930867633922 73.720228214187131 
	0.97284123452684113 74.138141915134753 
	
	nullbs 
	-1 
	-1 
	I I 
	0 
	0 
	0 
	
	-1 
	none F surf1 } I I surf1 } 0 0 #
name_attrib-gen-attrib $-1 -1 $3556 $-1 $3479 2 1 1 1 1 1 1 1 1 1 1 1 1 1 0 1 1 1 @3 eif #
tvertex-vertex $3557 -1 -1 $-1 $3479 $3558 2.1392729754043677e-005 #
intcurve-curve $-1 -1 -1 $-1 forward { ref 775 } I I #
integer_attrib-name_attrib-gen-attrib $-1 -1 $-1 $3481 $3443 2 1 1 1 1 1 1 1 1 1 1 1 1 1 0 1 1 1 @3 pid 101 #
integer_attrib-name_attrib-gen-attrib $-1 -1 $-1 $-1 $3482 2 1 1 1 1 1 1 1 1 1 1 1 1 1 0 1 1 1 @3 pid 102 #
point $-1 -1 -1 $-1 -36.620385056485603 -74.5516217601824 0.67212012724359405 #
coedge $-1 -1 -1 $-1 $3487 $3559 $-1 $3560 forward $20 $3561 #
edge $3562 -1 -1 $-1 $3563 -0.85966175489149621 $3527 -0.40502887377760921 $3487 $3564 forward @7 unknown T -36.495797547621748 -75.845341607557856 1.018638946172955 -36.406699603835563 -75.440375417475991 1.2098893799163735 #
pcurve $-1 -1 -1 $-1 0 forward { imppc forward { parcur summary 3 2 -0.85966175489149621 -0.40502887377760921 0.001 OPEN 
	spline forward { ref 1 } I I I I 
	null_surface 
	nubs 1 open 2 
	-0.85966175489149621 1 -0.40502887377760921 1 
	0.96630064000366112 74.596375417475997 
	0.95962335965627465 74.999341607557852 
	
	nullbs 
	-1 
	-1 
	I I 
	0 
	0 
	1 -0.81320296315563712 
	
	-1 
	none F surf1 } I I surf1 } 0 0 #
name_attrib-gen-attrib $-1 -1 $3565 $-1 $3488 2 1 1 1 1 1 1 1 1 1 1 1 1 1 0 1 1 1 @3 eif #
tvertex-vertex $3566 -1 -1 $-1 $3524 $3567 0.00014338360044949757 #
intcurve-curve $-1 -1 -1 $-1 forward { parcur summary 3 2 -0.40502887377760921 -0.39274878447696193 0.001 OPEN 
	spline forward { ref 1 } I I I I 
	null_surface 
	nubs 1 open 2 
	-0.40502887377760921 1 -0.39274878447696193 1 
	0.95962335965627465 74.999341607557852 
	0.9594432473558413 75.01020772904505 
	
	nullbs 
	-1 
	-1 
	I I 
	0 
	0 
	0 
	
	-1 
	none F surf1 } I I #
integer_attrib-name_attrib-gen-attrib $-1 -1 $-1 $3490 $3452 2 1 1 1 1 1 1 1 1 1 1 1 1 1 0 1 1 1 @3 pid 111 #
integer_attrib-name_attrib-gen-attrib $-1 -1 $-1 $-1 $3491 2 1 1 1 1 1 1 1 1 1 1 1 1 1 0 1 1 1 @3 pid 111 #
point $-1 -1 -1 $-1 -36.405249366765801 -75.855271401031402 1.21378815308373 #
coedge $-1 -1 -1 $-1 $3568 $3496 $-1 $3569 forward $30 $3570 #
edge $3571 -1 -1 $-1 $3536 -0.88170644317912206 $3572 -0.86866618683116881 $3496 $3573 forward @7 unknown T 36.305462565562472 -76.211366460342234 1.3895747961894089 36.310660920685145 -76.198339375245311 1.3970593083798175 #
pcurve $-1 -1 -1 $-1 0 forward { exppc nubs 1 open 2 
	-0.88170644317912206 1 -0.86866618683116881 1 
	0.95276185891132237 -73.365366470778895 
	0.95296697053354562 -73.3543393645961 
	0.001 
	-1 
	spline forward { ref 3 } I I I I 
	} 0 0 #
name_attrib-gen-attrib $-1 -1 $3574 $-1 $3497 2 1 1 1 1 1 1 1 1 1 1 1 1 1 0 1 1 1 @3 eif #
tvertex-vertex $3575 -1 -1 $-1 $3497 $3576 0.00044412111596519818 #
intcurve-curve $-1 -1 -1 $-1 forward { ref 778 } I I #
integer_attrib-name_attrib-gen-attrib $-1 -1 $-1 $3499 $3461 2 1 1 1 1 1 1 1 1 1 1 1 1 1 0 1 1 1 @3 pid 294 #
integer_attrib-name_attrib-gen-attrib $-1 -1 $-1 $-1 $3500 2 1 1 1 1 1 1 1 1 1 1 1 1 1 0 1 1 1 @3 pid 294 #
point $-1 -1 -1 $-1 36.303033218459497 -76.221150991938899 1.40191220345607 #
coedge $-1 -1 -1 $-1 $3505 $3577 $-1 $3578 forward $30 $3579 #
edge $3580 -1 -1 $-1 $3581 -0.79515330697736353 $3545 -0.7828045877437928 $3505 $3582 forward @7 unknown T 36.507019147294407 -75.371535197364565 0.98236437211916738 36.510886494276612 -75.358322751993256 0.98891861727536601 #
pcurve $-1 -1 -1 $-1 0 forward { imppc forward { parcur summary 3 2 -0.79515330697736353 -0.7828045877437928 0.001 OPEN 
	spline forward { ref 3 } I I I I 
	null_surface 
	nubs 1 open 2 
	-0.79515330697736353 1 -0.7828045877437928 1 
	0.96739694874469773 -72.525535197364576 
	0.96755384048237769 -72.514322751993262 
	
	nullbs 
	-1 
	-1 
	I I 
	0 
	0 
	0 
	
	-1 
	none F surf1 } I I surf1 } 0 0 #
name_attrib-gen-attrib $-1 -1 $3583 $-1 $3506 2 1 1 1 1 1 1 1 1 1 1 1 1 1 0 1 1 1 @3 eif #
tvertex-vertex $3584 -1 -1 $-1 $3542 $3585 5.885336716087912e-005 #
intcurve-curve $-1 -1 -1 $-1 forward { ref 781 } I I #
integer_attrib-name_attrib-gen-attrib $-1 -1 $-1 $3508 $3470 2 1 1 1 1 1 1 1 1 1 1 1 1 1 0 1 1 1 @3 pid 304 #
integer_attrib-name_attrib-gen-attrib $-1 -1 $-1 $-1 $3509 2 1 1 1 1 1 1 1 1 1 1 1 1 1 0 1 1 1 @3 pid 303 #
point $-1 -1 -1 $-1 36.574266185289702 -74.946231903009505 0.81337928486039801 #
coedge $-1 -1 -1 $-1 $3586 $3514 $-1 $3587 forward $20 $3588 #
edge $3589 -1 -1 $-1 $3554 -0.32052274030529204 $3590 -0.30743225051663337 $3514 $3591 forward @7 unknown T -36.57021920812258 -74.996360983459482 0.82672669635343554 -36.566670278994074 -74.982141915134747 0.83309098659046399 #
pcurve $-1 -1 -1 $-1 0 forward { imppc forward { parcur summary 3 2 -0.32052274030529204 -0.30743225051663337 0.001 OPEN 
	spline forward { ref 1 } I I I I 
	null_surface 
	nubs 1 open 2 
	-0.32052274030529204 1 -0.30743225051663337 1 
	0.97284123452684113 74.138141915134753 
	0.97269487707634084 74.150360983459478 
	
	nullbs 
	-1 
	-1 
	I I 
	0 
	0 
	0 
	
	-1 
	none F surf1 } I I surf1 } 0 0 #
name_attrib-gen-attrib $-1 -1 $3592 $-1 $3515 2 1 1 1 1 1 1 1 1 1 1 1 1 1 0 1 1 1 @3 eif #
tvertex-vertex $3593 -1 -1 $-1 $3515 $3594 2.4256822489535971e-005 #
intcurve-curve $-1 -1 -1 $-1 forward { ref 783 } I I #
integer_attrib-name_attrib-gen-attrib $-1 -1 $-1 $3517 $3479 2 1 1 1 1 1 1 1 1 1 1 1 1 1 0 1 1 1 @3 pid 102 #
integer_attrib-name_attrib-gen-attrib $-1 -1 $-1 $-1 $3518 2 1 1 1 1 1 1 1 1 1 1 1 1 1 0 1 1 1 @3 pid 103 #
point $-1 -1 -1 $-1 -36.618876667144598 -74.565235811404406 0.67706572065051096 #
coedge $-1 -1 -1 $-1 $3523 $3586 $-1 $3595 forward $20 $3596 #
edge $3597 -1 -1 $-1 $3598 -0.87185426764363494 $3563 -0.85966175489149621 $3523 $3599 forward @7 unknown T -36.497982397803604 -75.442375417476001 1.0134594034560922 -36.493797547621753 -75.429522697247151 1.0206389461729548 #
pcurve $-1 -1 -1 $-1 0 forward { imppc forward { parcur summary 3 2 -0.87185426764363494 -0.85966175489149621 0.001 OPEN 
	spline forward { ref 1 } I I I I 
	null_surface 
	nubs 1 open 2 
	-0.87185426764363494 1 -0.85966175489149621 1 
	0.96648008149481568 74.585522697247143 
	0.96630064000366112 74.596375417475997 
	
	nullbs 
	-1 
	-1 
	I I 
	0 
	0 
	0 
	
	-1 
	none F surf1 } I I surf1 } 0 0 #
name_attrib-gen-attrib $-1 -1 $3600 $-1 $3524 2 1 1 1 1 1 1 1 1 1 1 1 1 1 0 1 1 1 @3 eif #
tvertex-vertex $3601 -1 -1 $-1 $3560 $3602 0.00012516753263102853 #
intcurve-curve $-1 -1 -1 $-1 forward { ref 785 } I I #
integer_attrib-name_attrib-gen-attrib $-1 -1 $-1 $3526 $3488 2 1 1 1 1 1 1 1 1 1 1 1 1 1 0 1 1 1 @3 pid 110 #
integer_attrib-name_attrib-gen-attrib $-1 -1 $-1 $-1 $3527 2 1 1 1 1 1 1 1 1 1 1 1 1 1 0 1 1 1 @3 pid 110 #
point $-1 -1 -1 $-1 -36.407756517281399 -75.844407307022095 1.2087753479166601 #
coedge $-1 -1 -1 $-1 $3603 $3532 $-1 $3604 forward $30 $3605 #
edge $3606 -1 -1 $-1 $3572 -0.86866599191330118 $3607 -0.40594341559778313 $3532 $3608 forward @7 unknown T 36.308660968569946 -76.200339210138097 1.1898424399105481 36.417637915340038 -75.806339112639705 1.3915747138889529 #
pcurve $-1 -1 -1 $-1 0 forward { exppc nubs 1 open 2 
	-0.86866599191330118 1 -0.40594341559778319 1 
	0.95296697053354562 -73.3543393645961 
	0.96027074681127245 -72.962339112639711 
	0.001 
	-1 
	spline forward { ref 3 } I I I I 
	} 0 0 #
name_attrib-gen-attrib $-1 -1 $3609 $-1 $3533 2 1 1 1 1 1 1 1 1 1 1 1 1 1 0 1 1 1 @3 eif #
tvertex-vertex $3610 -1 -1 $-1 $3533 $3611 0.00026124711272916188 #
intcurve-curve $-1 -1 -1 $-1 forward { parcur summary 3 2 -0.88170645552117399 -0.86866617423776848 0.001 OPEN 
	spline forward { ref 3 } I I I I 
	null_surface 
	nubs 1 open 2 
	-0.88170645552117399 1 -0.86866617423776848 1 
	0.95276185891132237 -73.365366470778895 
	0.95296697053354562 -73.3543393645961 
	
	nullbs 
	-1 
	-1 
	I I 
	0 
	0 
	0 
	
	-1 
	none F surf1 } I I #
integer_attrib-name_attrib-gen-attrib $-1 -1 $-1 $3535 $3497 2 1 1 1 1 1 1 1 1 1 1 1 1 1 0 1 1 1 @3 pid 295 #
integer_attrib-name_attrib-gen-attrib $-1 -1 $-1 $-1 $3536 2 1 1 1 1 1 1 1 1 1 1 1 1 1 0 1 1 1 @3 pid 295 #
point $-1 -1 -1 $-1 36.3065735811523 -76.210493128115402 1.3958693592859499 #
coedge $-1 -1 -1 $-1 $3541 $3603 $-1 $3612 forward $30 $3613 #
edge $3614 -1 -1 $-1 $3615 -0.36397003327210653 $3581 -0.35154882410642141 $3541 $3616 forward @7 unknown T 36.504886914419949 -75.382436390065877 0.98695978693331832 36.509002231579444 -75.369508970702825 0.99409600516943808 #
pcurve $-1 -1 -1 $-1 0 forward { imppc forward { parcur summary 3 2 -0.36397003327210653 -0.35154882410642141 0.001 OPEN 
	spline forward { ref 3 } I I I I 
	null_surface 
	nubs 1 open 2 
	-0.36397003327210653 1 -0.35154882410642141 1 
	0.96721843506449823 -72.536436390065887 
	0.96739552988689415 -72.525508970702845 
	
	nullbs 
	-1 
	-1 
	I I 
	0 
	0 
	0 
	
	-1 
	none F surf1 } I I surf1 } 0 0 #
name_attrib-gen-attrib $-1 -1 $3617 $-1 $3542 2 1 1 1 1 1 1 1 1 1 1 1 1 1 0 1 1 1 @3 eif #
tvertex-vertex $3618 -1 -1 $-1 $3578 $3619 0.00010815465742879007 #
intcurve-curve $-1 -1 -1 $-1 forward { ref 789 } I I #
integer_attrib-name_attrib-gen-attrib $-1 -1 $-1 $3544 $3506 2 1 1 1 1 1 1 1 1 1 1 1 1 1 0 1 1 1 @3 pid 303 #
integer_attrib-name_attrib-gen-attrib $-1 -1 $-1 $-1 $3545 2 1 1 1 1 1 1 1 1 1 1 1 1 1 0 1 1 1 @3 pid 302 #
point $-1 -1 -1 $-1 36.509906901564896 -75.359346410712504 0.98331449701099805 #
coedge $-1 -1 -1 $-1 $3559 $3550 $-1 $3620 forward $20 $3621 #
edge $3622 -1 -1 $-1 $3590 -0.8304717234799659 $3623 -0.81737674709793184 $3550 $3624 forward @7 unknown T -36.568660702153572 -75.008271563809529 0.83111791433078264 -36.564859165423066 -74.99434659200378 0.83817121052917087 #
pcurve $-1 -1 -1 $-1 0 forward { imppc forward { parcur summary 3 2 -0.8304717234799659 -0.81737674709793184 0.001 OPEN 
	spline forward { ref 1 } I I I I 
	null_surface 
	nubs 1 open 2 
	-0.8304717234799659 1 -0.81737674709793184 1 
	0.97269397371649935 74.150346592003785 
	0.97252437577051865 74.162271563809526 
	
	nullbs 
	-1 
	-1 
	I I 
	0 
	0 
	0 
	
	-1 
	none F surf1 } I I surf1 } 0 0 #
name_attrib-gen-attrib $-1 -1 $3625 $-1 $3551 2 1 1 1 1 1 1 1 1 1 1 1 1 1 0 1 1 1 @3 eif #
tvertex-vertex $3626 -1 -1 $-1 $3551 $3627 5.5056344751766308e-005 #
intcurve-curve $-1 -1 -1 $-1 forward { ref 791 } I I #
integer_attrib-name_attrib-gen-attrib $-1 -1 $-1 $3553 $3515 2 1 1 1 1 1 1 1 1 1 1 1 1 1 0 1 1 1 @3 pid 103 #
integer_attrib-name_attrib-gen-attrib $-1 -1 $-1 $-1 $3554 2 1 1 1 1 1 1 1 1 1 1 1 1 1 0 1 1 1 @3 pid 104 #
point $-1 -1 -1 $-1 -36.569226780617299 -74.983150512175996 0.82770531548247805 #
edge $3628 -1 -1 $-1 $3629 -0.36396493888575887 $3598 -0.3517071204984632 $3559 $3630 forward @7 unknown T -36.499934782911161 -75.431551712394025 1.0088104315833588 -36.496001065170006 -75.418411458250674 1.0154150452309572 #
pcurve $-1 -1 -1 $-1 0 forward { imppc forward { parcur summary 3 2 -0.36396493888575887 -0.3517071204984632 0.001 OPEN 
	spline forward { ref 1 } I I I I 
	null_surface 
	nubs 1 open 2 
	-0.36396493888575887 1 -0.3517071204984632 1 
	0.96664099897945421 74.574411458250694 
	0.9664816175285883 74.585551712394022 
	
	nullbs 
	-1 
	-1 
	I I 
	0 
	0 
	0 
	
	-1 
	none F surf1 } I I surf1 } 0 0 #
name_attrib-gen-attrib $-1 -1 $3631 $-1 $3560 2 1 1 1 1 1 1 1 1 1 1 1 1 1 0 1 1 1 @3 eif #
tvertex-vertex $3632 -1 -1 $-1 $3595 $3633 0.00012020355671109755 #
intcurve-curve $-1 -1 -1 $-1 forward { ref 793 } I I #
integer_attrib-name_attrib-gen-attrib $-1 -1 $-1 $3562 $3524 2 1 1 1 1 1 1 1 1 1 1 1 1 1 0 1 1 1 @3 pid 109 #
integer_attrib-name_attrib-gen-attrib $-1 -1 $-1 $-1 $3563 2 1 1 1 1 1 1 1 1 1 1 1 1 1 0 1 1 1 @3 pid 109 #
point $-1 -1 -1 $-1 -36.494840828082197 -75.441432986733403 1.0195365767753299 #
coedge $-1 -1 -1 $-1 $3577 $3568 $-1 $3634 forward $30 $3635 #
edge $3636 -1 -1 $-1 $3607 -0.40594341559778313 $3637 -0.39352812041970042 $3568 $3638 forward @7 unknown T 36.415637915340042 -75.808339112639715 1.184345688605875 36.420332929576126 -75.79577390415588 1.1918424399105478 #
pcurve $-1 -1 -1 $-1 0 forward { imppc forward { parcur summary 3 2 -0.40594341559778313 -0.39352812041970042 0.001 OPEN 
	spline forward { ref 3 } I I I I 
	null_surface 
	nubs 1 open 2 
	-0.40594341559778313 1 -0.39352812041970042 1 
	0.96027074681127245 -72.962339112639711 
	0.96046746210220968 -72.951773904155914 
	
	nullbs 
	-1 
	-1 
	I I 
	0 
	0 
	0 
	
	-1 
	none F surf1 } I I surf1 } 0 0 #
name_attrib-gen-attrib $-1 -1 $3639 $-1 $3569 2 1 1 1 1 1 1 1 1 1 1 1 1 1 0 1 1 1 @3 eif #
tvertex-vertex $3640 -1 -1 $-1 $3569 $3641 0.00023208402298816288 #
intcurve-curve $-1 -1 -1 $-1 forward { parcur summary 3 2 -0.86866617423776848 -0.40594341559778313 0.001 OPEN 
	spline forward { ref 3 } I I I I 
	null_surface 
	nubs 1 open 2 
	-0.86866617423776848 1 -0.40594341559778313 1 
	0.95296697053354562 -73.3543393645961 
	0.96027074681127245 -72.962339112639711 
	
	nullbs 
	-1 
	-1 
	I I 
	0 
	0 
	0 
	
	-1 
	none F surf1 } I I #
integer_attrib-name_attrib-gen-attrib $-1 -1 $-1 $3571 $3533 2 1 1 1 1 1 1 1 1 1 1 1 1 1 0 1 1 1 @3 pid 296 #
integer_attrib-name_attrib-gen-attrib $-1 -1 $-1 $-1 $3572 2 1 1 1 1 1 1 1 1 1 1 1 1 1 0 1 1 1 @3 pid 296 #
point $-1 -1 -1 $-1 36.309774770135903 -76.199469733792995 1.3903791050922201 #
edge $3642 -1 -1 $-1 $3643 -0.82560650816079295 $3615 -0.36397003327210653 $3577 $3644 forward @7 unknown T 36.420782877117297 -75.786951454796764 0.99209600516943808 36.506886914419944 -75.380436390065867 1.1813260997890038 #
pcurve $-1 -1 -1 $-1 0 forward { imppc forward { parcur summary 3 2 -0.82560650816079295 -0.36397003327210653 0.001 OPEN 
	spline forward { ref 3 } I I I I 
	null_surface 
	nubs 1 open 2 
	-0.82560650816079295 1 -0.36397003327210653 1 
	0.96064691219987908 -72.94095145479676 
	0.96721843506449823 -72.536436390065887 
	
	nullbs 
	-1 
	-1 
	I I 
	0 
	0 
	1 -0.47637699971133357 
	
	-1 
	none F surf1 } I I surf1 } 0 0 #
name_attrib-gen-attrib $-1 -1 $3645 $-1 $3578 2 1 1 1 1 1 1 1 1 1 1 1 1 1 0 1 1 1 @3 eif #
tvertex-vertex $3646 -1 -1 $-1 $3612 $3647 0.00011274379727916198 #
intcurve-curve $-1 -1 -1 $-1 forward { ref 797 } I I #
integer_attrib-name_attrib-gen-attrib $-1 -1 $-1 $3580 $3542 2 1 1 1 1 1 1 1 1 1 1 1 1 1 0 1 1 1 @3 pid 302 #
integer_attrib-name_attrib-gen-attrib $-1 -1 $-1 $-1 $3581 2 1 1 1 1 1 1 1 1 1 1 1 1 1 0 1 1 1 @3 pid 301 #
point $-1 -1 -1 $-1 36.508038872448502 -75.370557980902603 0.98787060802910598 #
edge $3648 -1 -1 $-1 $3623 -0.81737674709793184 $3629 -0.36396493888575887 $3586 $3649 forward @7 unknown T -36.566859165423061 -75.420411458250683 0.83617121052917087 -36.497934782911166 -75.00627156380952 1.0108104315833586 #
pcurve $-1 -1 -1 $-1 0 forward { imppc forward { parcur summary 3 2 -0.81737674709793184 -0.36396493888575887 0.001 OPEN 
	spline forward { ref 1 } I I I I 
	null_surface 
	nubs 1 open 2 
	-0.81737674709793184 1 -0.36396493888575887 1 
	0.97252437577051865 74.162271563809526 
	0.96664099897945421 74.574411458250694 
	
	nullbs 
	-1 
	-1 
	I I 
	0 
	0 
	0 
	
	-1 
	none F surf1 } I I surf1 } 0 0 #
name_attrib-gen-attrib $-1 -1 $3650 $-1 $3587 2 1 1 1 1 1 1 1 1 1 1 1 1 1 0 1 1 1 @3 eif #
tvertex-vertex $3651 -1 -1 $-1 $3587 $3652 5.7868051853106873e-005 #
intcurve-curve $-1 -1 -1 $-1 forward { ref 799 } I I #
integer_attrib-name_attrib-gen-attrib $-1 -1 $-1 $3589 $3551 2 1 1 1 1 1 1 1 1 1 1 1 1 1 0 1 1 1 @3 pid 104 #
integer_attrib-name_attrib-gen-attrib $-1 -1 $-1 $-1 $3590 2 1 1 1 1 1 1 1 1 1 1 1 1 1 0 1 1 1 @3 pid 105 #
point $-1 -1 -1 $-1 -36.567677526533998 -74.995369180390398 0.83207060781843001 #
name_attrib-gen-attrib $-1 -1 $3653 $-1 $3595 2 1 1 1 1 1 1 1 1 1 1 1 1 1 0 1 1 1 @3 eif #
tvertex-vertex $3654 -1 -1 $-1 $3620 $3655 6.6617925209998515e-005 #
intcurve-curve $-1 -1 -1 $-1 forward { ref 801 } I I #
integer_attrib-name_attrib-gen-attrib $-1 -1 $-1 $3597 $3560 2 1 1 1 1 1 1 1 1 1 1 1 1 1 0 1 1 1 @3 pid 108 #
integer_attrib-name_attrib-gen-attrib $-1 -1 $-1 $-1 $3598 2 1 1 1 1 1 1 1 1 1 1 1 1 1 0 1 1 1 @3 pid 108 #
point $-1 -1 -1 $-1 -36.497023797571302 -75.430577984253404 1.0143610250986099 #
edge $3656 -1 -1 $-1 $3637 -0.83803919638862989 $3643 -0.82560650976504824 $3603 $3657 forward @7 unknown T 36.418368862554772 -75.797829533013783 1.1793261004275426 36.422782876806316 -75.784951456200403 1.1862722237299379 #
pcurve $-1 -1 -1 $-1 0 forward { exppc nubs 1 open 2 
	-0.83803919638862989 1 -0.82560650976504824 1 
	0.96047008974415449 -72.951829534329718 
	0.96064691219987908 -72.94095145479676 
	0.001 
	-1 
	spline forward { ref 3 } I I I I 
	} 0 0 #
name_attrib-gen-attrib $-1 -1 $3658 $-1 $3604 2 1 1 1 1 1 1 1 1 1 1 1 1 1 0 1 1 1 @3 eif #
tvertex-vertex $3659 -1 -1 $-1 $3604 $3660 0.00022403083558251774 #
intcurve-curve $-1 -1 -1 $-1 forward { ref 803 } I I #
integer_attrib-name_attrib-gen-attrib $-1 -1 $-1 $3606 $3569 2 1 1 1 1 1 1 1 1 1 1 1 1 1 0 1 1 1 @3 pid 297 #
integer_attrib-name_attrib-gen-attrib $-1 -1 $-1 $-1 $3607 2 1 1 1 1 1 1 1 1 1 1 1 1 1 0 1 1 1 @3 pid 297 #
point $-1 -1 -1 $-1 36.4167264800816 -75.8074554678509 1.1906622157581499 #
name_attrib-gen-attrib $-1 -1 $3661 $-1 $3612 2 1 1 1 1 1 1 1 1 1 1 1 1 1 0 1 1 1 @3 eif #
tvertex-vertex $3662 -1 -1 $-1 $3634 $3663 0.00012963193038251276 #
intcurve-curve $-1 -1 -1 $-1 forward { ref 806 } I I #
integer_attrib-name_attrib-gen-attrib $-1 -1 $-1 $3614 $3578 2 1 1 1 1 1 1 1 1 1 1 1 1 1 0 1 1 1 @3 pid 301 #
integer_attrib-name_attrib-gen-attrib $-1 -1 $-1 $-1 $3615 2 1 1 1 1 1 1 1 1 1 1 1 1 1 0 1 1 1 @3 pid 300 #
point $-1 -1 -1 $-1 36.505925262335097 -75.3814874790544 0.99300310459635199 #
name_attrib-gen-attrib $-1 -1 $3664 $-1 $3620 2 1 1 1 1 1 1 1 1 1 1 1 1 1 0 1 1 1 @3 eif #
intcurve-curve $-1 -1 -1 $-1 forward { ref 808 } I I #
integer_attrib-name_attrib-gen-attrib $-1 -1 $-1 $3622 $3587 2 1 1 1 1 1 1 1 1 1 1 1 1 1 0 1 1 1 @3 pid 105 #
integer_attrib-name_attrib-gen-attrib $-1 -1 $-1 $-1 $3623 2 1 1 1 1 1 1 1 1 1 1 1 1 1 0 1 1 1 @3 pid 106 #
point $-1 -1 -1 $-1 -36.565876924338902 -75.007295305440607 0.83712151478199803 #
integer_attrib-name_attrib-gen-attrib $-1 -1 $-1 $3628 $3595 2 1 1 1 1 1 1 1 1 1 1 1 1 1 0 1 1 1 @3 pid 107 #
integer_attrib-name_attrib-gen-attrib $-1 -1 $-1 $-1 $3629 2 1 1 1 1 1 1 1 1 1 1 1 1 1 0 1 1 1 @3 pid 107 #
point $-1 -1 -1 $-1 -36.498958277755797 -75.419438711790704 1.0097543674701399 #
name_attrib-gen-attrib $-1 -1 $3665 $-1 $3634 2 1 1 1 1 1 1 1 1 1 1 1 1 1 0 1 1 1 @3 eif #
intcurve-curve $-1 -1 -1 $-1 forward { parcur summary 3 2 -0.83803919789262438 -0.82560650816079295 0.001 OPEN 
	spline forward { ref 3 } I I I I 
	null_surface 
	nubs 1 open 2 
	-0.83803919789262438 1 -0.82560650816079295 1 
	0.96047008974415449 -72.951829534329718 
	0.96064691219987908 -72.94095145479676 
	
	nullbs 
	-1 
	-1 
	I I 
	0 
	0 
	0 
	
	-1 
	none F surf1 } I I #
integer_attrib-name_attrib-gen-attrib $-1 -1 $-1 $3636 $3604 2 1 1 1 1 1 1 1 1 1 1 1 1 1 0 1 1 1 @3 pid 298 #
integer_attrib-name_attrib-gen-attrib $-1 -1 $-1 $-1 $3637 2 1 1 1 1 1 1 1 1 1 1 1 1 1 0 1 1 1 @3 pid 298 #
point $-1 -1 -1 $-1 36.419418095298802 -75.796886224359099 1.18517155995538 #
integer_attrib-name_attrib-gen-attrib $-1 -1 $-1 $3642 $3612 2 1 1 1 1 1 1 1 1 1 1 1 1 1 0 1 1 1 @3 pid 300 #
integer_attrib-name_attrib-gen-attrib $-1 -1 $-1 $-1 $3643 2 1 1 1 1 1 1 1 1 1 1 1 1 1 0 1 1 1 @3 pid 299 #
point $-1 -1 -1 $-1 36.421833520682803 -75.7860099833524 1.18022210904508 #
integer_attrib-name_attrib-gen-attrib $-1 -1 $-1 $3648 $3620 2 1 1 1 1 1 1 1 1 1 1 1 1 1 0 1 1 1 @3 pid 106 #
integer_attrib-name_attrib-gen-attrib $-1 -1 $-1 $3656 $3634 2 1 1 1 1 1 1 1 1 1 1 1 1 1 0 1 1 1 @3 pid 299 #
End-of-ACIS-data 