2300 0 1 0           
4 HQH1 12 ACIS 23.0 NT 24 Wed Aug 28 20:16:24 2024 
1 9.9999999999999995e-007 1e-010 
body $1 -1 -1 $-1 $2 $-1 $3 T -16.550030411644201 -76.749999999999986 -2.3500000000000001 -15.449969588355772 -73.649814044523097 -0.89975027392397433 #
rgb_color-st-attrib $-1 -1 $4 $-1 $0 2 1 2 1 1 1 1 1 1 1 1 1 1 1 0 1 1 1 0.50196099281311035 1 1 #
lump $-1 -1 -1 $-1 $-1 $5 $0 T -16.550030411644201 -76.749999999999986 -2.3500000000000001 -15.449969588355772 -73.649814044523097 -0.89975027392397433 #
transform $-1 -1 1 0 0 0 1 0 0 0 1 0 0 0 1 no_rotate no_reflect no_shear #
name_attrib-gen-attrib $-1 -1 $6 $1 $0 2 1 1 1 1 1 1 1 1 1 1 1 1 1 0 1 1 1 @27 c0.501961 1.000000 1.000000 #
shell $-1 -1 -1 $-1 $-1 $-1 $7 $-1 $2 T -16.550030411644201 -76.749999999999986 -2.3500000000000001 -15.449969588355772 -73.649814044523097 -0.89975027392397433 #
integer_attrib-name_attrib-gen-attrib $-1 -1 $8 $4 $0 2 1 1 1 1 1 1 1 1 1 1 1 1 1 0 1 1 1 @4 type 5 #
face $9 -1 -1 $-1 $10 $11 $5 $-1 $12 forward double out T -16.550000000000004 -76.749999999999986 -0.90007815341219388 -15.449999999999999 -74.001282815112589 -0.89992448242360989 F #
name_attrib-gen-attrib $-1 -1 $13 $6 $0 2 1 1 1 1 1 1 1 1 1 1 1 1 1 0 1 1 1 @7 mVacuum #
integer_attrib-name_attrib-gen-attrib $-1 -1 $14 $-1 $7 2 0 0 1 1 1 1 1 1 1 1 1 1 1 0 1 1 1 @3 fif 0 #
face $15 -1 -1 $-1 $16 $17 $5 $-1 $18 reversed double out T -15.450000000000001 -75.799999999999983 -0.99999999999999989 -15.450000000000001 -75.59999999999998 -0.89999999999999991 F #
loop $-1 -1 -1 $-1 $-1 $19 $7 T -16.550000000000004 -76.749999999999986 -0.90007815341219388 -15.449999999999999 -74.001282815112589 -0.89992448242360989 unknown #
plane-surface $-1 -1 -1 $-1 -16.550000000000001 -73.999999999999986 -0.89999999999999991 0 0 1 0 -1 0 forward_v I I I I #
name_attrib-gen-attrib $-1 -1 $20 $8 $0 2 1 1 1 1 1 1 1 1 1 1 1 1 1 0 1 1 1 @6 nx:s92 #
integer_attrib-name_attrib-gen-attrib $-1 -1 $21 $9 $7 2 1 1 1 1 1 1 1 1 1 1 1 1 1 0 1 1 1 @3 pid 1 #
integer_attrib-name_attrib-gen-attrib $-1 -1 $22 $-1 $10 2 0 0 1 1 1 1 1 1 1 1 1 1 1 0 1 1 1 @3 fif 0 #
face $23 -1 -1 $-1 $24 $25 $5 $-1 $26 forward double out T -15.550000000000002 -75.599999999999994 -0.99999999999999989 -15.450000000000001 -75.499999999999986 -0.89999999999999991 F #
loop $-1 -1 -1 $-1 $-1 $27 $10 T -15.450000000000001 -75.799999999999983 -0.99999999999999989 -15.450000000000001 -75.59999999999998 -0.89999999999999991 unknown #
plane-surface $-1 -1 -1 $-1 -15.450000000000001 -75.374999999999986 -0.94999999999999996 -1 0 0 0 -1 0 forward_v I I I I #
coedge $-1 -1 -1 $-1 $28 $29 $30 $31 forward $11 $-1 #
integer_attrib-name_attrib-gen-attrib $-1 -1 $32 $13 $0 2 1 1 1 1 1 1 1 1 1 1 1 1 1 0 1 1 1 @3 noe 349 #
string_attrib-name_attrib-gen-attrib $-1 -1 $-1 $14 $7 2 1 2 1 1 1 1 1 1 1 1 1 1 1 0 1 1 1 @15 ATTRIB_XACIS_ID @5 81713 #
integer_attrib-name_attrib-gen-attrib $-1 -1 $33 $15 $10 2 1 1 1 1 1 1 1 1 1 1 1 1 1 0 1 1 1 @3 pid 2 #
integer_attrib-name_attrib-gen-attrib $-1 -1 $34 $-1 $16 2 0 0 1 1 1 1 1 1 1 1 1 1 1 0 1 1 1 @3 fif 0 #
face $35 -1 -1 $-1 $36 $37 $5 $-1 $38 reversed double out T -15.649999567970205 -75.5 -0.99999999999999989 -15.550000000000001 -75.299999999999983 -0.89999999999999991 F #
loop $-1 -1 -1 $-1 $-1 $39 $16 T -15.550000000000002 -75.599999999999994 -0.99999999999999989 -15.450000000000001 -75.499999999999986 -0.89999999999999991 unknown #
cone-surface $-1 -1 -1 $-1 -15.550000000000001 -75.59999999999998 -4.5346617600289996 0 0 1 0.10000000000000001 0 0 1 I I -0 1 0.10000000000000001 reversed I I I I #
coedge $-1 -1 -1 $-1 $40 $41 $42 $43 forward $17 $-1 #
coedge $-1 -1 -1 $-1 $44 $19 $45 $46 reversed $11 $-1 #
coedge $-1 -1 -1 $-1 $19 $47 $48 $49 reversed $11 $-1 #
coedge $-1 -1 -1 $-1 $41 $40 $19 $31 reversed $17 $-1 #
edge $50 -1 -1 $-1 $51 0 $52 0.19999999999999996 $19 $53 forward @7 unknown T -15.450000000000001 -75.799999999999983 -0.89999999999999991 -15.450000000000001 -75.59999999999998 -0.89999999999999991 #
integer_attrib-name_attrib-gen-attrib $-1 -1 $54 $20 $0 2 1 1 1 1 1 1 1 1 1 1 1 1 1 0 1 1 1 @3 nof 134 #
string_attrib-name_attrib-gen-attrib $-1 -1 $-1 $22 $10 2 1 2 1 1 1 1 1 1 1 1 1 1 1 0 1 1 1 @15 ATTRIB_XACIS_ID @5 81815 #
integer_attrib-name_attrib-gen-attrib $-1 -1 $55 $23 $16 2 1 1 1 1 1 1 1 1 1 1 1 1 1 0 1 1 1 @3 pid 3 #
integer_attrib-name_attrib-gen-attrib $-1 -1 $56 $-1 $24 2 0 0 1 1 1 1 1 1 1 1 1 1 1 0 1 1 1 @3 fif 0 #
face $57 -1 -1 $-1 $58 $59 $5 $-1 $60 forward double out T -15.550000000000026 -75.299999999999983 -0.99999999999999989 -15.450000000000001 -75.199999999999989 -0.89999999999999991 F #
loop $-1 -1 -1 $-1 $-1 $61 $24 T -15.649999567970205 -75.5 -0.99999999999999989 -15.550000000000001 -75.299999999999983 -0.89999999999999991 unknown #
cone-surface $-1 -1 -1 $-1 -15.550000000000001 -75.399999999999991 -0.94999999999999996 -0 0 1 0 0.10000000000000001 0 1 I I -0 1 0.10000000000000001 reversed I I I I #
coedge $-1 -1 -1 $-1 $62 $45 $40 $63 reversed $25 $-1 #
coedge $-1 -1 -1 $-1 $30 $27 $39 $63 forward $17 $-1 #
coedge $-1 -1 -1 $-1 $27 $30 $64 $65 forward $17 $-1 #
coedge $-1 -1 -1 $-1 $66 $67 $27 $43 reversed $68 $-1 #
edge $69 -1 -1 $-1 $70 0 $71 0.19999999999999996 $27 $72 forward @7 unknown T -15.450000000000001 -75.799999999999983 -0.99999999999999989 -15.450000000000001 -75.59999999999998 -0.99999999999999956 #
coedge $-1 -1 -1 $-1 $73 $28 $74 $75 reversed $11 $-1 #
coedge $-1 -1 -1 $-1 $39 $76 $28 $46 forward $25 $-1 #
edge $77 -1 -1 $-1 $78 0 $52 1.5707829309572265 $28 $79 forward @7 unknown T -15.550000000000001 -75.59999999999998 -0.89999999999999991 -15.450000000000001 -75.499999999999986 -0.89999999999999991 #
coedge $-1 -1 -1 $-1 $29 $80 $81 $82 reversed $11 $-1 #
coedge $-1 -1 -1 $-1 $83 $64 $29 $49 forward $84 $-1 #
edge $85 -1 -1 $-1 $51 0 $86 1.5707829309572299 $29 $87 forward @7 unknown T -15.550000000000001 -75.899999999999991 -0.89999999999999991 -15.450000000000001 -75.799999999999983 -0.89999999999999991 #
name_attrib-gen-attrib $-1 -1 $88 $-1 $31 2 1 1 1 1 1 1 1 1 1 1 1 1 1 0 1 1 1 @3 eif #
vertex $89 -1 -1 $-1 $49 $90 #
vertex $91 -1 -1 $-1 $46 $92 #
straight-curve $-1 -1 -1 $-1 -15.450000000000001 -75.799999999999983 -0.89999999999999991 0 1 0 F 0 F 0.19999999999999996 #
name_attrib-gen-attrib $-1 -1 $93 $32 $0 2 1 1 1 1 1 1 1 1 1 1 1 1 1 0 1 1 1 @17 abody_is_no_solid #
string_attrib-name_attrib-gen-attrib $-1 -1 $-1 $34 $16 2 1 2 1 1 1 1 1 1 1 1 1 1 1 0 1 1 1 @15 ATTRIB_XACIS_ID @5 81796 #
integer_attrib-name_attrib-gen-attrib $-1 -1 $94 $35 $24 2 1 1 1 1 1 1 1 1 1 1 1 1 1 0 1 1 1 @3 pid 4 #
integer_attrib-name_attrib-gen-attrib $-1 -1 $95 $-1 $36 2 0 0 1 1 1 1 1 1 1 1 1 1 1 0 1 1 1 @3 fif 0 #
face $96 -1 -1 $-1 $97 $98 $5 $-1 $99 reversed double out T -15.450000000000001 -75.199999999999989 -0.99999999999999989 -15.450000000000001 -74.899999999999991 -0.89999999999999991 F #
loop $-1 -1 -1 $-1 $-1 $100 $36 T -15.550000000000026 -75.299999999999983 -0.99999999999999989 -15.450000000000001 -75.199999999999989 -0.89999999999999991 unknown #
cone-surface $-1 -1 -1 $-1 -15.550000000000001 -75.199999999999989 -4.5346617600289996 0 0 1 0 -0.10000000000000001 0 1 I I -0 1 0.10000000000000001 reversed I I I I #
coedge $-1 -1 -1 $-1 $101 $102 $103 $104 forward $37 $-1 #
coedge $-1 -1 -1 $-1 $76 $39 $67 $105 forward $25 $-1 #
edge $106 -1 -1 $-1 $71 0 $52 0.099999999999998757 $40 $107 forward @7 unknown T -15.450000000000001 -75.59999999999998 -0.99999999999999956 -15.450000000000001 -75.59999999999998 -0.89999999999999991 #
coedge $-1 -1 -1 $-1 $48 $108 $41 $65 reversed $84 $-1 #
edge $109 -1 -1 $-1 $51 0 $70 0.099999999999998757 $41 $110 forward @7 unknown T -15.450000000000001 -75.799999999999983 -0.99999999999999956 -15.450000000000001 -75.799999999999983 -0.89999999999999991 #
coedge $-1 -1 -1 $-1 $111 $42 $108 $112 reversed $68 $-1 #
coedge $-1 -1 -1 $-1 $42 $103 $62 $105 reversed $68 $-1 #
loop $-1 -1 -1 $-1 $-1 $111 $113 T -16.550000000000004 -76.749999999999986 -1.0000773853699005 -15.450000000000001 -74.001282792400616 -0.99992448242232013 unknown #
name_attrib-gen-attrib $-1 -1 $114 $-1 $43 2 1 1 1 1 1 1 1 1 1 1 1 1 1 0 1 1 1 @3 eif #
vertex $115 -1 -1 $-1 $65 $116 #
vertex $117 -1 -1 $-1 $63 $118 #
straight-curve $-1 -1 -1 $-1 -15.450000000000001 -75.799999999999983 -0.99999999999999989 0 1 0 F 0 F 0.19999999999999996 #
coedge $-1 -1 -1 $-1 $119 $44 $120 $121 reversed $11 $-1 #
coedge $-1 -1 -1 $-1 $102 $101 $44 $75 forward $37 $-1 #
edge $122 -1 -1 $-1 $123 0 $78 3.141584012974993 $44 $124 forward @7 unknown T -15.649999567970205 -75.5 -0.89999999999999991 -15.550000000000001 -75.299999999999983 -0.89999999999999991 #
coedge $-1 -1 -1 $-1 $45 $62 $102 $125 reversed $25 $-1 #
name_attrib-gen-attrib $-1 -1 $126 $-1 $46 2 1 1 1 1 1 1 1 1 1 1 1 1 1 0 1 1 1 @3 eif #
vertex $127 -1 -1 $-1 $75 $128 #
ellipse-curve $-1 -1 -1 $-1 -15.55000066979637 -75.600000669796358 -0.89999999999999991 0 0 -1 6.6979636981212565e-007 0.10000066979636957 0 1 F 0 F 1.5707829309572265 #
coedge $-1 -1 -1 $-1 $47 $129 $130 $131 forward $11 $-1 #
coedge $-1 -1 -1 $-1 $132 $133 $47 $82 forward $134 $-1 #
edge $135 -1 -1 $-1 $86 0 $136 2.61798369033811 $47 $137 forward @7 unknown T -15.649999627106796 -76.086602540378507 -0.90000000000010505 -15.550000000000001 -75.899999999999991 -0.89999999999989477 #
coedge $-1 -1 -1 $-1 $108 $48 $133 $138 forward $84 $-1 #
loop $-1 -1 -1 $-1 $-1 $83 $139 T -15.550000000000001 -75.899999999999991 -0.99999999999999989 -15.450000000000001 -75.799999999999983 -0.89999999999999991 unknown #
name_attrib-gen-attrib $-1 -1 $140 $-1 $49 2 1 1 1 1 1 1 1 1 1 1 1 1 1 0 1 1 1 @3 eif #
vertex $141 -1 -1 $-1 $49 $142 #
ellipse-curve $-1 -1 -1 $-1 -15.55000066979637 -75.799999330203619 -0.89999999999999991 0 0 -1 0.10000066979636957 -6.6979636947905874e-007 0 1 F 0 F 1.5707829309572299 #
integer_attrib-name_attrib-gen-attrib $-1 -1 $-1 $50 $31 2 1 1 1 1 1 1 1 1 1 1 1 1 1 0 1 1 1 @3 pid 1 #
integer_attrib-name_attrib-gen-attrib $-1 -1 $-1 $-1 $51 2 1 1 1 1 1 1 1 1 1 1 1 1 1 0 1 1 1 @3 pid 1 #
point $-1 -1 -1 $-1 -15.450000000000001 -75.799999999999983 -0.89999999999999991 #
integer_attrib-name_attrib-gen-attrib $-1 -1 $-1 $-1 $52 2 1 1 1 1 1 1 1 1 1 1 1 1 1 0 1 1 1 @3 pid 2 #
point $-1 -1 -1 $-1 -15.450000000000001 -75.59999999999998 -0.89999999999999991 #
cstishape-cst-attrib $-1 -1 $-1 $54 $0 1 1 1 1 1 1 1 1 1 1 1 1 0 1 0 1 1 1 13 1 #
string_attrib-name_attrib-gen-attrib $-1 -1 $-1 $56 $24 2 1 2 1 1 1 1 1 1 1 1 1 1 1 0 1 1 1 @15 ATTRIB_XACIS_ID @5 81814 #
integer_attrib-name_attrib-gen-attrib $-1 -1 $143 $57 $36 2 1 1 1 1 1 1 1 1 1 1 1 1 1 0 1 1 1 @3 pid 5 #
integer_attrib-name_attrib-gen-attrib $-1 -1 $144 $-1 $58 2 0 0 1 1 1 1 1 1 1 1 1 1 1 0 1 1 1 @3 fif 0 #
face $145 -1 -1 $-1 $146 $147 $5 $-1 $148 forward double out T -15.550000000000052 -74.899999999999991 -0.99999999999999989 -15.450000000000001 -74.799999999999983 -0.89999999999999991 F #
loop $-1 -1 -1 $-1 $-1 $149 $58 T -15.450000000000001 -75.199999999999989 -0.99999999999999989 -15.450000000000001 -74.899999999999991 -0.89999999999999991 unknown #
plane-surface $-1 -1 -1 $-1 -15.450000000000001 -75.374999999999986 -0.94999999999999996 -1 0 0 0 -1 0 forward_v I I I I #
coedge $-1 -1 -1 $-1 $150 $120 $101 $151 forward $59 $-1 #
coedge $-1 -1 -1 $-1 $74 $61 $100 $151 reversed $37 $-1 #
coedge $-1 -1 -1 $-1 $61 $74 $76 $125 forward $37 $-1 #
coedge $-1 -1 -1 $-1 $67 $152 $61 $104 reversed $68 $-1 #
edge $153 -1 -1 $-1 $154 0 $155 3.1415840129750086 $61 $156 forward @7 unknown T -15.649999567970205 -75.499999999999986 -0.99999999999999989 -15.550000000000001 -75.299999999999983 -0.99999999999999956 #
edge $157 -1 -1 $-1 $71 0 $154 1.5707829309572099 $62 $158 forward @7 unknown T -15.550000000000002 -75.599999999999994 -0.99999999999999989 -15.450000000000001 -75.499999999999986 -0.99999999999999956 #
name_attrib-gen-attrib $-1 -1 $159 $-1 $63 2 1 1 1 1 1 1 1 1 1 1 1 1 1 0 1 1 1 @3 eif #
straight-curve $-1 -1 -1 $-1 -15.450000000000001 -75.59999999999998 -0.99999999999999911 0 0 1 F 0 F 0.099999999999998757 #
coedge $-1 -1 -1 $-1 $64 $83 $66 $112 forward $84 $-1 #
name_attrib-gen-attrib $-1 -1 $160 $-1 $65 2 1 1 1 1 1 1 1 1 1 1 1 1 1 0 1 1 1 @3 eif #
straight-curve $-1 -1 -1 $-1 -15.450000000000001 -75.799999999999983 -0.90000000000000036 0 0 -1 F 0 F 0.099999999999998757 #
coedge $-1 -1 -1 $-1 $161 $66 $162 $163 reversed $68 $-1 #
edge $164 -1 -1 $-1 $165 0 $70 1.5707829309572199 $66 $166 forward @7 unknown T -15.550000000000001 -75.899999999999991 -0.99999999999999989 -15.450000000000001 -75.799999999999983 -0.99999999999999956 #
face $167 -1 -1 $-1 $168 $169 $5 $-1 $170 reversed double out T -16.550000000000004 -76.749999999999986 -1.0000773853699005 -15.450000000000001 -74.001282792400616 -0.99992448242232013 F #
integer_attrib-name_attrib-gen-attrib $-1 -1 $-1 $69 $43 2 1 1 1 1 1 1 1 1 1 1 1 1 1 0 1 1 1 @3 pid 36 #
integer_attrib-name_attrib-gen-attrib $-1 -1 $-1 $-1 $70 2 1 1 1 1 1 1 1 1 1 1 1 1 1 0 1 1 1 @3 pid 36 #
point $-1 -1 -1 $-1 -15.450000000000001 -75.799999999999983 -0.99999999999999956 #
integer_attrib-name_attrib-gen-attrib $-1 -1 $-1 $-1 $71 2 1 1 1 1 1 1 1 1 1 1 1 1 1 0 1 1 1 @3 pid 37 #
point $-1 -1 -1 $-1 -15.450000000000001 -75.59999999999998 -0.99999999999999956 #
coedge $-1 -1 -1 $-1 $171 $73 $172 $173 forward $11 $-1 #
coedge $-1 -1 -1 $-1 $100 $174 $73 $121 forward $59 $-1 #
edge $175 -1 -1 $-1 $176 0 $123 1.570782930957382 $73 $177 forward @7 unknown T -15.550000000000026 -75.299999999999983 -0.90000000000000013 -15.450000000000001 -75.199999999999989 -0.89999999999999991 #
name_attrib-gen-attrib $-1 -1 $178 $-1 $75 2 1 1 1 1 1 1 1 1 1 1 1 1 1 0 1 1 1 @3 eif #
vertex $179 -1 -1 $-1 $121 $180 #
ellipse-curve $-1 -1 -1 $-1 -15.549999567969273 -75.399999999999991 -0.89999999999999991 0 -0 1 -4.3203075239528488e-007 0.099999999999998535 -0 1 F 0 F 3.141584012974993 #
edge $181 -1 -1 $-1 $78 0 $154 0.099999999999998757 $102 $182 forward @7 unknown T -15.550000000000001 -75.499999999999986 -0.99999999999999956 -15.550000000000001 -75.499999999999986 -0.89999999999999991 #
integer_attrib-name_attrib-gen-attrib $-1 -1 $-1 $77 $46 2 1 1 1 1 1 1 1 1 1 1 1 1 1 0 1 1 1 @3 pid 2 #
integer_attrib-name_attrib-gen-attrib $-1 -1 $-1 $-1 $78 2 1 1 1 1 1 1 1 1 1 1 1 1 1 0 1 1 1 @3 pid 3 #
point $-1 -1 -1 $-1 -15.550000000000001 -75.499999999999986 -0.89999999999999991 #
coedge $-1 -1 -1 $-1 $80 $183 $184 $185 reversed $11 $-1 #
coedge $-1 -1 -1 $-1 $186 $187 $80 $131 reversed $188 $-1 #
edge $189 -1 -1 $-1 $190 -1.3877787807814457e-016 $136 0.52679491924319988 $80 $191 forward @7 unknown T -15.600000000000106 -76.613397459621638 -0.90000000000010505 -15.599999999999897 -76.086602540378308 -0.89999999999989477 #
coedge $-1 -1 -1 $-1 $162 $81 $192 $193 forward $134 $-1 #
coedge $-1 -1 -1 $-1 $81 $162 $83 $138 reversed $134 $-1 #
loop $-1 -1 -1 $-1 $-1 $81 $194 T -15.649999627106796 -76.086602540378507 -1.000000000000028 -15.550000000000001 -75.899999999999991 -0.89999999999989477 unknown #
name_attrib-gen-attrib $-1 -1 $195 $-1 $82 2 1 1 1 1 1 1 1 1 1 1 1 1 1 0 1 1 1 @3 eif #
tvertex-vertex $196 -1 -1 $-1 $82 $197 1.0512233423424607e-013 #
ellipse-curve $-1 -1 -1 $-1 -15.549999490616635 -76.00000013648885 -0.89999999999999991 0 -0 1 -5.0938336482175828e-007 0.10000013648886297 -0 1 F 0 F 2.61798369033811 #
edge $198 -1 -1 $-1 $86 0 $165 0.099999999999999992 $83 $199 forward @7 unknown T -15.550000000000001 -75.899999999999991 -0.99999999999999989 -15.550000000000001 -75.899999999999991 -0.89999999999999991 #
face $200 -1 -1 $-1 $113 $84 $5 $-1 $201 forward double out T -15.550000000000001 -75.899999999999991 -0.99999999999999989 -15.450000000000001 -75.799999999999983 -0.89999999999999991 F #
integer_attrib-name_attrib-gen-attrib $-1 -1 $-1 $85 $49 2 1 1 1 1 1 1 1 1 1 1 1 1 1 0 1 1 1 @3 pid 35 #
integer_attrib-name_attrib-gen-attrib $-1 -1 $-1 $-1 $86 2 1 1 1 1 1 1 1 1 1 1 1 1 1 0 1 1 1 @3 pid 35 #
point $-1 -1 -1 $-1 -15.550000000000001 -75.899999999999991 -0.89999999999999991 #
string_attrib-name_attrib-gen-attrib $-1 -1 $-1 $95 $36 2 1 2 1 1 1 1 1 1 1 1 1 1 1 0 1 1 1 @15 ATTRIB_XACIS_ID @5 81816 #
integer_attrib-name_attrib-gen-attrib $-1 -1 $202 $96 $58 2 1 1 1 1 1 1 1 1 1 1 1 1 1 0 1 1 1 @3 pid 6 #
integer_attrib-name_attrib-gen-attrib $-1 -1 $203 $-1 $97 2 0 0 1 1 1 1 1 1 1 1 1 1 1 0 1 1 1 @3 fif 0 #
face $204 -1 -1 $-1 $205 $206 $5 $-1 $207 reversed double out T -15.649999574861392 -74.799999999999983 -0.99999999999999989 -15.550000000000001 -74.59999999999998 -0.89999999999999991 F #
loop $-1 -1 -1 $-1 $-1 $208 $97 T -15.550000000000052 -74.899999999999991 -0.99999999999999989 -15.450000000000001 -74.799999999999983 -0.89999999999999991 unknown #
cone-surface $-1 -1 -1 $-1 -15.550000000000001 -74.899999999999991 -4.5346617600289996 0 0 1 0.10000000000000001 0 0 1 I I -0 1 0.10000000000000001 reversed I I I I #
coedge $-1 -1 -1 $-1 $209 $210 $211 $212 forward $98 $-1 #
coedge $-1 -1 -1 $-1 $174 $100 $152 $213 forward $59 $-1 #
edge $214 -1 -1 $-1 $123 0 $155 0.099999999999999992 $101 $215 forward @7 unknown T -15.550000000000026 -75.299999999999983 -0.99999999999999989 -15.550000000000001 -75.299999999999983 -0.89999999999999991 #
coedge $-1 -1 -1 $-1 $103 $211 $150 $213 reversed $68 $-1 #
name_attrib-gen-attrib $-1 -1 $216 $-1 $104 2 1 1 1 1 1 1 1 1 1 1 1 1 1 0 1 1 1 @3 eif #
vertex $217 -1 -1 $-1 $125 $218 #
vertex $219 -1 -1 $-1 $151 $220 #
ellipse-curve $-1 -1 -1 $-1 -15.549999567969273 -75.399999999999991 -0.99999999999999989 0 0 -1 -4.3203072741526682e-007 -0.099999999999998535 0 1 F 0 F 3.1415840129750086 #
name_attrib-gen-attrib $-1 -1 $221 $-1 $105 2 1 1 1 1 1 1 1 1 1 1 1 1 1 0 1 1 1 @3 eif #
ellipse-curve $-1 -1 -1 $-1 -15.550000669796372 -75.600000669796358 -0.99999999999999989 0 0 1 0.10000066979637046 6.6979637058928176e-007 0 1 F 0 F 1.5707829309572099 #
integer_attrib-name_attrib-gen-attrib $-1 -1 $-1 $106 $63 2 1 1 1 1 1 1 1 1 1 1 1 1 1 0 1 1 1 @3 pid 37 #
integer_attrib-name_attrib-gen-attrib $-1 -1 $-1 $109 $65 2 1 1 1 1 1 1 1 1 1 1 1 1 1 0 1 1 1 @3 pid 38 #
coedge $-1 -1 -1 $-1 $222 $111 $223 $224 forward $68 $-1 #
coedge $-1 -1 -1 $-1 $133 $132 $111 $163 forward $134 $-1 #
edge $225 -1 -1 $-1 $226 0 $165 2.6179836903381162 $111 $227 forward @7 unknown T -15.649999627106796 -76.086602540378436 -1.000000000000028 -15.550000000000001 -75.899999999999991 -0.99999999999997169 #
name_attrib-gen-attrib $-1 -1 $228 $-1 $112 2 1 1 1 1 1 1 1 1 1 1 1 1 1 0 1 1 1 @3 eif #
vertex $229 -1 -1 $-1 $112 $230 #
ellipse-curve $-1 -1 -1 $-1 -15.55000066979637 -75.799999330203619 -0.99999999999999989 0 0 1 6.6979637025621486e-007 -0.10000066979637001 0 1 F 0 F 1.5707829309572199 #
integer_attrib-name_attrib-gen-attrib $-1 -1 $231 $-1 $113 2 0 0 1 1 1 1 1 1 1 1 1 1 1 0 1 1 1 @3 fif 0 #
face $232 -1 -1 $-1 $233 $234 $5 $-1 $235 reversed double out T -15.625187698732489 -74.001493981023003 -1.6002485955964805 -15.624763344521151 -73.649814044523097 -0.89975027392397433 F #
loop $-1 -1 -1 $-1 $68 $236 $113 T -16.27 -76.549999999999997 -0.99999999999999989 -15.73 -76.119999999999976 -0.99999999999999989 unknown #
plane-surface $-1 -1 -1 $-1 -16.550000000000001 -73.999999999999986 -0.99999999999999989 0 0 1 0 -1 0 forward_v I I I I #
coedge $-1 -1 -1 $-1 $237 $119 $238 $239 reversed $11 $-1 #
coedge $-1 -1 -1 $-1 $210 $209 $119 $173 reversed $98 $-1 #
edge $240 -1 -1 $-1 $176 0 $241 0.30000000000000004 $119 $242 forward @7 unknown T -15.450000000000001 -75.199999999999989 -0.90000000000000013 -15.450000000000001 -74.899999999999991 -0.89999999999999991 #
coedge $-1 -1 -1 $-1 $120 $150 $210 $243 reversed $59 $-1 #
name_attrib-gen-attrib $-1 -1 $244 $-1 $121 2 1 1 1 1 1 1 1 1 1 1 1 1 1 0 1 1 1 @3 eif #
vertex $245 -1 -1 $-1 $173 $246 #
ellipse-curve $-1 -1 -1 $-1 -15.550000669796377 -75.19999933020361 -0.89999999999999991 0 0 -1 0.10000066979637579 -6.6979637280972781e-007 0 1 F 0 F 1.570782930957382 #
integer_attrib-name_attrib-gen-attrib $-1 -1 $-1 $122 $75 2 1 1 1 1 1 1 1 1 1 1 1 1 1 0 1 1 1 @3 pid 3 #
integer_attrib-name_attrib-gen-attrib $-1 -1 $-1 $-1 $123 2 1 1 1 1 1 1 1 1 1 1 1 1 1 0 1 1 1 @3 pid 4 #
point $-1 -1 -1 $-1 -15.550000000000026 -75.299999999999983 -0.89999999999999991 #
name_attrib-gen-attrib $-1 -1 $247 $-1 $125 2 1 1 1 1 1 1 1 1 1 1 1 1 1 0 1 1 1 @3 eif #
straight-curve $-1 -1 -1 $-1 -15.550000000000001 -75.499999999999986 -0.90000000000000036 0 0 -1 F 0 F 0.099999999999998757 #
coedge $-1 -1 -1 $-1 $129 $248 $249 $250 reversed $11 $-1 #
coedge $-1 -1 -1 $-1 $251 $252 $129 $185 forward $253 $-1 #
edge $254 -1 -1 $-1 $190 0 $255 1.5707829309572967 $129 $256 forward @7 unknown T -15.649999754839756 -76.749999999999986 -0.90000000000006153 -15.599999999999939 -76.613397459621524 -0.89999999999993829 #
tcoedge-coedge $-1 -1 -1 $-1 $257 $130 $258 $259 reversed $188 $260 -1 -0 F #
tcoedge-coedge $-1 -1 -1 $-1 $130 $257 $261 $262 reversed $188 $263 -1 -0 F #
loop $-1 -1 -1 $-1 $-1 $186 $264 T -15.60003041164423 -76.613427871265813 -1.0500304116442285 -15.449969588355772 -76.086572128734147 -0.89996958835577123 unknown #
name_attrib-gen-attrib $-1 -1 $265 $-1 $131 2 1 1 1 1 1 1 1 1 1 1 1 1 1 0 1 1 1 @3 eif #
tvertex-vertex $266 -1 -1 $-1 $131 $267 6.1577569513232239e-014 #
straight-curve $-1 -1 -1 $-1 -15.600000000000001 -76.613397459621581 -0.89999999999999991 0 1 0 F -1.3877787807814457e-016 F 0.52679491924319988 #
coedge $-1 -1 -1 $-1 $261 $268 $132 $193 reversed $269 $270 #
edge $271 -1 -1 $-1 $136 0 $226 0.10000000000000001 $192 $272 forward @7 unknown T -15.600000000000106 -76.086602540378507 -1.000000000000028 -15.599999999999897 -76.086602540378308 -0.89999999999989477 #
face $273 -1 -1 $-1 $139 $134 $5 $-1 $274 reversed double out T -15.649999627106796 -76.086602540378507 -1.000000000000028 -15.550000000000001 -75.899999999999991 -0.89999999999989477 F #
integer_attrib-name_attrib-gen-attrib $-1 -1 $-1 $135 $82 2 1 1 1 1 1 1 1 1 1 1 1 1 1 0 1 1 1 @3 pid 34 #
integer_attrib-name_attrib-gen-attrib $-1 -1 $-1 $-1 $136 2 1 1 1 1 1 1 1 1 1 1 1 1 1 0 1 1 1 @3 pid 34 #
point $-1 -1 -1 $-1 -15.600000000000001 -76.086602540378408 -0.89999999999999991 #
name_attrib-gen-attrib $-1 -1 $275 $-1 $138 2 1 1 1 1 1 1 1 1 1 1 1 1 1 0 1 1 1 @3 eif #
straight-curve $-1 -1 -1 $-1 -15.550000000000001 -75.899999999999991 -0.89999999999999991 0 0 -1 F 0 F 0.099999999999999992 #
integer_attrib-name_attrib-gen-attrib $-1 -1 $276 $-1 $139 2 0 0 1 1 1 1 1 1 1 1 1 1 1 0 1 1 1 @3 fif 0 #
cone-surface $-1 -1 -1 $-1 -15.550000000000001 -75.799999999999983 -4.5346617600289996 0 0 1 0 -0.10000000000000001 0 1 I I -0 1 0.10000000000000001 reversed I I I I #
string_attrib-name_attrib-gen-attrib $-1 -1 $-1 $144 $58 2 1 2 1 1 1 1 1 1 1 1 1 1 1 0 1 1 1 @15 ATTRIB_XACIS_ID @5 81718 #
integer_attrib-name_attrib-gen-attrib $-1 -1 $277 $145 $97 2 1 1 1 1 1 1 1 1 1 1 1 1 1 0 1 1 1 @3 pid 7 #
integer_attrib-name_attrib-gen-attrib $-1 -1 $278 $-1 $146 2 0 0 1 1 1 1 1 1 1 1 1 1 1 0 1 1 1 @3 fif 0 #
face $279 -1 -1 $-1 $280 $281 $5 $-1 $282 forward double out T -15.550000000000001 -74.599999999999994 -0.99999999999999989 -15.450000000000001 -74.499999999999986 -0.89999999999999991 F #
loop $-1 -1 -1 $-1 $-1 $283 $146 T -15.649999574861392 -74.799999999999983 -0.99999999999999989 -15.550000000000001 -74.59999999999998 -0.89999999999999991 unknown #
cone-surface $-1 -1 -1 $-1 -15.550000000000001 -74.699999999999989 -0.94999999999999996 -0 0 1 0 0.10000000000000001 0 1 I I -0 1 0.10000000000000001 reversed I I I I #
coedge $-1 -1 -1 $-1 $284 $238 $209 $285 reversed $147 $-1 #
coedge $-1 -1 -1 $-1 $172 $149 $208 $285 forward $98 $-1 #
coedge $-1 -1 -1 $-1 $149 $172 $174 $243 forward $98 $-1 #
coedge $-1 -1 -1 $-1 $152 $286 $149 $212 reversed $68 $-1 #
edge $287 -1 -1 $-1 $288 0 $289 0.30000000000000004 $149 $290 forward @7 unknown T -15.450000000000001 -75.199999999999989 -0.99999999999999989 -15.450000000000001 -74.899999999999991 -0.99999999999999956 #
edge $291 -1 -1 $-1 $155 0 $288 1.570782930957392 $150 $292 forward @7 unknown T -15.550000000000024 -75.299999999999983 -0.99999999999999989 -15.450000000000001 -75.199999999999989 -0.99999999999999956 #
name_attrib-gen-attrib $-1 -1 $293 $-1 $151 2 1 1 1 1 1 1 1 1 1 1 1 1 1 0 1 1 1 @3 eif #
straight-curve $-1 -1 -1 $-1 -15.550000000000001 -75.299999999999983 -0.89999999999999991 0 0 -1 F 0 F 0.099999999999999992 #
integer_attrib-name_attrib-gen-attrib $-1 -1 $-1 $153 $104 2 1 1 1 1 1 1 1 1 1 1 1 1 1 0 1 1 1 @3 pid 41 #
integer_attrib-name_attrib-gen-attrib $-1 -1 $-1 $-1 $154 2 1 1 1 1 1 1 1 1 1 1 1 1 1 0 1 1 1 @3 pid 38 #
point $-1 -1 -1 $-1 -15.550000000000001 -75.499999999999986 -0.99999999999999956 #
integer_attrib-name_attrib-gen-attrib $-1 -1 $-1 $-1 $155 2 1 1 1 1 1 1 1 1 1 1 1 1 1 0 1 1 1 @3 pid 39 #
point $-1 -1 -1 $-1 -15.550000000000013 -75.299999999999983 -0.99999999999999989 #
integer_attrib-name_attrib-gen-attrib $-1 -1 $-1 $157 $105 2 1 1 1 1 1 1 1 1 1 1 1 1 1 0 1 1 1 @3 pid 39 #
coedge $-1 -1 -1 $-1 $294 $161 $295 $296 reversed $68 $-1 #
coedge $-1 -1 -1 $-1 $297 $298 $161 $224 reversed $299 $-1 #
edge $300 -1 -1 $-1 $226 1.1102230246251565e-016 $301 0.5267949192432001 $161 $302 forward @7 unknown T -15.60000000000003 -76.613397459621595 -1.000000000000028 -15.599999999999973 -76.086602540378379 -0.99999999999996991 #
name_attrib-gen-attrib $-1 -1 $303 $-1 $163 2 1 1 1 1 1 1 1 1 1 1 1 1 1 0 1 1 1 @3 eif #
tvertex-vertex $304 -1 -1 $-1 $193 $305 2.8145635164377855e-014 #
ellipse-curve $-1 -1 -1 $-1 -15.549999490616637 -76.00000013648885 -0.99999999999999989 0 0 -1 -0.050000509383364644 -0.086602403889584512 0 1 F 0 F 2.6179836903381162 #
integer_attrib-name_attrib-gen-attrib $-1 -1 $-1 $164 $112 2 1 1 1 1 1 1 1 1 1 1 1 1 1 0 1 1 1 @3 pid 112 #
integer_attrib-name_attrib-gen-attrib $-1 -1 $-1 $-1 $165 2 1 1 1 1 1 1 1 1 1 1 1 1 1 0 1 1 1 @3 pid 78 #
point $-1 -1 -1 $-1 -15.550000000000001 -75.899999999999991 -0.99999999999999989 #
integer_attrib-name_attrib-gen-attrib $-1 -1 $306 $167 $113 2 1 1 1 1 1 1 1 1 1 1 1 1 1 0 1 1 1 @3 pid 36 #
integer_attrib-name_attrib-gen-attrib $-1 -1 $307 $-1 $168 2 0 0 1 1 1 1 1 1 1 1 1 1 1 0 1 1 1 @3 fif 0 #
face $308 -1 -1 $-1 $309 $310 $5 $-1 $311 forward double out T -16.375141108986728 -74.001493981023003 -1.600249726076016 -16.374796579557991 -73.649814044523097 -0.89975140440350887 F #
loop $-1 -1 -1 $-1 $-1 $312 $168 T -15.625187698732489 -74.001493981023003 -1.6002485955964805 -15.624763344521151 -73.649814044523097 -0.89975027392397433 unknown #
plane-surface $-1 -1 -1 $-1 -15.625 -73.787867965643983 -1.037867965644 -1 0 0 0 0 1 forward_v I I I I #
coedge $-1 -1 -1 $-1 $313 $314 $315 $316 forward $169 $-1 #
coedge $-1 -1 -1 $-1 $317 $171 $318 $319 reversed $11 $-1 #
coedge $-1 -1 -1 $-1 $208 $320 $171 $239 forward $147 $-1 #
edge $321 -1 -1 $-1 $322 0 $241 1.5707829309576107 $171 $323 forward @7 unknown T -15.550000000000052 -74.899999999999991 -0.89999999999999991 -15.450000000000001 -74.799999999999983 -0.89999999999999991 #
name_attrib-gen-attrib $-1 -1 $324 $-1 $173 2 1 1 1 1 1 1 1 1 1 1 1 1 1 0 1 1 1 @3 eif #
vertex $325 -1 -1 $-1 $239 $326 #
straight-curve $-1 -1 -1 $-1 -15.450000000000001 -75.199999999999989 -0.89999999999999991 0 1 0 F 0 F 0.30000000000000004 #
edge $327 -1 -1 $-1 $176 0 $288 0.099999999999998757 $174 $328 forward @7 unknown T -15.450000000000001 -75.199999999999989 -0.99999999999999956 -15.450000000000001 -75.199999999999989 -0.90000000000000013 #
integer_attrib-name_attrib-gen-attrib $-1 -1 $-1 $175 $121 2 1 1 1 1 1 1 1 1 1 1 1 1 1 0 1 1 1 @3 pid 4 #
integer_attrib-name_attrib-gen-attrib $-1 -1 $-1 $-1 $176 2 1 1 1 1 1 1 1 1 1 1 1 1 1 0 1 1 1 @3 pid 5 #
point $-1 -1 -1 $-1 -15.450000000000001 -75.199999999999989 -0.90000000000000013 #
integer_attrib-name_attrib-gen-attrib $-1 -1 $-1 $181 $125 2 1 1 1 1 1 1 1 1 1 1 1 1 1 0 1 1 1 @3 pid 40 #
coedge $-1 -1 -1 $-1 $183 $329 $330 $331 reversed $11 $-1 #
coedge $-1 -1 -1 $-1 $332 $333 $183 $250 forward $334 $-1 #
edge $335 -1 -1 $-1 $255 0 $336 0.72679491924311512 $183 $337 forward @7 unknown T -16.363397459621556 -76.749999999999986 -0.89999999999999991 -15.636602540378442 -76.749999999999986 -0.89999999999999991 #
coedge $-1 -1 -1 $-1 $295 $184 $333 $338 reversed $253 $-1 #
coedge $-1 -1 -1 $-1 $184 $295 $339 $340 forward $253 $-1 #
loop $-1 -1 -1 $-1 $-1 $184 $341 T -15.649999754839756 -76.749999999999986 -1.00000000000002 -15.599999999999939 -76.613397459621524 -0.89999999999993829 unknown #
name_attrib-gen-attrib $-1 -1 $342 $-1 $185 2 1 1 1 1 1 1 1 1 1 1 1 1 1 0 1 1 1 @3 eif #
vertex $343 -1 -1 $-1 $185 $344 #
ellipse-curve $-1 -1 -1 $-1 -15.549999085041147 -76.700000245162471 -0.89999999999999991 0 -0 1 -0.050000914958853171 0.086602785540927929 -0 1 F 0 F 1.5707829309572967 #
coedge $-1 -1 -1 $-1 $187 $186 $345 $346 reversed $188 $-1 #
tcoedge-coedge $-1 -1 -1 $-1 $339 $347 $186 $259 forward $348 $349 0 1 F #
tedge-edge $350 -1 -1 $-1 $351 0 $190 1 $186 $352 forward @7 unknown T -15.600030411644228 -76.613427871265813 -1.0500304116442267 -15.449969588355774 -76.599969588355748 -0.89996958835577312 3.0411644226828571e-005 #
pcurve $-1 -1 -1 $-1 0 forward { exppc nubs 1 open 2 
	-1 1 -0 1 
	0.089316397477333304 1.5707963267948966 
	-0 3.1415926535897931 
	0.001 
	8.0925900051556643e-005 
	cone -15.600000000000001 -76.59999999999998 -1.0499999999999998 -0 1 0 -0.14999999999999999 0 0 1 I I -0 1 0.14999999999999999 reversed I I I I 
	} 0 0 #
tcoedge-coedge $-1 -1 -1 $-1 $353 $192 $187 $262 forward $269 $354 0 1 F #
tedge-edge $355 -1 -1 $-1 $136 0 $356 1 $187 $357 forward @7 unknown T -15.60003041164423 -76.100030411644212 -1.0500304116442285 -15.449969588355772 -76.086572128734147 -0.89996958835577123 3.0411644228639084e-005 #
pcurve $-1 -1 -1 $-1 0 forward { exppc nubs 1 open 2 
	-1 1 -0 1 
	-3.3333333333333335 3.1415926535897931 
	-3.4226497308106669 1.5707963267948966 
	0.001 
	8.0925899786310485e-005 
	cone -15.600000000000001 -76.59999999999998 -1.0499999999999998 -0 1 0 -0.14999999999999999 0 0 1 I I -0 1 0.14999999999999999 reversed I I I I 
	} 0 0 #
face $358 -1 -1 $-1 $194 $188 $5 $-1 $359 forward double out T -15.60003041164423 -76.613427871265813 -1.0500304116442285 -15.449969588355772 -76.086572128734147 -0.89996958835577123 F #
integer_attrib-name_attrib-gen-attrib $-1 -1 $-1 $189 $131 2 1 1 1 1 1 1 1 1 1 1 1 1 1 0 1 1 1 @3 pid 33 #
integer_attrib-name_attrib-gen-attrib $-1 -1 $-1 $-1 $190 2 1 1 1 1 1 1 1 1 1 1 1 1 1 0 1 1 1 @3 pid 33 #
point $-1 -1 -1 $-1 -15.600000000000001 -76.613397459621581 -0.89999999999999991 #
tcoedge-coedge $-1 -1 -1 $-1 $192 $353 $297 $360 forward $269 $361 0 0.99999999999999989 F #
loop $-1 -1 -1 $-1 $-1 $353 $362 T -15.60003041164423 -76.100030411644212 -1.0500304116442285 -15.449969588355772 -76.086572128734147 -0.89996958835577123 unknown #
pcurve $-1 -1 -1 $-1 0 forward { exppc nubs 3 open 2 
	-0.099999999999999992 3 -0 3 
	0.9999999999998036 0.98076923066883515 
	0.99999999999973399 0.66025641018941894 
	0.99999999999966427 0.33974358971000274 
	0.99999999999959466 0.019230769230586555 
	0.001 
	-1 
	spline forward { exactsur full nubs 3 1 open open none none 4 2 
	0 3 0.33333333333330001 1 0.66666666666670005 1 0.99999999999959466 3 
	0.019230769230586555 1 0.98076923066883515 1 
	-15.449999999999735 -76.099999999999966 -1.050000000000076 
	-15.449999999999775 -76.098511393375333 -1.0238200612201298 
	-15.464022228436351 -76.09553418012608 -0.97149933706670322 
	-15.521499337066873 -76.091068360252279 -0.91402222843634917 
	-15.573820061220173 -76.08809114700307 -0.89999999999996472 
	-15.600000000000099 -76.086602540378436 -0.89999999999997515 
	-15.550000000000201 -76.099999999999966 -1.0499999999999954 
	-15.550000000000225 -76.098511393375333 -1.0412733537400061 
	-15.554674076145465 -76.09553418012608 -1.0238331123555497 
	-15.573833112355555 -76.091068360252279 -1.0046740761454636 
	-15.591273353740027 -76.08809114700307 -0.99999999999999456 
	-15.600000000000003 -76.086602540378436 -0.99999999999999989 
	0 
	0 
	0 
	2 0.33333333333330001 0.66666666666670005 
	0 
	0 
	0 
	F 1 F 0 F 1 F 0 } I I I I 
	} 0 0 #
name_attrib-gen-attrib $-1 -1 $363 $-1 $193 2 1 1 1 1 1 1 1 1 1 1 1 1 1 0 1 1 1 @3 eif #
straight-curve $-1 -1 -1 $-1 -15.600000000000019 -76.086602540378422 -0.89999999999999991 0 0 -1 F 0 F 0.10000000000000001 #
integer_attrib-name_attrib-gen-attrib $-1 -1 $364 $-1 $194 2 0 0 1 1 1 1 1 1 1 1 1 1 1 0 1 1 1 @3 fif 0 #
cone-surface $-1 -1 -1 $-1 -15.550000000000001 -75.999999999999986 -0.94999999999999996 -0 0 1 0 0.10000000000000001 0 1 I I -0 1 0.10000000000000001 reversed I I I I #
integer_attrib-name_attrib-gen-attrib $-1 -1 $-1 $198 $138 2 1 1 1 1 1 1 1 1 1 1 1 1 1 0 1 1 1 @3 pid 111 #
integer_attrib-name_attrib-gen-attrib $-1 -1 $365 $200 $139 2 1 1 1 1 1 1 1 1 1 1 1 1 1 0 1 1 1 @3 pid 35 #
string_attrib-name_attrib-gen-attrib $-1 -1 $-1 $203 $97 2 1 2 1 1 1 1 1 1 1 1 1 1 1 0 1 1 1 @15 ATTRIB_XACIS_ID @5 81824 #
integer_attrib-name_attrib-gen-attrib $-1 -1 $366 $204 $146 2 1 1 1 1 1 1 1 1 1 1 1 1 1 0 1 1 1 @3 pid 8 #
integer_attrib-name_attrib-gen-attrib $-1 -1 $367 $-1 $205 2 0 0 1 1 1 1 1 1 1 1 1 1 1 0 1 1 1 @3 fif 0 #
face $368 -1 -1 $-1 $369 $370 $5 $-1 $371 reversed double out T -15.450000000000001 -74.499999999999986 -1 -15.450000000000001 -74.347283334622986 -0.89999999999999947 F #
loop $-1 -1 -1 $-1 $-1 $372 $205 T -15.550000000000001 -74.599999999999994 -0.99999999999999989 -15.450000000000001 -74.499999999999986 -0.89999999999999991 unknown #
cone-surface $-1 -1 -1 $-1 -15.550000000000001 -74.499999999999986 -4.5346617600289996 0 0 1 0 -0.10000000000000001 0 1 I I -0 1 0.10000000000000001 reversed I I I I #
coedge $-1 -1 -1 $-1 $373 $374 $375 $376 forward $206 $-1 #
coedge $-1 -1 -1 $-1 $320 $208 $286 $377 forward $147 $-1 #
edge $378 -1 -1 $-1 $289 0 $241 0.099999999999998757 $208 $379 forward @7 unknown T -15.450000000000001 -74.899999999999991 -0.99999999999999989 -15.450000000000001 -74.899999999999991 -0.89999999999999991 #
coedge $-1 -1 -1 $-1 $211 $375 $284 $377 reversed $68 $-1 #
name_attrib-gen-attrib $-1 -1 $380 $-1 $212 2 1 1 1 1 1 1 1 1 1 1 1 1 1 0 1 1 1 @3 eif #
vertex $381 -1 -1 $-1 $243 $382 #
vertex $383 -1 -1 $-1 $377 $384 #
straight-curve $-1 -1 -1 $-1 -15.450000000000001 -75.199999999999989 -0.99999999999999989 0 1 0 F 0 F 0.30000000000000004 #
name_attrib-gen-attrib $-1 -1 $385 $-1 $213 2 1 1 1 1 1 1 1 1 1 1 1 1 1 0 1 1 1 @3 eif #
ellipse-curve $-1 -1 -1 $-1 -15.550000669796376 -75.19999933020361 -0.99999999999999989 0 0 1 6.6979635104935653e-007 -0.10000066979637467 0 1 F 0 F 1.570782930957392 #
integer_attrib-name_attrib-gen-attrib $-1 -1 $-1 $214 $151 2 1 1 1 1 1 1 1 1 1 1 1 1 1 0 1 1 1 @3 pid 42 #
coedge $-1 -1 -1 $-1 $386 $222 $387 $388 forward $68 $-1 #
coedge $-1 -1 -1 $-1 $252 $251 $222 $296 forward $253 $-1 #
edge $389 -1 -1 $-1 $390 0 $301 1.5707829309572738 $295 $391 forward @7 unknown T -15.649999754839756 -76.749999999999986 -1.00000000000002 -15.599999999999977 -76.613397459621538 -0.99999999999996991 #
tcoedge-coedge $-1 -1 -1 $-1 $392 $223 $268 $360 reversed $299 $393 -0.99999999999999989 -0 F #
tcoedge-coedge $-1 -1 -1 $-1 $223 $392 $394 $395 reversed $299 $396 -0.99999999999999989 -0 F #
loop $-1 -1 -1 $-1 $-1 $298 $397 T -15.600011139308624 -76.613408598930206 -1.0500111393086222 -15.549988860691379 -76.086591401069768 -0.99998886069137261 unknown #
name_attrib-gen-attrib $-1 -1 $398 $-1 $224 2 1 1 1 1 1 1 1 1 1 1 1 1 1 0 1 1 1 @3 eif #
tvertex-vertex $399 -1 -1 $-1 $340 $400 2.5071152236420072e-014 #
straight-curve $-1 -1 -1 $-1 -15.600000000000001 -76.086602540378379 -0.99999999999999989 0 -1 0 F 1.1102230246251565e-016 F 0.5267949192432001 #
integer_attrib-name_attrib-gen-attrib $-1 -1 $-1 $225 $163 2 1 1 1 1 1 1 1 1 1 1 1 1 1 0 1 1 1 @3 pid 110 #
integer_attrib-name_attrib-gen-attrib $-1 -1 $-1 $-1 $226 2 1 1 1 1 1 1 1 1 1 1 1 1 1 0 1 1 1 @3 pid 77 #
point $-1 -1 -1 $-1 -15.600000000000001 -76.086602540378408 -0.99999999999999989 #
string_attrib-name_attrib-gen-attrib $-1 -1 $-1 $231 $113 2 1 2 1 1 1 1 1 1 1 1 1 1 1 0 1 1 1 @15 ATTRIB_XACIS_ID @5 81761 #
integer_attrib-name_attrib-gen-attrib $-1 -1 $401 $232 $168 2 1 1 1 1 1 1 1 1 1 1 1 1 1 0 1 1 1 @3 pid 37 #
integer_attrib-name_attrib-gen-attrib $-1 -1 $402 $-1 $233 2 0 0 1 1 1 1 1 1 1 1 1 1 1 0 1 1 1 @3 fif 0 #
face $403 -1 -1 $-1 $404 $405 $5 $-1 $406 forward double out T -16.550000000000001 -75.295449739860473 -1.6000755175763901 -15.450000000000001 -74.001282803437988 -1.5999231528384985 F #
loop $-1 -1 -1 $-1 $-1 $407 $233 T -16.375141108986728 -74.001493981023003 -1.600249726076016 -16.374796579557991 -73.649814044523097 -0.89975140440350887 unknown #
plane-surface $-1 -1 -1 $-1 -16.375 -73.787867965643983 -1.037867965644 -1 0 0 0 0 1 forward_v I I I I #
tcoedge-coedge $-1 -1 -1 $-1 $408 $409 $410 $411 forward $234 $412 4.0102458876181989e-008 1.5762299063690333 F #
coedge $-1 -1 -1 $-1 $413 $236 $414 $415 forward $169 $-1 #
coedge $-1 -1 -1 $-1 $236 $413 $416 $417 forward $169 $-1 #
coedge $-1 -1 -1 $-1 $418 $419 $236 $316 reversed $420 $-1 #
edge $421 -1 -1 $-1 $422 0 $423 0.53999999999999992 $315 $424 forward @7 unknown T -16.27 -76.11999999999999 -0.99999999999999989 -15.73 -76.11999999999999 -0.99999999999999989 #
coedge $-1 -1 -1 $-1 $425 $237 $426 $427 reversed $11 $-1 #
coedge $-1 -1 -1 $-1 $374 $373 $237 $319 forward $206 $-1 #
edge $428 -1 -1 $-1 $429 0 $322 3.1415841507990963 $237 $430 forward @7 unknown T -15.649999574861392 -74.799999999999983 -0.89999999999999991 -15.550000000000001 -74.59999999999998 -0.89999999999999991 #
coedge $-1 -1 -1 $-1 $238 $284 $374 $431 reversed $147 $-1 #
name_attrib-gen-attrib $-1 -1 $432 $-1 $239 2 1 1 1 1 1 1 1 1 1 1 1 1 1 0 1 1 1 @3 eif #
vertex $433 -1 -1 $-1 $319 $434 #
ellipse-curve $-1 -1 -1 $-1 -15.550000669796379 -74.900000669796356 -0.89999999999999991 0 0 -1 6.6979632806773992e-007 0.10000066979637889 0 1 F 0 F 1.5707829309576107 #
integer_attrib-name_attrib-gen-attrib $-1 -1 $-1 $240 $173 2 1 1 1 1 1 1 1 1 1 1 1 1 1 0 1 1 1 @3 pid 5 #
integer_attrib-name_attrib-gen-attrib $-1 -1 $-1 $-1 $241 2 1 1 1 1 1 1 1 1 1 1 1 1 1 0 1 1 1 @3 pid 6 #
point $-1 -1 -1 $-1 -15.450000000000001 -74.899999999999991 -0.89999999999999991 #
name_attrib-gen-attrib $-1 -1 $435 $-1 $243 2 1 1 1 1 1 1 1 1 1 1 1 1 1 0 1 1 1 @3 eif #
straight-curve $-1 -1 -1 $-1 -15.450000000000001 -75.199999999999989 -0.90000000000000036 0 0 -1 F 0 F 0.099999999999998757 #
coedge $-1 -1 -1 $-1 $248 $436 $437 $438 forward $11 $-1 #
coedge $-1 -1 -1 $-1 $439 $440 $248 $331 forward $441 $-1 #
edge $442 -1 -1 $-1 $336 0 $443 1.5707829309571508 $248 $444 forward @7 unknown T -16.40000000000008 -76.749999999999986 -0.90000000000007663 -16.350000245160242 -76.613397459621495 -0.89999999999992319 #
coedge $-1 -1 -1 $-1 $387 $249 $440 $445 forward $334 $-1 #
coedge $-1 -1 -1 $-1 $249 $387 $251 $338 forward $334 $-1 #
loop $-1 -1 -1 $-1 $-1 $249 $446 T -16.363397459621602 -76.749999999999986 -0.99999999999999989 -15.636602540378401 -76.749999999999986 -0.89999999999999991 unknown #
name_attrib-gen-attrib $-1 -1 $447 $-1 $250 2 1 1 1 1 1 1 1 1 1 1 1 1 1 0 1 1 1 @3 eif #
vertex $448 -1 -1 $-1 $250 $449 #
straight-curve $-1 -1 -1 $-1 -15.636602540378442 -76.749999999999986 -0.89999999999999991 -1 0 0 F 0 F 0.72679491924311512 #
edge $450 -1 -1 $-1 $390 0 $255 0.099999999999999992 $251 $451 forward @7 unknown T -15.636602540378442 -76.749999999999986 -0.99999999999999989 -15.636602540378421 -76.749999999999986 -0.89999999999999991 #
coedge $-1 -1 -1 $-1 $394 $258 $252 $340 reversed $348 $452 #
edge $453 -1 -1 $-1 $301 4.8988590961585032e-015 $190 0.099999999999999992 $252 $454 forward @7 unknown T -15.600000000000064 -76.613397459621638 -1.00000000000002 -15.599999999999939 -76.613397459621524 -0.89999999999993829 #
face $455 -1 -1 $-1 $264 $253 $5 $-1 $456 reversed double out T -15.649999754839756 -76.749999999999986 -1.00000000000002 -15.599999999999939 -76.613397459621524 -0.89999999999993829 F #
integer_attrib-name_attrib-gen-attrib $-1 -1 $-1 $254 $185 2 1 1 1 1 1 1 1 1 1 1 1 1 1 0 1 1 1 @3 pid 32 #
integer_attrib-name_attrib-gen-attrib $-1 -1 $-1 $-1 $255 2 1 1 1 1 1 1 1 1 1 1 1 1 1 0 1 1 1 @3 pid 32 #
point $-1 -1 -1 $-1 -15.636602540378442 -76.749999999999986 -0.89999999999999991 #
coedge $-1 -1 -1 $-1 $457 $458 $257 $346 forward $459 $-1 #
edge $460 -1 -1 $-1 $356 0 $351 0.5 $257 $461 forward @7 unknown T -15.45000000000026 -76.600000000000236 -1.0500000000002585 -15.449999999999742 -76.099999999999724 -1.0499999999997411 #
coedge $-1 -1 -1 $-1 $258 $394 $462 $463 reversed $348 $464 #
loop $-1 -1 -1 $-1 $-1 $339 $465 T -15.600030411644228 -76.613427871265813 -1.0500304116442267 -15.449969588355774 -76.599969588355748 -0.89996958835577312 unknown #
pcurve $-1 -1 -1 $-1 0 forward { exppc nubs 3 open 8 
	0 3 0.14285346528607262 1 0.28571864297634653 1 0.42854228886814466 1 0.57145771551780078 1 
	0.71428136067677794 1 0.85714653690741827 1 1 3 
	3.1597626954422587e-013 0.019230769230672955 
	0.047611862379531515 0.019230769230652239 
	0.1428482878329646 0.019230769230620292 
	0.28565805096716251 0.019230769230631727 
	0.42863360064601375 0.01923076923060988 
	0.5713664035130871 0.019230769230554279 
	0.71434195246190502 0.019230769230529993 
	0.85715171412414337 0.019230769230559181 
	0.95238813835451264 0.019230769230575793 
	0.99999999999959666 0.01923076923058659 
	0.001 
	-1 
	spline forward { exactsur full nubs 3 1 open open none none 4 2 
	0 3 0.33333333333330001 1 0.66666666666670005 1 1.0000000000000624 3 
	0.01923076923058659 1 0.98076923066859345 1 
	-15.449999999999735 -76.600000000000009 -1.0500000000000762 
	-15.449999999999775 -76.601488606624642 -1.02382006122013 
	-15.464022228436349 -76.60446581987388 -0.97149933706670333 
	-15.521499337066873 -76.608931639747681 -0.91402222843634939 
	-15.573820061220173 -76.611908852996905 -0.89999999999996494 
	-15.600000000000099 -76.613397459621538 -0.89999999999997526 
	-15.550000000000193 -76.600000000000009 -1.0499999999999954 
	-15.550000000000216 -76.601488606624642 -1.0412733537400043 
	-15.554674076145456 -76.60446581987388 -1.0238331123555444 
	-15.573833112355549 -76.608931639747681 -1.0046740761454547 
	-15.591273353740025 -76.611908852996905 -0.99999999999998468 
	-15.600000000000003 -76.613397459621538 -0.99999999999999012 
	0 
	0 
	0 
	2 0.33333333333330001 0.66666666666670005 
	0 
	0 
	0 
	F 1 F 0 F 1 F 0 } I I I I 
	} 0 0 #
name_attrib-gen-attrib $-1 -1 $466 $-1 $259 2 1 1 1 1 1 1 1 1 1 1 1 1 1 0 1 1 1 @3 eif #
tvertex-vertex $467 -1 -1 $-1 $468 $469 2.5877270240857507e-013 #
intcurve-curve $-1 -1 -1 $-1 forward { exactcur full nubs 3 open 8 
	0 3 0.14285346528607262 1 0.28571864297634653 1 0.42854228886814466 1 0.57145771551780078 1 
	0.71428136067677794 1 0.85714653690741827 1 1 3 
	-15.450000000000001 -76.59999999999998 -1.0499999999999998 
	-15.450031428914134 -76.600637880699466 -1.0385952941502667 
	-15.452513589188863 -76.601913808945795 -1.0164264760805246 
	-15.463719317454443 -76.603827102345846 -0.98434789227299146 
	-15.481734141368147 -76.605742582592285 -0.9556945103108262 
	-15.505694511088063 -76.607654877085011 -0.93173414075659511 
	-15.534347893016193 -76.60957035732163 -0.91371931711841892 
	-15.5664264765387 -76.611483650701913 -0.90251358911776569 
	-15.588595294331373 -76.612759578931914 -0.90003142891228283 
	-15.600000000000001 -76.613397459621581 -0.89999999999999991 
	0 
	null_surface 
	null_surface 
	nullbs 
	nullbs 
	-1 
	-1 
	I I 
	0 
	0 
	6 0.14285346528607262 0.28571864297634653 0.42854228886814466 0.57145771551780078 0.71428136067677794 0.85714653690741827 
	
	-1 
	none F F 1 F 0 } I I #
coedge $-1 -1 -1 $-1 $268 $261 $470 $471 reversed $269 $472 #
pcurve $-1 -1 -1 $-1 0 forward { exppc nubs 3 open 8 
	0 3 0.14285346528580636 1 0.28571864297602234 1 0.42854228886806695 1 0.57145771551772218 1 
	0.7142813606764532 1 0.85714653690715148 1 1 3 
	0.99999999999959466 0.019230769230586555 
	0.95238813762050889 0.019230769230575803 
	0.85715171216721742 0.019230769230559403 
	0.71434194903282688 0.019230769230527574 
	0.57136639935378974 0.019230769230556128 
	0.42863359648671728 0.019230769230613294 
	0.2856580475380856 0.019230769230630666 
	0.14284828587603973 0.019230769230617829 
	0.047611861645529226 0.019230769230650733 
	3.1563291541089165e-013 0.019230769230672413 
	0.001 
	-1 
	spline forward { ref 3 } I I I I 
	} 0 0 #
name_attrib-gen-attrib $-1 -1 $473 $-1 $262 2 1 1 1 1 1 1 1 1 1 1 1 1 1 0 1 1 1 @3 eif #
tvertex-vertex $474 -1 -1 $-1 $262 $475 2.587066472605835e-013 #
intcurve-curve $-1 -1 -1 $-1 forward { exactcur full nubs 3 open 8 
	0 3 0.14285346528580636 1 0.28571864297602234 1 0.42854228886806695 1 0.57145771551772218 1 
	0.7142813606764532 1 0.85714653690715148 1 1 3 
	-15.600000000000001 -76.086602540378379 -0.89999999999999991 
	-15.588595294150291 -76.087240421077894 -0.90003142891413224 
	-15.566426476080576 -76.08851634932428 -0.90251358918885316 
	-15.534347892273042 -76.090429642724274 -0.91371931745441515 
	-15.505694510310855 -76.092345122970684 -0.93173414136812049 
	-15.481734140756622 -76.09425741746341 -0.95569451108803416 
	-15.463719317118446 -76.096172897700072 -0.98434789301614234 
	-15.452513589117775 -76.098086191080384 -1.0164264765386481 
	-15.450031428912284 -76.099362119310342 -1.038595294331349 
	-15.450000000000001 -76.09999999999998 -1.0499999999999998 
	0 
	null_surface 
	null_surface 
	nullbs 
	nullbs 
	-1 
	-1 
	I I 
	0 
	0 
	6 0.14285346528580636 0.28571864297602234 0.42854228886806695 0.57145771551772218 0.7142813606764532 0.85714653690715148 
	
	-1 
	none F F 1 F 0 } I I #
integer_attrib-name_attrib-gen-attrib $-1 -1 $476 $-1 $264 2 0 0 1 1 1 1 1 1 1 1 1 1 1 0 1 1 1 @3 fif 0 #
cone-surface $-1 -1 -1 $-1 -15.600000000000001 -76.59999999999998 -1.0499999999999998 -0 1 0 -0.14999999999999999 0 0 1 I I -0 1 0.14999999999999999 reversed I I I I #
tedge-edge $477 -1 -1 $-1 $478 0 $226 0.99999999999999989 $268 $479 forward @7 unknown T -15.600011139308609 -76.100011139308592 -1.0500111393086078 -15.549988860691393 -76.086591401069768 -0.99998886069139203 1.1139308607886443e-005 #
pcurve $-1 -1 -1 $-1 0 forward { exppc nubs 3 open 7 
	0 3 0.1666589043407532 1 0.33331201919525516 1 0.50000114301751264 1 0.66669001084723989 1 
	0.83334236540294804 1 0.99999999999999989 3 
	-1.1194319962976706e-013 0.98076923066862676 
	0.055538922721662956 0.98076923066865829 
	0.16662456324435787 0.98076923066870425 
	0.33333193144121637 0.98076923066876287 
	0.50000106300908809 0.98076923066869126 
	0.66666994474258845 0.98076923066861899 
	0.8333765431011505 0.9807692306685285 
	0.9444615029345873 0.98076923066870692 
	0.9999999999998036 0.98076923066883515 
	0.001 
	-1 
	spline forward { ref 3 } I I I I 
	} 0 0 #
face $480 -1 -1 $-1 $481 $269 $5 $-1 $482 reversed double out T -15.60003041164423 -76.100030411644212 -1.0500304116442285 -15.449969588355772 -76.086572128734147 -0.89996958835577123 T 0 0.99999999999959466 0.019230769230586555 0.98076923066883515 #
integer_attrib-name_attrib-gen-attrib $-1 -1 $-1 $271 $193 2 1 1 1 1 1 1 1 1 1 1 1 1 1 0 1 1 1 @3 pid 109 #
integer_attrib-name_attrib-gen-attrib $-1 -1 $483 $273 $194 2 1 1 1 1 1 1 1 1 1 1 1 1 1 0 1 1 1 @3 pid 34 #
string_attrib-name_attrib-gen-attrib $-1 -1 $-1 $276 $139 2 1 2 1 1 1 1 1 1 1 1 1 1 1 0 1 1 1 @15 ATTRIB_XACIS_ID @5 81742 #
string_attrib-name_attrib-gen-attrib $-1 -1 $-1 $278 $146 2 1 2 1 1 1 1 1 1 1 1 1 1 1 0 1 1 1 @15 ATTRIB_XACIS_ID @5 81828 #
integer_attrib-name_attrib-gen-attrib $-1 -1 $484 $279 $205 2 1 1 1 1 1 1 1 1 1 1 1 1 1 0 1 1 1 @3 pid 9 #
integer_attrib-name_attrib-gen-attrib $-1 -1 $485 $-1 $280 2 0 0 1 1 1 1 1 1 1 1 1 1 1 0 1 1 1 @3 fif 0 #
face $486 -1 -1 $-1 $487 $488 $5 $-1 $489 forward double out T -15.477115211922269 -74.347283334622986 -1 -15.449999999999999 -74.261263982968174 -0.89999999999999947 F #
loop $-1 -1 -1 $-1 $-1 $490 $280 T -15.450000000000001 -74.499999999999986 -1 -15.450000000000001 -74.347283334622986 -0.89999999999999947 unknown #
plane-surface $-1 -1 -1 $-1 -15.450000000000001 -75.374999999999986 -0.94999999999999996 -1 0 0 0 -1 0 forward_v I I I I #
coedge $-1 -1 -1 $-1 $491 $426 $373 $492 forward $281 $-1 #
coedge $-1 -1 -1 $-1 $318 $283 $372 $492 reversed $206 $-1 #
coedge $-1 -1 -1 $-1 $283 $318 $320 $431 forward $206 $-1 #
coedge $-1 -1 -1 $-1 $286 $493 $283 $376 reversed $68 $-1 #
edge $494 -1 -1 $-1 $495 0 $496 3.1415840465669143 $283 $497 forward @7 unknown T -15.649999569649804 -74.799999999999983 -0.99999999999999989 -15.550000000000001 -74.59999999999998 -0.99999999999999956 #
edge $498 -1 -1 $-1 $289 0 $495 1.5707829309575474 $284 $499 forward @7 unknown T -15.55000000000005 -74.899999999999991 -0.99999999999999989 -15.450000000000001 -74.799999999999983 -0.99999999999999956 #
name_attrib-gen-attrib $-1 -1 $500 $-1 $285 2 1 1 1 1 1 1 1 1 1 1 1 1 1 0 1 1 1 @3 eif #
straight-curve $-1 -1 -1 $-1 -15.450000000000001 -74.899999999999991 -0.99999999999999911 0 0 1 F 0 F 0.099999999999998757 #
integer_attrib-name_attrib-gen-attrib $-1 -1 $-1 $287 $212 2 1 1 1 1 1 1 1 1 1 1 1 1 1 0 1 1 1 @3 pid 45 #
integer_attrib-name_attrib-gen-attrib $-1 -1 $-1 $-1 $288 2 1 1 1 1 1 1 1 1 1 1 1 1 1 0 1 1 1 @3 pid 40 #
point $-1 -1 -1 $-1 -15.450000000000001 -75.199999999999989 -0.99999999999999956 #
integer_attrib-name_attrib-gen-attrib $-1 -1 $-1 $-1 $289 2 1 1 1 1 1 1 1 1 1 1 1 1 1 0 1 1 1 @3 pid 41 #
point $-1 -1 -1 $-1 -15.450000000000001 -74.899999999999991 -0.99999999999999989 #
integer_attrib-name_attrib-gen-attrib $-1 -1 $-1 $291 $213 2 1 1 1 1 1 1 1 1 1 1 1 1 1 0 1 1 1 @3 pid 43 #
coedge $-1 -1 -1 $-1 $501 $294 $502 $503 reversed $68 $-1 #
coedge $-1 -1 -1 $-1 $333 $332 $294 $388 reversed $334 $-1 #
edge $504 -1 -1 $-1 $390 0 $505 0.72679491924320005 $387 $506 forward @7 unknown T -16.363397459621602 -76.749999999999986 -0.99999999999999989 -15.636602540378401 -76.749999999999986 -0.99999999999999989 #
name_attrib-gen-attrib $-1 -1 $507 $-1 $296 2 1 1 1 1 1 1 1 1 1 1 1 1 1 0 1 1 1 @3 eif #
vertex $508 -1 -1 $-1 $296 $509 #
ellipse-curve $-1 -1 -1 $-1 -15.549999085041145 -76.700000245162471 -0.99999999999999989 0 0 -1 -0.086603455337295854 -0.049999754837515731 0 1 F 0 F 1.5707829309572738 #
coedge $-1 -1 -1 $-1 $298 $297 $510 $511 reversed $299 $-1 #
pcurve $-1 -1 -1 $-1 0 forward { exppc nubs 1 open 2 
	-0.99999999999999989 1 -0 1 
	-10.267949192432001 1.5707963267948966 
	-10 3.1415926535897931 
	0.001 
	0.00032383347947731456 
	cone -15.600000000000001 -76.59999999999998 -1.0499999999999998 -0 1 0 -0.049999999999999996 0 0 1 I I 0 -1 0.049999999999999996 reversed I I I I 
	} 0 0 #
tcoedge-coedge $-1 -1 -1 $-1 $347 $339 $298 $395 forward $348 $512 0 0.99999999999999989 F #
tedge-edge $513 -1 -1 $-1 $301 0 $514 0.99999999999999989 $298 $515 forward @7 unknown T -15.600011139308624 -76.613408598930206 -1.0500111393086222 -15.549988860691379 -76.599988860691354 -0.99998886069137261 1.1139308622419622e-005 #
pcurve $-1 -1 -1 $-1 0 forward { exppc nubs 1 open 2 
	-0.99999999999999989 1 -0 1 
	0 3.1415926535897931 
	0.26794919243199988 1.5707963267948966 
	0.001 
	0.00032383347879344493 
	cone -15.600000000000001 -76.59999999999998 -1.0499999999999998 -0 1 0 -0.049999999999999996 0 0 1 I I 0 -1 0.049999999999999996 reversed I I I I 
	} 0 0 #
face $516 -1 -1 $-1 $517 $299 $5 $-1 $518 reversed double out T -15.600011139308624 -76.613408598930206 -1.0500111393086222 -15.549988860691379 -76.086591401069768 -0.99998886069137261 F #
integer_attrib-name_attrib-gen-attrib $-1 -1 $-1 $300 $224 2 1 1 1 1 1 1 1 1 1 1 1 1 1 0 1 1 1 @3 pid 117 #
integer_attrib-name_attrib-gen-attrib $-1 -1 $-1 $-1 $301 2 1 1 1 1 1 1 1 1 1 1 1 1 1 0 1 1 1 @3 pid 74 #
point $-1 -1 -1 $-1 -15.600000000000001 -76.613397459621567 -0.999999999999995 #
string_attrib-name_attrib-gen-attrib $-1 -1 $-1 $307 $168 2 1 2 1 1 1 1 1 1 1 1 1 1 1 0 1 1 1 @15 ATTRIB_XACIS_ID @5 81714 #
integer_attrib-name_attrib-gen-attrib $-1 -1 $519 $308 $233 2 1 1 1 1 1 1 1 1 1 1 1 1 1 0 1 1 1 @3 pid 38 #
integer_attrib-name_attrib-gen-attrib $-1 -1 $520 $-1 $309 2 0 0 1 1 1 1 1 1 1 1 1 1 1 0 1 1 1 @3 fif 0 #
face $521 -1 -1 $-1 $522 $523 $5 $-1 $524 forward double out T -16.550030411644197 -76.100030411644184 -1.0500304116441972 -16.399969588355805 -76.086572128734176 -0.89996958835580254 T 0 1.0000000000000708 0.019230769230775581 0.98076923066912236 #
loop $-1 -1 -1 $-1 $-1 $525 $309 T -16.550000000000001 -75.295449739860473 -1.6000755175763901 -15.450000000000001 -74.001282803437988 -1.5999231528384985 unknown #
plane-surface $-1 -1 -1 $-1 -16.550000000000001 -75.29544973985999 -1.5999999999999999 0 0 -1 0 1 0 forward_v I I I I #
tcoedge-coedge $-1 -1 -1 $-1 $526 $527 $528 $529 reversed $310 $530 -1 -0 F #
tcoedge-coedge $-1 -1 -1 $-1 $531 $312 $532 $533 forward $234 $534 -2.220446316346407e-016 1.5762326453073401 F #
tcoedge-coedge $-1 -1 -1 $-1 $312 $535 $536 $537 forward $234 $538 -1.488713319286461e-011 0.099999209230621458 F #
tcoedge-coedge $-1 -1 -1 $-1 $539 $532 $312 $411 reversed $540 $541 -1.5762299063690333 -4.0102458876181989e-008 F #
tedge-edge $542 -1 -1 $-1 $543 4.0102458876181989e-008 $544 1.5762299063690333 $312 $545 forward @7 unknown T -15.625187698732489 -74.0014766609264 -1.2501183282371884 -15.624763344521151 -73.749881667109236 -0.99988167137295714 0.00011832823718844839 #
pcurve $-1 -1 -1 $-1 0 forward { exppc nubs 2 open 7 
	4.0102458876181989e-008 2 0.2627050178135546 2 0.52540999552465029 2 0.78811497323574609 2 1.0508199509468417 2 
	1.3135249286579376 2 1.5762299063690333 2 
	0.037864275535850131 -0.21349035701997821 
	0.038043737319574812 -0.18046255709503961 
	0.029639930701366238 -0.14852130245752848 
	0.021236124083157715 -0.1165800478200175 
	0.0048257006868419883 -0.087917080520953483 
	-0.011584722709474511 -0.059254113221888172 
	-0.034875713971888489 -0.035836226095470547 
	-0.058166705234302105 -0.012418338969053276 
	-0.086740085282530799 0.0041475815757960888 
	-0.11531346533075827 0.020713502120644767 
	-0.1472085886202773 0.029290737282986257 
	-0.17910371190979649 0.037867972445327747 
	-0.21213200182614855 0.037867970297564391 
	0.001 
	9.3564601977113066e-006 
	plane -15.625 -73.787867965643983 -1.037867965644 1 0 0 0 0 1 reverse_v I I I I 
	} 0 0 #
coedge $-1 -1 -1 $-1 $314 $313 $546 $547 forward $169 $-1 #
coedge $-1 -1 -1 $-1 $548 $549 $313 $415 reversed $550 $-1 #
edge $551 -1 -1 $-1 $423 -1.1102230246251565e-016 $552 0.42999999999999994 $313 $553 forward @7 unknown T -16.27 -76.549999999999997 -0.99999999999999989 -16.27 -76.11999999999999 -0.99999999999999989 #
coedge $-1 -1 -1 $-1 $554 $555 $314 $417 reversed $556 $-1 #
edge $557 -1 -1 $-1 $558 -1.6653345369377348e-016 $422 0.42999999999999983 $314 $559 forward @7 unknown T -15.73 -76.549999999999983 -0.99999999999999989 -15.73 -76.119999999999976 -0.99999999999999989 #
coedge $-1 -1 -1 $-1 $560 $315 $555 $561 reversed $420 $-1 #
coedge $-1 -1 -1 $-1 $315 $560 $548 $562 forward $420 $-1 #
loop $-1 -1 -1 $-1 $-1 $418 $481 T -16.27 -76.11999999999999 -1 -15.73 -76.11999999999999 -0.94999999999999996 unknown #
name_attrib-gen-attrib $-1 -1 $563 $-1 $316 2 1 1 1 1 1 1 1 1 1 1 1 1 1 0 1 1 1 @3 eif #
vertex $564 -1 -1 $-1 $316 $565 #
vertex $566 -1 -1 $-1 $316 $567 #
straight-curve $-1 -1 -1 $-1 -15.73 -76.11999999999999 -0.99999999999999989 -1 0 0 F 0 F 0.53999999999999992 #
coedge $-1 -1 -1 $-1 $568 $317 $569 $570 forward $11 $-1 #
coedge $-1 -1 -1 $-1 $372 $571 $317 $427 forward $281 $-1 #
edge $572 -1 -1 $-1 $573 0 $429 1.5707829309572221 $317 $574 forward @7 unknown T -15.550000000000001 -74.59999999999998 -0.90000000000000013 -15.450000000000001 -74.499999999999986 -0.89999999999999991 #
name_attrib-gen-attrib $-1 -1 $575 $-1 $319 2 1 1 1 1 1 1 1 1 1 1 1 1 1 0 1 1 1 @3 eif #
vertex $576 -1 -1 $-1 $427 $577 #
ellipse-curve $-1 -1 -1 $-1 -15.549999574860491 -74.699999999999989 -0.89999999999999991 0 -0 1 -4.2513950937461681e-007 0.09999999999999698 -0 1 F 0 F 3.1415841507990963 #
edge $578 -1 -1 $-1 $322 0 $495 0.099999999999998757 $374 $579 forward @7 unknown T -15.550000000000052 -74.799999999999983 -0.99999999999999956 -15.550000000000001 -74.799999999999983 -0.89999999999999991 #
integer_attrib-name_attrib-gen-attrib $-1 -1 $-1 $321 $239 2 1 1 1 1 1 1 1 1 1 1 1 1 1 0 1 1 1 @3 pid 6 #
integer_attrib-name_attrib-gen-attrib $-1 -1 $-1 $-1 $322 2 1 1 1 1 1 1 1 1 1 1 1 1 1 0 1 1 1 @3 pid 7 #
point $-1 -1 -1 $-1 -15.550000000000052 -74.799999999999983 -0.89999999999999991 #
integer_attrib-name_attrib-gen-attrib $-1 -1 $-1 $327 $243 2 1 1 1 1 1 1 1 1 1 1 1 1 1 0 1 1 1 @3 pid 44 #
coedge $-1 -1 -1 $-1 $329 $580 $581 $582 reversed $11 $-1 #
coedge $-1 -1 -1 $-1 $583 $584 $329 $438 reversed $585 $-1 #
edge $586 -1 -1 $-1 $587 1.1102230246251565e-016 $443 0.5267949192432001 $329 $588 forward @7 unknown T -16.40000000000008 -76.613397459621638 -0.90000000000007663 -16.399999999999924 -76.086602540378323 -0.89999999999992319 #
coedge $-1 -1 -1 $-1 $502 $330 $589 $590 forward $441 $-1 #
coedge $-1 -1 -1 $-1 $330 $502 $332 $445 reversed $441 $-1 #
loop $-1 -1 -1 $-1 $-1 $502 $591 T -16.40000000000008 -76.749999999999986 -1.0000000000000453 -16.350000245160242 -76.613397459621495 -0.89999999999992319 unknown #
name_attrib-gen-attrib $-1 -1 $592 $-1 $331 2 1 1 1 1 1 1 1 1 1 1 1 1 1 0 1 1 1 @3 eif #
tvertex-vertex $593 -1 -1 $-1 $331 $594 7.670385056125466e-014 #
ellipse-curve $-1 -1 -1 $-1 -16.450000914958864 -76.700000245162471 -0.89999999999999991 0 0 1 0.086603455337307025 -0.04999975483751351 0 1 F 0 F 1.5707829309571508 #
edge $595 -1 -1 $-1 $336 0 $505 0.099999999999999992 $440 $596 forward @7 unknown T -16.363397459621559 -76.749999999999986 -0.99999999999999989 -16.363397459621556 -76.749999999999986 -0.89999999999999991 #
face $597 -1 -1 $-1 $341 $334 $5 $-1 $598 forward double out T -16.363397459621602 -76.749999999999986 -0.99999999999999989 -15.636602540378401 -76.749999999999986 -0.89999999999999991 F #
integer_attrib-name_attrib-gen-attrib $-1 -1 $-1 $335 $250 2 1 1 1 1 1 1 1 1 1 1 1 1 1 0 1 1 1 @3 pid 31 #
integer_attrib-name_attrib-gen-attrib $-1 -1 $-1 $-1 $336 2 1 1 1 1 1 1 1 1 1 1 1 1 1 0 1 1 1 @3 pid 31 #
point $-1 -1 -1 $-1 -16.363397459621556 -76.749999999999986 -0.89999999999999991 #
name_attrib-gen-attrib $-1 -1 $599 $-1 $338 2 1 1 1 1 1 1 1 1 1 1 1 1 1 0 1 1 1 @3 eif #
straight-curve $-1 -1 -1 $-1 -15.636602540378433 -76.749999999999986 -0.99999999999999989 0 0 1 F 0 F 0.099999999999999992 #
pcurve $-1 -1 -1 $-1 0 forward { exppc nubs 3 open 2 
	-0.099999999999999992 3 -0 3 
	0.99999999999959666 0.01923076923058659 
	0.99999999999975187 0.33974358970992219 
	0.99999999999990719 0.66025641018925785 
	1.0000000000000624 0.98076923066859345 
	0.001 
	-1 
	spline forward { ref 5 } I I I I 
	} 0 0 #
name_attrib-gen-attrib $-1 -1 $600 $-1 $340 2 1 1 1 1 1 1 1 1 1 1 1 1 1 0 1 1 1 @3 eif #
straight-curve $-1 -1 -1 $-1 -15.600000000000019 -76.613397459621552 -0.99999999999999989 0 0 1 F 4.8988590961585032e-015 F 0.099999999999999992 #
integer_attrib-name_attrib-gen-attrib $-1 -1 $601 $-1 $341 2 0 0 1 1 1 1 1 1 1 1 1 1 1 0 1 1 1 @3 fif 0 #
cone-surface $-1 -1 -1 $-1 -15.550000000000001 -76.699999999999989 -0.94999999999999996 -0 0 1 0 0.10000000000000001 0 1 I I -0 1 0.10000000000000001 reversed I I I I #
coedge $-1 -1 -1 $-1 $602 $345 $603 $468 reversed $459 $-1 #
coedge $-1 -1 -1 $-1 $345 $604 $605 $606 forward $459 $-1 #
loop $-1 -1 -1 $-1 $-1 $458 $607 T -15.45000000000026 -76.600000000000236 -1.5499999999999998 -15.449999999999742 -76.099999999999724 -1.0499999999997411 unknown #
name_attrib-gen-attrib $-1 -1 $608 $-1 $346 2 1 1 1 1 1 1 1 1 1 1 1 1 1 0 1 1 1 @3 eif #
straight-curve $-1 -1 -1 $-1 -15.450000000000001 -76.09999999999998 -1.0499999999999998 0 -1 0 F 0 F 0.5 #
coedge $-1 -1 -1 $-1 $609 $603 $347 $463 forward $610 $-1 #
edge $611 -1 -1 $-1 $351 0 $514 0.10000000000009568 $462 $612 forward @7 unknown T -15.550000000000193 -76.600000000000236 -1.0500000000002585 -15.449999999999742 -76.599999999999724 -1.0499999999997411 #
pcurve $-1 -1 -1 $-1 0 forward { exppc nubs 3 open 2 
	-0.10000000000000009 3 -0 3 
	2.3096056668204461e-013 0.98076923066690103 
	2.5929913430277166e-013 0.66025641018815828 
	2.8763770192349876e-013 0.33974358970941571 
	3.1597626954422587e-013 0.019230769230672955 
	0.001 
	-1 
	spline forward { ref 5 } I I I I 
	} 0 0 #
face $613 -1 -1 $-1 $607 $348 $5 $-1 $614 forward double out T -15.600030411644228 -76.613427871265813 -1.0500304116442267 -15.449969588355774 -76.599969588355748 -0.89996958835577312 T 0 1.0000000000000624 0.01923076923058659 0.98076923066859345 #
integer_attrib-name_attrib-gen-attrib $-1 -1 $-1 $350 $259 2 1 1 1 1 1 1 1 1 1 1 1 1 1 0 1 1 1 @3 pid 106 #
integer_attrib-name_attrib-gen-attrib $-1 -1 $-1 $-1 $351 2 1 1 1 1 1 1 1 1 1 1 1 1 1 0 1 1 1 @3 pid 75 #
edge $615 -1 -1 $-1 $616 0 $351 0.5 $603 $617 forward @7 unknown T -15.45000000000026 -76.600000000000236 -1.5499999999999998 -15.449999999999742 -76.599999999999724 -1.0499999999997411 #
point $-1 -1 -1 $-1 -15.450000000000001 -76.59999999999998 -1.0499999999999998 #
coedge $-1 -1 -1 $-1 $605 $618 $353 $471 forward $619 $-1 #
edge $620 -1 -1 $-1 $478 2.2204460492503131e-016 $356 0.10000000000000009 $353 $621 forward @7 unknown T -15.550000000000182 -76.100000000000236 -1.0500000000002585 -15.449999999999742 -76.099999999999724 -1.0499999999997411 #
pcurve $-1 -1 -1 $-1 0 forward { exppc nubs 3 open 2 
	-0.10000000000000009 3 -0 3 
	3.1563291541089165e-013 0.019230769230672413 
	1.7310754373067208e-013 0.33974358970999052 
	3.0582172050452509e-014 0.6602564101893087 
	-1.1194319962976706e-013 0.98076923066862676 
	0.001 
	-1 
	spline forward { ref 3 } I I I I 
	} 0 0 #
integer_attrib-name_attrib-gen-attrib $-1 -1 $-1 $355 $262 2 1 1 1 1 1 1 1 1 1 1 1 1 1 0 1 1 1 @3 pid 108 #
integer_attrib-name_attrib-gen-attrib $-1 -1 $-1 $-1 $356 2 1 1 1 1 1 1 1 1 1 1 1 1 1 0 1 1 1 @3 pid 76 #
point $-1 -1 -1 $-1 -15.450000000000001 -76.09999999999998 -1.0499999999999998 #
integer_attrib-name_attrib-gen-attrib $-1 -1 $622 $358 $264 2 1 1 1 1 1 1 1 1 1 1 1 1 1 0 1 1 1 @3 pid 33 #
name_attrib-gen-attrib $-1 -1 $623 $-1 $360 2 1 1 1 1 1 1 1 1 1 1 1 1 1 0 1 1 1 @3 eif #
tvertex-vertex $624 -1 -1 $-1 $360 $625 1.8181979975785687e-013 #
intcurve-curve $-1 -1 -1 $-1 forward { exactcur full nubs 3 open 7 
	0 3 0.1666589043407532 1 0.33331201919525516 1 0.50000114301751264 1 0.66669001084723989 1 
	0.83334236540294804 1 0.99999999999999989 3 
	-15.550000000000001 -76.09999999999998 -1.0499999999999998 
	-15.550019354725443 -76.099255910187026 -1.0455395543930217 
	-15.551140016803297 -76.097767632593076 -1.0369562263322321 
	-15.556202383316741 -76.095534232339162 -1.0247015043154049 
	-15.564241027981648 -76.093301255949001 -1.0142409083331687 
	-15.574701635292945 -76.091068282902199 -1.0062023118308603 
	-15.586956312482602 -76.088834892962723 -1.0011400010599525 
	-15.595539589910244 -76.087346624488376 -1.0000193541656561 
	-15.600000000000001 -76.086602540378379 -0.99999999999999989 
	0 
	null_surface 
	null_surface 
	nullbs 
	nullbs 
	-1 
	-1 
	I I 
	0 
	0 
	5 0.1666589043407532 0.33331201919525516 0.50000114301751264 0.66669001084723989 0.83334236540294804 
	
	-1 
	none F F 1 F 0 } I I #
integer_attrib-name_attrib-gen-attrib $-1 -1 $626 $-1 $362 2 0 0 1 1 1 1 1 1 1 1 1 1 1 0 1 1 1 @3 fif 0 #
face $627 -1 -1 $-1 $628 $420 $5 $-1 $629 reversed double out T -16.27 -76.11999999999999 -1 -15.73 -76.11999999999999 -0.94999999999999996 F #
spline-surface $-1 -1 -1 $-1 forward { ref 3 } I I I I #
string_attrib-name_attrib-gen-attrib $-1 -1 $-1 $364 $194 2 1 2 1 1 1 1 1 1 1 1 1 1 1 0 1 1 1 @15 ATTRIB_XACIS_ID @5 81806 #
string_attrib-name_attrib-gen-attrib $-1 -1 $-1 $367 $205 2 1 2 1 1 1 1 1 1 1 1 1 1 1 0 1 1 1 @15 ATTRIB_XACIS_ID @5 81769 #
integer_attrib-name_attrib-gen-attrib $-1 -1 $630 $368 $280 2 1 1 1 1 1 1 1 1 1 1 1 1 1 0 1 1 1 @3 pid 10 #
integer_attrib-name_attrib-gen-attrib $-1 -1 $631 $-1 $369 2 0 0 1 1 1 1 1 1 1 1 1 1 1 0 1 1 1 @3 fif 0 #
face $632 -1 -1 $-1 $633 $634 $5 $-1 $635 reversed double out T -15.597884788078357 -74.261263982969936 -1.0000000000004567 -15.477115211921136 -74.088736017031536 -0.89999999999954294 F #
loop $-1 -1 -1 $-1 $-1 $636 $369 T -15.477115211922269 -74.347283334622986 -1 -15.449999999999999 -74.261263982968174 -0.89999999999999947 unknown #
cone-surface $-1 -1 -1 $-1 -15.600000000000001 -74.347283334622986 -4.5346617600289996 0 0 1 0.14999999999999999 0 0 1 I I -0 1 0.14999999999999999 reversed I I I I #
coedge $-1 -1 -1 $-1 $637 $638 $639 $640 forward $370 $-1 #
coedge $-1 -1 -1 $-1 $571 $372 $493 $641 forward $281 $-1 #
edge $642 -1 -1 $-1 $429 0 $496 0.099999999999999992 $373 $643 forward @7 unknown T -15.550000000000001 -74.59999999999998 -0.99999999999999989 -15.550000000000001 -74.59999999999998 -0.89999999999999991 #
coedge $-1 -1 -1 $-1 $375 $639 $491 $641 reversed $68 $-1 #
name_attrib-gen-attrib $-1 -1 $644 $-1 $376 2 1 1 1 1 1 1 1 1 1 1 1 1 1 0 1 1 1 @3 eif #
vertex $645 -1 -1 $-1 $431 $646 #
vertex $647 -1 -1 $-1 $492 $648 #
ellipse-curve $-1 -1 -1 $-1 -15.549999569648881 -74.699999999999989 -0.99999999999999989 0 0 -1 -4.3035116847889293e-007 -0.099999999999997202 0 1 F 0 F 3.1415840465669143 #
name_attrib-gen-attrib $-1 -1 $649 $-1 $377 2 1 1 1 1 1 1 1 1 1 1 1 1 1 0 1 1 1 @3 eif #
ellipse-curve $-1 -1 -1 $-1 -15.550000669796383 -74.900000669796356 -0.99999999999999989 0 0 1 0.10000066979638111 6.6979637525221847e-007 0 1 F 0 F 1.5707829309575474 #
integer_attrib-name_attrib-gen-attrib $-1 -1 $-1 $378 $285 2 1 1 1 1 1 1 1 1 1 1 1 1 1 0 1 1 1 @3 pid 46 #
coedge $-1 -1 -1 $-1 $650 $386 $651 $652 forward $68 $-1 #
coedge $-1 -1 -1 $-1 $440 $439 $386 $503 forward $441 $-1 #
edge $653 -1 -1 $-1 $654 0 $505 1.5707829309571799 $502 $655 forward @7 unknown T -16.400000000000027 -76.749999999999986 -1.0000000000000453 -16.350000245160246 -76.613397459621538 -0.99999999999998657 #
name_attrib-gen-attrib $-1 -1 $656 $-1 $388 2 1 1 1 1 1 1 1 1 1 1 1 1 1 0 1 1 1 @3 eif #
vertex $657 -1 -1 $-1 $445 $658 #
straight-curve $-1 -1 -1 $-1 -15.636602540378401 -76.749999999999986 -0.99999999999999989 -1 0 0 F 0 F 0.72679491924320005 #
integer_attrib-name_attrib-gen-attrib $-1 -1 $-1 $389 $296 2 1 1 1 1 1 1 1 1 1 1 1 1 1 0 1 1 1 @3 pid 104 #
integer_attrib-name_attrib-gen-attrib $-1 -1 $-1 $-1 $390 2 1 1 1 1 1 1 1 1 1 1 1 1 1 0 1 1 1 @3 pid 73 #
point $-1 -1 -1 $-1 -15.636602540378421 -76.749999999999986 -0.99999999999999989 #
coedge $-1 -1 -1 $-1 $659 $660 $392 $511 forward $661 $-1 #
edge $662 -1 -1 $-1 $514 0 $478 0.5 $510 $663 forward @7 unknown T -15.550000000000193 -76.600000000000094 -1.0500000000001817 -15.54999999999982 -76.099999999999795 -1.049999999999818 #
pcurve $-1 -1 -1 $-1 0 forward { exppc nubs 3 open 7 
	0 3 0.16665890434093941 1 0.33331201919539694 1 0.50000114301763599 1 0.66669001084739121 1 
	0.83334236540314532 1 0.99999999999999989 3 
	1.0000000000000624 0.98076923066859345 
	0.9444610772779175 0.98076923066858634 
	0.83337543675478076 0.98076923066858612 
	0.6666680685583013 0.98076923066859478 
	0.49999893699082859 0.98076923066872013 
	0.33333005525692699 0.98076923066865507 
	0.16662345689796498 0.98076923066910304 
	0.055538497065032826 0.98076923066779464 
	2.3096056668204461e-013 0.98076923066690103 
	0.001 
	-1 
	spline forward { ref 5 } I I I I 
	} 0 0 #
name_attrib-gen-attrib $-1 -1 $664 $-1 $395 2 1 1 1 1 1 1 1 1 1 1 1 1 1 0 1 1 1 @3 eif #
tvertex-vertex $665 -1 -1 $-1 $666 $667 9.6764666548964721e-014 #
intcurve-curve $-1 -1 -1 $-1 forward { exactcur full nubs 3 open 7 
	0 3 0.16665890434093941 1 0.33331201919539694 1 0.50000114301763599 1 0.66669001084739121 1 
	0.83334236540314532 1 0.99999999999999989 3 
	-15.600000000000001 -76.613397459621581 -0.99999999999999989 
	-15.595539554393023 -76.612653369808584 -1.0000193547254397 
	-15.586956226332237 -76.611165092214591 -1.0011400168032945 
	-15.574701504315398 -76.608931691960734 -1.0062023833167444 
	-15.564240908333161 -76.606698715570602 -1.0142410279816538 
	-15.556202311830857 -76.604465742523786 -1.0247016352929517 
	-15.551140001059954 -76.602232352584238 -1.0369563124825976 
	-15.550019354165659 -76.600744084109948 -1.0455395899102427 
	-15.550000000000001 -76.59999999999998 -1.0499999999999998 
	0 
	null_surface 
	null_surface 
	nullbs 
	nullbs 
	-1 
	-1 
	I I 
	0 
	0 
	5 0.16665890434093941 0.33331201919539694 0.50000114301763599 0.66669001084739121 0.83334236540314532 
	
	-1 
	none F F 1 F 0 } I I #
integer_attrib-name_attrib-gen-attrib $-1 -1 $668 $-1 $397 2 0 0 1 1 1 1 1 1 1 1 1 1 1 0 1 1 1 @3 fif 0 #
face $669 -1 -1 $-1 $670 $671 $5 $-1 $672 reversed double out T -16.45001113930865 -76.613408598930235 -1.0500111393086509 -16.399988860691348 -76.086591401069725 -0.99998886069134874 F #
cone-surface $-1 -1 -1 $-1 -15.600000000000001 -76.59999999999998 -1.0499999999999998 -0 1 0 -0.049999999999999996 0 0 1 I I -0 1 0.049999999999999996 reversed I I I I #
string_attrib-name_attrib-gen-attrib $-1 -1 $-1 $402 $233 2 1 2 1 1 1 1 1 1 1 1 1 1 1 0 1 1 1 @15 ATTRIB_XACIS_ID @5 81807 #
integer_attrib-name_attrib-gen-attrib $-1 -1 $673 $403 $309 2 1 1 1 1 1 1 1 1 1 1 1 1 1 0 1 1 1 @3 pid 40 #
integer_attrib-name_attrib-gen-attrib $-1 -1 $674 $-1 $404 2 0 0 1 1 1 1 1 1 1 1 1 1 1 0 1 1 1 @3 fif 0 #
face $675 -1 -1 $-1 $676 $677 $5 $-1 $678 reversed double out T -16.550030411644201 -76.613427871265785 -1.0500304116442367 -16.399969588355802 -76.599969588355776 -0.89996958835580121 T 0 0.9999999999997059 0.019230769230771966 0.98076923066912125 #
loop $-1 -1 -1 $-1 $-1 $679 $404 T -16.550030411644197 -76.100030411644184 -1.0500304116441972 -16.399969588355805 -76.086572128734176 -0.89996958835580254 unknown #
spline-surface $-1 -1 -1 $-1 forward { exactsur full nubs 3 1 open open none none 4 2 
	0 3 0.33333333333330001 1 0.66666666666670005 1 1.0000000000000708 3 
	0.019230769230775581 1 0.98076923066912236 1 
	-16.550000000000001 -76.099999999999966 -1.0500000000000762 
	-16.550000000000008 -76.098511393375333 -1.0238200612201338 
	-16.53597777156363 -76.09553418012608 -0.97149933706671476 
	-16.478500662933286 -76.091068360252279 -0.91402222843636927 
	-16.426179938779878 -76.08809114700307 -0.89999999999998681 
	-16.399999999999928 -76.086602540378436 -0.89999999999999725 
	-16.44999999999996 -76.099999999999966 -1.0499999999999954 
	-16.449999999999971 -76.098511393375333 -1.0412733537400116 
	-16.445325923854508 -76.09553418012608 -1.0238331123555666 
	-16.426166887644435 -76.091068360252279 -1.0046740761454929 
	-16.408726646259971 -76.08809114700307 -1.0000000000000269 
	-16.399999999999999 -76.086602540378436 -1.0000000000000322 
	0 
	0 
	0 
	2 0.33333333333330001 0.66666666666670005 
	0 
	0 
	0 
	F 1 F 0 F 1 F 0 } I I I I #
coedge $-1 -1 -1 $-1 $680 $681 $682 $683 reversed $405 $-1 #
tcoedge-coedge $-1 -1 -1 $-1 $684 $407 $685 $686 reversed $310 $687 -1 -1.2889164617876821e-008 F #
tcoedge-coedge $-1 -1 -1 $-1 $407 $688 $689 $690 forward $310 $691 0 0.10000105342864085 F #
tcoedge-coedge $-1 -1 -1 $-1 $692 $685 $407 $529 forward $693 $694 0 1 F #
tedge-edge $695 -1 -1 $-1 $696 0 $697 1 $528 $698 forward @7 unknown T -16.375141108986728 -74.001493981023003 -1.2501349648232638 -16.374865035176736 -73.649814044523097 -0.89975140440350887 0.00013496482326371933 #
pcurve $-1 -1 -1 $-1 0 forward { exppc nubs 3 open 10 
	-1 3 -0.88465472706673409 1 -0.77489148389336326 1 -0.66555429800333854 1 -0.5541338388917727 1 
	-0.4428208208554506 1 -0.33183554882147975 1 -0.22321633817721326 1 -0.11380388346556555 1 -0 3 
	0.13786532979330934 -0.21349036704499991 
	0.13798159641722732 -0.19206394689213591 
	0.13448432014521713 -0.15101365682597789 
	0.11834279851257742 -0.091340702138284602 
	0.092294393547155365 -0.036287029115165126 
	0.057333685785678642 0.013986331115743322 
	0.013816375844393505 0.057532513284741515 
	-0.036297207282705385 0.09236377225165926 
	-0.091131624952903806 0.11820828621104296 
	-0.15029266562541405 0.13436987616590645 
	-0.19099517143091022 0.1379189562976344 
	-0.21213203435599998 0.13786796564400028 
	0 
	0 
	plane -16.375 -73.787867965643983 -1.037867965644 -1 0 0 0 0 1 forward_v I I I I 
	} 0 0 #
tcoedge-coedge $-1 -1 -1 $-1 $699 $408 $700 $701 forward $234 $702 0 0.10000105342863197 F #
tcoedge-coedge $-1 -1 -1 $-1 $410 $703 $408 $533 reversed $540 $704 -1.5762326453073401 2.220446316346407e-016 F #
tedge-edge $705 -1 -1 $-1 $544 -2.220446316346407e-016 $706 1.5762326453073401 $408 $707 forward @7 unknown T -15.625118327246224 -74.001409412184657 -1.5000503679439459 -15.624881672753776 -73.749881672753759 -1.2498816727537772 5.0395984908083138e-005 #
pcurve $-1 -1 -1 $-1 0 forward { exppc nubs 2 open 7 
	-2.220446316346407e-016 2 0.2627054408845565 2 0.52541088176911321 2 0.78811632265366993 2 1.0508217635382266 2 
	1.3135272044227835 2 1.5762326453073401 2 
	-0.21213203435600003 0.037867965643997081 
	-0.24516037935204313 0.0378679678631762 
	-0.27705555299339535 0.029290702885674591 
	-0.3089507266347522 0.020713437908171716 
	-0.33752414117896778 0.0041474617708558981 
	-0.36609755572317948 -0.012418514366457696 
	-0.38938855638493219 -0.035836475062822615 
	-0.41267955704668013 -0.05925443575918278 
	-0.42908995849762754 -0.087917483923817485 
	-0.44550035994858089 -0.11658053208846261 
	-0.45390411083480964 -0.14852186244304733 
	-0.46230786172103244 -0.18046319279760939 
	-0.46212831222124318 -0.2134910504114913 
	0.001 
	9.3565251463547684e-006 
	plane -15.625 -73.787867965643983 -1.037867965644 1 -0 -0 0 0 1 reverse_v I I I I 
	} 0 0 #
tcoedge-coedge $-1 -1 -1 $-1 $409 $699 $708 $709 reversed $234 $710 -1 -0 F #
tcoedge-coedge $-1 -1 -1 $-1 $711 $712 $409 $537 reversed $713 $714 -0.099999209230621458 1.488713319286461e-011 F #
tedge-edge $715 -1 -1 $-1 $716 -1.488713319286461e-011 $543 0.099999209230621458 $536 $717 forward @7 unknown T -15.625144910783888 -74.001433872977799 -1.0000773853699005 -15.62499376513488 -74.001282792400616 -0.89996171572303296 6.1449118027567135e-006 #
pcurve $-1 -1 -1 $-1 0 forward { exppc nubs 1 open 2 
	-1.488713319286461e-011 1 0.099999209230621458 1 
	0.1378653298081961 -0.21349105055575945 
	0.037866120562687497 -0.21349105055575945 
	0 
	0 
	plane -15.625 -73.787867965643983 -1.037867965644 1 0 0 0 0 1 reverse_v I I I I 
	} 0 0 #
tcoedge-coedge $-1 -1 -1 $-1 $718 $410 $719 $720 reversed $540 $721 -0.74986125900939993 7.5514658764042064e-005 F #
loop $-1 -1 -1 $-1 $-1 $703 $670 T -16.375109398530494 -74.0014766609264 -1.5002187486953524 -15.624763344521151 -73.749862319771111 -0.99978051626171249 unknown #
pcurve $-1 -1 -1 $-1 0 forward { exppc nubs 1 open 2 
	-1.5762299063690333 1 -4.0102458876181989e-008 1 
	-3.7004733089666395 -3.1415926535897931 
	-3.6997225180377207 -1.5653630094062514 
	0.001 
	4.8630409545757361e-005 
	cone -16.550000000000001 -73.999999999999986 -1.25 1 0 0 0 -0.25 0 1 I I 0 -1 0.25 reversed I I I I 
	} 0 0 #
name_attrib-gen-attrib $-1 -1 $722 $-1 $411 2 1 1 1 1 1 1 1 1 1 1 1 1 1 0 1 1 1 @3 eif #
tvertex-vertex $723 -1 -1 $-1 $724 $725 7.5540288588031007e-005 #
tvertex-vertex $726 -1 -1 $-1 $411 $727 0.00011832724622302239 #
ellipse-curve $-1 -1 -1 $-1 -15.625 -73.999999960923844 -1.2499999837430047 -0.99999985020035875 0.00047330897880285813 -0.00027491429721137787 -6.9370495299980739e-005 -0.0013583717655900607 0.24999629358037967 1 F 4.0102458876181989e-008 F 1.5762299063690333 #
coedge $-1 -1 -1 $-1 $728 $729 $413 $547 reversed $730 $-1 #
edge $731 -1 -1 $-1 $552 0 $558 0.53999999999999992 $413 $732 forward @7 unknown T -16.27 -76.549999999999983 -0.99999999999999989 -15.73 -76.549999999999983 -0.99999999999999989 #
coedge $-1 -1 -1 $-1 $733 $414 $419 $562 reversed $550 $-1 #
coedge $-1 -1 -1 $-1 $414 $733 $728 $734 forward $550 $-1 #
loop $-1 -1 -1 $-1 $-1 $548 $628 T -16.27 -76.549999999999997 -1 -16.27 -76.11999999999999 -0.94999999999999996 unknown #
name_attrib-gen-attrib $-1 -1 $735 $-1 $415 2 1 1 1 1 1 1 1 1 1 1 1 1 1 0 1 1 1 @3 eif #
vertex $736 -1 -1 $-1 $547 $737 #
straight-curve $-1 -1 -1 $-1 -16.27 -76.11999999999999 -0.99999999999999989 0 -1 0 F -1.1102230246251565e-016 F 0.42999999999999994 #
coedge $-1 -1 -1 $-1 $738 $416 $729 $739 reversed $556 $-1 #
coedge $-1 -1 -1 $-1 $416 $738 $418 $561 forward $556 $-1 #
loop $-1 -1 -1 $-1 $-1 $554 $740 T -15.73 -76.549999999999983 -1 -15.73 -76.119999999999976 -0.94999999999999996 unknown #
name_attrib-gen-attrib $-1 -1 $741 $-1 $417 2 1 1 1 1 1 1 1 1 1 1 1 1 1 0 1 1 1 @3 eif #
vertex $742 -1 -1 $-1 $417 $743 #
straight-curve $-1 -1 -1 $-1 -15.73 -76.549999999999983 -0.99999999999999989 0 1 0 F -1.6653345369377348e-016 F 0.42999999999999983 #
coedge $-1 -1 -1 $-1 $419 $418 $744 $745 forward $420 $-1 #
edge $746 -1 -1 $-1 $747 0 $422 0.049999999999999996 $418 $748 forward @7 unknown T -15.73 -76.11999999999999 -1 -15.73 -76.11999999999999 -0.94999999999999996 #
edge $749 -1 -1 $-1 $750 0 $423 0.049999999999999996 $419 $751 forward @7 unknown T -16.27 -76.11999999999999 -1 -16.27 -76.11999999999999 -0.94999999999999996 #
integer_attrib-name_attrib-gen-attrib $-1 -1 $-1 $421 $316 2 1 1 1 1 1 1 1 1 1 1 1 1 1 0 1 1 1 @3 pid 113 #
integer_attrib-name_attrib-gen-attrib $-1 -1 $-1 $-1 $422 2 1 1 1 1 1 1 1 1 1 1 1 1 1 0 1 1 1 @3 pid 79 #
point $-1 -1 -1 $-1 -15.73 -76.11999999999999 -0.99999999999999989 #
integer_attrib-name_attrib-gen-attrib $-1 -1 $-1 $-1 $423 2 1 1 1 1 1 1 1 1 1 1 1 1 1 0 1 1 1 @3 pid 80 #
point $-1 -1 -1 $-1 -16.27 -76.11999999999999 -0.99999999999999989 #
coedge $-1 -1 -1 $-1 $752 $425 $753 $754 reversed $11 $-1 #
coedge $-1 -1 -1 $-1 $638 $637 $425 $570 reversed $370 $-1 #
edge $755 -1 -1 $-1 $573 0 $756 0.15271666537700002 $425 $757 forward @7 unknown T -15.450000000000001 -74.499999999999986 -0.90000000000000013 -15.450000000000001 -74.347283334622986 -0.89999999999999991 #
coedge $-1 -1 -1 $-1 $426 $491 $638 $758 reversed $281 $-1 #
name_attrib-gen-attrib $-1 -1 $759 $-1 $427 2 1 1 1 1 1 1 1 1 1 1 1 1 1 0 1 1 1 @3 eif #
vertex $760 -1 -1 $-1 $570 $761 #
ellipse-curve $-1 -1 -1 $-1 -15.55000066979637 -74.499999330203622 -0.89999999999999991 0 0 -1 0.1000006697963699 -6.6979636992314795e-007 0 1 F 0 F 1.5707829309572221 #
integer_attrib-name_attrib-gen-attrib $-1 -1 $-1 $428 $319 2 1 1 1 1 1 1 1 1 1 1 1 1 1 0 1 1 1 @3 pid 7 #
integer_attrib-name_attrib-gen-attrib $-1 -1 $-1 $-1 $429 2 1 1 1 1 1 1 1 1 1 1 1 1 1 0 1 1 1 @3 pid 8 #
point $-1 -1 -1 $-1 -15.550000000000001 -74.59999999999998 -0.89999999999999991 #
name_attrib-gen-attrib $-1 -1 $762 $-1 $431 2 1 1 1 1 1 1 1 1 1 1 1 1 1 0 1 1 1 @3 eif #
straight-curve $-1 -1 -1 $-1 -15.550000000000001 -74.799999999999983 -0.90000000000000036 0 0 -1 F 0 F 0.099999999999998757 #
coedge $-1 -1 -1 $-1 $436 $763 $764 $765 reversed $11 $-1 #
coedge $-1 -1 -1 $-1 $766 $767 $436 $582 forward $768 $-1 #
edge $769 -1 -1 $-1 $587 0 $770 2.6179836903381339 $436 $771 forward @7 unknown T -16.450000000000003 -76.086602540378436 -0.90000000000005598 -16.350000372893206 -75.899999999999991 -0.89999999999994384 #
tcoedge-coedge $-1 -1 -1 $-1 $772 $437 $773 $774 reversed $585 $775 -1 -0 F #
tcoedge-coedge $-1 -1 -1 $-1 $437 $772 $776 $777 reversed $585 $778 -1 -0 F #
loop $-1 -1 -1 $-1 $-1 $584 $779 T -16.550030411644201 -76.613427871265785 -1.0500304116442367 -16.399969588355802 -76.086572128734176 -0.89996958835580121 unknown #
name_attrib-gen-attrib $-1 -1 $780 $-1 $438 2 1 1 1 1 1 1 1 1 1 1 1 1 1 0 1 1 1 @3 eif #
tvertex-vertex $781 -1 -1 $-1 $438 $782 5.6052229720560105e-014 #
straight-curve $-1 -1 -1 $-1 -16.400000000000002 -76.086602540378379 -0.89999999999999991 0 -1 0 F 1.1102230246251565e-016 F 0.5267949192432001 #
coedge $-1 -1 -1 $-1 $776 $783 $439 $590 reversed $677 $784 #
edge $785 -1 -1 $-1 $443 0 $654 0.10000000000001616 $439 $786 forward @7 unknown T -16.40000000000008 -76.613397459621638 -1.0000000000000453 -16.399999999999924 -76.613397459621495 -0.89999999999992319 #
face $787 -1 -1 $-1 $446 $441 $5 $-1 $788 reversed double out T -16.40000000000008 -76.749999999999986 -1.0000000000000453 -16.350000245160242 -76.613397459621495 -0.89999999999992319 F #
integer_attrib-name_attrib-gen-attrib $-1 -1 $-1 $442 $331 2 1 1 1 1 1 1 1 1 1 1 1 1 1 0 1 1 1 @3 pid 30 #
integer_attrib-name_attrib-gen-attrib $-1 -1 $-1 $-1 $443 2 1 1 1 1 1 1 1 1 1 1 1 1 1 0 1 1 1 @3 pid 30 #
point $-1 -1 -1 $-1 -16.400000000000002 -76.613397459621567 -0.89999999999999991 #
name_attrib-gen-attrib $-1 -1 $789 $-1 $445 2 1 1 1 1 1 1 1 1 1 1 1 1 1 0 1 1 1 @3 eif #
straight-curve $-1 -1 -1 $-1 -16.363397459621559 -76.749999999999986 -0.89999999999999991 0 0 -1 F 0 F 0.099999999999999992 #
integer_attrib-name_attrib-gen-attrib $-1 -1 $790 $-1 $446 2 0 0 1 1 1 1 1 1 1 1 1 1 1 0 1 1 1 @3 fif 0 #
plane-surface $-1 -1 -1 $-1 -16 -76.749999999999986 -0.94999999999999996 0 -1 0 1 0 0 forward_v I I I I #
integer_attrib-name_attrib-gen-attrib $-1 -1 $-1 $450 $338 2 1 1 1 1 1 1 1 1 1 1 1 1 1 0 1 1 1 @3 pid 103 #
integer_attrib-name_attrib-gen-attrib $-1 -1 $-1 $453 $340 2 1 1 1 1 1 1 1 1 1 1 1 1 1 0 1 1 1 @3 pid 105 #
integer_attrib-name_attrib-gen-attrib $-1 -1 $791 $455 $341 2 1 1 1 1 1 1 1 1 1 1 1 1 1 0 1 1 1 @3 pid 32 #
coedge $-1 -1 -1 $-1 $792 $457 $793 $794 forward $459 $-1 #
coedge $-1 -1 -1 $-1 $462 $795 $457 $468 forward $610 $-1 #
coedge $-1 -1 -1 $-1 $458 $792 $796 $797 reversed $459 $-1 #
coedge $-1 -1 -1 $-1 $798 $470 $458 $606 reversed $619 $-1 #
edge $799 -1 -1 $-1 $800 0 $356 0.15000000000000002 $458 $801 forward @7 unknown T -15.45000000000026 -76.100000000000236 -1.2 -15.449999999999742 -76.099999999999724 -1.0499999999997411 #
face $802 -1 -1 $-1 $362 $459 $5 $-1 $803 forward double out T -15.45000000000026 -76.600000000000236 -1.5499999999999998 -15.449999999999742 -76.099999999999724 -1.0499999999997411 F #
integer_attrib-name_attrib-gen-attrib $-1 -1 $-1 $460 $346 2 1 1 1 1 1 1 1 1 1 1 1 1 1 0 1 1 1 @3 pid 107 #
coedge $-1 -1 -1 $-1 $804 $462 $660 $666 reversed $610 $-1 #
loop $-1 -1 -1 $-1 $-1 $462 $805 T -15.875 -76.600000000000236 -1.75 -15.449999999999742 -76.599999999999724 -1.0499999999997411 unknown #
name_attrib-gen-attrib $-1 -1 $806 $-1 $463 2 1 1 1 1 1 1 1 1 1 1 1 1 1 0 1 1 1 @3 eif #
straight-curve $-1 -1 -1 $-1 -15.450000000000001 -76.59999999999998 -1.0499999999999998 -1 0 0 F 0 F 0.10000000000009568 #
integer_attrib-name_attrib-gen-attrib $-1 -1 $807 $-1 $465 2 0 0 1 1 1 1 1 1 1 1 1 1 1 0 1 1 1 @3 fif 0 #
spline-surface $-1 -1 -1 $-1 forward { ref 5 } I I I I #
name_attrib-gen-attrib $-1 -1 $808 $-1 $468 2 1 1 1 1 1 1 1 1 1 1 1 1 1 0 1 1 1 @3 eif #
vertex $809 -1 -1 $-1 $468 $810 #
straight-curve $-1 -1 -1 $-1 -15.450000000000001 -76.59999999999998 -1.5499999999999998 0 0 1 F 0 F 0.5 #
coedge $-1 -1 -1 $-1 $470 $798 $659 $811 forward $619 $-1 #
loop $-1 -1 -1 $-1 $-1 $618 $812 T -15.550000000000182 -76.100000000000236 -1.2000000000000024 -15.449999999999742 -76.099999999999724 -1.0499999999997411 unknown #
name_attrib-gen-attrib $-1 -1 $813 $-1 $471 2 1 1 1 1 1 1 1 1 1 1 1 1 1 0 1 1 1 @3 eif #
straight-curve $-1 -1 -1 $-1 -15.550000000000001 -76.09999999999998 -1.0499999999999998 1 0 0 F 2.2204460492503131e-016 F 0.10000000000000009 #
string_attrib-name_attrib-gen-attrib $-1 -1 $-1 $476 $264 2 1 2 1 1 1 1 1 1 1 1 1 1 1 0 1 1 1 @15 ATTRIB_XACIS_ID @5 81711 #
integer_attrib-name_attrib-gen-attrib $-1 -1 $-1 $477 $360 2 1 1 1 1 1 1 1 1 1 1 1 1 1 0 1 1 1 @3 pid 159 #
integer_attrib-name_attrib-gen-attrib $-1 -1 $-1 $-1 $478 2 1 1 1 1 1 1 1 1 1 1 1 1 1 0 1 1 1 @3 pid 111 #
point $-1 -1 -1 $-1 -15.550000000000001 -76.09999999999998 -1.0499999999999998 #
integer_attrib-name_attrib-gen-attrib $-1 -1 $814 $480 $362 2 1 1 1 1 1 1 1 1 1 1 1 1 1 0 1 1 1 @3 pid 47 #
integer_attrib-name_attrib-gen-attrib $-1 -1 $815 $-1 $481 2 0 0 1 1 1 1 1 1 1 1 1 1 1 0 1 1 1 @3 fif 0 #
face $816 -1 -1 $-1 $817 $550 $5 $-1 $818 reversed double out T -16.27 -76.549999999999997 -1 -16.27 -76.11999999999999 -0.94999999999999996 F #
plane-surface $-1 -1 -1 $-1 -16.27 -76.11999999999999 -0.99999999999999989 0 1 0 1 0 0 forward_v I I I I #
string_attrib-name_attrib-gen-attrib $-1 -1 $-1 $485 $280 2 1 2 1 1 1 1 1 1 1 1 1 1 1 0 1 1 1 @15 ATTRIB_XACIS_ID @5 81739 #
integer_attrib-name_attrib-gen-attrib $-1 -1 $819 $486 $369 2 1 1 1 1 1 1 1 1 1 1 1 1 1 0 1 1 1 @3 pid 11 #
integer_attrib-name_attrib-gen-attrib $-1 -1 $820 $-1 $487 2 0 0 1 1 1 1 1 1 1 1 1 1 1 0 1 1 1 @3 fif 0 #
face $821 -1 -1 $-1 $822 $713 $5 $-1 $823 reversed double out T -15.625182737945796 -74.088811534609675 -1.0000773853699005 -15.597809270500221 -74.001282792400616 -0.89992448242360989 F #
loop $-1 -1 -1 $-1 $-1 $824 $487 T -15.597884788078357 -74.261263982969936 -1.0000000000004567 -15.477115211921136 -74.088736017031536 -0.89999999999954294 unknown #
plane-surface $-1 -1 -1 $-1 -15.537500000000001 -74.174999999999983 -0.94999999999999996 -0.81923192051904048 -0.57346234436332832 0 0.57346234436332832 -0.81923192051904048 0 forward_v I I I I #
coedge $-1 -1 -1 $-1 $825 $753 $637 $826 reversed $488 $-1 #
coedge $-1 -1 -1 $-1 $569 $490 $636 $826 forward $370 $-1 #
coedge $-1 -1 -1 $-1 $490 $569 $571 $758 forward $370 $-1 #
coedge $-1 -1 -1 $-1 $493 $827 $490 $640 reversed $68 $-1 #
edge $828 -1 -1 $-1 $829 0 $830 0.1527166653769978 $639 $831 forward @7 unknown T -15.450000000000001 -74.499999999999986 -0.99999999999999989 -15.450000000000001 -74.347283334622986 -0.99999999999999989 #
edge $832 -1 -1 $-1 $496 0 $829 1.5707829309572199 $493 $833 forward @7 unknown T -15.550000000000001 -74.599999999999994 -0.99999999999999989 -15.450000000000001 -74.499999999999986 -0.99999999999999989 #
name_attrib-gen-attrib $-1 -1 $834 $-1 $492 2 1 1 1 1 1 1 1 1 1 1 1 1 1 0 1 1 1 @3 eif #
straight-curve $-1 -1 -1 $-1 -15.550000000000001 -74.59999999999998 -0.89999999999999991 0 0 -1 F 0 F 0.099999999999999992 #
integer_attrib-name_attrib-gen-attrib $-1 -1 $-1 $494 $376 2 1 1 1 1 1 1 1 1 1 1 1 1 1 0 1 1 1 @3 pid 49 #
integer_attrib-name_attrib-gen-attrib $-1 -1 $-1 $-1 $495 2 1 1 1 1 1 1 1 1 1 1 1 1 1 0 1 1 1 @3 pid 42 #
point $-1 -1 -1 $-1 -15.550000000000026 -74.799999999999983 -0.99999999999999956 #
integer_attrib-name_attrib-gen-attrib $-1 -1 $-1 $-1 $496 2 1 1 1 1 1 1 1 1 1 1 1 1 1 0 1 1 1 @3 pid 43 #
point $-1 -1 -1 $-1 -15.550000000000001 -74.59999999999998 -0.99999999999999989 #
integer_attrib-name_attrib-gen-attrib $-1 -1 $-1 $498 $377 2 1 1 1 1 1 1 1 1 1 1 1 1 1 0 1 1 1 @3 pid 47 #
coedge $-1 -1 -1 $-1 $835 $501 $836 $837 reversed $68 $-1 #
coedge $-1 -1 -1 $-1 $838 $839 $501 $652 reversed $671 $-1 #
edge $840 -1 -1 $-1 $654 -1.3877787807814457e-016 $841 0.52679491924319988 $651 $842 forward @7 unknown T -16.400000000000027 -76.613397459621595 -1.0000000000000455 -16.39999999999997 -76.086602540378379 -0.99999999999998646 #
name_attrib-gen-attrib $-1 -1 $843 $-1 $503 2 1 1 1 1 1 1 1 1 1 1 1 1 1 0 1 1 1 @3 eif #
tvertex-vertex $844 -1 -1 $-1 $590 $845 2.9384412498387203e-014 #
ellipse-curve $-1 -1 -1 $-1 -16.450000914958864 -76.700000245162471 -0.99999999999999989 0 0 -1 0.050000914958861442 0.086602785540932814 0 1 F 0 F 1.5707829309571799 #
integer_attrib-name_attrib-gen-attrib $-1 -1 $-1 $504 $388 2 1 1 1 1 1 1 1 1 1 1 1 1 1 0 1 1 1 @3 pid 102 #
integer_attrib-name_attrib-gen-attrib $-1 -1 $-1 $-1 $505 2 1 1 1 1 1 1 1 1 1 1 1 1 1 0 1 1 1 @3 pid 72 #
point $-1 -1 -1 $-1 -16.363397459621556 -76.749999999999986 -0.99999999999999989 #
coedge $-1 -1 -1 $-1 $846 $510 $618 $811 reversed $661 $-1 #
coedge $-1 -1 -1 $-1 $510 $847 $609 $666 forward $661 $-1 #
loop $-1 -1 -1 $-1 $-1 $848 $849 T -15.550000000000193 -76.600000000000094 -1.5499999999999998 -15.54999999999982 -76.099999999999795 -1.049999999999818 unknown #
name_attrib-gen-attrib $-1 -1 $850 $-1 $511 2 1 1 1 1 1 1 1 1 1 1 1 1 1 0 1 1 1 @3 eif #
straight-curve $-1 -1 -1 $-1 -15.550000000000001 -76.59999999999998 -1.0499999999999998 0 1 0 F 0 F 0.5 #
integer_attrib-name_attrib-gen-attrib $-1 -1 $-1 $513 $395 2 1 1 1 1 1 1 1 1 1 1 1 1 1 0 1 1 1 @3 pid 151 #
integer_attrib-name_attrib-gen-attrib $-1 -1 $-1 $-1 $514 2 1 1 1 1 1 1 1 1 1 1 1 1 1 0 1 1 1 @3 pid 106 #
edge $851 -1 -1 $-1 $852 0 $514 0.5 $609 $853 forward @7 unknown T -15.550000000000193 -76.600000000000094 -1.5499999999999998 -15.550000000000001 -76.599999999999895 -1.0499999999999008 #
point $-1 -1 -1 $-1 -15.550000000000097 -76.599999999999994 -1.0499999999999976 #
integer_attrib-name_attrib-gen-attrib $-1 -1 $854 $516 $397 2 1 1 1 1 1 1 1 1 1 1 1 1 1 0 1 1 1 @3 pid 52 #
integer_attrib-name_attrib-gen-attrib $-1 -1 $855 $-1 $517 2 0 0 1 1 1 1 1 1 1 1 1 1 1 0 1 1 1 @3 fif 0 #
face $856 -1 -1 $-1 $857 $540 $5 $-1 $858 reversed double out T -16.375109398530494 -74.0014766609264 -1.5002187486953524 -15.624763344521151 -73.749862319771111 -0.99978051626171249 F #
loop $-1 -1 -1 $-1 $-1 $838 $517 T -16.45001113930865 -76.613408598930235 -1.0500111393086509 -16.399988860691348 -76.086591401069725 -0.99998886069134874 unknown #
cone-surface $-1 -1 -1 $-1 -16.400000000000002 -76.59999999999998 -1.0499999999999998 -0 1 0 -0.049999999999999996 0 0 1 I I -0 1 0.049999999999999996 reversed I I I I #
string_attrib-name_attrib-gen-attrib $-1 -1 $-1 $520 $309 2 1 2 1 1 1 1 1 1 1 1 1 1 1 0 1 1 1 @15 ATTRIB_XACIS_ID @5 81789 #
integer_attrib-name_attrib-gen-attrib $-1 -1 $859 $521 $404 2 1 1 1 1 1 1 1 1 1 1 1 1 1 0 1 1 1 @3 pid 42 #
integer_attrib-name_attrib-gen-attrib $-1 -1 $860 $-1 $522 2 0 0 1 1 1 1 1 1 1 1 1 1 1 0 1 1 1 @3 fif 0 #
face $861 -1 -1 $-1 $465 $862 $5 $-1 $863 reversed double out T -16.55000000000004 -76.600000000000037 -1.5499999999999998 -16.549999999999962 -76.099999999999952 -1.049999999999969 F #
loop $-1 -1 -1 $-1 $-1 $864 $522 T -16.550030411644201 -76.613427871265785 -1.0500304116442367 -16.399969588355802 -76.599969588355776 -0.89996958835580121 unknown #
spline-surface $-1 -1 -1 $-1 forward { exactsur full nubs 3 1 open open none none 4 2 
	0 3 0.33333333333330001 1 0.66666666666670005 1 0.9999999999997059 3 
	0.019230769230771966 1 0.98076923066912125 1 
	-16.550000000000001 -76.600000000000009 -1.0500000000000762 
	-16.550000000000008 -76.601488606624642 -1.0238200612201338 
	-16.53597777156363 -76.60446581987388 -0.97149933706671476 
	-16.478500662933286 -76.608931639747681 -0.91402222843636927 
	-16.426179938779878 -76.611908852996905 -0.89999999999998681 
	-16.399999999999928 -76.613397459621538 -0.89999999999999725 
	-16.44999999999996 -76.600000000000009 -1.0499999999999954 
	-16.449999999999971 -76.601488606624642 -1.0412733537400116 
	-16.445325923854508 -76.60446581987388 -1.0238331123555666 
	-16.426166887644435 -76.608931639747681 -1.0046740761454929 
	-16.408726646259971 -76.611908852996905 -1.0000000000000269 
	-16.399999999999999 -76.613397459621538 -1.0000000000000322 
	0 
	0 
	0 
	2 0.33333333333330001 0.66666666666670005 
	0 
	0 
	0 
	F 1 F 0 F 1 F 0 } I I I I #
coedge $-1 -1 -1 $-1 $865 $773 $767 $866 reversed $523 $867 #
coedge $-1 -1 -1 $-1 $868 $525 $869 $870 forward $405 $-1 #
coedge $-1 -1 -1 $-1 $525 $871 $872 $873 reversed $405 $-1 #
coedge $-1 -1 -1 $-1 $874 $875 $525 $683 forward $876 $-1 #
edge $877 -1 -1 $-1 $878 -1.4936336468221676e-017 $879 0.19608289728292702 $682 $880 forward @7 unknown T -15.524688528445488 -75.295449739860473 -1.600000000000487 -15.458738713260189 -75.110790257341648 -1.5999999999995127 #
tcoedge-coedge $-1 -1 -1 $-1 $881 $526 $882 $883 forward $310 $884 -1.3179402416074737e-006 0.09999920923061234 F #
tcoedge-coedge $-1 -1 -1 $-1 $528 $885 $526 $686 forward $693 $886 1.2889164617876821e-008 1 F #
tedge-edge $887 -1 -1 $-1 $888 1.2889164617876821e-008 $696 1 $685 $889 forward @7 unknown T -16.375134049946709 -74.001492382635746 -1.600249726076016 -16.374796579557991 -73.649815201153373 -1.2498659500532918 0.00013404994670822621 #
pcurve $-1 -1 -1 $-1 0 forward { exppc nubs 3 open 10 
	-1 3 -0.88719993472706404 1 -0.778605773785638 1 -0.6706451046217784 1 -0.56014977110571607 1 
	-0.44899878218108247 1 -0.33739961203245555 1 -0.22746435610927562 1 -0.11678781515295232 1 -0 3 
	-0.21213203435600003 0.1378679656439914 
	-0.23307805599163922 0.13791871454390048 
	-0.27345239207624328 0.13442946688904556 
	-0.33220219196949663 0.11852773024105545 
	-0.38679143143968764 0.093019114864489438 
	-0.43684925784292883 0.058538911217837608 
	-0.48052233493999363 0.01527409013337433 
	-0.51578337279370712 -0.034930427408355058 
	-0.54219036844234636 -0.09016001829981235 
	-0.55866915878191281 -0.1503152165885524 
	-0.56224771048530786 -0.19178940511513076 
	-0.56212939850529997 -0.21349036704499724 
	0 
	0 
	plane -16.375 -73.787867965643983 -1.037867965644 -1 0 0 0 0 1 forward_v I I I I 
	} 0 0 #
tcoedge-coedge $-1 -1 -1 $-1 $527 $881 $718 $890 reversed $310 $891 -1 -0 F #
tcoedge-coedge $-1 -1 -1 $-1 $892 $893 $527 $690 reversed $894 $895 -0.10000105342864085 -0 F #
tedge-edge $896 -1 -1 $-1 $897 0 $697 0.10000105342864085 $689 $898 forward @7 unknown T -16.375012326229704 -74.001365198265987 -1.0000098689390997 -16.374993855088196 -74.001352834133499 -0.89999645137842943 6.144911802701204e-006 #
pcurve $-1 -1 -1 $-1 0 forward { exppc nubs 1 open 2 
	0 1 0.10000105342864085 1 
	0.037864278771140458 -0.21349105055575945 
	0.13786533219978131 -0.21349105055575945 
	0 
	0 
	plane -16.375 -73.787867965643983 -1.037867965644 -1 0 0 0 0 1 forward_v I I I I 
	} 0 0 #
tcoedge-coedge $-1 -1 -1 $-1 $708 $528 $899 $900 reversed $693 $901 -0.74993677366816403 3.4685247650045881e-005 F #
loop $-1 -1 -1 $-1 $-1 $528 $822 T -16.375141108986728 -74.001493981023003 -1.600249726076016 -15.624858891013272 -73.649814044523097 -0.89975027392397433 unknown #
pcurve $-1 -1 -1 $-1 0 forward { exppc nubs 1 open 2 
	0 1 1 1 
	-0.5 -3.1415926535897931 
	-0.5 -1.5669153665121649 
	0.001 
	-1 
	cone -16.550000000000001 -73.999999999999986 -1.25 1 0 0 0 -0.34999999999999998 0 1 I I -0 1 0.34999999999999998 reversed I I I I 
	} 0 0 #
name_attrib-gen-attrib $-1 -1 $902 $-1 $529 2 1 1 1 1 1 1 1 1 1 1 1 1 1 0 1 1 1 @3 eif #
tvertex-vertex $903 -1 -1 $-1 $686 $904 1.4210854715202004e-014 #
tvertex-vertex $905 -1 -1 $-1 $906 $907 6.1820657892236116e-006 #
intcurve-curve $-1 -1 -1 $-1 forward { exactcur full nubs 3 open 10 
	0 3 0.11380388346556555 1 0.22321633817721326 1 0.33183554882147975 1 0.4428208208554506 1 
	0.5541338388917727 1 0.66555429800333854 1 0.77489148389336326 1 0.88465472706673409 1 1 3 
	-16.375 -73.649999999999991 -1.25 
	-16.375 -73.649949009346358 -1.2288631370749101 
	-16.375 -73.653498089478077 -1.188160631269414 
	-16.375 -73.669659679432939 -1.1289995905969037 
	-16.375 -73.695504193392324 -1.0741651729267052 
	-16.375 -73.730335452359242 -1.0240515897996063 
	-16.375 -73.773881634528237 -0.98053427985832131 
	-16.375 -73.824154994759155 -0.94557357209684456 
	-16.375 -73.879208667782265 -0.91952516713142252 
	-16.375 -73.938881622469964 -0.90338364549878281 
	-16.375 -73.979931912536117 -0.89988636922677256 
	-16.375 -74.00135833268898 -0.90000263585069051 
	0 
	null_surface 
	null_surface 
	nullbs 
	nullbs 
	-1 
	-1 
	I I 
	0 
	0 
	8 0.11380388346556555 0.22321633817721326 0.33183554882147975 0.4428208208554506 0.5541338388917727 0.66555429800333854 0.77489148389336326 0.88465472706673409 
	
	-1 
	none F F 1 F 0 } I I #
tcoedge-coedge $-1 -1 -1 $-1 $535 $531 $908 $909 reversed $234 $910 -1 -0 F #
tcoedge-coedge $-1 -1 -1 $-1 $911 $912 $531 $701 reversed $913 $914 -0.10000105342863197 -0 F #
tedge-edge $915 -1 -1 $-1 $706 0 $916 0.10000105342863197 $700 $917 forward @7 unknown T -15.625037581424293 -74.001402741787501 -1.6000035486215614 -15.624950130248779 -74.001315290611984 -1.4999525875393829 6.1449118027567135e-006 #
pcurve $-1 -1 -1 $-1 0 forward { exppc nubs 1 open 2 
	0 1 0.10000105342863197 1 
	-0.46212834748314013 -0.2134910505557599 
	-0.5621294009117721 -0.2134910505557599 
	0 
	0 
	plane -15.625 -73.787867965643983 -1.037867965644 1 -0 -0 0 0 1 reverse_v I I I I 
	} 0 0 #
tcoedge-coedge $-1 -1 -1 $-1 $532 $918 $919 $920 reversed $540 $921 -0.74986125900939993 7.5514658764097575e-005 F #
pcurve $-1 -1 -1 $-1 0 forward { exppc nubs 1 open 2 
	-1.5762326453073401 1 2.220446316346407e-016 1 
	-3.700199478948011 1.5653602351848162 
	-3.6999999999999997 3.1415926535897931 
	0.001 
	4.2934607348696251e-005 
	cone -16.550000000000001 -73.999999999999986 -1.25 1 0 0 0 -0.25 0 1 I I 0 -1 0.25 reversed I I I I 
	} 0 0 #
name_attrib-gen-attrib $-1 -1 $922 $-1 $533 2 1 1 1 1 1 1 1 1 1 1 1 1 1 0 1 1 1 @3 eif #
tvertex-vertex $923 -1 -1 $-1 $701 $924 4.3725587757186466e-005 #
ellipse-curve $-1 -1 -1 $-1 -15.625 -73.999999960135625 -1.250000016797532 -0.99999998010348012 1.3403218494634059e-011 -0.00019948192751292087 0 0.24999996013563441 1.6797532143009164e-008 1 F -2.220446316346407e-016 F 1.5762326453073401 #
tcoedge-coedge $-1 -1 -1 $-1 $908 $692 $535 $709 forward $693 $925 0 1 F #
tedge-edge $926 -1 -1 $-1 $716 0 $927 1 $708 $928 forward @7 unknown T -15.625168735194357 -74.001492382635746 -1.2501340499467077 -15.624865950053293 -73.649815201153373 -0.89975027392397433 0.00013404994670779995 #
pcurve $-1 -1 -1 $-1 0 forward { exppc nubs 3 open 10 
	-1 3 -0.88719993472705094 1 -0.7786057737856219 1 -0.67064510462175986 1 -0.56014977110569664 1 
	-0.44899878218107708 1 -0.33739961203247676 1 -0.22746435610930679 1 -0.11678781515297838 1 -0 3 
	-0.21213203435599998 0.13786796564400028 
	-0.19118601272035735 0.1379187145438987 
	-0.1508116766357484 0.134429466889042 
	-0.092061876742490417 0.11852773024104701 
	-0.037472637272293913 0.093019114864496988 
	0.01258518913095355 0.058538911217853595 
	0.056258266228021533 0.015274090133399643 
	0.091519304081731784 -0.03493042740832708 
	0.11792629973036452 -0.09016001829979059 
	0.13440509006992382 -0.15031521658853642 
	0.13798364177331779 -0.19178940511511788 
	0.13786532979330915 -0.21349036704499991 
	0 
	0 
	plane -15.625 -73.787867965643983 -1.037867965644 1 0 0 0 0 1 reverse_v I I I I 
	} 0 0 #
tcoedge-coedge $-1 -1 -1 $-1 $929 $536 $930 $931 forward $713 $932 0 1 F #
tcoedge-coedge $-1 -1 -1 $-1 $536 $929 $933 $724 forward $713 $934 0 0.99999999999999989 F #
loop $-1 -1 -1 $-1 $-1 $712 $633 T -15.625182737945796 -74.088811534609675 -1.0000773853699005 -15.597809270500221 -74.001282792400616 -0.89992448242360989 unknown #
pcurve $-1 -1 -1 $-1 0 forward { exppc nubs 1 open 2 
	-0.099999209230621458 1 1.488713319286461e-011 1 
	-15.683884125435419 0.61977671176228943 
	-15.01722273046536 0.61977671176228943 
	0.001 
	-1 
	cone -15.475000000000001 -74.00271666537698 1.3525807737340001 0 0 -1 -0.12288478807785606 -0.08601935165449924 0 1 I I 0 -1 0.14999999999999999 reversed I I I I 
	} 0 0 #
name_attrib-gen-attrib $-1 -1 $935 $-1 $537 2 1 1 1 1 1 1 1 1 1 1 1 1 1 0 1 1 1 @3 eif #
tvertex-vertex $936 -1 -1 $-1 $900 $937 4.0920112770921515e-005 #
straight-curve $-1 -1 -1 $-1 -15.625 -74.001359016199743 -0.90000263585069096 0 0 -1 F -1.488713319286461e-011 F 0.099999209230621458 #
tcoedge-coedge $-1 -1 -1 $-1 $918 $539 $688 $890 forward $540 $938 0 1 F #
tcoedge-coedge $-1 -1 -1 $-1 $933 $939 $539 $720 forward $68 $940 -7.5514658764042064e-005 0.74986125900939993 F #
tedge-edge $941 -1 -1 $-1 $897 -7.5514658764042064e-005 $543 0.74986125900939993 $719 $942 forward @7 unknown T -16.375012326229704 -74.001433872977799 -1.0000773853699005 -15.624993830206712 -74.001282792400616 -0.99992630479272437 3.6911081565922468e-006 #
pcurve $-1 -1 -1 $-1 0 forward { exppc nubs 1 open 2 
	-0.74986125900939993 1 7.5514658764042064e-005 1 
	-3.6997225180187998 -1.5653630495021109 
	-0.69997542334614382 -1.5653630495021109 
	0.001 
	-1 
	cone -16.550000000000001 -73.999999999999986 -1.25 1 0 0 0 -0.25 0 1 I I 0 -1 0.25 reversed I I I I 
	} 0 0 #
integer_attrib-name_attrib-gen-attrib $-1 -1 $-1 $542 $411 2 1 1 1 1 1 1 1 1 1 1 1 1 1 0 1 1 1 @3 pid 120 #
integer_attrib-name_attrib-gen-attrib $-1 -1 $-1 $-1 $543 2 1 1 1 1 1 1 1 1 1 1 1 1 1 0 1 1 1 @3 pid 48 #
tedge-edge $943 -1 -1 $-1 $944 0 $543 0.99999999999999989 $933 $945 forward @7 unknown T -15.625182737945796 -74.088811534609675 -1.0000773853699005 -15.597809270500221 -74.001282792400616 -0.99992448242232013 7.5517577679739848e-005 #
point $-1 -1 -1 $-1 -15.6250693704953 -74.001358332689207 -1.0000018450813124 #
integer_attrib-name_attrib-gen-attrib $-1 -1 $-1 $-1 $544 2 1 1 1 1 1 1 1 1 1 1 1 1 1 0 1 1 1 @3 pid 83 #
point $-1 -1 -1 $-1 -15.625 -73.749999999999986 -1.25 #
coedge $-1 -1 -1 $-1 $946 $546 $549 $734 reversed $730 $-1 #
coedge $-1 -1 -1 $-1 $546 $946 $554 $739 forward $730 $-1 #
loop $-1 -1 -1 $-1 $-1 $728 $817 T -16.27 -76.549999999999983 -1 -15.73 -76.549999999999983 -0.94999999999999996 unknown #
name_attrib-gen-attrib $-1 -1 $947 $-1 $547 2 1 1 1 1 1 1 1 1 1 1 1 1 1 0 1 1 1 @3 eif #
straight-curve $-1 -1 -1 $-1 -16.27 -76.549999999999983 -0.99999999999999989 1 0 0 F 0 F 0.53999999999999992 #
coedge $-1 -1 -1 $-1 $549 $548 $948 $949 forward $550 $-1 #
edge $950 -1 -1 $-1 $951 0 $552 0.049999999999999996 $728 $952 forward @7 unknown T -16.27 -76.549999999999983 -1 -16.27 -76.549999999999983 -0.94999999999999996 #
integer_attrib-name_attrib-gen-attrib $-1 -1 $-1 $551 $415 2 1 1 1 1 1 1 1 1 1 1 1 1 1 0 1 1 1 @3 pid 114 #
integer_attrib-name_attrib-gen-attrib $-1 -1 $-1 $-1 $552 2 1 1 1 1 1 1 1 1 1 1 1 1 1 0 1 1 1 @3 pid 81 #
point $-1 -1 -1 $-1 -16.27 -76.549999999999983 -0.99999999999999989 #
coedge $-1 -1 -1 $-1 $555 $554 $953 $954 forward $556 $-1 #
edge $955 -1 -1 $-1 $956 0 $558 0.049999999999999996 $729 $957 forward @7 unknown T -15.73 -76.549999999999983 -1 -15.73 -76.549999999999983 -0.94999999999999996 #
face $958 -1 -1 $-1 $397 $556 $5 $-1 $959 reversed double out T -15.73 -76.549999999999983 -1 -15.73 -76.119999999999976 -0.94999999999999996 F #
integer_attrib-name_attrib-gen-attrib $-1 -1 $-1 $557 $417 2 1 1 1 1 1 1 1 1 1 1 1 1 1 0 1 1 1 @3 pid 116 #
integer_attrib-name_attrib-gen-attrib $-1 -1 $-1 $-1 $558 2 1 1 1 1 1 1 1 1 1 1 1 1 1 0 1 1 1 @3 pid 82 #
point $-1 -1 -1 $-1 -15.73 -76.549999999999983 -0.99999999999999989 #
coedge $-1 -1 -1 $-1 $953 $948 $560 $745 reversed $960 $-1 #
edge $961 -1 -1 $-1 $747 0 $750 0.53999999999999992 $560 $962 forward @7 unknown T -16.27 -76.11999999999999 -0.94999999999999996 -15.73 -76.11999999999999 -0.94999999999999996 #
name_attrib-gen-attrib $-1 -1 $963 $-1 $561 2 1 1 1 1 1 1 1 1 1 1 1 1 1 0 1 1 1 @3 eif #
vertex $964 -1 -1 $-1 $745 $965 #
straight-curve $-1 -1 -1 $-1 -15.73 -76.11999999999999 -0.94999999999999996 0 0 -1 F 0 F 0.049999999999999996 #
name_attrib-gen-attrib $-1 -1 $966 $-1 $562 2 1 1 1 1 1 1 1 1 1 1 1 1 1 0 1 1 1 @3 eif #
vertex $967 -1 -1 $-1 $562 $968 #
straight-curve $-1 -1 -1 $-1 -16.27 -76.11999999999999 -0.94999999999999996 0 0 -1 F 0 F 0.049999999999999996 #
coedge $-1 -1 -1 $-1 $930 $568 $969 $970 reversed $11 $-1 #
coedge $-1 -1 -1 $-1 $636 $971 $568 $754 forward $488 $-1 #
edge $972 -1 -1 $-1 $973 0 $756 0.61071027224358976 $568 $974 forward @7 unknown T -15.477115211921525 -74.347283334622986 -0.89999999999999991 -15.449999999999999 -74.261263982969666 -0.89999999999999991 #
name_attrib-gen-attrib $-1 -1 $975 $-1 $570 2 1 1 1 1 1 1 1 1 1 1 1 1 1 0 1 1 1 @3 eif #
vertex $976 -1 -1 $-1 $754 $977 #
straight-curve $-1 -1 -1 $-1 -15.450000000000001 -74.499999999999986 -0.89999999999999991 0 1 0 F 0 F 0.15271666537700002 #
edge $978 -1 -1 $-1 $573 0 $829 0.099999999999998757 $638 $979 forward @7 unknown T -15.450000000000001 -74.499999999999986 -0.99999999999999989 -15.450000000000001 -74.499999999999986 -0.90000000000000013 #
integer_attrib-name_attrib-gen-attrib $-1 -1 $-1 $572 $427 2 1 1 1 1 1 1 1 1 1 1 1 1 1 0 1 1 1 @3 pid 8 #
integer_attrib-name_attrib-gen-attrib $-1 -1 $-1 $-1 $573 2 1 1 1 1 1 1 1 1 1 1 1 1 1 0 1 1 1 @3 pid 9 #
point $-1 -1 -1 $-1 -15.450000000000001 -74.499999999999986 -0.90000000000000013 #
integer_attrib-name_attrib-gen-attrib $-1 -1 $-1 $578 $431 2 1 1 1 1 1 1 1 1 1 1 1 1 1 0 1 1 1 @3 pid 48 #
coedge $-1 -1 -1 $-1 $580 $980 $981 $982 reversed $11 $-1 #
coedge $-1 -1 -1 $-1 $983 $984 $580 $765 forward $985 $-1 #
edge $986 -1 -1 $-1 $770 0 $987 1.5707829309572159 $580 $988 forward @7 unknown T -16.550000000000004 -75.899999999999991 -0.89999999999999991 -16.450000000000003 -75.799999999999983 -0.89999999999999991 #
coedge $-1 -1 -1 $-1 $836 $581 $984 $989 forward $768 $-1 #
coedge $-1 -1 -1 $-1 $581 $836 $679 $866 forward $768 $-1 #
loop $-1 -1 -1 $-1 $-1 $836 $990 T -16.450000000000003 -76.086602540378436 -1.0000000000000455 -16.350000372893206 -75.899999999999991 -0.89999999999994384 unknown #
name_attrib-gen-attrib $-1 -1 $991 $-1 $582 2 1 1 1 1 1 1 1 1 1 1 1 1 1 0 1 1 1 @3 eif #
vertex $992 -1 -1 $-1 $582 $993 #
ellipse-curve $-1 -1 -1 $-1 -16.450000509383365 -76.00000013648885 -0.89999999999999991 0 0 1 0.050000509383363589 -0.086602403889583179 0 1 F 0 F 2.6179836903381339 #
coedge $-1 -1 -1 $-1 $584 $583 $994 $995 reversed $585 $-1 #
tcoedge-coedge $-1 -1 -1 $-1 $679 $996 $583 $774 forward $523 $997 0 1 F #
tedge-edge $998 -1 -1 $-1 $999 0 $587 1 $583 $1000 forward @7 unknown T -16.550030411644197 -76.100030411644184 -1.0500304116441972 -16.399969588355805 -76.086572128734176 -0.89996958835580254 3.041164419739915e-005 #
pcurve $-1 -1 -1 $-1 0 forward { exppc nubs 1 open 2 
	-1 1 -0 1 
	-3.4226497308106669 1.5707963267948966 
	-3.3333333333333335 -0 
	0.001 
	8.0925900050460298e-005 
	cone -16.400000000000002 -76.59999999999998 -1.0499999999999998 -0 1 0 -0.14999999999999999 0 0 1 I I -0 1 0.14999999999999999 reversed I I I I 
	} 0 0 #
tcoedge-coedge $-1 -1 -1 $-1 $864 $589 $584 $777 forward $677 $1001 0 1 F #
tedge-edge $1002 -1 -1 $-1 $443 0 $1003 1 $584 $1004 forward @7 unknown T -16.550030411644201 -76.613427871265785 -1.0500304116442367 -16.399969588355802 -76.599969588355776 -0.89996958835580121 3.0411644198704293e-005 #
pcurve $-1 -1 -1 $-1 0 forward { exppc nubs 1 open 2 
	-1 1 -0 1 
	-0 0 
	0.089316397477333304 1.5707963267948966 
	0.001 
	8.0925899793693468e-005 
	cone -16.400000000000002 -76.59999999999998 -1.0499999999999998 -0 1 0 -0.14999999999999999 0 0 1 I I -0 1 0.14999999999999999 reversed I I I I 
	} 0 0 #
face $1005 -1 -1 $-1 $591 $585 $5 $-1 $1006 forward double out T -16.550030411644201 -76.613427871265785 -1.0500304116442367 -16.399969588355802 -76.086572128734176 -0.89996958835580121 F #
integer_attrib-name_attrib-gen-attrib $-1 -1 $-1 $586 $438 2 1 1 1 1 1 1 1 1 1 1 1 1 1 0 1 1 1 @3 pid 29 #
integer_attrib-name_attrib-gen-attrib $-1 -1 $-1 $-1 $587 2 1 1 1 1 1 1 1 1 1 1 1 1 1 0 1 1 1 @3 pid 29 #
point $-1 -1 -1 $-1 -16.400000000000002 -76.086602540378379 -0.89999999999999991 #
tcoedge-coedge $-1 -1 -1 $-1 $589 $864 $838 $1007 forward $677 $1008 0 1 F #
pcurve $-1 -1 -1 $-1 0 forward { exppc nubs 3 open 2 
	-0.099999999999999992 3 -0 3 
	0.99999999999977263 0.98076923066883515 
	0.99999999999975042 0.66025641018948189 
	0.99999999999972811 0.33974358971012875 
	0.9999999999997059 0.019230769230775605 
	0.001 
	-1 
	spline forward { ref 24 } I I I I 
	} 0 0 #
name_attrib-gen-attrib $-1 -1 $1009 $-1 $590 2 1 1 1 1 1 1 1 1 1 1 1 1 1 0 1 1 1 @3 eif #
straight-curve $-1 -1 -1 $-1 -16.399999999999981 -76.613397459621552 -0.89999999999999991 0 0 -1 F 0 F 0.10000000000001616 #
integer_attrib-name_attrib-gen-attrib $-1 -1 $1010 $-1 $591 2 0 0 1 1 1 1 1 1 1 1 1 1 1 0 1 1 1 @3 fif 0 #
cone-surface $-1 -1 -1 $-1 -16.449999999999999 -76.699999999999989 -0.94999999999999996 0 0 1 0.086602540378442894 -0.050000000000001682 0 1 I I -0 1 0.10000000000000001 reversed I I I I #
integer_attrib-name_attrib-gen-attrib $-1 -1 $-1 $595 $445 2 1 1 1 1 1 1 1 1 1 1 1 1 1 0 1 1 1 @3 pid 100 #
integer_attrib-name_attrib-gen-attrib $-1 -1 $1011 $597 $446 2 1 1 1 1 1 1 1 1 1 1 1 1 1 0 1 1 1 @3 pid 31 #
string_attrib-name_attrib-gen-attrib $-1 -1 $-1 $601 $341 2 1 2 1 1 1 1 1 1 1 1 1 1 1 0 1 1 1 @15 ATTRIB_XACIS_ID @5 81813 #
coedge $-1 -1 -1 $-1 $604 $602 $1012 $1013 reversed $459 $-1 #
coedge $-1 -1 -1 $-1 $1014 $1015 $602 $794 reversed $1016 $-1 #
edge $1017 -1 -1 $-1 $616 0 $1018 0.33999999999999986 $602 $1019 forward @7 unknown T -15.450000000000001 -76.59999999999998 -1.5499999999999998 -15.450000000000001 -76.259999999999977 -1.5499999999999998 #
coedge $-1 -1 -1 $-1 $603 $1020 $1014 $1021 reversed $610 $-1 #
coedge $-1 -1 -1 $-1 $1022 $1023 $604 $797 forward $1024 $-1 #
edge $1025 -1 -1 $-1 $800 -7.5932718876129922e-018 $1026 0.21931712199460657 $796 $1027 forward @7 unknown T -15.450000000000001 -76.259999999999991 -1.349999999999993 -15.450000000000001 -76.09999999999998 -1.2 #
coedge $-1 -1 -1 $-1 $618 $605 $1023 $1028 reversed $619 $-1 #
name_attrib-gen-attrib $-1 -1 $1029 $-1 $606 2 1 1 1 1 1 1 1 1 1 1 1 1 1 0 1 1 1 @3 eif #
vertex $1030 -1 -1 $-1 $797 $1031 #
straight-curve $-1 -1 -1 $-1 -15.450000000000001 -76.09999999999998 -1.2 0 0 1 F 0 F 0.15000000000000002 #
integer_attrib-name_attrib-gen-attrib $-1 -1 $1032 $-1 $607 2 0 0 1 1 1 1 1 1 1 1 1 1 1 0 1 1 1 @3 fif 0 #
plane-surface $-1 -1 -1 $-1 -15.450000000000001 -76.59999999999998 -1.0499999999999998 1 0 0 0 0 -1 forward_v I I I I #
coedge $-1 -1 -1 $-1 $1033 $609 $1034 $1035 reversed $610 $-1 #
face $1036 -1 -1 $-1 $812 $610 $5 $-1 $1037 forward double out T -15.875 -76.600000000000236 -1.75 -15.449999999999742 -76.599999999999724 -1.0499999999997411 F #
integer_attrib-name_attrib-gen-attrib $-1 -1 $-1 $611 $463 2 1 1 1 1 1 1 1 1 1 1 1 1 1 0 1 1 1 @3 pid 152 #
integer_attrib-name_attrib-gen-attrib $-1 -1 $1038 $613 $465 2 1 1 1 1 1 1 1 1 1 1 1 1 1 0 1 1 1 @3 pid 45 #
integer_attrib-name_attrib-gen-attrib $-1 -1 $-1 $615 $468 2 1 1 1 1 1 1 1 1 1 1 1 1 1 0 1 1 1 @3 pid 154 #
integer_attrib-name_attrib-gen-attrib $-1 -1 $-1 $-1 $616 2 1 1 1 1 1 1 1 1 1 1 1 1 1 0 1 1 1 @3 pid 108 #
point $-1 -1 -1 $-1 -15.450000000000001 -76.59999999999998 -1.5499999999999998 #
edge $1039 -1 -1 $-1 $1040 0 $478 0.14999999999999999 $618 $1041 forward @7 unknown T -15.550000000000182 -76.100000000000165 -1.2 -15.54999999999982 -76.099999999999795 -1.049999999999818 #
face $1042 -1 -1 $-1 $1043 $619 $5 $-1 $1044 reversed double out T -15.550000000000182 -76.100000000000236 -1.2000000000000024 -15.449999999999742 -76.099999999999724 -1.0499999999997411 F #
integer_attrib-name_attrib-gen-attrib $-1 -1 $-1 $620 $471 2 1 1 1 1 1 1 1 1 1 1 1 1 1 0 1 1 1 @3 pid 158 #
string_attrib-name_attrib-gen-attrib $-1 -1 $-1 $626 $362 2 1 2 1 1 1 1 1 1 1 1 1 1 1 0 1 1 1 @15 ATTRIB_XACIS_ID @5 81798 #
integer_attrib-name_attrib-gen-attrib $-1 -1 $1045 $627 $481 2 1 1 1 1 1 1 1 1 1 1 1 1 1 0 1 1 1 @3 pid 48 #
integer_attrib-name_attrib-gen-attrib $-1 -1 $1046 $-1 $628 2 0 0 1 1 1 1 1 1 1 1 1 1 1 0 1 1 1 @3 fif 0 #
face $1047 -1 -1 $-1 $740 $730 $5 $-1 $1048 reversed double out T -16.27 -76.549999999999983 -1 -15.73 -76.549999999999983 -0.94999999999999996 F #
plane-surface $-1 -1 -1 $-1 -16.27 -76.549999999999983 -0.99999999999999989 -1 0 0 0 1 0 forward_v I I I I #
string_attrib-name_attrib-gen-attrib $-1 -1 $-1 $631 $369 2 1 2 1 1 1 1 1 1 1 1 1 1 1 0 1 1 1 @15 ATTRIB_XACIS_ID @5 81736 #
integer_attrib-name_attrib-gen-attrib $-1 -1 $1049 $632 $487 2 1 1 1 1 1 1 1 1 1 1 1 1 1 0 1 1 1 @3 pid 12 #
integer_attrib-name_attrib-gen-attrib $-1 -1 $1050 $-1 $633 2 0 0 1 1 1 1 1 1 1 1 1 1 1 0 1 1 1 @3 fif 0 #
face $1051 -1 -1 $-1 $1052 $693 $5 $-1 $1053 forward double out T -16.375141108986728 -74.001493981023003 -1.600249726076016 -15.624858891013272 -73.649814044523097 -0.89975027392397433 F #
cone-surface $-1 -1 -1 $-1 -15.475000000000001 -74.00271666537698 1.3525807737340001 0 0 -1 -0.12288478807785606 -0.08601935165449924 0 1 I I -0 1 0.14999999999999999 reversed I I I I #
coedge $-1 -1 -1 $-1 $1054 $1055 $1056 $1057 forward $634 $-1 #
coedge $-1 -1 -1 $-1 $971 $636 $827 $1058 forward $488 $-1 #
edge $1059 -1 -1 $-1 $830 0 $756 0.10000000000000053 $636 $1060 forward @7 unknown T -15.450000000000001 -74.347283334622986 -1 -15.450000000000001 -74.347283334622986 -0.89999999999999947 #
coedge $-1 -1 -1 $-1 $639 $1056 $825 $1058 reversed $68 $-1 #
name_attrib-gen-attrib $-1 -1 $1061 $-1 $640 2 1 1 1 1 1 1 1 1 1 1 1 1 1 0 1 1 1 @3 eif #
vertex $1062 -1 -1 $-1 $641 $1063 #
vertex $1064 -1 -1 $-1 $640 $1065 #
straight-curve $-1 -1 -1 $-1 -15.450000000000001 -74.499999999999986 -0.99999999999999989 0 1 0 F 0 F 0.1527166653769978 #
name_attrib-gen-attrib $-1 -1 $1066 $-1 $641 2 1 1 1 1 1 1 1 1 1 1 1 1 1 0 1 1 1 @3 eif #
ellipse-curve $-1 -1 -1 $-1 -15.55000066979637 -74.499999330203622 -0.99999999999999989 0 0 1 6.6979637025621486e-007 -0.10000066979637001 0 1 F 0 F 1.5707829309572199 #
integer_attrib-name_attrib-gen-attrib $-1 -1 $-1 $642 $492 2 1 1 1 1 1 1 1 1 1 1 1 1 1 0 1 1 1 @3 pid 50 #
coedge $-1 -1 -1 $-1 $1067 $650 $1068 $1069 reversed $68 $-1 #
coedge $-1 -1 -1 $-1 $767 $766 $650 $837 forward $768 $-1 #
edge $1070 -1 -1 $-1 $1071 0 $841 2.6179836903381362 $836 $1072 forward @7 unknown T -16.450000000000003 -76.086602540378436 -1.0000000000000455 -16.350000372893209 -75.899999999999991 -0.99999999999998646 #
tcoedge-coedge $-1 -1 -1 $-1 $1073 $651 $783 $1007 reversed $671 $1074 -1 -0 F #
tcoedge-coedge $-1 -1 -1 $-1 $651 $1073 $865 $1075 reversed $671 $1076 -1 -0 F #
name_attrib-gen-attrib $-1 -1 $1077 $-1 $652 2 1 1 1 1 1 1 1 1 1 1 1 1 1 0 1 1 1 @3 eif #
tvertex-vertex $1078 -1 -1 $-1 $866 $1079 2.9500260028318287e-014 #
straight-curve $-1 -1 -1 $-1 -16.400000000000002 -76.613397459621581 -0.99999999999999989 0 1 0 F -1.3877787807814457e-016 F 0.52679491924319988 #
integer_attrib-name_attrib-gen-attrib $-1 -1 $-1 $653 $503 2 1 1 1 1 1 1 1 1 1 1 1 1 1 0 1 1 1 @3 pid 99 #
integer_attrib-name_attrib-gen-attrib $-1 -1 $-1 $-1 $654 2 1 1 1 1 1 1 1 1 1 1 1 1 1 0 1 1 1 @3 pid 71 #
point $-1 -1 -1 $-1 -16.399999999999999 -76.613397459621567 -1.000000000000016 #
coedge $-1 -1 -1 $-1 $848 $659 $1080 $1081 reversed $661 $-1 #
coedge $-1 -1 -1 $-1 $660 $848 $1082 $1083 forward $661 $-1 #
coedge $-1 -1 -1 $-1 $847 $846 $1084 $1085 forward $661 $-1 #
face $1086 -1 -1 $-1 $1087 $661 $5 $-1 $1088 reversed double out T -15.550000000000193 -76.600000000000094 -1.5499999999999998 -15.54999999999982 -76.099999999999795 -1.049999999999818 F #
integer_attrib-name_attrib-gen-attrib $-1 -1 $-1 $662 $511 2 1 1 1 1 1 1 1 1 1 1 1 1 1 0 1 1 1 @3 pid 168 #
name_attrib-gen-attrib $-1 -1 $1089 $-1 $666 2 1 1 1 1 1 1 1 1 1 1 1 1 1 0 1 1 1 @3 eif #
vertex $1090 -1 -1 $-1 $666 $1091 #
straight-curve $-1 -1 -1 $-1 -15.550000000000001 -76.59999999999998 -1.5499999999999998 0 0 1 F 0 F 0.5 #
string_attrib-name_attrib-gen-attrib $-1 -1 $-1 $668 $397 2 1 2 1 1 1 1 1 1 1 1 1 1 1 0 1 1 1 @15 ATTRIB_XACIS_ID @5 81838 #
integer_attrib-name_attrib-gen-attrib $-1 -1 $1092 $669 $517 2 1 1 1 1 1 1 1 1 1 1 1 1 1 0 1 1 1 @3 pid 53 #
integer_attrib-name_attrib-gen-attrib $-1 -1 $1093 $-1 $670 2 0 0 1 1 1 1 1 1 1 1 1 1 1 0 1 1 1 @3 fif 0 #
face $1094 -1 -1 $-1 $1095 $913 $5 $-1 $1096 reversed double out T -15.62513582226784 -74.088803928633894 -1.6000679116019008 -15.597816876475999 -74.001315290611984 -1.4999302476467677 F #
cone-surface $-1 -1 -1 $-1 -16.550000000000001 -73.999999999999986 -1.25 1 0 0 0 -0.25 0 1 I I -0 1 0.25 reversed I I I I #
string_attrib-name_attrib-gen-attrib $-1 -1 $-1 $674 $404 2 1 2 1 1 1 1 1 1 1 1 1 1 1 0 1 1 1 @15 ATTRIB_XACIS_ID @5 81767 #
integer_attrib-name_attrib-gen-attrib $-1 -1 $1097 $675 $522 2 1 1 1 1 1 1 1 1 1 1 1 1 1 0 1 1 1 @3 pid 43 #
integer_attrib-name_attrib-gen-attrib $-1 -1 $1098 $-1 $676 2 0 0 1 1 1 1 1 1 1 1 1 1 1 0 1 1 1 @3 fif 0 #
loop $-1 -1 -1 $-1 $-1 $1099 $676 T -16.55000000000004 -76.600000000000037 -1.5499999999999998 -16.549999999999962 -76.099999999999952 -1.049999999999969 unknown #
plane-surface $-1 -1 -1 $-1 -16.550000000000001 -76.59999999999998 -1.0499999999999998 1 0 0 0 0 -1 forward_v I I I I #
coedge $-1 -1 -1 $-1 $783 $776 $1100 $1101 reversed $677 $1102 #
tcoedge-coedge $-1 -1 -1 $-1 $996 $679 $839 $1075 forward $523 $1103 0 1 F #
edge $1104 -1 -1 $-1 $841 -1.6167622796103842e-014 $587 0.099999999999999992 $767 $1105 forward @7 unknown T -16.400000000000059 -76.086602540378436 -1.0000000000000455 -16.399999999999945 -76.086602540378323 -0.89999999999994384 #
pcurve $-1 -1 -1 $-1 0 forward { exppc nubs 3 open 2 
	-0.099999999999999992 3 -0 3 
	0.99999999999970601 0.019230769230775581 
	0.99999999999982758 0.3397435897102245 
	0.99999999999994915 0.6602564101896734 
	1.0000000000000708 0.98076923066912236 
	0.001 
	-1 
	spline forward { ref 19 } I I I I 
	} 0 0 #
coedge $-1 -1 -1 $-1 $1106 $680 $1107 $1108 reversed $405 $-1 #
coedge $-1 -1 -1 $-1 $1109 $1110 $680 $870 reversed $1111 $-1 #
edge $1112 -1 -1 $-1 $878 0 $1113 0.95062294310980999 $869 $1114 forward @7 unknown T -16.475311471554967 -75.295449739860473 -1.600000000000487 -15.524688528444514 -75.295449739859507 -1.5999999999995127 #
coedge $-1 -1 -1 $-1 $681 $1115 $1116 $1117 forward $405 $-1 #
coedge $-1 -1 -1 $-1 $1118 $1119 $681 $873 forward $1120 $-1 #
edge $1121 -1 -1 $-1 $879 0 $1122 0.34302114537317757 $872 $1123 forward @7 unknown T -15.458738713260189 -75.110790257341719 -1.5999999999999999 -15.450000000000001 -75.060339797793986 -1.5999999999999996 #
coedge $-1 -1 -1 $-1 $1124 $682 $1119 $1125 forward $876 $-1 #
coedge $-1 -1 -1 $-1 $682 $1124 $1126 $1127 forward $876 $-1 #
loop $-1 -1 -1 $-1 $-1 $1124 $1095 T -15.524688528445491 -75.295449739860473 -1.600000000000487 -15.458738713260189 -75.110790257341648 -1.4999999999996594 unknown #
name_attrib-gen-attrib $-1 -1 $1128 $-1 $683 2 1 1 1 1 1 1 1 1 1 1 1 1 1 0 1 1 1 @3 eif #
tvertex-vertex $1129 -1 -1 $-1 $1130 $1131 4.8726913235090157e-013 #
vertex $1132 -1 -1 $-1 $873 $1133 #
straight-curve $-1 -1 -1 $-1 -15.524688528445484 -75.295449739859919 -1.5999999999999999 0.33633639699820611 0.94174191159481968 0 F -1.4936336468221676e-017 F 0.19608289728292702 #
tcoedge-coedge $-1 -1 -1 $-1 $688 $684 $918 $1134 reversed $310 $1135 -0.99999996851510864 -0 F #
tcoedge-coedge $-1 -1 -1 $-1 $1136 $1137 $684 $883 reversed $1138 $1139 -0.09999920923061234 1.3179402416074737e-006 F #
tedge-edge $1140 -1 -1 $-1 $888 -1.3179402416074737e-006 $1141 0.09999920923061234 $882 $1142 forward @7 unknown T -16.375006169793288 -74.001433872977799 -1.6000742113405841 -16.374855089216112 -74.001282792400616 -1.4999226146300995 6.1449118027289587e-006 #
pcurve $-1 -1 -1 $-1 0 forward { exppc nubs 1 open 2 
	-1.3179402416074737e-006 1 0.09999920923061234 1 
	-0.56213071644554136 -0.2134910505557599 
	-0.46213018927468741 -0.2134910505557599 
	0 
	0 
	plane -16.375 -73.787867965643983 -1.037867965644 -1 0 0 0 0 1 forward_v I I I I 
	} 0 0 #
tcoedge-coedge $-1 -1 -1 $-1 $685 $908 $1143 $1144 reversed $693 $1145 -0.74993677366816403 -0 F #
pcurve $-1 -1 -1 $-1 0 forward { exppc nubs 1 open 2 
	0 1 1 1 
	-0.5 1.5669153665121649 
	-0.5 3.1415926535897931 
	0.001 
	-1 
	cone -16.550000000000001 -73.999999999999986 -1.25 1 0 0 0 -0.34999999999999998 0 1 I I -0 1 0.34999999999999998 reversed I I I I 
	} 0 0 #
name_attrib-gen-attrib $-1 -1 $1146 $-1 $686 2 1 1 1 1 1 1 1 1 1 1 1 1 1 0 1 1 1 @3 eif #
tvertex-vertex $1147 -1 -1 $-1 $1148 $1149 7.5529251042926154e-005 #
intcurve-curve $-1 -1 -1 $-1 forward { exactcur full nubs 3 open 10 
	0 3 0.11678781515295232 1 0.22746435610927562 1 0.33739961203245555 1 0.44899878218108247 1 
	0.56014977110571607 1 0.6706451046217784 1 0.778605773785638 1 0.88719993472706404 1 1 3 
	-16.375 -74.00135833268898 -1.5999973641492999 
	-16.375 -73.979657370759114 -1.6001156761293078 
	-16.375 -73.938183182232535 -1.5965371244259128 
	-16.375 -73.878027983943795 -1.5800583340863463 
	-16.375 -73.822798393052338 -1.5536513384377071 
	-16.375 -73.772593875510609 -1.5183903005839936 
	-16.375 -73.729329054426145 -1.4747172234869288 
	-16.375 -73.694848850779493 -1.4246593970836876 
	-16.375 -73.669340235402927 -1.3700701576134966 
	-16.375 -73.653438498754937 -1.3113203577202432 
	-16.375 -73.649949251100082 -1.2709460216356392 
	-16.375 -73.649999999999991 -1.25 
	0 
	null_surface 
	null_surface 
	nullbs 
	nullbs 
	-1 
	-1 
	I I 
	0 
	0 
	8 0.11678781515295232 0.22746435610927562 0.33739961203245555 0.44899878218108247 0.56014977110571607 0.6706451046217784 0.778605773785638 0.88719993472706404 
	
	-1 
	none F F 1 F 0 } I I #
tedge-edge $1150 -1 -1 $-1 $897 0 $1151 1 $688 $1152 forward @7 unknown T -16.375109398530494 -74.001462270566776 -1.250103254367029 -16.37489674563297 -73.749862576054298 -0.99978051626171249 0.00010325436702885614 #
pcurve $-1 -1 -1 $-1 0 forward { exppc nubs 3 open 9 
	-1 3 -0.87297625621667707 1 -0.75126912240972588 1 -0.62943921579111317 1 -0.50534911237035707 1 
	-0.38045161409426115 1 -0.25617679869564736 1 -0.13203409546391226 1 -0 3 
	-0.21213203435599998 0.03786796564400019 
	-0.19521951231455248 0.037902135222660949 
	-0.16284884834096025 0.034746769887886497 
	-0.11599398639657188 0.020310172498678725 
	-0.073226657055561556 -0.0024771245092418681 
	-0.035128798386124399 -0.033228001805882812 
	-0.003828597422578045 -0.071286510042443574 
	0.019755966668002528 -0.11448695651519181 
	0.03476938963565912 -0.16255765170900949 
	0.037984195015258626 -0.19589283565115778 
	0.037864275399699998 -0.21349036704499991 
	0 
	0 
	plane -16.375 -73.787867965643983 -1.037867965644 -1 0 0 0 0 1 forward_v I I I I 
	} 0 0 #
tcoedge-coedge $-1 -1 -1 $-1 $1153 $689 $939 $1154 reversed $894 $1155 -1 -0.012125717025280799 F #
tcoedge-coedge $-1 -1 -1 $-1 $689 $1156 $1157 $906 reversed $894 $1158 -0.98779057140066051 -0 F #
loop $-1 -1 -1 $-1 $-1 $892 $1052 T -16.402183123521745 -74.088803928629872 -1.0000697523532318 -16.374864177732164 -74.001352834133499 -0.89993208839809891 unknown #
pcurve $-1 -1 -1 $-1 0 forward { exppc nubs 1 open 2 
	-0.10000105342864085 1 -0 1 
	-15.017222714521459 -0.0090507473730809668 
	-15.683896404045731 -0.0090507473730809668 
	0.001 
	-1 
	cone -16.525000000000002 -74.00271666537698 1.3525807737340001 0 0 -1 0.14999999999999999 0 0 1 I I 0 -1 0.14999999999999999 reversed I I I I 
	} 0 0 #
name_attrib-gen-attrib $-1 -1 $1159 $-1 $690 2 1 1 1 1 1 1 1 1 1 1 1 1 1 0 1 1 1 @3 eif #
tvertex-vertex $1160 -1 -1 $-1 $690 $1161 6.1820662401653713e-006 #
straight-curve $-1 -1 -1 $-1 -16.375 -74.001359016199743 -1.0000036868728595 0 0 1 F 0 F 0.10000105342864085 #
tcoedge-coedge $-1 -1 -1 $-1 $1157 $930 $692 $900 forward $11 $1162 -3.4685247650045881e-005 0.74993677366816403 F #
tedge-edge $1163 -1 -1 $-1 $716 -3.4685247650045881e-005 $697 0.74993677366816403 $899 $1164 forward @7 unknown T -16.375012326229253 -74.001399252801804 -0.90004355594857477 -15.62499376513488 -74.00131741257627 -0.89996171572303296 2.6368010669857839e-006 #
pcurve $-1 -1 -1 $-1 0 forward { exppc nubs 1 open 2 
	-0.74993677366816403 1 3.4685247650045881e-005 1 
	-0.49998244524724555 -1.5669153957390609 
	-2.6427580421495716 -1.5669153957390609 
	0.001 
	-1 
	cone -16.550000000000001 -73.999999999999986 -1.25 1 0 0 0 -0.34999999999999998 0 1 I I -0 1 0.34999999999999998 reversed I I I I 
	} 0 0 #
integer_attrib-name_attrib-gen-attrib $-1 -1 $-1 $695 $529 2 1 1 1 1 1 1 1 1 1 1 1 1 1 0 1 1 1 @3 pid 61 #
integer_attrib-name_attrib-gen-attrib $-1 -1 $-1 $-1 $696 2 1 1 1 1 1 1 1 1 1 1 1 1 1 0 1 1 1 @3 pid 49 #
point $-1 -1 -1 $-1 -16.375 -73.649999999999991 -1.25 #
integer_attrib-name_attrib-gen-attrib $-1 -1 $-1 $-1 $697 2 1 1 1 1 1 1 1 1 1 1 1 1 1 0 1 1 1 @3 pid 14 #
tedge-edge $1165 -1 -1 $-1 $697 0 $1166 0.98779057140066051 $1157 $1167 forward @7 unknown T -16.375012326229253 -74.00273411056834 -0.90003534052359113 -16.37493197610889 -74.001352834133954 -0.89996728981142338 3.0312370376830388e-006 #
point $-1 -1 -1 $-1 -16.375006144163464 -74.001359016199743 -0.9000026334442186 #
tcoedge-coedge $-1 -1 -1 $-1 $885 $708 $699 $909 forward $693 $1168 0 1 F #
tedge-edge $1169 -1 -1 $-1 $927 0 $916 1 $908 $1170 forward @7 unknown T -15.625134964823266 -74.001493981023003 -1.6002485955964805 -15.624858891013272 -73.649814044523097 -1.2498650351767366 0.00013496482326326242 #
pcurve $-1 -1 -1 $-1 0 forward { exppc nubs 3 open 10 
	-1 3 -0.8846547270667684 1 -0.77489148389340679 1 -0.66555429800337518 1 -0.55413383889178325 1 
	-0.4428208208554445 1 -0.3318355488214712 1 -0.22321633817720415 1 -0.11380388346555606 1 -0 3 
	-0.56212939850529997 -0.21349036704499724 
	-0.56224566512921714 -0.1920639468921479 
	-0.55874838885720624 -0.15101365682599521 
	-0.54260686722456142 -0.091340702138310803 
	-0.51655846225913504 -0.036287029115200653 
	-0.48159775449765596 0.013986331115717121 
	-0.43808044455637396 0.057532513284726861 
	-0.38796686142928127 0.092363772251658816 
	-0.33313244375908635 0.1182082862110434 
	-0.27397140308657986 0.13436987616590557 
	-0.23326889728108702 0.13791895629762507 
	-0.21213203435600003 0.1378679656439914 
	0 
	0 
	plane -15.625 -73.787867965643983 -1.037867965644 1 -0 -0 0 0 1 reverse_v I I I I 
	} 0 0 #
tcoedge-coedge $-1 -1 -1 $-1 $1171 $700 $1172 $1173 reversed $913 $1174 -1 -0.012125717025247907 F #
tcoedge-coedge $-1 -1 -1 $-1 $700 $1175 $1176 $1177 reversed $913 $1178 -0.98779057140131965 -0 F #
loop $-1 -1 -1 $-1 $-1 $911 $857 T -15.62513582226784 -74.088803928633894 -1.6000679116019008 -15.597816876475999 -74.001315290611984 -1.4999302476467677 unknown #
pcurve $-1 -1 -1 $-1 0 forward { exppc nubs 1 open 2 
	-0.10000105342863197 1 -0 1 
	-19.564429289821522 -0.0090507473730809668 
	-20.231102979345735 -0.0090507473730809668 
	0.001 
	-1 
	cone -15.475000000000001 -74.00271666537698 -4.5346617600289996 0 0 1 -0.14999999999999999 0 0 1 I I 0 -1 0.14999999999999999 reversed I I I I 
	} 0 0 #
name_attrib-gen-attrib $-1 -1 $1179 $-1 $701 2 1 1 1 1 1 1 1 1 1 1 1 1 1 0 1 1 1 @3 eif #
tvertex-vertex $1180 -1 -1 $-1 $701 $1181 6.1820657893064328e-006 #
straight-curve $-1 -1 -1 $-1 -15.625 -74.001359016199743 -1.4999963131271401 0 0 -1 F 0 F 0.10000105342863197 #
tcoedge-coedge $-1 -1 -1 $-1 $703 $718 $881 $1134 forward $540 $1182 0 0.99999996851510864 F #
tcoedge-coedge $-1 -1 -1 $-1 $1183 $1172 $703 $920 forward $1184 $1185 -7.5514658764097575e-005 0.74986125900939993 F #
tedge-edge $1186 -1 -1 $-1 $706 -7.5514658764097575e-005 $1141 0.74986125900939993 $919 $1187 forward @7 unknown T -16.375006169793288 -74.001433872977799 -1.5000736952072753 -15.624950130248779 -74.001282792400616 -1.4999226146300995 3.6911081566200019e-006 #
pcurve $-1 -1 -1 $-1 0 forward { exppc nubs 1 open 2 
	-0.74986125900939993 1 7.5514658764097575e-005 1 
	-0.7002774819812001 1.5653630495021109 
	-3.7000245766538562 1.5653630495021109 
	0.001 
	-1 
	cone -16.550000000000001 -73.999999999999986 -1.25 1 0 0 0 -0.25 0 1 I I 0 -1 0.25 reversed I I I I 
	} 0 0 #
integer_attrib-name_attrib-gen-attrib $-1 -1 $-1 $705 $533 2 1 1 1 1 1 1 1 1 1 1 1 1 1 0 1 1 1 @3 pid 124 #
integer_attrib-name_attrib-gen-attrib $-1 -1 $-1 $-1 $706 2 1 1 1 1 1 1 1 1 1 1 1 1 1 0 1 1 1 @3 pid 85 #
point $-1 -1 -1 $-1 -15.624993855836536 -74.001359016199743 -1.4999963131271401 #
pcurve $-1 -1 -1 $-1 0 forward { exppc nubs 1 open 2 
	0 1 1 1 
	-2.6428571428571428 -1.5669153665121649 
	-2.6428571428571428 -3.1415926535897931 
	0.001 
	-1 
	cone -16.550000000000001 -73.999999999999986 -1.25 1 0 0 0 -0.34999999999999998 0 1 I I -0 1 0.34999999999999998 reversed I I I I 
	} 0 0 #
name_attrib-gen-attrib $-1 -1 $1188 $-1 $709 2 1 1 1 1 1 1 1 1 1 1 1 1 1 0 1 1 1 @3 eif #
tvertex-vertex $1189 -1 -1 $-1 $909 $1190 1.4210854715202004e-014 #
intcurve-curve $-1 -1 -1 $-1 forward { exactcur full nubs 3 open 10 
	0 3 0.11678781515297838 1 0.22746435610930679 1 0.33739961203247676 1 0.44899878218107708 1 
	0.56014977110569664 1 0.67064510462175986 1 0.7786057737856219 1 0.88719993472705094 1 1 3 
	-15.625 -74.00135833268898 -0.90000263585069074 
	-15.625 -73.979657370759099 -0.89988432387068218 
	-15.625 -73.938183182232521 -0.90346287557407612 
	-15.625 -73.878027983943781 -0.91994166591363535 
	-15.625 -73.82279839305231 -0.94634866156226816 
	-15.625 -73.77259387551058 -0.98160969941597842 
	-15.625 -73.729329054426131 -1.0252827765130463 
	-15.625 -73.694848850779493 -1.0753406029162937 
	-15.625 -73.669340235402942 -1.1299298423864903 
	-15.625 -73.653438498754937 -1.1886796422797483 
	-15.625 -73.649949251100082 -1.2290539783643573 
	-15.625 -73.649999999999991 -1.25 
	0 
	null_surface 
	null_surface 
	nullbs 
	nullbs 
	-1 
	-1 
	I I 
	0 
	0 
	8 0.11678781515297838 0.22746435610930679 0.33739961203247676 0.44899878218107708 0.56014977110569664 0.67064510462175986 0.7786057737856219 0.88719993472705094 
	
	-1 
	none F F 1 F 0 } I I #
coedge $-1 -1 -1 $-1 $712 $711 $1054 $1191 reversed $713 $-1 #
tcoedge-coedge $-1 -1 -1 $-1 $899 $752 $711 $931 reversed $11 $1192 -1 -0 F #
tedge-edge $1193 -1 -1 $-1 $716 0 $1194 1 $930 $1195 forward @7 unknown T -15.625182717534392 -74.088811534608382 -0.90007815341219388 -15.597809270501511 -74.001282815112589 -0.89992448242360989 7.5517576389968959e-005 #
pcurve $-1 -1 -1 $-1 0 forward { exppc nubs 1 open 2 
	0 1 1 1 
	-15.017205158226668 0.61977708248570273 
	-15.017205158226668 -2.5685009674702988e-012 
	0.001 
	-1 
	cone -15.475000000000001 -74.00271666537698 1.3525807737340001 0 0 -1 -0.12288478807785606 -0.08601935165449924 0 1 I I 0 -1 0.14999999999999999 reversed I I I I 
	} 0 0 #
tcoedge-coedge $-1 -1 -1 $-1 $1056 $719 $712 $724 reversed $68 $1196 -0.99999999999999989 -0 F #
pcurve $-1 -1 -1 $-1 0 forward { exppc nubs 1 open 2 
	0 1 0.99999999999999989 1 
	-15.683871824893334 -2.5685009674702988e-012 
	-15.683871824893334 0.61977708248570273 
	0.001 
	-1 
	cone -15.475000000000001 -74.00271666537698 1.3525807737340001 0 0 -1 -0.12288478807785606 -0.08601935165449924 0 1 I I 0 -1 0.14999999999999999 reversed I I I I 
	} 0 0 #
integer_attrib-name_attrib-gen-attrib $-1 -1 $-1 $715 $537 2 1 1 1 1 1 1 1 1 1 1 1 1 1 0 1 1 1 @3 pid 60 #
integer_attrib-name_attrib-gen-attrib $-1 -1 $-1 $-1 $716 2 1 1 1 1 1 1 1 1 1 1 1 1 1 0 1 1 1 @3 pid 13 #
point $-1 -1 -1 $-1 -15.62503468524765 -74.001358332689037 -0.90000263583580387 #
pcurve $-1 -1 -1 $-1 0 forward { exppc nubs 1 open 2 
	0 1 1 1 
	-0.69999999999999996 -1.565362969303798 
	-0.69999999999999996 -3.1415926535897931 
	0.001 
	-1 
	cone -16.550000000000001 -73.999999999999986 -1.25 1 0 0 0 -0.25 0 1 I I 0 -1 0.25 reversed I I I I 
	} 0 0 #
tcoedge-coedge $-1 -1 -1 $-1 $719 $1197 $892 $1154 forward $68 $1198 0.012125717025280799 1 F #
pcurve $-1 -1 -1 $-1 0 forward { exppc nubs 1 open 2 
	-7.5514658764042064e-005 1 0.74986125900939982 1 
	0.001358332689443742 0.17499385583653596 
	0.001358332689443742 0.92493062950469995 
	0 
	0 
	plane -16.550000000000001 -73.999999999999986 -0.99999999999999989 0 0 -1 0 -1 0 reverse_v I I I I 
	} 0 0 #
name_attrib-gen-attrib $-1 -1 $1199 $-1 $720 2 1 1 1 1 1 1 1 1 1 1 1 1 1 0 1 1 1 @3 eif #
straight-curve $-1 -1 -1 $-1 -16.3749306295047 -74.001358332689435 -0.99999999999999989 1 0 0 F -7.5514658764042064e-005 F 0.74986125900939993 #
name_attrib-gen-attrib $-1 -1 $1200 $-1 $724 2 1 1 1 1 1 1 1 1 1 1 1 1 1 0 1 1 1 @3 eif #
tvertex-vertex $1201 -1 -1 $-1 $1057 $1202 4.5694645461823595e-013 #
intcurve-curve $-1 -1 -1 $-1 forward { exactcur full nubs 3 open 4 
	0 3 0.32535880190487226 1 0.6536689149194137 1 0.99999999999999989 3 
	-15.5978847880779 -74.088736017031991 -0.99999999999999989 
	-15.603726951547248 -74.080353353797847 -1 
	-15.613576243509883 -74.062783360018145 -0.99999999999999989 
	-15.623036163541322 -74.032928730069031 -0.99999999999999989 
	-15.625107220368117 -74.012248762334977 -0.99999999999999989 
	-15.6250693704953 -74.00135833268898 -0.99999999999999989 
	0 
	null_surface 
	null_surface 
	nullbs 
	nullbs 
	-1 
	-1 
	I I 
	0 
	0 
	2 0.32535880190487226 0.6536689149194137 
	
	-1 
	none F F 1 F 0 } I I #
coedge $-1 -1 -1 $-1 $729 $728 $1203 $1204 forward $730 $-1 #
integer_attrib-name_attrib-gen-attrib $-1 -1 $-1 $731 $547 2 1 1 1 1 1 1 1 1 1 1 1 1 1 0 1 1 1 @3 pid 115 #
coedge $-1 -1 -1 $-1 $744 $1203 $733 $949 reversed $960 $-1 #
edge $1205 -1 -1 $-1 $750 0 $951 0.43000000000000005 $948 $1206 forward @7 unknown T -16.27 -76.549999999999997 -0.94999999999999996 -16.27 -76.11999999999999 -0.94999999999999996 #
name_attrib-gen-attrib $-1 -1 $1207 $-1 $734 2 1 1 1 1 1 1 1 1 1 1 1 1 1 0 1 1 1 @3 eif #
vertex $1208 -1 -1 $-1 $1204 $1209 #
straight-curve $-1 -1 -1 $-1 -16.27 -76.549999999999983 -0.94999999999999996 0 0 -1 F 0 F 0.049999999999999996 #
coedge $-1 -1 -1 $-1 $1203 $744 $738 $954 reversed $960 $-1 #
edge $1210 -1 -1 $-1 $956 2.7755575615628914e-017 $747 0.43000000000000005 $953 $1211 forward @7 unknown T -15.73 -76.549999999999983 -0.94999999999999996 -15.73 -76.119999999999976 -0.94999999999999996 #
name_attrib-gen-attrib $-1 -1 $1212 $-1 $739 2 1 1 1 1 1 1 1 1 1 1 1 1 1 0 1 1 1 @3 eif #
vertex $1213 -1 -1 $-1 $739 $1214 #
straight-curve $-1 -1 -1 $-1 -15.73 -76.549999999999983 -0.94999999999999996 0 0 -1 F 0 F 0.049999999999999996 #
integer_attrib-name_attrib-gen-attrib $-1 -1 $1215 $-1 $740 2 0 0 1 1 1 1 1 1 1 1 1 1 1 0 1 1 1 @3 fif 0 #
plane-surface $-1 -1 -1 $-1 -15.73 -76.11999999999999 -0.99999999999999989 1 0 0 0 -1 0 forward_v I I I I #
loop $-1 -1 -1 $-1 $-1 $1203 $1216 T -16.27 -76.549999999999997 -0.94999999999999996 -15.73 -76.119999999999976 -0.94999999999999996 unknown #
name_attrib-gen-attrib $-1 -1 $1217 $-1 $745 2 1 1 1 1 1 1 1 1 1 1 1 1 1 0 1 1 1 @3 eif #
straight-curve $-1 -1 -1 $-1 -15.73 -76.11999999999999 -0.94999999999999996 -1 0 0 F 0 F 0.53999999999999992 #
integer_attrib-name_attrib-gen-attrib $-1 -1 $-1 $746 $561 2 1 1 1 1 1 1 1 1 1 1 1 1 1 0 1 1 1 @3 pid 160 #
integer_attrib-name_attrib-gen-attrib $-1 -1 $-1 $-1 $747 2 1 1 1 1 1 1 1 1 1 1 1 1 1 0 1 1 1 @3 pid 112 #
point $-1 -1 -1 $-1 -15.73 -76.11999999999999 -0.94999999999999996 #
integer_attrib-name_attrib-gen-attrib $-1 -1 $-1 $749 $562 2 1 1 1 1 1 1 1 1 1 1 1 1 1 0 1 1 1 @3 pid 162 #
integer_attrib-name_attrib-gen-attrib $-1 -1 $-1 $-1 $750 2 1 1 1 1 1 1 1 1 1 1 1 1 1 0 1 1 1 @3 pid 113 #
point $-1 -1 -1 $-1 -16.27 -76.11999999999999 -0.94999999999999996 #
coedge $-1 -1 -1 $-1 $1055 $1054 $752 $970 forward $634 $-1 #
edge $1218 -1 -1 $-1 $1194 -1.000483154734136e-016 $973 0.21059722114876911 $752 $1219 forward @7 unknown T -15.597884788078357 -74.261263982969666 -0.90000000000045688 -15.477115211921324 -74.088736017031536 -0.89999999999954294 #
coedge $-1 -1 -1 $-1 $753 $825 $1055 $1220 reversed $488 $-1 #
name_attrib-gen-attrib $-1 -1 $1221 $-1 $754 2 1 1 1 1 1 1 1 1 1 1 1 1 1 0 1 1 1 @3 eif #
vertex $1222 -1 -1 $-1 $970 $1223 #
ellipse-curve $-1 -1 -1 $-1 -15.600003733681877 -74.347284511562805 -0.89999999999999991 0 0 -1 0.12288852176035214 0.086020528593144352 0 1 F 0 F 0.61071027224358976 #
integer_attrib-name_attrib-gen-attrib $-1 -1 $-1 $755 $570 2 1 1 1 1 1 1 1 1 1 1 1 1 1 0 1 1 1 @3 pid 9 #
integer_attrib-name_attrib-gen-attrib $-1 -1 $-1 $-1 $756 2 1 1 1 1 1 1 1 1 1 1 1 1 1 0 1 1 1 @3 pid 10 #
point $-1 -1 -1 $-1 -15.450000000000001 -74.347283334622986 -0.89999999999999991 #
name_attrib-gen-attrib $-1 -1 $1224 $-1 $758 2 1 1 1 1 1 1 1 1 1 1 1 1 1 0 1 1 1 @3 eif #
straight-curve $-1 -1 -1 $-1 -15.450000000000001 -74.499999999999986 -0.90000000000000036 0 0 -1 F 0 F 0.099999999999998757 #
coedge $-1 -1 -1 $-1 $763 $1225 $1226 $1227 reversed $11 $-1 #
coedge $-1 -1 -1 $-1 $1228 $1229 $763 $982 forward $1230 $-1 #
edge $1231 -1 -1 $-1 $987 0 $1232 0.19999999999999996 $763 $1233 forward @7 unknown T -16.550000000000001 -75.799999999999983 -0.89999999999999991 -16.550000000000001 -75.59999999999998 -0.89999999999999991 #
coedge $-1 -1 -1 $-1 $1068 $764 $1229 $1234 reversed $985 $-1 #
coedge $-1 -1 -1 $-1 $764 $1068 $766 $989 reversed $985 $-1 #
loop $-1 -1 -1 $-1 $-1 $983 $1235 T -16.550000000000004 -75.899999999999991 -0.99999999999999989 -16.449999999999999 -75.799999999999983 -0.89999999999999991 unknown #
name_attrib-gen-attrib $-1 -1 $1236 $-1 $765 2 1 1 1 1 1 1 1 1 1 1 1 1 1 0 1 1 1 @3 eif #
vertex $1237 -1 -1 $-1 $765 $1238 #
ellipse-curve $-1 -1 -1 $-1 -16.449999330203632 -75.799999330203619 -0.89999999999999991 0 0 -1 -6.6979637064479292e-007 -0.10000066979637001 0 1 F 0 F 1.5707829309572159 #
edge $1239 -1 -1 $-1 $770 0 $1071 0.099999999999998757 $766 $1240 forward @7 unknown T -16.450000000000003 -75.899999999999991 -0.99999999999999956 -16.449999999999999 -75.899999999999991 -0.89999999999999991 #
face $1241 -1 -1 $-1 $779 $768 $5 $-1 $1242 reversed double out T -16.450000000000003 -76.086602540378436 -1.0000000000000455 -16.350000372893206 -75.899999999999991 -0.89999999999994384 F #
integer_attrib-name_attrib-gen-attrib $-1 -1 $-1 $769 $582 2 1 1 1 1 1 1 1 1 1 1 1 1 1 0 1 1 1 @3 pid 28 #
integer_attrib-name_attrib-gen-attrib $-1 -1 $-1 $-1 $770 2 1 1 1 1 1 1 1 1 1 1 1 1 1 0 1 1 1 @3 pid 28 #
point $-1 -1 -1 $-1 -16.450000000000003 -75.899999999999991 -0.89999999999999991 #
coedge $-1 -1 -1 $-1 $1243 $1244 $772 $995 forward $862 $-1 #
edge $1245 -1 -1 $-1 $1003 0 $999 0.5 $772 $1246 forward @7 unknown T -16.55000000000004 -76.600000000000037 -1.0500000000000784 -16.549999999999962 -76.099999999999952 -1.049999999999969 #
coedge $-1 -1 -1 $-1 $773 $865 $1247 $1248 reversed $523 $1249 #
pcurve $-1 -1 -1 $-1 0 forward { exppc nubs 3 open 8 
	0 3 0.14285346528613124 1 0.28571864297653682 1 0.4285422888684744 1 0.57145771551796509 1 
	0.71428136067673276 1 0.85714653690736575 1 1 3 
	3.1590091777565704e-013 0.019230769230771921 
	0.047611862379467754 0.019230769230760628 
	0.1428482878328631 0.019230769230746382 
	0.28565805096722702 0.019230769230744866 
	0.42863360064634271 0.01923076923077871 
	0.57136640351358758 0.01923076923078712 
	0.71434195246238275 0.019230769230764048 
	0.85715171412440405 0.019230769230759479 
	0.95238813835467628 0.019230769230768215 
	0.99999999999970601 0.019230769230775581 
	0.001 
	-1 
	spline forward { ref 19 } I I I I 
	} 0 0 #
name_attrib-gen-attrib $-1 -1 $1250 $-1 $774 2 1 1 1 1 1 1 1 1 1 1 1 1 1 0 1 1 1 @3 eif #
tvertex-vertex $1251 -1 -1 $-1 $995 $1252 3.0858232224416025e-014 #
intcurve-curve $-1 -1 -1 $-1 forward { exactcur full nubs 3 open 8 
	0 3 0.14285346528613124 1 0.28571864297653682 1 0.4285422888684744 1 0.57145771551796509 1 
	0.71428136067673276 1 0.85714653690736575 1 1 3 
	-16.550000000000001 -76.09999999999998 -1.0499999999999998 
	-16.549968571085866 -76.099362119300508 -1.0385952941502621 
	-16.547486410811135 -76.098086191054165 -1.0164264760805053 
	-16.536280682545542 -76.096172897654128 -0.98434789227294861 
	-16.518265858631821 -76.09425741740769 -0.95569451031078334 
	-16.494305488911909 -76.092345122914949 -0.93173414075657546 
	-16.465652106983804 -76.09042964267833 -0.91371931711841858 
	-16.433573523461309 -76.088516349298061 -0.90251358911776702 
	-16.41140470566863 -76.08724042106806 -0.90003142891228294 
	-16.400000000000002 -76.086602540378379 -0.89999999999999991 
	0 
	null_surface 
	null_surface 
	nullbs 
	nullbs 
	-1 
	-1 
	I I 
	0 
	0 
	6 0.14285346528613124 0.28571864297653682 0.4285422888684744 0.57145771551796509 0.71428136067673276 0.85714653690736575 
	
	-1 
	none F F 1 F 0 } I I #
pcurve $-1 -1 -1 $-1 0 forward { exppc nubs 3 open 8 
	0 3 0.14285346528615156 1 0.28571864297655503 1 0.42854228886848883 1 0.57145771551797986 1 
	0.7142813606767523 1 0.85714653690738718 1 1 3 
	0.9999999999997059 0.019230769230775605 
	0.95238813762057628 0.019230769230768226 
	0.85715171216721808 0.019230769230759483 
	0.71434194903284842 0.019230769230763993 
	0.57136639935373401 0.019230769230787363 
	0.42863359648648841 0.019230769230778547 
	0.28565804753769175 0.019230769230744894 
	0.14284828587567652 0.019230769230746403 
	0.047611861645367549 0.019230769230760673 
	3.1609591368383162e-013 0.019230769230771966 
	0.001 
	-1 
	spline forward { ref 24 } I I I I 
	} 0 0 #
name_attrib-gen-attrib $-1 -1 $1253 $-1 $777 2 1 1 1 1 1 1 1 1 1 1 1 1 1 0 1 1 1 @3 eif #
tvertex-vertex $1254 -1 -1 $-1 $1255 $1256 4.0488098152190171e-014 #
intcurve-curve $-1 -1 -1 $-1 forward { exactcur full nubs 3 open 8 
	0 3 0.14285346528615156 1 0.28571864297655503 1 0.42854228886848883 1 0.57145771551797986 1 
	0.7142813606767523 1 0.85714653690738718 1 1 3 
	-16.400000000000002 -76.613397459621581 -0.89999999999999991 
	-16.411404705849737 -76.612759578922081 -0.90003142891413246 
	-16.433573523919495 -76.611483650675694 -0.90251358918886393 
	-16.465652107727053 -76.609570357275686 -0.91371931745445989 
	-16.494305489689221 -76.60765487702929 -0.93173414136818267 
	-16.518265859243428 -76.60574258253655 -0.95569451108809522 
	-16.536280682881582 -76.603827102299888 -0.98434789301619907 
	-16.547486410882232 -76.601913808919576 -1.0164264765386903 
	-16.549968571087717 -76.600637880689632 -1.0385952943313685 
	-16.550000000000001 -76.59999999999998 -1.0499999999999998 
	0 
	null_surface 
	null_surface 
	nullbs 
	nullbs 
	-1 
	-1 
	I I 
	0 
	0 
	6 0.14285346528615156 0.28571864297655503 0.42854228886848883 0.57145771551797986 0.7142813606767523 0.85714653690738718 
	
	-1 
	none F F 1 F 0 } I I #
integer_attrib-name_attrib-gen-attrib $-1 -1 $1257 $-1 $779 2 0 0 1 1 1 1 1 1 1 1 1 1 1 0 1 1 1 @3 fif 0 #
cone-surface $-1 -1 -1 $-1 -16.400000000000002 -76.59999999999998 -1.0499999999999998 -0 1 0 -0.14999999999999999 0 0 1 I I -0 1 0.14999999999999999 reversed I I I I #
tedge-edge $1258 -1 -1 $-1 $1259 0 $654 1 $838 $1260 forward @7 unknown T -16.45001113930865 -76.613408598930235 -1.0500111393086509 -16.399988860691348 -76.599988860691326 -0.99998886069134874 1.113930865113264e-005 #
pcurve $-1 -1 -1 $-1 0 forward { exppc nubs 3 open 7 
	0 3 0.16665890434075528 1 0.33331201919525683 1 0.50000114301751142 1 0.66669001084723711 1 
	0.83334236540294515 1 1 3 
	-1.1212728384199134e-013 0.98076923066912125 
	0.055538922721945445 0.98076923066911659 
	0.16662456324501104 0.98076923066911326 
	0.33333193144158568 0.98076923066912836 
	0.5000010630091053 0.980769230669157 
	0.66666994474261154 0.98076923066911725 
	0.83337654310117693 0.98076923066918209 
	0.94446150293457942 0.98076923066897492 
	0.99999999999977263 0.98076923066883515 
	0.001 
	-1 
	spline forward { ref 24 } I I I I 
	} 0 0 #
integer_attrib-name_attrib-gen-attrib $-1 -1 $-1 $785 $590 2 1 1 1 1 1 1 1 1 1 1 1 1 1 0 1 1 1 @3 pid 101 #
integer_attrib-name_attrib-gen-attrib $-1 -1 $1261 $787 $591 2 1 1 1 1 1 1 1 1 1 1 1 1 1 0 1 1 1 @3 pid 30 #
string_attrib-name_attrib-gen-attrib $-1 -1 $-1 $790 $446 2 1 2 1 1 1 1 1 1 1 1 1 1 1 0 1 1 1 @15 ATTRIB_XACIS_ID @5 81740 #
coedge $-1 -1 -1 $-1 $1262 $1263 $792 $1013 forward $1264 $-1 #
edge $1265 -1 -1 $-1 $1026 0 $1018 0.20000000000000961 $792 $1266 forward @7 unknown T -15.450000000000001 -76.259999999999991 -1.5499999999999998 -15.450000000000001 -76.259999999999991 -1.3499999999999903 #
coedge $-1 -1 -1 $-1 $1267 $793 $795 $1021 forward $1016 $-1 #
coedge $-1 -1 -1 $-1 $793 $1267 $1262 $1268 forward $1016 $-1 #
loop $-1 -1 -1 $-1 $-1 $1015 $1043 T -15.65 -76.599999999999994 -1.75 -15.449999999999999 -76.259999999999977 -1.5499999999999998 unknown #
name_attrib-gen-attrib $-1 -1 $1269 $-1 $794 2 1 1 1 1 1 1 1 1 1 1 1 1 1 0 1 1 1 @3 eif #
vertex $1270 -1 -1 $-1 $1268 $1271 #
straight-curve $-1 -1 -1 $-1 -15.450000000000001 -76.59999999999998 -1.5499999999999998 0 1 0 F 0 F 0.33999999999999986 #
coedge $-1 -1 -1 $-1 $795 $1272 $1273 $1274 reversed $610 $-1 #
edge $1275 -1 -1 $-1 $616 0 $1276 1.5707880836650809 $1014 $1277 forward @7 unknown T -15.65 -76.59999999999998 -1.75 -15.449999999999999 -76.59999999999998 -1.5499999999999998 #
coedge $-1 -1 -1 $-1 $1080 $796 $1263 $1278 reversed $1024 $-1 #
coedge $-1 -1 -1 $-1 $796 $1080 $798 $1028 forward $1024 $-1 #
loop $-1 -1 -1 $-1 $-1 $1022 $1279 T -15.550000000000001 -76.259999999999991 -1.3499999999999961 -15.450000000000001 -76.09999999999998 -1.2 unknown #
name_attrib-gen-attrib $-1 -1 $1280 $-1 $797 2 1 1 1 1 1 1 1 1 1 1 1 1 1 0 1 1 1 @3 eif #
vertex $1281 -1 -1 $-1 $797 $1282 #
straight-curve $-1 -1 -1 $-1 -15.450000000000001 -76.09999999999998 -1.2000000000000024 0 -0.72953720414010692 -0.68394112888130665 F -7.5932718876129922e-018 F 0.21931712199460657 #
edge $1283 -1 -1 $-1 $1040 0 $800 0.10000000000000009 $1023 $1284 forward @7 unknown T -15.550000000000001 -76.09999999999998 -1.2000000000000024 -15.450000000000001 -76.09999999999998 -1.2 #
integer_attrib-name_attrib-gen-attrib $-1 -1 $-1 $799 $606 2 1 1 1 1 1 1 1 1 1 1 1 1 1 0 1 1 1 @3 pid 153 #
integer_attrib-name_attrib-gen-attrib $-1 -1 $-1 $-1 $800 2 1 1 1 1 1 1 1 1 1 1 1 1 1 0 1 1 1 @3 pid 107 #
point $-1 -1 -1 $-1 -15.450000000000001 -76.09999999999998 -1.2 #
integer_attrib-name_attrib-gen-attrib $-1 -1 $1285 $802 $607 2 1 1 1 1 1 1 1 1 1 1 1 1 1 0 1 1 1 @3 pid 46 #
coedge $-1 -1 -1 $-1 $1272 $804 $1286 $1287 forward $610 $-1 #
coedge $-1 -1 -1 $-1 $1082 $1288 $804 $1035 forward $1289 $-1 #
edge $1290 -1 -1 $-1 $1291 0 $852 1.5707829309572188 $1034 $1292 forward @7 unknown T -15.650000000000002 -76.59999999999998 -1.6499999999999999 -15.550000000000001 -76.59999999999998 -1.5499999999999998 #
integer_attrib-name_attrib-gen-attrib $-1 -1 $1293 $-1 $805 2 0 0 1 1 1 1 1 1 1 1 1 1 1 0 1 1 1 @3 fif 0 #
plane-surface $-1 -1 -1 $-1 -15.5 -76.59999999999998 -1.3999999999999999 0 -1 0 0 0 -1 forward_v I I I I #
string_attrib-name_attrib-gen-attrib $-1 -1 $-1 $807 $465 2 1 2 1 1 1 1 1 1 1 1 1 1 1 0 1 1 1 @15 ATTRIB_XACIS_ID @5 81753 #
name_attrib-gen-attrib $-1 -1 $1294 $-1 $811 2 1 1 1 1 1 1 1 1 1 1 1 1 1 0 1 1 1 @3 eif #
vertex $1295 -1 -1 $-1 $1028 $1296 #
straight-curve $-1 -1 -1 $-1 -15.550000000000001 -76.09999999999998 -1.2 0 0 1 F 0 F 0.14999999999999999 #
integer_attrib-name_attrib-gen-attrib $-1 -1 $1297 $-1 $812 2 0 0 1 1 1 1 1 1 1 1 1 1 1 0 1 1 1 @3 fif 0 #
face $1298 -1 -1 $-1 $1279 $1016 $5 $-1 $1299 forward double out T -15.65 -76.599999999999994 -1.75 -15.449999999999999 -76.259999999999977 -1.5499999999999998 F #
plane-surface $-1 -1 -1 $-1 -15.5 -76.09999999999998 -1.3999999999999999 0 -1 0 0 0 -1 forward_v I I I I #
string_attrib-name_attrib-gen-attrib $-1 -1 $-1 $815 $481 2 1 2 1 1 1 1 1 1 1 1 1 1 1 0 1 1 1 @15 ATTRIB_XACIS_ID @5 81792 #
integer_attrib-name_attrib-gen-attrib $-1 -1 $1300 $816 $628 2 1 1 1 1 1 1 1 1 1 1 1 1 1 0 1 1 1 @3 pid 49 #
integer_attrib-name_attrib-gen-attrib $-1 -1 $1301 $-1 $817 2 0 0 1 1 1 1 1 1 1 1 1 1 1 0 1 1 1 @3 fif 0 #
plane-surface $-1 -1 -1 $-1 -15.73 -76.549999999999983 -0.99999999999999989 0 -1 0 -1 0 0 forward_v I I I I #
string_attrib-name_attrib-gen-attrib $-1 -1 $-1 $820 $487 2 1 2 1 1 1 1 1 1 1 1 1 1 1 0 1 1 1 @15 ATTRIB_XACIS_ID @5 81745 #
integer_attrib-name_attrib-gen-attrib $-1 -1 $1302 $821 $633 2 1 1 1 1 1 1 1 1 1 1 1 1 1 0 1 1 1 @3 pid 13 #
integer_attrib-name_attrib-gen-attrib $-1 -1 $1303 $-1 $822 2 0 0 1 1 1 1 1 1 1 1 1 1 1 0 1 1 1 @3 fif 0 #
face $1304 -1 -1 $-1 $1305 $894 $5 $-1 $1306 reversed double out T -16.402183123521745 -74.088803928629872 -1.0000697523532318 -16.374864177732164 -74.001352834133499 -0.89993208839809891 F #
cone-surface $-1 -1 -1 $-1 -16.550000000000001 -73.999999999999986 -1.25 1 0 0 0 -0.34999999999999998 0 1 I I -0 1 0.34999999999999998 reversed I I I I #
coedge $-1 -1 -1 $-1 $969 $824 $929 $1191 forward $634 $-1 #
coedge $-1 -1 -1 $-1 $824 $969 $971 $1220 forward $634 $-1 #
coedge $-1 -1 -1 $-1 $827 $933 $824 $1057 reversed $68 $-1 #
edge $1307 -1 -1 $-1 $1308 3.6381205626636188e-017 $944 0.21059722114909721 $1056 $1309 forward @7 unknown T -15.597884788078357 -74.261263982969936 -1.0000000000004567 -15.477115211921136 -74.088736017031536 -0.99999999999954292 #
edge $1310 -1 -1 $-1 $830 0 $1308 0.61071027224693064 $827 $1311 forward @7 unknown T -15.477115211921337 -74.347283334622986 -0.99999999999999989 -15.450000000000001 -74.261263982969922 -0.99999999999999989 #
name_attrib-gen-attrib $-1 -1 $1312 $-1 $826 2 1 1 1 1 1 1 1 1 1 1 1 1 1 0 1 1 1 @3 eif #
straight-curve $-1 -1 -1 $-1 -15.450000000000001 -74.347283334622986 -1 0 0 1 F 0 F 0.10000000000000053 #
integer_attrib-name_attrib-gen-attrib $-1 -1 $-1 $828 $640 2 1 1 1 1 1 1 1 1 1 1 1 1 1 0 1 1 1 @3 pid 53 #
integer_attrib-name_attrib-gen-attrib $-1 -1 $-1 $-1 $829 2 1 1 1 1 1 1 1 1 1 1 1 1 1 0 1 1 1 @3 pid 44 #
point $-1 -1 -1 $-1 -15.450000000000001 -74.499999999999986 -0.99999999999999989 #
integer_attrib-name_attrib-gen-attrib $-1 -1 $-1 $-1 $830 2 1 1 1 1 1 1 1 1 1 1 1 1 1 0 1 1 1 @3 pid 45 #
point $-1 -1 -1 $-1 -15.450000000000001 -74.347283334622986 -0.99999999999999989 #
integer_attrib-name_attrib-gen-attrib $-1 -1 $-1 $832 $641 2 1 1 1 1 1 1 1 1 1 1 1 1 1 0 1 1 1 @3 pid 51 #
coedge $-1 -1 -1 $-1 $1313 $835 $1314 $1315 forward $68 $-1 #
coedge $-1 -1 -1 $-1 $984 $983 $835 $1069 forward $985 $-1 #
edge $1316 -1 -1 $-1 $1317 0 $1071 1.5707829309572177 $1068 $1318 forward @7 unknown T -16.550000000000001 -75.899999999999991 -0.99999999999999989 -16.449999999999999 -75.799999999999983 -0.99999999999999956 #
name_attrib-gen-attrib $-1 -1 $1319 $-1 $837 2 1 1 1 1 1 1 1 1 1 1 1 1 1 0 1 1 1 @3 eif #
vertex $1320 -1 -1 $-1 $989 $1321 #
ellipse-curve $-1 -1 -1 $-1 -16.450000509383365 -76.00000013648885 -0.99999999999999989 0 0 -1 5.0938336296213471e-007 0.10000013648886119 0 1 F 0 F 2.6179836903381362 #
coedge $-1 -1 -1 $-1 $839 $838 $1322 $1323 reversed $671 $-1 #
pcurve $-1 -1 -1 $-1 0 forward { exppc nubs 1 open 2 
	-1 1 -0 1 
	0.26794919243199988 1.5707963267948966 
	-0 0 
	0.001 
	0.00032383347947795293 
	cone -16.400000000000002 -76.59999999999998 -1.0499999999999998 -0 1 0 -0.049999999999999996 0 0 1 I I 0 -1 0.049999999999999996 reversed I I I I 
	} 0 0 #
tedge-edge $1324 -1 -1 $-1 $841 0 $1325 1 $839 $1326 forward @7 unknown T -16.45001113930865 -76.100011139308634 -1.0500111393086504 -16.399988860691348 -76.086591401069725 -0.99998886069134918 1.1139308650691148e-005 #
pcurve $-1 -1 -1 $-1 0 forward { exppc nubs 1 open 2 
	-1 1 -0 1 
	-10 -0 
	-10.267949192432001 1.5707963267948966 
	0.001 
	0.00032383347879597069 
	cone -16.400000000000002 -76.59999999999998 -1.0499999999999998 -0 1 0 -0.049999999999999996 0 0 1 I I 0 -1 0.049999999999999996 reversed I I I I 
	} 0 0 #
integer_attrib-name_attrib-gen-attrib $-1 -1 $-1 $840 $652 2 1 1 1 1 1 1 1 1 1 1 1 1 1 0 1 1 1 @3 pid 118 #
integer_attrib-name_attrib-gen-attrib $-1 -1 $-1 $-1 $841 2 1 1 1 1 1 1 1 1 1 1 1 1 1 0 1 1 1 @3 pid 68 #
point $-1 -1 -1 $-1 -16.399999999999999 -76.086602540378408 -1.000000000000016 #
coedge $-1 -1 -1 $-1 $1023 $1022 $846 $1081 forward $1024 $-1 #
edge $1327 -1 -1 $-1 $1328 4.5559631326220492e-017 $1040 0.21931712199460662 $1080 $1329 forward @7 unknown T -15.550000000000001 -76.259999999999991 -1.3499999999999952 -15.550000000000001 -76.09999999999998 -1.2 #
coedge $-1 -1 -1 $-1 $1330 $1034 $847 $1083 reversed $1289 $-1 #
edge $1331 -1 -1 $-1 $1332 0 $852 0.33999999999999986 $1082 $1333 forward @7 unknown T -15.550000000000001 -76.599999999999994 -1.5499999999999998 -15.550000000000001 -76.259999999999991 -1.5499999999999998 #
coedge $-1 -1 -1 $-1 $1263 $1334 $848 $1085 reversed $1264 $-1 #
edge $1335 -1 -1 $-1 $1328 0 $1332 0.19999999999999996 $848 $1336 forward @7 unknown T -15.550000000000001 -76.259999999999991 -1.5499999999999998 -15.550000000000001 -76.259999999999991 -1.3499999999999952 #
integer_attrib-name_attrib-gen-attrib $-1 -1 $1337 $-1 $849 2 0 0 1 1 1 1 1 1 1 1 1 1 1 0 1 1 1 @3 fif 0 #
face $1338 -1 -1 $-1 $1339 $1340 $5 $-1 $1341 forward double out T -16.450000000000035 -76.600000000000023 -1.5499999999999998 -16.449999999999957 -76.099999999999937 -1.0499999999999625 F #
plane-surface $-1 -1 -1 $-1 -15.550000000000001 -76.59999999999998 -1.0499999999999998 1 0 0 0 0 -1 forward_v I I I I #
integer_attrib-name_attrib-gen-attrib $-1 -1 $-1 $851 $666 2 1 1 1 1 1 1 1 1 1 1 1 1 1 0 1 1 1 @3 pid 210 #
integer_attrib-name_attrib-gen-attrib $-1 -1 $-1 $-1 $852 2 1 1 1 1 1 1 1 1 1 1 1 1 1 0 1 1 1 @3 pid 137 #
point $-1 -1 -1 $-1 -15.550000000000001 -76.59999999999998 -1.5499999999999998 #
string_attrib-name_attrib-gen-attrib $-1 -1 $-1 $855 $517 2 1 2 1 1 1 1 1 1 1 1 1 1 1 0 1 1 1 @15 ATTRIB_XACIS_ID @5 81731 #
integer_attrib-name_attrib-gen-attrib $-1 -1 $1342 $856 $670 2 1 1 1 1 1 1 1 1 1 1 1 1 1 0 1 1 1 @3 pid 54 #
integer_attrib-name_attrib-gen-attrib $-1 -1 $1343 $-1 $857 2 0 0 1 1 1 1 1 1 1 1 1 1 1 0 1 1 1 @3 fif 0 #
face $1344 -1 -1 $-1 $1345 $876 $5 $-1 $1346 forward double out T -15.524688528445491 -75.295449739860473 -1.600000000000487 -15.458738713260189 -75.110790257341648 -1.4999999999996594 F #
cone-surface $-1 -1 -1 $-1 -15.475000000000001 -74.00271666537698 -4.5346617600289996 0 0 1 -0.14999999999999999 0 0 1 I I -0 1 0.14999999999999999 reversed I I I I #
string_attrib-name_attrib-gen-attrib $-1 -1 $-1 $860 $522 2 1 2 1 1 1 1 1 1 1 1 1 1 1 0 1 1 1 @15 ATTRIB_XACIS_ID @5 81712 #
integer_attrib-name_attrib-gen-attrib $-1 -1 $1347 $861 $676 2 1 1 1 1 1 1 1 1 1 1 1 1 1 0 1 1 1 @3 pid 44 #
coedge $-1 -1 -1 $-1 $1348 $1349 $1350 $1351 forward $862 $-1 #
coedge $-1 -1 -1 $-1 $1352 $1353 $864 $1101 forward $1354 $-1 #
edge $1355 -1 -1 $-1 $1259 -1.9526047445594941e-014 $1003 0.10000000000000074 $1100 $1356 forward @7 unknown T -16.55000000000004 -76.600000000000037 -1.0500000000000784 -16.449999999999957 -76.599999999999952 -1.0499999999999738 #
pcurve $-1 -1 -1 $-1 0 forward { exppc nubs 3 open 2 
	-0.099999999999999992 3 -0 3 
	3.1609591368383162e-013 0.019230769230771966 
	1.7335484784189064e-013 0.33974358971022167 
	3.061378199994966e-014 0.66025641018967141 
	-1.1212728384199134e-013 0.98076923066912125 
	0.001 
	-1 
	spline forward { ref 24 } I I I I 
	} 0 0 #
pcurve $-1 -1 -1 $-1 0 forward { exppc nubs 3 open 7 
	0 3 0.16665890434094091 1 0.33331201919539899 1 0.50000114301763643 1 0.66669001084738899 1 
	0.83334236540314288 1 1 3 
	1.0000000000000708 0.98076923066912236 
	0.94446107727793127 0.98076923066911847 
	0.83337543675480252 0.9807692306691167 
	0.66666806855832816 0.98076923066913335 
	0.49999893699084647 0.98076923066915811 
	0.33333005525729886 0.98076923066910771 
	0.16662345689861849 0.9807692306691943 
	0.055538497065315544 0.98076923066894117 
	2.3095350541483409e-013 0.98076923066877075 
	0.001 
	-1 
	spline forward { ref 19 } I I I I 
	} 0 0 #
name_attrib-gen-attrib $-1 -1 $1357 $-1 $866 2 1 1 1 1 1 1 1 1 1 1 1 1 1 0 1 1 1 @3 eif #
straight-curve $-1 -1 -1 $-1 -16.399999999999981 -76.086602540378422 -0.99999999999999989 0 0 1 F -1.6167622796103842e-014 F 0.099999999999999992 #
coedge $-1 -1 -1 $-1 $1358 $868 $1359 $1360 reversed $405 $-1 #
coedge $-1 -1 -1 $-1 $1361 $1362 $868 $1108 forward $1363 $-1 #
edge $1364 -1 -1 $-1 $1365 -8.378351243030701e-017 $1113 0.19608289728087994 $1107 $1366 forward @7 unknown T -16.541261286739314 -75.295449739860146 -1.6000000000001573 -16.475311471554654 -75.110790257343666 -1.5999999999998424 #
tcoedge-coedge $-1 -1 -1 $-1 $1367 $869 $1368 $1130 reversed $1111 $1369 -1 -0 F #
tcoedge-coedge $-1 -1 -1 $-1 $869 $1367 $1370 $1371 reversed $1111 $1372 -1 -0 F #
loop $-1 -1 -1 $-1 $-1 $1110 $1345 T -16.47540708603001 -75.443266517287256 -1.7240483878253663 -15.524592913969663 -75.295354125384648 -1.5999043855246611 unknown #
name_attrib-gen-attrib $-1 -1 $1373 $-1 $870 2 1 1 1 1 1 1 1 1 1 1 1 1 1 0 1 1 1 @3 eif #
tvertex-vertex $1374 -1 -1 $-1 $870 $1375 1.5733259789215519e-013 #
straight-curve $-1 -1 -1 $-1 -15.524688528445001 -75.29544973985999 -1.5999999999999999 -1 0 0 F 0 F 0.95062294310980999 #
coedge $-1 -1 -1 $-1 $871 $1376 $1377 $1378 reversed $405 $-1 #
coedge $-1 -1 -1 $-1 $1379 $1380 $871 $1117 reversed $1381 $-1 #
edge $1382 -1 -1 $-1 $1383 0 $1122 0.71305646317099991 $1116 $1384 forward @7 unknown T -15.450000000000001 -75.060339797793986 -1.5999999999999999 -15.450000000000001 -74.347283334622986 -1.5999999999999996 #
coedge $-1 -1 -1 $-1 $1385 $872 $1380 $1386 reversed $1120 $-1 #
coedge $-1 -1 -1 $-1 $872 $1385 $874 $1125 reversed $1120 $-1 #
loop $-1 -1 -1 $-1 $-1 $1385 $1387 T -15.458738713261187 -75.110790257343922 -1.5999999999999999 -15.450000000000001 -75.060339797793986 -1.5 unknown #
name_attrib-gen-attrib $-1 -1 $1388 $-1 $873 2 1 1 1 1 1 1 1 1 1 1 1 1 1 0 1 1 1 @3 eif #
vertex $1389 -1 -1 $-1 $1386 $1390 #
ellipse-curve $-1 -1 -1 $-1 -15.600001210234227 -75.060339588164425 -1.5999999999999999 0 0 1 0.14126249697403825 -0.050450669177288798 0 1 F 0 F 0.34302114537317757 #
coedge $-1 -1 -1 $-1 $875 $874 $1391 $1392 forward $876 $-1 #
edge $1393 -1 -1 $-1 $879 0 $1394 0.099999999999998757 $1119 $1395 forward @7 unknown T -15.458738713261187 -75.110790257343922 -1.5999999999999999 -15.458738713260189 -75.110790257341705 -1.5000000000000002 #
coedge $-1 -1 -1 $-1 $1396 $1368 $875 $1127 reversed $1397 $1398 #
edge $1399 -1 -1 $-1 $1400 1.1102230246251565e-016 $878 0.10000000000000009 $875 $1401 forward @7 unknown T -15.524688528445491 -75.295449739860473 -1.600000000000487 -15.524688528444514 -75.295449739859507 -1.4999999999996594 #
integer_attrib-name_attrib-gen-attrib $-1 -1 $-1 $877 $683 2 1 1 1 1 1 1 1 1 1 1 1 1 1 0 1 1 1 @3 pid 126 #
integer_attrib-name_attrib-gen-attrib $-1 -1 $-1 $-1 $878 2 1 1 1 1 1 1 1 1 1 1 1 1 1 0 1 1 1 @3 pid 87 #
tedge-edge $1402 -1 -1 $-1 $1403 0 $878 1 $1109 $1404 forward @7 unknown T -15.615456983879039 -75.443266517287256 -1.7240483878253663 -15.524592913969663 -75.295354125384648 -1.5999043855246611 9.5614475338849157e-005 #
point $-1 -1 -1 $-1 -15.524688528445001 -75.29544973985999 -1.5999999999999999 #
integer_attrib-name_attrib-gen-attrib $-1 -1 $-1 $-1 $879 2 1 1 1 1 1 1 1 1 1 1 1 1 1 0 1 1 1 @3 pid 86 #
point $-1 -1 -1 $-1 -15.458738713260189 -75.110790257341705 -1.5999999999999999 #
tedge-edge $1405 -1 -1 $-1 $1151 0 $1141 0.99999996851510864 $918 $1406 forward @7 unknown T -16.375103835610286 -74.001462168299497 -1.5002187486953524 -16.374826793894414 -73.749862319771111 -1.2498961643897142 0.00010383561028586076 #
pcurve $-1 -1 -1 $-1 0 forward { exppc nubs 3 open 9 
	-1 3 -0.86948741831892018 1 -0.74621620837953762 1 -0.62237856863185848 1 -0.4974268230813006 1 
	-0.37293199380422137 1 -0.25041107976844013 1 -0.12791755157535661 1 -0 3 
	-0.4621283441116999 -0.21349036704499724 
	-0.46224694744106665 -0.19610175915198624 
	-0.45909972490695838 -0.16307283682542106 
	-0.44435734362142898 -0.11531706722932711 
	-0.42102085286203939 -0.07217122304608381 
	-0.38989014142478573 -0.033971326700111604 
	-0.35180034906683555 -0.0029647312233578305 
	-0.308882174196633 0.020072741220886314 
	-0.26175318761721322 0.034702880814677428 
	-0.22916711398488543 0.037901810262582103 
	-0.21213203435600003 0.037867965643997081 
	0 
	0 
	plane -16.375 -73.787867965643983 -1.037867965644 -1 0 0 0 0 1 forward_v I I I I 
	} 0 0 #
tcoedge-coedge $-1 -1 -1 $-1 $1407 $882 $1408 $1148 forward $1138 $1409 0 1 F #
tcoedge-coedge $-1 -1 -1 $-1 $882 $1407 $1183 $1410 forward $1138 $1411 0 1 F #
loop $-1 -1 -1 $-1 $-1 $1137 $1412 T -16.402190729497555 -74.088811534606137 -1.6000755175763901 -16.374817262054204 -74.001282792400616 -1.4999226146300995 unknown #
pcurve $-1 -1 -1 $-1 0 forward { exppc nubs 1 open 2 
	-0.09999920923061234 1 1.3179402416074737e-006 1 
	-20.231090700735418 0.61977671176228943 
	-19.564420519596393 0.61977671176228943 
	0.001 
	-1 
	cone -16.525000000000002 -74.00271666537698 -4.5346617600289996 0 0 1 0.12288478807785606 -0.08601935165449924 0 1 I I 0 -1 0.14999999999999999 reversed I I I I 
	} 0 0 #
name_attrib-gen-attrib $-1 -1 $1413 $-1 $883 2 1 1 1 1 1 1 1 1 1 1 1 1 1 0 1 1 1 @3 eif #
tvertex-vertex $1414 -1 -1 $-1 $1410 $1415 7.5540288587980605e-005 #
straight-curve $-1 -1 -1 $-1 -16.375 -74.001359016199743 -1.5999973641492997 0 0 1 F -1.3179402416074737e-006 F 0.09999920923061234 #
tcoedge-coedge $-1 -1 -1 $-1 $1176 $1408 $885 $1144 forward $405 $1416 0 0.74993677366816403 F #
tedge-edge $1417 -1 -1 $-1 $888 0 $916 0.74993677366816403 $885 $1418 forward @7 unknown T -16.375006158755742 -74.001433861940086 -1.6000742113405841 -15.624987673770747 -74.001282803437988 -1.5999231528384985 2.6368010669857839e-006 #
pcurve $-1 -1 -1 $-1 0 forward { exppc nubs 1 open 2 
	-0.74993677366816403 1 -0 1 
	-2.6428746976098973 1.5669153957390609 
	-0.50019820141514293 1.5669153957390609 
	0.001 
	-1 
	cone -16.550000000000001 -73.999999999999986 -1.25 1 0 0 0 -0.34999999999999998 0 1 I I -0 1 0.34999999999999998 reversed I I I I 
	} 0 0 #
integer_attrib-name_attrib-gen-attrib $-1 -1 $-1 $887 $686 2 1 1 1 1 1 1 1 1 1 1 1 1 1 0 1 1 1 @3 pid 65 #
integer_attrib-name_attrib-gen-attrib $-1 -1 $-1 $-1 $888 2 1 1 1 1 1 1 1 1 1 1 1 1 1 0 1 1 1 @3 pid 52 #
tedge-edge $1419 -1 -1 $-1 $888 0 $1420 1 $1136 $1421 forward @7 unknown T -16.402190729497402 -74.088811534606137 -1.6000755175763901 -16.374817282465607 -74.001282803437988 -1.5999231528384985 7.5517576389968959e-005 #
point $-1 -1 -1 $-1 -16.3749306295047 -74.001358332689037 -1.5999986820895413 #
name_attrib-gen-attrib $-1 -1 $1422 $-1 $890 2 1 1 1 1 1 1 1 1 1 1 1 1 1 0 1 1 1 @3 eif #
tvertex-vertex $1423 -1 -1 $-1 $890 $1424 0 #
intcurve-curve $-1 -1 -1 $-1 forward { exactcur full nubs 3 open 9 
	0 3 0.13203409546391226 1 0.25617679869564736 1 0.38045161409426115 1 0.50534911237035707 1 
	0.62943921579111317 1 0.75126912240972588 1 0.87297625621667707 1 1 3 
	-16.375 -74.00135833268898 -1.0000036902442999 
	-16.375 -73.983760801295148 -0.99988377062874134 
	-16.375 -73.950425617352991 -1.0030985760083408 
	-16.375 -73.902354922159176 -1.0181119989759975 
	-16.375 -73.859154475686424 -1.041696563066578 
	-16.375 -73.821095967449864 -1.0729967640301243 
	-16.375 -73.790345090153224 -1.1110946226995615 
	-16.375 -73.767557793145301 -1.1538619520405717 
	-16.375 -73.753121195756094 -1.2007168139849602 
	-16.375 -73.749965830421331 -1.2330874779585523 
	-16.375 -73.749999999999986 -1.25 
	0 
	null_surface 
	null_surface 
	nullbs 
	nullbs 
	-1 
	-1 
	I I 
	0 
	0 
	7 0.13203409546391226 0.25617679869564736 0.38045161409426115 0.50534911237035707 0.62943921579111317 0.75126912240972588 0.87297625621667707 
	
	-1 
	none F F 1 F 0 } I I #
tcoedge-coedge $-1 -1 -1 $-1 $1425 $892 $1197 $1426 forward $894 $1427 0.00017910389027936386 1 F #
tedge-edge $1428 -1 -1 $-1 $1429 0.012125717025280799 $897 1 $892 $1430 forward @7 unknown T -16.375012326229704 -74.002734480813032 -1.0000358904920013 -16.374931952710423 -74.001352834133499 -0.99996779202490871 3.9814047213954714e-006 #
pcurve $-1 -1 -1 $-1 0 forward { exppc nubs 1 open 2 
	-1 1 -0.012125717025280799 1 
	-15.683896404045731 -0.009051118096494136 
	-15.683896376574722 -0.00010820061728755392 
	0.001 
	9.2900007687018739e-009 
	cone -16.525000000000002 -74.00271666537698 1.3525807737340001 0 0 -1 0.14999999999999999 0 0 1 I I 0 -1 0.14999999999999999 reversed I I I I 
	} 0 0 #
tcoedge-coedge $-1 -1 -1 $-1 $893 $1425 $1431 $1432 forward $894 $1433 0 0.99981970470975312 F #
tcoedge-coedge $-1 -1 -1 $-1 $1431 $899 $893 $906 forward $11 $1434 0 0.98779057140066051 F #
pcurve $-1 -1 -1 $-1 0 forward { exppc nubs 1 open 2 
	-0.98779057140066051 1 -0 1 
	-15.017222694921054 -0.00011050929369808141 
	-15.017222714521459 -0.009051118096494136 
	0.001 
	6.6304188806202716e-009 
	cone -16.525000000000002 -74.00271666537698 1.3525807737340001 0 0 -1 0.14999999999999999 0 0 1 I I 0 -1 0.14999999999999999 reversed I I I I 
	} 0 0 #
integer_attrib-name_attrib-gen-attrib $-1 -1 $-1 $896 $690 2 1 1 1 1 1 1 1 1 1 1 1 1 1 0 1 1 1 @3 pid 69 #
integer_attrib-name_attrib-gen-attrib $-1 -1 $-1 $-1 $897 2 1 1 1 1 1 1 1 1 1 1 1 1 1 0 1 1 1 @3 pid 53 #
point $-1 -1 -1 $-1 -16.375006144163464 -74.001359016199743 -1.0000036868728595 #
pcurve $-1 -1 -1 $-1 0 forward { exppc nubs 1 open 2 
	-3.4685247650045881e-005 1 0.74993677366816403 1 
	0.00135833268911556 0.92496531475235 
	0.00135833268911556 0.17499385583653593 
	0 
	0 
	plane -16.550000000000001 -73.999999999999986 -0.89999999999999991 0 0 1 0 -1 0 forward_v I I I I 
	} 0 0 #
name_attrib-gen-attrib $-1 -1 $1435 $-1 $900 2 1 1 1 1 1 1 1 1 1 1 1 1 1 0 1 1 1 @3 eif #
straight-curve $-1 -1 -1 $-1 -15.6250693704953 -74.001358332689108 -0.89999999999999991 -1 0 0 F -3.4685247650045881e-005 F 0.74993677366816403 #
name_attrib-gen-attrib $-1 -1 $1436 $-1 $906 2 1 1 1 1 1 1 1 1 1 1 1 1 1 0 1 1 1 @3 eif #
tvertex-vertex $1437 -1 -1 $-1 $1432 $1438 3.4025356083838143e-005 #
intcurve-curve $-1 -1 -1 $-1 forward { exactcur full nubs 3 open 4 
	0 3 0.3333333333305305 1 0.66666666666163321 1 1 3 
	-16.375006144163464 -74.001359016199743 -0.9000026334442186 
	-16.375004778800019 -74.001509862446653 -0.9000026334442186 
	-16.375002503192071 -74.001811557412111 -0.9000026332369383 
	-16.375000455125775 -74.00226410974679 -0.9000026341696995 
	-16.375000000001037 -74.002565812951005 -0.9000026318896166 
	-16.375 -74.00271666537698 -0.9000026303350146 
	0 
	null_surface 
	null_surface 
	nullbs 
	nullbs 
	-1 
	-1 
	I I 
	0 
	0 
	2 0.3333333333305305 0.66666666666163321 
	
	-1 
	none F F 1 F 0 } F 0 F 0.98779057140066051 #
pcurve $-1 -1 -1 $-1 0 forward { exppc nubs 1 open 2 
	0 1 1 1 
	-2.6428571428571428 3.1415926535897931 
	-2.6428571428571428 1.5669153665121649 
	0.001 
	-1 
	cone -16.550000000000001 -73.999999999999986 -1.25 1 0 0 0 -0.34999999999999998 0 1 I I -0 1 0.34999999999999998 reversed I I I I 
	} 0 0 #
name_attrib-gen-attrib $-1 -1 $1439 $-1 $909 2 1 1 1 1 1 1 1 1 1 1 1 1 1 0 1 1 1 @3 eif #
intcurve-curve $-1 -1 -1 $-1 forward { exactcur full nubs 3 open 10 
	0 3 0.11380388346555606 1 0.22321633817720415 1 0.3318355488214712 1 0.4428208208554445 1 
	0.55413383889178325 1 0.66555429800337518 1 0.77489148389340679 1 0.8846547270667684 1 1 3 
	-15.625 -73.649999999999991 -1.25 
	-15.625 -73.649949009346358 -1.271136862925087 
	-15.625 -73.653498089478077 -1.3118393687305798 
	-15.625000000000002 -73.669659679432939 -1.3710004094030863 
	-15.625 -73.695504193392324 -1.4258348270732812 
	-15.625 -73.730335452359256 -1.4759484102003739 
	-15.625000000000002 -73.773881634528266 -1.5194657201416559 
	-15.625 -73.824154994759184 -1.554426427903135 
	-15.625 -73.879208667782294 -1.5804748328685614 
	-15.625 -73.938881622469978 -1.5966163545012062 
	-15.625 -73.979931912536131 -1.6001136307732171 
	-15.625 -74.00135833268898 -1.5999973641492999 
	0 
	null_surface 
	null_surface 
	nullbs 
	nullbs 
	-1 
	-1 
	I I 
	0 
	0 
	8 0.11380388346555606 0.22321633817720415 0.3318355488214712 0.4428208208554445 0.55413383889178325 0.66555429800337518 0.77489148389340679 0.8846547270667684 
	
	-1 
	none F F 1 F 0 } I I #
tcoedge-coedge $-1 -1 -1 $-1 $1440 $911 $1441 $1442 forward $913 $1443 0.00017910389027033964 1 F #
tcoedge-coedge $-1 -1 -1 $-1 $919 $1441 $911 $1173 forward $1184 $1444 0.012125717025247907 1 F #
tedge-edge $1445 -1 -1 $-1 $1446 0.012125717025247907 $706 1 $911 $1447 forward @7 unknown T -15.625068047289579 -74.002734480813032 -1.5000400387148973 -15.624950130248779 -74.001315290611984 -1.4999525875393829 3.9814047216445203e-006 #
pcurve $-1 -1 -1 $-1 0 forward { exppc nubs 1 open 2 
	-1 1 -0.012125717025247907 1 
	-20.231102979345735 -0.0090511180964941325 
	-20.231102951874725 -0.00010820061728459334 
	0.001 
	9.2899998805234592e-009 
	cone -15.475000000000001 -74.00271666537698 -4.5346617600289996 0 0 1 -0.14999999999999999 0 0 1 I I 0 -1 0.14999999999999999 reversed I I I I 
	} 0 0 #
tcoedge-coedge $-1 -1 -1 $-1 $912 $1440 $1448 $1449 forward $913 $1450 0 0.99981970470976211 F #
tcoedge-coedge $-1 -1 -1 $-1 $1448 $1143 $912 $1177 forward $405 $1451 0 0.98779057140131965 F #
tedge-edge $1452 -1 -1 $-1 $916 0 $1453 0.98779057140131965 $912 $1454 forward @7 unknown T -15.625068023891112 -74.00273411056834 -1.6000327101885718 -15.624987673770747 -74.001352834133954 -1.5999646594764039 3.0312370459097239e-006 #
pcurve $-1 -1 -1 $-1 0 forward { exppc nubs 1 open 2 
	-0.98779057140131965 1 -0 1 
	-19.564429270221115 -0.00011050929369216017 
	-19.564429289821522 -0.0090511180964941325 
	0.001 
	6.6304188806202716e-009 
	cone -15.475000000000001 -74.00271666537698 -4.5346617600289996 0 0 1 -0.14999999999999999 0 0 1 I I 0 -1 0.14999999999999999 reversed I I I I 
	} 0 0 #
integer_attrib-name_attrib-gen-attrib $-1 -1 $-1 $915 $701 2 1 1 1 1 1 1 1 1 1 1 1 1 1 0 1 1 1 @3 pid 125 #
integer_attrib-name_attrib-gen-attrib $-1 -1 $-1 $-1 $916 2 1 1 1 1 1 1 1 1 1 1 1 1 1 0 1 1 1 @3 pid 51 #
point $-1 -1 -1 $-1 -15.624993855836536 -74.001359016199743 -1.5999973665557721 #
pcurve $-1 -1 -1 $-1 0 forward { exppc nubs 1 open 2 
	0 1 1 1 
	-0.69999999999999996 3.1415926535897931 
	-0.69999999999999996 1.565362969303798 
	0.001 
	-1 
	cone -16.550000000000001 -73.999999999999986 -1.25 1 0 0 0 -0.25 0 1 I I 0 -1 0.25 reversed I I I I 
	} 0 0 #
tcoedge-coedge $-1 -1 -1 $-1 $1455 $919 $1137 $1410 reversed $1184 $1456 -1 -0 F #
loop $-1 -1 -1 $-1 $-1 $1457 $1339 T -16.550000000000001 -75.295449739860331 -1.5000755175776797 -15.449999999999999 -74.001282792400616 -1.4999226146300995 unknown #
pcurve $-1 -1 -1 $-1 0 forward { exppc nubs 1 open 2 
	-7.5514658764097575e-005 1 0.74986125900939993 1 
	1.2940914071705563 0.92500614416346405 
	1.2940914071705563 0.17506937049530003 
	0 
	0 
	plane -16.550000000000001 -75.29544973985999 -1.5 0 0 1 0 1 0 reverse_v I I I I 
	} 0 0 #
name_attrib-gen-attrib $-1 -1 $1458 $-1 $920 2 1 1 1 1 1 1 1 1 1 1 1 1 1 0 1 1 1 @3 eif #
straight-curve $-1 -1 -1 $-1 -15.6250693704953 -74.001358332689435 -1.5 -1 0 0 F -7.5514658764097575e-005 F 0.74986125900939993 #
integer_attrib-name_attrib-gen-attrib $-1 -1 $-1 $926 $709 2 1 1 1 1 1 1 1 1 1 1 1 1 1 0 1 1 1 @3 pid 62 #
integer_attrib-name_attrib-gen-attrib $-1 -1 $-1 $-1 $927 2 1 1 1 1 1 1 1 1 1 1 1 1 1 0 1 1 1 @3 pid 50 #
point $-1 -1 -1 $-1 -15.625 -73.649999999999991 -1.25 #
edge $1459 -1 -1 $-1 $944 0 $1194 0.10000000000000009 $1054 $1460 forward @7 unknown T -15.597884788078357 -74.088736017032446 -1.0000000000004567 -15.597884788077444 -74.088736017031536 -0.89999999999954294 #
pcurve $-1 -1 -1 $-1 0 forward { exppc nubs 3 open 4 
	-1 3 -0.67475988543698739 1 -0.34644640319418629 1 -0 3 
	0.088736017032000181 0.95211521192210002 
	0.08035650453895915 0.94627520160549716 
	0.062789964612580906 0.93642697891787829 
	0.032935991801687159 0.92696496630818015 
	0.012252483895897281 0.92489280004199892 
	0.0013583326890000968 0.92493062950469995 
	0 
	0 
	plane -16.550000000000001 -73.999999999999986 -0.89999999999999991 0 0 1 0 -1 0 forward_v I I I I 
	} 0 0 #
name_attrib-gen-attrib $-1 -1 $1461 $-1 $931 2 1 1 1 1 1 1 1 1 1 1 1 1 1 0 1 1 1 @3 eif #
tvertex-vertex $1462 -1 -1 $-1 $931 $1463 4.5694644703162729e-013 #
intcurve-curve $-1 -1 -1 $-1 forward { exactcur full nubs 3 open 4 
	0 3 0.34644640319418629 1 0.67475988543698739 1 1 3 
	-15.6250693704953 -74.00135833268898 -0.89999999999999991 
	-15.625107199958002 -74.012252483895878 -0.89999999999999991 
	-15.623035033691821 -74.032935991801679 -0.89999999999999991 
	-15.613573021082122 -74.062789964612563 -0.89999999999999991 
	-15.603724798394504 -74.08035650453894 -0.89999999999999991 
	-15.5978847880779 -74.088736017031991 -0.89999999999999991 
	0 
	null_surface 
	null_surface 
	nullbs 
	nullbs 
	-1 
	-1 
	I I 
	0 
	0 
	2 0.34644640319418629 0.67475988543698739 
	
	-1 
	none F F 1 F 0 } I I #
pcurve $-1 -1 -1 $-1 0 forward { exppc nubs 3 open 4 
	-0.99999999999999989 3 -0.6536689149194137 1 -0.32535880190487226 1 -0 3 
	0.0013583326890000968 0.92493062950469995 
	0.012248762334986285 0.92489277963188454 
	0.032928730069047063 0.92696383645867919 
	0.062783360018160206 0.93642375649011789 
	0.080353353797855132 0.9462730484527524 
	0.088736017032000181 0.95211521192210002 
	0 
	0 
	plane -16.550000000000001 -73.999999999999986 -0.99999999999999989 0 0 -1 0 -1 0 reverse_v I I I I 
	} 0 0 #
tcoedge-coedge $-1 -1 -1 $-1 $939 $1464 $1153 $1426 reversed $68 $1465 -1 -0.00017910389027936386 F #
pcurve $-1 -1 -1 $-1 0 forward { exppc nubs 1 open 2 
	0.012125717025280799 1 1 1 
	0.0027004352844386403 0.17499999912184611 
	0.0013590161997596439 0.17499385583653596 
	0.001 
	1.4995430205447298e-006 
	plane -16.550000000000001 -73.999999999999986 -0.99999999999999989 0 0 -1 0 -1 0 reverse_v I I I I 
	} 0 0 #
integer_attrib-name_attrib-gen-attrib $-1 -1 $-1 $941 $720 2 1 1 1 1 1 1 1 1 1 1 1 1 1 0 1 1 1 @3 pid 119 #
integer_attrib-name_attrib-gen-attrib $-1 -1 $-1 $943 $724 2 1 1 1 1 1 1 1 1 1 1 1 1 1 0 1 1 1 @3 pid 59 #
integer_attrib-name_attrib-gen-attrib $-1 -1 $-1 $-1 $944 2 1 1 1 1 1 1 1 1 1 1 1 1 1 0 1 1 1 @3 pid 47 #
point $-1 -1 -1 $-1 -15.5978847880779 -74.088736017031991 -0.99999999999999989 #
coedge $-1 -1 -1 $-1 $948 $953 $946 $1204 reversed $960 $-1 #
edge $1466 -1 -1 $-1 $951 0 $956 0.53999999999999992 $946 $1467 forward @7 unknown T -16.27 -76.549999999999983 -0.94999999999999996 -15.73 -76.549999999999983 -0.94999999999999996 #
name_attrib-gen-attrib $-1 -1 $1468 $-1 $949 2 1 1 1 1 1 1 1 1 1 1 1 1 1 0 1 1 1 @3 eif #
straight-curve $-1 -1 -1 $-1 -16.27 -76.11999999999999 -0.94999999999999996 0 -1 0 F 0 F 0.43000000000000005 #
integer_attrib-name_attrib-gen-attrib $-1 -1 $-1 $950 $734 2 1 1 1 1 1 1 1 1 1 1 1 1 1 0 1 1 1 @3 pid 164 #
integer_attrib-name_attrib-gen-attrib $-1 -1 $-1 $-1 $951 2 1 1 1 1 1 1 1 1 1 1 1 1 1 0 1 1 1 @3 pid 114 #
point $-1 -1 -1 $-1 -16.27 -76.549999999999983 -0.94999999999999996 #
name_attrib-gen-attrib $-1 -1 $1469 $-1 $954 2 1 1 1 1 1 1 1 1 1 1 1 1 1 0 1 1 1 @3 eif #
straight-curve $-1 -1 -1 $-1 -15.73 -76.549999999999983 -0.94999999999999996 0 1 0 F 2.7755575615628914e-017 F 0.43000000000000005 #
integer_attrib-name_attrib-gen-attrib $-1 -1 $-1 $955 $739 2 1 1 1 1 1 1 1 1 1 1 1 1 1 0 1 1 1 @3 pid 166 #
integer_attrib-name_attrib-gen-attrib $-1 -1 $-1 $-1 $956 2 1 1 1 1 1 1 1 1 1 1 1 1 1 0 1 1 1 @3 pid 115 #
point $-1 -1 -1 $-1 -15.73 -76.549999999999983 -0.94999999999999996 #
integer_attrib-name_attrib-gen-attrib $-1 -1 $1470 $958 $740 2 1 1 1 1 1 1 1 1 1 1 1 1 1 0 1 1 1 @3 pid 51 #
face $1471 -1 -1 $-1 $849 $960 $5 $-1 $1472 forward double out T -16.27 -76.549999999999997 -0.94999999999999996 -15.73 -76.119999999999976 -0.94999999999999996 F #
integer_attrib-name_attrib-gen-attrib $-1 -1 $-1 $961 $745 2 1 1 1 1 1 1 1 1 1 1 1 1 1 0 1 1 1 @3 pid 161 #
name_attrib-gen-attrib $-1 -1 $1473 $-1 $970 2 1 1 1 1 1 1 1 1 1 1 1 1 1 0 1 1 1 @3 eif #
straight-curve $-1 -1 -1 $-1 -15.5978847880777 -74.088736017031849 -0.89999999999999991 0.5734623443633281 -0.8192319205190407 0 F -1.000483154734136e-016 F 0.21059722114876911 #
edge $1474 -1 -1 $-1 $973 0 $1308 0.10000000000000053 $1055 $1475 forward @7 unknown T -15.477115211922269 -74.261263982969936 -1 -15.477115211921337 -74.261263982968174 -0.89999999999999947 #
integer_attrib-name_attrib-gen-attrib $-1 -1 $-1 $972 $754 2 1 1 1 1 1 1 1 1 1 1 1 1 1 0 1 1 1 @3 pid 10 #
integer_attrib-name_attrib-gen-attrib $-1 -1 $-1 $-1 $973 2 1 1 1 1 1 1 1 1 1 1 1 1 1 0 1 1 1 @3 pid 11 #
point $-1 -1 -1 $-1 -15.477115211921525 -74.261263982969666 -0.89999999999999991 #
integer_attrib-name_attrib-gen-attrib $-1 -1 $-1 $978 $758 2 1 1 1 1 1 1 1 1 1 1 1 1 1 0 1 1 1 @3 pid 52 #
coedge $-1 -1 -1 $-1 $980 $1476 $1477 $1478 reversed $11 $-1 #
coedge $-1 -1 -1 $-1 $1479 $1480 $980 $1227 forward $1481 $-1 #
edge $1482 -1 -1 $-1 $1232 0 $1483 1.5707829309572074 $980 $1484 forward @7 unknown T -16.550000000000001 -75.599999999999994 -0.89999999999999991 -16.449999999999999 -75.499999999999986 -0.89999999999999991 #
coedge $-1 -1 -1 $-1 $1314 $981 $1480 $1485 forward $1230 $-1 #
coedge $-1 -1 -1 $-1 $981 $1314 $983 $1234 forward $1230 $-1 #
loop $-1 -1 -1 $-1 $-1 $981 $1486 T -16.550000000000001 -75.799999999999983 -0.99999999999999989 -16.550000000000001 -75.59999999999998 -0.89999999999999991 unknown #
name_attrib-gen-attrib $-1 -1 $1487 $-1 $982 2 1 1 1 1 1 1 1 1 1 1 1 1 1 0 1 1 1 @3 eif #
vertex $1488 -1 -1 $-1 $982 $1489 #
straight-curve $-1 -1 -1 $-1 -16.550000000000001 -75.799999999999983 -0.89999999999999991 0 1 0 F 0 F 0.19999999999999996 #
edge $1490 -1 -1 $-1 $1317 0 $987 0.099999999999998757 $983 $1491 forward @7 unknown T -16.550000000000001 -75.799999999999983 -0.99999999999999989 -16.550000000000001 -75.799999999999983 -0.89999999999999991 #
face $1492 -1 -1 $-1 $990 $985 $5 $-1 $1493 forward double out T -16.550000000000004 -75.899999999999991 -0.99999999999999989 -16.449999999999999 -75.799999999999983 -0.89999999999999991 F #
integer_attrib-name_attrib-gen-attrib $-1 -1 $-1 $986 $765 2 1 1 1 1 1 1 1 1 1 1 1 1 1 0 1 1 1 @3 pid 27 #
integer_attrib-name_attrib-gen-attrib $-1 -1 $-1 $-1 $987 2 1 1 1 1 1 1 1 1 1 1 1 1 1 0 1 1 1 @3 pid 27 #
point $-1 -1 -1 $-1 -16.550000000000001 -75.799999999999983 -0.89999999999999991 #
name_attrib-gen-attrib $-1 -1 $1494 $-1 $989 2 1 1 1 1 1 1 1 1 1 1 1 1 1 0 1 1 1 @3 eif #
straight-curve $-1 -1 -1 $-1 -16.449999999999999 -75.899999999999991 -0.90000000000000036 0 0 -1 F 0 F 0.099999999999998757 #
integer_attrib-name_attrib-gen-attrib $-1 -1 $1495 $-1 $990 2 0 0 1 1 1 1 1 1 1 1 1 1 1 0 1 1 1 @3 fif 0 #
cone-surface $-1 -1 -1 $-1 -16.449999999999999 -75.999999999999986 -0.94999999999999996 0 0 1 0 -0.10000000000000001 0 1 I I -0 1 0.10000000000000001 reversed I I I I #
coedge $-1 -1 -1 $-1 $1349 $994 $1496 $1497 reversed $862 $-1 #
coedge $-1 -1 -1 $-1 $994 $1348 $1352 $1255 forward $862 $-1 #
name_attrib-gen-attrib $-1 -1 $1498 $-1 $995 2 1 1 1 1 1 1 1 1 1 1 1 1 1 0 1 1 1 @3 eif #
straight-curve $-1 -1 -1 $-1 -16.550000000000001 -76.59999999999998 -1.0499999999999998 0 1 0 F 0 F 0.5 #
coedge $-1 -1 -1 $-1 $1499 $1496 $996 $1248 forward $1500 $-1 #
edge $1501 -1 -1 $-1 $999 0 $1325 0.10000000000000001 $1247 $1502 forward @7 unknown T -16.550000000000033 -76.100000000000023 -1.0500000000000371 -16.449999999999964 -76.099999999999937 -1.0499999999999625 #
pcurve $-1 -1 -1 $-1 0 forward { exppc nubs 3 open 2 
	-0.099999999999999992 3 -0 3 
	2.3095350541483409e-013 0.98076923066877075 
	2.5926930953510839e-013 0.6602564101894377 
	2.8758511365538269e-013 0.33974358971010488 
	3.1590091777565704e-013 0.019230769230771921 
	0.001 
	-1 
	spline forward { ref 19 } I I I I 
	} 0 0 #
integer_attrib-name_attrib-gen-attrib $-1 -1 $-1 $998 $774 2 1 1 1 1 1 1 1 1 1 1 1 1 1 0 1 1 1 @3 pid 97 #
integer_attrib-name_attrib-gen-attrib $-1 -1 $-1 $-1 $999 2 1 1 1 1 1 1 1 1 1 1 1 1 1 0 1 1 1 @3 pid 70 #
point $-1 -1 -1 $-1 -16.550000000000001 -76.09999999999998 -1.0499999999999998 #
integer_attrib-name_attrib-gen-attrib $-1 -1 $-1 $1002 $777 2 1 1 1 1 1 1 1 1 1 1 1 1 1 0 1 1 1 @3 pid 96 #
integer_attrib-name_attrib-gen-attrib $-1 -1 $-1 $-1 $1003 2 1 1 1 1 1 1 1 1 1 1 1 1 1 0 1 1 1 @3 pid 69 #
edge $1503 -1 -1 $-1 $1504 0 $1003 0.5 $1352 $1505 forward @7 unknown T -16.55000000000004 -76.600000000000037 -1.5499999999999998 -16.549999999999962 -76.599999999999952 -1.0499999999999976 #
point $-1 -1 -1 $-1 -16.550000000000001 -76.599999999999994 -1.050000000000038 #
integer_attrib-name_attrib-gen-attrib $-1 -1 $1506 $1005 $779 2 1 1 1 1 1 1 1 1 1 1 1 1 1 0 1 1 1 @3 pid 29 #
name_attrib-gen-attrib $-1 -1 $1507 $-1 $1007 2 1 1 1 1 1 1 1 1 1 1 1 1 1 0 1 1 1 @3 eif #
tvertex-vertex $1508 -1 -1 $-1 $1101 $1509 2.3767217870264508e-014 #
intcurve-curve $-1 -1 -1 $-1 forward { exactcur full nubs 3 open 7 
	0 3 0.16665890434075528 1 0.33331201919525683 1 0.50000114301751142 1 0.66669001084723711 1 
	0.83334236540294515 1 1 3 
	-16.449999999999999 -76.59999999999998 -1.0499999999999998 
	-16.449980645274561 -76.600744089812949 -1.0455395543930217 
	-16.448859983196705 -76.602232367406899 -1.0369562263322321 
	-16.443797616683259 -76.604465767660813 -1.0247015043154046 
	-16.435758972018355 -76.606698744050973 -1.0142409083331689 
	-16.425298364707057 -76.608931717097761 -1.0062023118308603 
	-16.413043687517398 -76.611165107037252 -1.0011400010599525 
	-16.404460410089758 -76.612653375511584 -1.0000193541656561 
	-16.400000000000002 -76.613397459621581 -0.99999999999999989 
	0 
	null_surface 
	null_surface 
	nullbs 
	nullbs 
	-1 
	-1 
	I I 
	0 
	0 
	5 0.16665890434075528 0.33331201919525683 0.50000114301751142 0.66669001084723711 0.83334236540294515 
	
	-1 
	none F F 1 F 0 } I I #
string_attrib-name_attrib-gen-attrib $-1 -1 $-1 $1010 $591 2 1 2 1 1 1 1 1 1 1 1 1 1 1 0 1 1 1 @15 ATTRIB_XACIS_ID @5 81735 #
coedge $-1 -1 -1 $-1 $1510 $1012 $1015 $1268 reversed $1264 $-1 #
coedge $-1 -1 -1 $-1 $1012 $1084 $1022 $1278 forward $1264 $-1 #
loop $-1 -1 -1 $-1 $-1 $1262 $1511 T -15.875 -76.259999999999991 -1.75 -15.450000000000001 -76.259999999999991 -1.3499999999999903 unknown #
name_attrib-gen-attrib $-1 -1 $1512 $-1 $1013 2 1 1 1 1 1 1 1 1 1 1 1 1 1 0 1 1 1 @3 eif #
straight-curve $-1 -1 -1 $-1 -15.450000000000001 -76.259999999999991 -1.3499999999999903 0 0 -1 F 0 F 0.20000000000000961 #
coedge $-1 -1 -1 $-1 $1015 $1014 $1513 $1514 reversed $1016 $-1 #
edge $1515 -1 -1 $-1 $1516 0 $1018 1.5707880836650805 $1262 $1517 forward @7 unknown T -15.65 -76.259999999999991 -1.75 -15.450000000000001 -76.259999999999991 -1.5499999999999998 #
integer_attrib-name_attrib-gen-attrib $-1 -1 $-1 $1017 $794 2 1 1 1 1 1 1 1 1 1 1 1 1 1 0 1 1 1 @3 pid 155 #
integer_attrib-name_attrib-gen-attrib $-1 -1 $-1 $-1 $1018 2 1 1 1 1 1 1 1 1 1 1 1 1 1 0 1 1 1 @3 pid 109 #
point $-1 -1 -1 $-1 -15.450000000000001 -76.259999999999991 -1.5499999999999998 #
coedge $-1 -1 -1 $-1 $1020 $1033 $1518 $1519 forward $610 $-1 #
coedge $-1 -1 -1 $-1 $1520 $1513 $1020 $1274 forward $1521 $-1 #
edge $1522 -1 -1 $-1 $1276 0 $1523 0.22499999999999998 $1273 $1524 forward @7 unknown T -15.875 -76.59999999999998 -1.75 -15.65 -76.59999999999998 -1.75 #
name_attrib-gen-attrib $-1 -1 $1525 $-1 $1021 2 1 1 1 1 1 1 1 1 1 1 1 1 1 0 1 1 1 @3 eif #
vertex $1526 -1 -1 $-1 $1274 $1527 #
ellipse-curve $-1 -1 -1 $-1 -15.650000824316379 -76.59999999999998 -1.5499991756836209 0 1 0 0.20000082431637911 0 -8.2431637904445399e-007 1 F 0 F 1.5707880836650809 #
edge $1528 -1 -1 $-1 $1328 0 $1026 0.10000000000000009 $1022 $1529 forward @7 unknown T -15.550000000000001 -76.259999999999991 -1.3499999999999961 -15.450000000000001 -76.259999999999991 -1.3499999999999903 #
face $1530 -1 -1 $-1 $1216 $1024 $5 $-1 $1531 reversed double out T -15.550000000000001 -76.259999999999991 -1.3499999999999961 -15.450000000000001 -76.09999999999998 -1.2 F #
integer_attrib-name_attrib-gen-attrib $-1 -1 $-1 $1025 $797 2 1 1 1 1 1 1 1 1 1 1 1 1 1 0 1 1 1 @3 pid 157 #
integer_attrib-name_attrib-gen-attrib $-1 -1 $-1 $-1 $1026 2 1 1 1 1 1 1 1 1 1 1 1 1 1 0 1 1 1 @3 pid 110 #
point $-1 -1 -1 $-1 -15.450000000000001 -76.259999999999991 -1.3499999999999903 #
name_attrib-gen-attrib $-1 -1 $1532 $-1 $1028 2 1 1 1 1 1 1 1 1 1 1 1 1 1 0 1 1 1 @3 eif #
straight-curve $-1 -1 -1 $-1 -15.550000000000001 -76.09999999999998 -1.2000000000000024 1 0 0 F 0 F 0.10000000000000009 #
string_attrib-name_attrib-gen-attrib $-1 -1 $-1 $1032 $607 2 1 2 1 1 1 1 1 1 1 1 1 1 1 0 1 1 1 @15 ATTRIB_XACIS_ID @5 81809 #
coedge $-1 -1 -1 $-1 $1533 $1534 $1033 $1287 reversed $1535 $-1 #
edge $1536 -1 -1 $-1 $1291 0 $1537 0.22500000000000009 $1033 $1538 forward @7 unknown T -15.875 -76.59999999999998 -1.6500000000000001 -15.65 -76.59999999999998 -1.6499999999999999 #
coedge $-1 -1 -1 $-1 $1034 $1330 $1533 $1539 reversed $1289 $-1 #
loop $-1 -1 -1 $-1 $-1 $1034 $1540 T -15.650000000000002 -76.599999999999994 -1.6499999999999999 -15.550000000000001 -76.259999999999977 -1.5499999999999998 unknown #
name_attrib-gen-attrib $-1 -1 $1541 $-1 $1035 2 1 1 1 1 1 1 1 1 1 1 1 1 1 0 1 1 1 @3 eif #
vertex $1542 -1 -1 $-1 $1539 $1543 #
ellipse-curve $-1 -1 -1 $-1 -15.650000669796372 -76.59999999999998 -1.5499993302036299 0 -1 0 6.6979637014519255e-007 0 -0.10000066979637012 1 F 0 F 1.5707829309572188 #
integer_attrib-name_attrib-gen-attrib $-1 -1 $1544 $1036 $805 2 1 1 1 1 1 1 1 1 1 1 1 1 1 0 1 1 1 @3 pid 73 #
integer_attrib-name_attrib-gen-attrib $-1 -1 $-1 $1039 $811 2 1 1 1 1 1 1 1 1 1 1 1 1 1 0 1 1 1 @3 pid 212 #
integer_attrib-name_attrib-gen-attrib $-1 -1 $-1 $-1 $1040 2 1 1 1 1 1 1 1 1 1 1 1 1 1 0 1 1 1 @3 pid 138 #
point $-1 -1 -1 $-1 -15.550000000000001 -76.09999999999998 -1.2 #
integer_attrib-name_attrib-gen-attrib $-1 -1 $1545 $1042 $812 2 1 1 1 1 1 1 1 1 1 1 1 1 1 0 1 1 1 @3 pid 74 #
integer_attrib-name_attrib-gen-attrib $-1 -1 $1546 $-1 $1043 2 0 0 1 1 1 1 1 1 1 1 1 1 1 0 1 1 1 @3 fif 0 #
cone-surface $-1 -1 -1 $-1 -15.65 -76.59999999999998 -1.5499999999999998 0 -1 0 0 0 -0.19999999999999998 1 I I -0 1 0.19999999999999998 reversed I I I I #
string_attrib-name_attrib-gen-attrib $-1 -1 $-1 $1046 $628 2 1 2 1 1 1 1 1 1 1 1 1 1 1 0 1 1 1 @15 ATTRIB_XACIS_ID @5 81721 #
integer_attrib-name_attrib-gen-attrib $-1 -1 $1547 $1047 $817 2 1 1 1 1 1 1 1 1 1 1 1 1 1 0 1 1 1 @3 pid 50 #
string_attrib-name_attrib-gen-attrib $-1 -1 $-1 $1050 $633 2 1 2 1 1 1 1 1 1 1 1 1 1 1 0 1 1 1 @15 ATTRIB_XACIS_ID @5 81771 #
integer_attrib-name_attrib-gen-attrib $-1 -1 $1548 $1051 $822 2 1 1 1 1 1 1 1 1 1 1 1 1 1 0 1 1 1 @3 pid 14 #
integer_attrib-name_attrib-gen-attrib $-1 -1 $1549 $-1 $1052 2 0 0 1 1 1 1 1 1 1 1 1 1 1 0 1 1 1 @3 fif 0 #
face $1550 -1 -1 $-1 $1551 $1552 $5 $-1 $1553 reversed double out T -16.522884788077921 -74.261263982968444 -1.0000000000022993 -16.402115211915252 -74.088736017023379 -0.89999999999540747 F #
cone-surface $-1 -1 -1 $-1 -16.525000000000002 -74.00271666537698 1.3525807737340001 0 0 -1 0.14999999999999999 0 0 1 I I -0 1 0.14999999999999999 reversed I I I I #
name_attrib-gen-attrib $-1 -1 $1554 $-1 $1057 2 1 1 1 1 1 1 1 1 1 1 1 1 1 0 1 1 1 @3 eif #
vertex $1555 -1 -1 $-1 $1058 $1556 #
straight-curve $-1 -1 -1 $-1 -15.477115211921136 -74.261263982969794 -0.99999999999999989 -0.5734623443633281 0.8192319205190407 -0 F 3.6381205626636188e-017 F 0.21059722114909721 #
name_attrib-gen-attrib $-1 -1 $1557 $-1 $1058 2 1 1 1 1 1 1 1 1 1 1 1 1 1 0 1 1 1 @3 eif #
ellipse-curve $-1 -1 -1 $-1 -15.600003733680563 -74.347284511562393 -0.99999999999999989 0 0 1 0.15000373368056141 1.1769394068217309e-006 0 1 F 0 F 0.61071027224693064 #
integer_attrib-name_attrib-gen-attrib $-1 -1 $-1 $1059 $826 2 1 1 1 1 1 1 1 1 1 1 1 1 1 0 1 1 1 @3 pid 54 #
coedge $-1 -1 -1 $-1 $1558 $1067 $1559 $1560 reversed $68 $-1 #
coedge $-1 -1 -1 $-1 $1229 $1228 $1067 $1315 reversed $1230 $-1 #
edge $1561 -1 -1 $-1 $1317 0 $1562 0.19999999999999996 $1314 $1563 forward @7 unknown T -16.550000000000001 -75.799999999999983 -0.99999999999999989 -16.550000000000001 -75.59999999999998 -0.99999999999999956 #
name_attrib-gen-attrib $-1 -1 $1564 $-1 $1069 2 1 1 1 1 1 1 1 1 1 1 1 1 1 0 1 1 1 @3 eif #
vertex $1565 -1 -1 $-1 $1069 $1566 #
ellipse-curve $-1 -1 -1 $-1 -16.449999330203632 -75.799999330203619 -0.99999999999999989 0 0 1 -0.10000066979636998 -6.6979636992314795e-007 0 1 F 0 F 1.5707829309572177 #
integer_attrib-name_attrib-gen-attrib $-1 -1 $-1 $1070 $837 2 1 1 1 1 1 1 1 1 1 1 1 1 1 0 1 1 1 @3 pid 94 #
integer_attrib-name_attrib-gen-attrib $-1 -1 $-1 $-1 $1071 2 1 1 1 1 1 1 1 1 1 1 1 1 1 0 1 1 1 @3 pid 67 #
point $-1 -1 -1 $-1 -16.449999999999999 -75.899999999999991 -0.99999999999999956 #
coedge $-1 -1 -1 $-1 $1567 $1568 $1073 $1323 forward $1340 $-1 #
edge $1569 -1 -1 $-1 $1325 0 $1259 0.5 $1322 $1570 forward @7 unknown T -16.450000000000035 -76.600000000000023 -1.0500000000000371 -16.449999999999957 -76.099999999999937 -1.0499999999999625 #
name_attrib-gen-attrib $-1 -1 $1571 $-1 $1075 2 1 1 1 1 1 1 1 1 1 1 1 1 1 0 1 1 1 @3 eif #
tvertex-vertex $1572 -1 -1 $-1 $1323 $1573 3.7242852925687622e-014 #
intcurve-curve $-1 -1 -1 $-1 forward { exactcur full nubs 3 open 7 
	0 3 0.16665890434094091 1 0.33331201919539899 1 0.50000114301763643 1 0.66669001084738899 1 
	0.83334236540314288 1 1 3 
	-16.400000000000002 -76.086602540378379 -0.99999999999999989 
	-16.404460445606979 -76.087346630191391 -1.0000193547254397 
	-16.413043773667763 -76.088834907785369 -1.0011400168032945 
	-16.425298495684604 -76.09106830803924 -1.0062023833167444 
	-16.435759091666839 -76.093301284429373 -1.0142410279816541 
	-16.443797688169145 -76.095534257476189 -1.0247016352929517 
	-16.448859998940048 -76.097767647415736 -1.0369563124825973 
	-16.449980645834344 -76.099255915890026 -1.0455395899102424 
	-16.449999999999999 -76.09999999999998 -1.0499999999999998 
	0 
	null_surface 
	null_surface 
	nullbs 
	nullbs 
	-1 
	-1 
	I I 
	0 
	0 
	5 0.16665890434094091 0.33331201919539899 0.50000114301763643 0.66669001084738899 0.83334236540314288 
	
	-1 
	none F F 1 F 0 } I I #
name_attrib-gen-attrib $-1 -1 $1574 $-1 $1081 2 1 1 1 1 1 1 1 1 1 1 1 1 1 0 1 1 1 @3 eif #
vertex $1575 -1 -1 $-1 $1081 $1576 #
straight-curve $-1 -1 -1 $-1 -15.550000000000001 -76.259999999999977 -1.349999999999993 0 0.72953720414010692 0.68394112888130665 F 4.5559631326220492e-017 F 0.21931712199460662 #
coedge $-1 -1 -1 $-1 $1288 $1082 $1334 $1577 forward $1289 $-1 #
name_attrib-gen-attrib $-1 -1 $1578 $-1 $1083 2 1 1 1 1 1 1 1 1 1 1 1 1 1 0 1 1 1 @3 eif #
vertex $1579 -1 -1 $-1 $1577 $1580 #
straight-curve $-1 -1 -1 $-1 -15.550000000000001 -76.259999999999991 -1.5499999999999998 0 -1 0 F 0 F 0.33999999999999986 #
coedge $-1 -1 -1 $-1 $1084 $1581 $1330 $1577 reversed $1264 $-1 #
name_attrib-gen-attrib $-1 -1 $1582 $-1 $1085 2 1 1 1 1 1 1 1 1 1 1 1 1 1 0 1 1 1 @3 eif #
straight-curve $-1 -1 -1 $-1 -15.550000000000001 -76.259999999999991 -1.3499999999999999 0 0 -1 F 0 F 0.19999999999999996 #
integer_attrib-name_attrib-gen-attrib $-1 -1 $1583 $1086 $849 2 1 1 1 1 1 1 1 1 1 1 1 1 1 0 1 1 1 @3 pid 79 #
integer_attrib-name_attrib-gen-attrib $-1 -1 $1584 $-1 $1087 2 0 0 1 1 1 1 1 1 1 1 1 1 1 0 1 1 1 @3 fif 0 #
face $1585 -1 -1 $-1 $1586 $1184 $5 $-1 $1587 reversed double out T -16.550000000000001 -75.295449739860331 -1.5000755175776797 -15.449999999999999 -74.001282792400616 -1.4999226146300995 F #
loop $-1 -1 -1 $-1 $-1 $1568 $1087 T -16.450000000000035 -76.600000000000023 -1.5499999999999998 -16.449999999999957 -76.099999999999937 -1.0499999999999625 unknown #
plane-surface $-1 -1 -1 $-1 -16.449999999999999 -76.59999999999998 -1.0499999999999998 1 0 0 0 0 -1 forward_v I I I I #
string_attrib-name_attrib-gen-attrib $-1 -1 $-1 $1093 $670 2 1 2 1 1 1 1 1 1 1 1 1 1 1 0 1 1 1 @15 ATTRIB_XACIS_ID @5 81758 #
integer_attrib-name_attrib-gen-attrib $-1 -1 $1588 $1094 $857 2 1 1 1 1 1 1 1 1 1 1 1 1 1 0 1 1 1 @3 pid 55 #
integer_attrib-name_attrib-gen-attrib $-1 -1 $1589 $-1 $1095 2 0 0 1 1 1 1 1 1 1 1 1 1 1 0 1 1 1 @3 fif 0 #
face $1590 -1 -1 $-1 $1591 $1111 $5 $-1 $1592 reversed double out T -16.47540708603001 -75.443266517287256 -1.7240483878253663 -15.524592913969663 -75.295354125384648 -1.5999043855246611 F #
plane-surface $-1 -1 -1 $-1 -15.487344264223001 -75.19088580003698 -1.5499999999999998 0.94174191159481935 -0.33633639699820689 0 -0.33633639699820689 -0.94174191159481935 0 forward_v I I I I #
string_attrib-name_attrib-gen-attrib $-1 -1 $-1 $1098 $676 2 1 2 1 1 1 1 1 1 1 1 1 1 1 0 1 1 1 @15 ATTRIB_XACIS_ID @5 81788 #
coedge $-1 -1 -1 $-1 $1244 $1099 $1593 $1594 forward $862 $-1 #
coedge $-1 -1 -1 $-1 $1099 $1243 $1595 $1596 reversed $862 $-1 #
coedge $-1 -1 -1 $-1 $1597 $1598 $1099 $1351 reversed $1599 $-1 #
edge $1600 -1 -1 $-1 $1601 0 $1602 0.19999999999999996 $1099 $1603 forward @7 unknown T -16.550000000000001 -76.259999999999991 -1.5499999999999998 -16.550000000000001 -76.259999999999991 -1.3499999999999952 #
coedge $-1 -1 -1 $-1 $1604 $1100 $1244 $1255 reversed $1354 $-1 #
coedge $-1 -1 -1 $-1 $1100 $1605 $1567 $1606 forward $1354 $-1 #
loop $-1 -1 -1 $-1 $-1 $1607 $1608 T -16.55000000000004 -76.600000000000037 -1.75 -16.125 -76.599999999999952 -1.0499999999999738 unknown #
name_attrib-gen-attrib $-1 -1 $1609 $-1 $1101 2 1 1 1 1 1 1 1 1 1 1 1 1 1 0 1 1 1 @3 eif #
straight-curve $-1 -1 -1 $-1 -16.449999999999999 -76.59999999999998 -1.0499999999999998 -1 0 0 F -1.9526047445594941e-014 F 0.10000000000000074 #
integer_attrib-name_attrib-gen-attrib $-1 -1 $-1 $1104 $866 2 1 1 1 1 1 1 1 1 1 1 1 1 1 0 1 1 1 @3 pid 95 #
coedge $-1 -1 -1 $-1 $1610 $1106 $1611 $1612 reversed $405 $-1 #
coedge $-1 -1 -1 $-1 $1613 $1614 $1106 $1360 forward $1615 $-1 #
edge $1616 -1 -1 $-1 $1617 0 $1365 0.34302114538178241 $1359 $1618 forward @7 unknown T -16.550000000000001 -75.11079025734368 -1.5999999999999999 -16.541261286739228 -75.060339797793986 -1.5999999999999996 #
coedge $-1 -1 -1 $-1 $1619 $1107 $1620 $1621 forward $1363 $-1 #
coedge $-1 -1 -1 $-1 $1107 $1619 $1613 $1622 forward $1363 $-1 #
loop $-1 -1 -1 $-1 $-1 $1107 $1591 T -16.541261286739399 -75.295449739860217 -1.6000000000001573 -16.475311471554583 -75.110790257343396 -1.499999999999772 unknown #
name_attrib-gen-attrib $-1 -1 $1623 $-1 $1108 2 1 1 1 1 1 1 1 1 1 1 1 1 1 0 1 1 1 @3 eif #
vertex $1624 -1 -1 $-1 $1622 $1625 #
straight-curve $-1 -1 -1 $-1 -16.541261286739314 -75.110790257343666 -1.5999999999999999 0.33633639699820694 -0.94174191159481935 0 F -8.378351243030701e-017 F 0.19608289728087994 #
coedge $-1 -1 -1 $-1 $1110 $1109 $1626 $1627 reversed $1111 $-1 #
tcoedge-coedge $-1 -1 -1 $-1 $1126 $1628 $1109 $1130 forward $1397 $1629 0 1 F #
pcurve $-1 -1 -1 $-1 0 forward { exppc nubs 1 open 2 
	-1 1 -0 1 
	-6.8354098103666674 -1.5707963267948966 
	-6.2309242039753334 -0.17453292519897817 
	0.001 
	0.00053460735253541003 
	cone -16.550000000000001 -75.29544973985999 -1.75 1 0 0 0 -0.14999999999999999 0 1 I I 0 -1 0.14999999999999999 reversed I I I I 
	} 0 0 #
tcoedge-coedge $-1 -1 -1 $-1 $1630 $1620 $1110 $1371 forward $1631 $1632 0 1 F #
tedge-edge $1633 -1 -1 $-1 $1113 0 $1634 1 $1110 $1635 forward @7 unknown T -16.47540708603001 -75.443266517287029 -1.7240483878252271 -16.3845430161211 -75.29535412538479 -1.5999043855248003 9.5614475199535628e-005 #
pcurve $-1 -1 -1 $-1 0 forward { exppc nubs 1 open 2 
	-1 1 -0 1 
	-1.1024091293580001 -0.17453292519897817 
	-0.49792352296793335 -1.5707963267948966 
	0.001 
	0.00053460735265398185 
	cone -16.550000000000001 -75.29544973985999 -1.75 1 0 0 0 -0.14999999999999999 0 1 I I 0 -1 0.14999999999999999 reversed I I I I 
	} 0 0 #
integer_attrib-name_attrib-gen-attrib $-1 -1 $-1 $1112 $870 2 1 1 1 1 1 1 1 1 1 1 1 1 1 0 1 1 1 @3 pid 127 #
integer_attrib-name_attrib-gen-attrib $-1 -1 $-1 $-1 $1113 2 1 1 1 1 1 1 1 1 1 1 1 1 1 0 1 1 1 @3 pid 88 #
point $-1 -1 -1 $-1 -16.475311471554811 -75.29544973985999 -1.5999999999999999 #
coedge $-1 -1 -1 $-1 $1115 $1448 $1636 $1637 reversed $405 $-1 #
coedge $-1 -1 -1 $-1 $1638 $1639 $1115 $1378 forward $1640 $-1 #
edge $1641 -1 -1 $-1 $1383 0 $1642 0.61071027224693064 $1377 $1643 forward @7 unknown T -15.477115211921742 -74.347283334622986 -1.5999999999999999 -15.450000000000001 -74.261263982969211 -1.5999999999999996 #
coedge $-1 -1 -1 $-1 $1644 $1116 $1639 $1645 forward $1381 $-1 #
coedge $-1 -1 -1 $-1 $1116 $1644 $1118 $1386 forward $1381 $-1 #
loop $-1 -1 -1 $-1 $-1 $1116 $1646 T -15.450000000000001 -75.060339797793986 -1.5999999999999999 -15.450000000000001 -74.347283334622986 -1.5 unknown #
name_attrib-gen-attrib $-1 -1 $1647 $-1 $1117 2 1 1 1 1 1 1 1 1 1 1 1 1 1 0 1 1 1 @3 eif #
vertex $1648 -1 -1 $-1 $1645 $1649 #
straight-curve $-1 -1 -1 $-1 -15.450000000000001 -74.347283334622986 -1.5999999999999999 0 -1 0 F 0 F 0.71305646317099991 #
coedge $-1 -1 -1 $-1 $1119 $1118 $1650 $1651 forward $1120 $-1 #
edge $1652 -1 -1 $-1 $1653 0 $1122 0.099999999999998757 $1118 $1654 forward @7 unknown T -15.450000000000001 -75.060339797793986 -1.5999999999999996 -15.450000000000001 -75.060339797793986 -1.5000000000000002 #
face $1655 -1 -1 $-1 $1656 $1120 $5 $-1 $1657 forward double out T -15.458738713261187 -75.110790257343922 -1.5999999999999999 -15.450000000000001 -75.060339797793986 -1.5 F #
integer_attrib-name_attrib-gen-attrib $-1 -1 $-1 $1121 $873 2 1 1 1 1 1 1 1 1 1 1 1 1 1 0 1 1 1 @3 pid 139 #
integer_attrib-name_attrib-gen-attrib $-1 -1 $-1 $-1 $1122 2 1 1 1 1 1 1 1 1 1 1 1 1 1 0 1 1 1 @3 pid 98 #
point $-1 -1 -1 $-1 -15.450000000000001 -75.060339797793986 -1.5999999999999996 #
coedge $-1 -1 -1 $-1 $1650 $1658 $1124 $1392 reversed $1184 $-1 #
edge $1659 -1 -1 $-1 $1394 1.4936336468145946e-017 $1400 0.19608289728259673 $1391 $1660 forward @7 unknown T -15.524688528445491 -75.295449739860331 -1.5000000000003406 -15.458738713260486 -75.110790257341961 -1.4999999999996594 #
name_attrib-gen-attrib $-1 -1 $1661 $-1 $1125 2 1 1 1 1 1 1 1 1 1 1 1 1 1 0 1 1 1 @3 eif #
vertex $1662 -1 -1 $-1 $1125 $1663 #
straight-curve $-1 -1 -1 $-1 -15.458738713261187 -75.110790257343922 -1.5999999999999992 0 0 1 F 0 F 0.099999999999998757 #
tcoedge-coedge $-1 -1 -1 $-1 $1628 $1126 $1664 $1665 forward $1397 $1666 0 1 F #
loop $-1 -1 -1 $-1 $-1 $1126 $1586 T -15.61552603132097 -75.541816340030621 -1.7240483878253663 -15.524523866527732 -75.295285077942722 -1.4998353380827314 unknown #
pcurve $-1 -1 -1 $-1 0 forward { exppc nubs 3 open 2 
	-0.10000000000000009 3 -0 3 
	-2.8264450682715651e-013 0.98076923077032174 
	-7.3995293048913941e-014 0.66074867667059511 
	1.3465392072932863e-013 0.3407281225708686 
	3.433031345075712e-013 0.020707568471141979 
	0.001 
	-1 
	spline forward { exactsur full nubs 3 1 open open none none 3 2 
	0 3 0.5 1 0.99999999999994116 3 
	0.020707568471141979 1 0.98076923077032174 1 
	-15.524688528444941 -75.295449739859876 -1.5000000000000533 
	-15.539800668604858 -75.353627381593043 -1.5000000000000151 
	-15.5700249489244 -75.469704975444117 -1.5423306969642985 
	-15.60024922924393 -75.531549236645361 -1.6492941629525433 
	-15.615361369403674 -75.541651678113212 -1.7065879555833066 
	-15.524688528444941 -75.295449739860089 -1.6000000000001093 
	-15.539800668604858 -75.33035632490018 -1.6000000000000769 
	-15.5700249489244 -75.400002881210824 -1.6253984181786829 
	-15.60024922924393 -75.437109437931241 -1.6895764977715966 
	-15.615361369403674 -75.443170902812014 -1.7239527733500228 
	0 
	0 
	0 
	1 0.5 
	0 
	0 
	0 
	F 1 F 0 F 1 F 0 } I I I I 
	} 0 0 #
name_attrib-gen-attrib $-1 -1 $1667 $-1 $1127 2 1 1 1 1 1 1 1 1 1 1 1 1 1 0 1 1 1 @3 eif #
tvertex-vertex $1668 -1 -1 $-1 $1392 $1669 3.4072091653520065e-013 #
straight-curve $-1 -1 -1 $-1 -15.52468852844545 -75.295449739859819 -1.4999999999999998 0 0 -1 F 1.1102230246251565e-016 F 0.10000000000000009 #
name_attrib-gen-attrib $-1 -1 $1670 $-1 $1130 2 1 1 1 1 1 1 1 1 1 1 1 1 1 0 1 1 1 @3 eif #
tvertex-vertex $1671 -1 -1 $-1 $1672 $1673 2.7255624774557312e-013 #
intcurve-curve $-1 -1 -1 $-1 forward { exactcur full nubs 3 open 7 
	0 3 0.16677394713264818 1 0.33350930769945175 1 0.50011801348883322 1 0.66670067007849476 1 
	0.83335732794994188 1 1 3 
	-15.615361369403701 -75.443170902811829 -1.7239527733500275 
	-15.61032017158022 -75.441077680894367 -1.712289730270784 
	-15.600239333279315 -75.434457662429764 -1.690122105496068 
	-15.585144702776095 -75.416830004818777 -1.6595598767699125 
	-15.57001496321827 -75.392718332825567 -1.6340437101916132 
	-15.554887690942168 -75.363401455485842 -1.6147414154535866 
	-15.539800206088222 -75.330255726109925 -1.6027023815062282 
	-15.529725744517531 -75.307289420199083 -1.6000360467334986 
	-15.524688528445001 -75.29544973985999 -1.5999999999999999 
	0 
	null_surface 
	null_surface 
	nullbs 
	nullbs 
	-1 
	-1 
	I I 
	0 
	0 
	5 0.16677394713264818 0.33350930769945175 0.50011801348883322 0.66670067007849476 0.83335732794994188 
	
	-1 
	none F F 1 F 0 } I I #
name_attrib-gen-attrib $-1 -1 $1674 $-1 $1134 2 1 1 1 1 1 1 1 1 1 1 1 1 1 0 1 1 1 @3 eif #
intcurve-curve $-1 -1 -1 $-1 forward { exactcur full nubs 3 open 9 
	0 3 0.12791755157535661 1 0.25041107976844013 1 0.37293199380422137 1 0.4974268230813006 1 
	0.62237856863185848 1 0.74621620837953762 1 0.86948741831892018 1 1 3 
	-16.375 -73.749999999999986 -1.25 
	-16.375 -73.749966155381401 -1.2670350796288854 
	-16.375 -73.753165084829305 -1.2996211532612132 
	-16.375 -73.767795224423097 -1.346750139840633 
	-16.375 -73.790832696867341 -1.3896683147108355 
	-16.375 -73.821839292344094 -1.4277581070687857 
	-16.375 -73.860039188690067 -1.4588888185060394 
	-16.375 -73.90318503287331 -1.4822253092654289 
	-16.375 -73.950940802469404 -1.4969676905509584 
	-16.375 -73.983969724795969 -1.5001149130850666 
	-16.375 -74.00135833268898 -1.4999963097556999 
	0 
	null_surface 
	null_surface 
	nullbs 
	nullbs 
	-1 
	-1 
	I I 
	0 
	0 
	7 0.12791755157535661 0.25041107976844013 0.37293199380422137 0.4974268230813006 0.62237856863185848 0.74621620837953762 0.86948741831892018 
	
	-1 
	none F F 1 F 0 } I I #
coedge $-1 -1 -1 $-1 $1137 $1136 $1675 $1676 reversed $1138 $-1 #
tcoedge-coedge $-1 -1 -1 $-1 $1143 $1677 $1136 $1148 reversed $405 $1678 -1 -0 F #
pcurve $-1 -1 -1 $-1 0 forward { exppc nubs 1 open 2 
	0 1 1 1 
	-19.564411733526669 0.61977708248570273 
	-19.564411733526669 2.7686464232346004e-011 
	0.001 
	-1 
	cone -16.525000000000002 -74.00271666537698 -4.5346617600289996 0 0 1 0.12288478807785606 -0.08601935165449924 0 1 I I 0 -1 0.14999999999999999 reversed I I I I 
	} 0 0 #
tedge-edge $1679 -1 -1 $-1 $1680 0 $1141 1 $1183 $1681 forward @7 unknown T -16.402190729497555 -74.088811534605696 -1.5000755175776797 -16.374817262054204 -74.001282792400616 -1.4999226146300995 7.5517577679684337e-005 #
pcurve $-1 -1 -1 $-1 0 forward { exppc nubs 1 open 2 
	0 1 1 1 
	-20.231078400193333 2.7675639557855909e-011 
	-20.231078400193333 0.61977708248570273 
	0.001 
	-1 
	cone -16.525000000000002 -74.00271666537698 -4.5346617600289996 0 0 1 0.12288478807785606 -0.08601935165449924 0 1 I I 0 -1 0.14999999999999999 reversed I I I I 
	} 0 0 #
face $1682 -1 -1 $-1 $1683 $1138 $5 $-1 $1684 reversed double out T -16.402190729497555 -74.088811534606137 -1.6000755175763901 -16.374817262054204 -74.001282792400616 -1.4999226146300995 F #
integer_attrib-name_attrib-gen-attrib $-1 -1 $-1 $1140 $883 2 1 1 1 1 1 1 1 1 1 1 1 1 1 0 1 1 1 @3 pid 141 #
integer_attrib-name_attrib-gen-attrib $-1 -1 $-1 $-1 $1141 2 1 1 1 1 1 1 1 1 1 1 1 1 1 0 1 1 1 @3 pid 99 #
point $-1 -1 -1 $-1 -16.3749306295047 -74.001358332689207 -1.4999981549186874 #
pcurve $-1 -1 -1 $-1 0 forward { exppc nubs 1 open 2 
	0 1 0.74993677366816403 1 
	1.2940914071708844 0.1750693704953 
	1.2940914071708844 0.92500614416346405 
	0 
	0 
	plane -16.550000000000001 -75.29544973985999 -1.5999999999999999 0 0 -1 0 1 0 forward_v I I I I 
	} 0 0 #
name_attrib-gen-attrib $-1 -1 $1685 $-1 $1144 2 1 1 1 1 1 1 1 1 1 1 1 1 1 0 1 1 1 @3 eif #
straight-curve $-1 -1 -1 $-1 -16.3749306295047 -74.001358332689108 -1.5999999999999999 1 0 0 F 0 F 0.74993677366816403 #
name_attrib-gen-attrib $-1 -1 $1686 $-1 $1148 2 1 1 1 1 1 1 1 1 1 1 1 1 1 0 1 1 1 @3 eif #
tvertex-vertex $1687 -1 -1 $-1 $1676 $1688 2.0815372867509117e-012 #
intcurve-curve $-1 -1 -1 $-1 forward { exactcur full nubs 3 open 4 
	0 3 0.34644640321119802 1 0.67475988547013366 1 1 3 
	-16.3749306295047 -74.00135833268898 -1.5999999999999999 
	-16.374892800041998 -74.012252483895878 -1.6000000000000001 
	-16.376964966308211 -74.032935991801651 -1.5999999999999996 
	-16.386426978917317 -74.062789964611142 -1.6000000000000001 
	-16.396275201604226 -74.080356504536198 -1.5999999999999999 
	-16.402115211919874 -74.088736017028012 -1.5999999999999999 
	0 
	null_surface 
	null_surface 
	nullbs 
	nullbs 
	-1 
	-1 
	I I 
	0 
	0 
	2 0.34644640321119802 0.67475988547013366 
	
	-1 
	none F F 1 F 0 } I I #
integer_attrib-name_attrib-gen-attrib $-1 -1 $-1 $1150 $890 2 1 1 1 1 1 1 1 1 1 1 1 1 1 0 1 1 1 @3 pid 123 #
integer_attrib-name_attrib-gen-attrib $-1 -1 $-1 $-1 $1151 2 1 1 1 1 1 1 1 1 1 1 1 1 1 0 1 1 1 @3 pid 84 #
point $-1 -1 -1 $-1 -16.375 -73.749999999999986 -1.25 #
coedge $-1 -1 -1 $-1 $1156 $1153 $1689 $1690 reversed $894 $-1 #
tedge-edge $1691 -1 -1 $-1 $1429 0.00017910389027936386 $1692 1 $1153 $1693 forward @7 unknown T -16.402183123015885 -74.088803928124662 -1.0000697523532318 -16.374864178708119 -74.00263252048471 -0.999932088905223 6.7911094776837942e-005 #
pcurve $-1 -1 -1 $-1 0 forward { exppc nubs 1 open 2 
	0.00017910389027936386 1 1 1 
	-15.683871824893334 -0.00010699834355705379 
	-15.683871824893334 0.61072596436118243 
	0.001 
	-1 
	cone -16.525000000000002 -74.00271666537698 1.3525807737340001 0 0 -1 0.14999999999999999 0 0 1 I I 0 -1 0.14999999999999999 reversed I I I I 
	} 0 0 #
name_attrib-gen-attrib $-1 -1 $1694 $-1 $1154 2 1 1 1 1 1 1 1 1 1 1 1 1 1 0 1 1 1 @3 eif #
tvertex-vertex $1695 -1 -1 $-1 $1426 $1696 3.4049233546295427e-005 #
intcurve-curve $-1 -1 -1 $-1 forward { exactcur full nubs 3 open 4 
	0 3 0.33344895483503656 1 0.66672447741731378 1 1 3 
	-16.375000000000185 -74.002716900881353 -1.0000036825169101 
	-16.374999999764256 -74.002565969953295 -1.0000036846950735 
	-16.375000454770511 -74.002264188247636 -1.0000036878886107 
	-16.375002503192071 -74.001811557412097 -1.0000036865827096 
	-16.375004778800019 -74.001509862446653 -1.0000036868728595 
	-16.375006144163464 -74.001359016199743 -1.0000036868728595 
	0 
	null_surface 
	null_surface 
	nullbs 
	nullbs 
	-1 
	-1 
	I I 
	0 
	0 
	2 0.33344895483503656 0.66672447741731378 
	
	-1 
	none F F 1 F 0 } F 0.012125717025280799 F 1 #
tcoedge-coedge $-1 -1 -1 $-1 $1697 $1157 $1156 $1432 reversed $11 $1698 -0.99981970470975312 -0 F #
tedge-edge $1699 -1 -1 $-1 $1700 0 $1166 0.99981970470975312 $1431 $1701 forward @7 unknown T -16.402183123521745 -74.088803928629872 -0.90006922676940826 -16.374864177732164 -74.002632173610351 -0.89993208839809891 6.7911601901007409e-005 #
pcurve $-1 -1 -1 $-1 0 forward { exppc nubs 1 open 2 
	0 1 0.99981970470975312 1 
	-15.017205158226668 0.61072596436119309 
	-15.017205158226668 -0.00010930744723735317 
	0.001 
	-1 
	cone -16.525000000000002 -74.00271666537698 1.3525807737340001 0 0 -1 0.14999999999999999 0 0 1 I I 0 -1 0.14999999999999999 reversed I I I I 
	} 0 0 #
pcurve $-1 -1 -1 $-1 0 forward { exppc nubs 1 open 2 
	0 1 0.98779057140066051 1 
	0.0013590161997596439 0.17499385583653596 
	0.0027000889829791319 0.17499999908397587 
	0.001 
	1.498768887217321e-006 
	plane -16.550000000000001 -73.999999999999986 -0.89999999999999991 0 0 1 0 -1 0 forward_v I I I I 
	} 0 0 #
integer_attrib-name_attrib-gen-attrib $-1 -1 $-1 $1163 $900 2 1 1 1 1 1 1 1 1 1 1 1 1 1 0 1 1 1 @3 pid 13 #
integer_attrib-name_attrib-gen-attrib $-1 -1 $-1 $1165 $906 2 1 1 1 1 1 1 1 1 1 1 1 1 1 0 1 1 1 @3 pid 14 #
integer_attrib-name_attrib-gen-attrib $-1 -1 $-1 $-1 $1166 2 1 1 1 1 1 1 1 1 1 1 1 1 1 0 1 1 1 @3 pid 15 #
point $-1 -1 -1 $-1 -16.374966001464973 -74.002700085212254 -0.90000131516750725 #
integer_attrib-name_attrib-gen-attrib $-1 -1 $-1 $1169 $909 2 1 1 1 1 1 1 1 1 1 1 1 1 1 0 1 1 1 @3 pid 63 #
coedge $-1 -1 -1 $-1 $1175 $1171 $1702 $1703 reversed $913 $-1 #
tcoedge-coedge $-1 -1 -1 $-1 $1172 $1704 $1171 $1442 reversed $1184 $1705 -1 -0.00017910389027033964 F #
tedge-edge $1706 -1 -1 $-1 $1446 0.00017910389027033964 $1707 1 $1171 $1708 forward @7 unknown T -15.625135821291879 -74.088803928126765 -1.500067911094777 -15.597816876982993 -74.00263252048471 -1.4999302476467677 6.7911094776888832e-005 #
pcurve $-1 -1 -1 $-1 0 forward { exppc nubs 1 open 2 
	0.00017910389027033964 1 1 1 
	-20.231078400193333 -0.00010699834355409315 
	-20.231078400193333 0.61072596439177707 
	0.001 
	-1 
	cone -15.475000000000001 -74.00271666537698 -4.5346617600289996 0 0 1 -0.14999999999999999 0 0 1 I I 0 -1 0.14999999999999999 reversed I I I I 
	} 0 0 #
pcurve $-1 -1 -1 $-1 0 forward { exppc nubs 1 open 2 
	0.012125717025247907 1 1 1 
	1.2927493045755609 0.92500000087815359 
	1.2940907236602404 0.92500614416346405 
	0.001 
	1.499543020519681e-006 
	plane -16.550000000000001 -75.29544973985999 -1.5 0 0 1 0 1 0 reverse_v I I I I 
	} 0 0 #
name_attrib-gen-attrib $-1 -1 $1709 $-1 $1173 2 1 1 1 1 1 1 1 1 1 1 1 1 1 0 1 1 1 @3 eif #
tvertex-vertex $1710 -1 -1 $-1 $1442 $1711 3.4049233546367513e-005 #
intcurve-curve $-1 -1 -1 $-1 forward { exactcur full nubs 3 open 4 
	0 3 0.33344895483503645 1 0.66672447741731333 1 1 3 
	-15.624999999999815 -74.002716900881353 -1.4999963174830895 
	-15.625000000235744 -74.002565969953295 -1.4999963153049261 
	-15.624999545229489 -74.002264188247636 -1.4999963121113888 
	-15.624997496807932 -74.001811557412097 -1.4999963134172902 
	-15.624995221199981 -74.001509862446653 -1.4999963131271401 
	-15.624993855836536 -74.001359016199743 -1.4999963131271401 
	0 
	null_surface 
	null_surface 
	nullbs 
	nullbs 
	-1 
	-1 
	I I 
	0 
	0 
	2 0.33344895483503645 0.66672447741731333 
	
	-1 
	none F F 1 F 0 } F 0.012125717025247907 F 1 #
tcoedge-coedge $-1 -1 -1 $-1 $1376 $1176 $1175 $1449 reversed $405 $1712 -0.99981970470976211 -0 F #
tedge-edge $1713 -1 -1 $-1 $1714 0 $1453 0.99981970470976211 $1175 $1715 forward @7 unknown T -15.62513582226784 -74.088803928633894 -1.6000679116019008 -15.597816876475999 -74.002632173610351 -1.599930773230587 6.7911601900924143e-005 #
pcurve $-1 -1 -1 $-1 0 forward { exppc nubs 1 open 2 
	0 1 0.99981970470976211 1 
	-19.564411733526669 0.61072596439177707 
	-19.564411733526669 -0.00010930744722551078 
	0.001 
	-1 
	cone -15.475000000000001 -74.00271666537698 -4.5346617600289996 0 0 1 -0.14999999999999999 0 0 1 I I 0 -1 0.14999999999999999 reversed I I I I 
	} 0 0 #
pcurve $-1 -1 -1 $-1 0 forward { exppc nubs 1 open 2 
	0 1 0.98779057140131965 1 
	1.2940907236602404 0.92500614416346405 
	1.29274965087702 0.92500000091602408 
	0.001 
	1.4987688874111238e-006 
	plane -16.550000000000001 -75.29544973985999 -1.5999999999999999 0 0 -1 0 1 0 forward_v I I I I 
	} 0 0 #
name_attrib-gen-attrib $-1 -1 $1716 $-1 $1177 2 1 1 1 1 1 1 1 1 1 1 1 1 1 0 1 1 1 @3 eif #
tvertex-vertex $1717 -1 -1 $-1 $1177 $1718 3.4025356084038043e-005 #
intcurve-curve $-1 -1 -1 $-1 forward { exactcur full nubs 3 open 4 
	0 3 0.333333333330531 1 0.66666666666163343 1 1 3 
	-15.624993855836536 -74.001359016199743 -1.5999973665557721 
	-15.624995221199981 -74.001509862446653 -1.5999973665557721 
	-15.624997496807932 -74.001811557412111 -1.5999973667630525 
	-15.624999544874226 -74.00226410974679 -1.5999973658302911 
	-15.624999999998964 -74.002565812951005 -1.5999973681103741 
	-15.625 -74.00271666537698 -1.5999973696649761 
	0 
	null_surface 
	null_surface 
	nullbs 
	nullbs 
	-1 
	-1 
	I I 
	0 
	0 
	2 0.333333333330531 0.66666666666163343 
	
	-1 
	none F F 1 F 0 } F 0 F 0.98779057140131965 #
coedge $-1 -1 -1 $-1 $1719 $1183 $1720 $1721 reversed $1184 $-1 #
pcurve $-1 -1 -1 $-1 0 forward { exppc nubs 3 open 4 
	-1 3 -0.65366891490243795 1 -0.3253588018717693 1 -0 3 
	1.2940914071709999 0.1750693704953 
	1.2832009775250151 0.17510722036811543 
	1.2625210097909694 0.17303616354129145 
	1.23266637984326 0.16357624351044522 
	1.2150963860648898 0.15372695154852137 
	1.2067137228319793 0.14788478808012551 
	0 
	0 
	plane -16.550000000000001 -75.29544973985999 -1.5 0 0 1 0 1 0 reverse_v I I I I 
	} 0 0 #
coedge $-1 -1 -1 $-1 $1722 $1650 $1644 $1723 reversed $1184 $-1 #
integer_attrib-name_attrib-gen-attrib $-1 -1 $-1 $1186 $920 2 1 1 1 1 1 1 1 1 1 1 1 1 1 0 1 1 1 @3 pid 170 #
name_attrib-gen-attrib $-1 -1 $1724 $-1 $1191 2 1 1 1 1 1 1 1 1 1 1 1 1 1 0 1 1 1 @3 eif #
straight-curve $-1 -1 -1 $-1 -15.59788478807792 -74.088736017031536 -1 0 0 1 F 0 F 0.10000000000000009 #
integer_attrib-name_attrib-gen-attrib $-1 -1 $-1 $1193 $931 2 1 1 1 1 1 1 1 1 1 1 1 1 1 0 1 1 1 @3 pid 12 #
integer_attrib-name_attrib-gen-attrib $-1 -1 $-1 $-1 $1194 2 1 1 1 1 1 1 1 1 1 1 1 1 1 0 1 1 1 @3 pid 12 #
point $-1 -1 -1 $-1 -15.5978847880779 -74.088736017031991 -0.89999999999999991 #
coedge $-1 -1 -1 $-1 $1197 $1725 $1726 $1727 reversed $68 $-1 #
pcurve $-1 -1 -1 $-1 0 forward { exppc nubs 3 open 4 
	-1 3 -0.67362988398572754 1 -0.34490196802158962 1 -0.00017910389027936386 3 
	0.088736017027977621 0.14788478808015554 
	0.080450273201454259 0.15366108186458996 
	0.063101413818216212 0.16341203117104569 
	0.033718058220526981 0.17283462205083111 
	0.013380089393400407 0.1750122394358502 
	0.0027006083591265551 0.17506791019710086 
	0 
	0 
	plane -16.550000000000001 -73.999999999999986 -0.99999999999999989 0 0 -1 0 -1 0 reverse_v I I I I 
	} 0 0 #
name_attrib-gen-attrib $-1 -1 $1728 $-1 $1204 2 1 1 1 1 1 1 1 1 1 1 1 1 1 0 1 1 1 @3 eif #
straight-curve $-1 -1 -1 $-1 -16.27 -76.549999999999983 -0.94999999999999996 1 0 0 F 0 F 0.53999999999999992 #
integer_attrib-name_attrib-gen-attrib $-1 -1 $-1 $1205 $949 2 1 1 1 1 1 1 1 1 1 1 1 1 1 0 1 1 1 @3 pid 163 #
integer_attrib-name_attrib-gen-attrib $-1 -1 $-1 $1210 $954 2 1 1 1 1 1 1 1 1 1 1 1 1 1 0 1 1 1 @3 pid 167 #
string_attrib-name_attrib-gen-attrib $-1 -1 $-1 $1215 $740 2 1 2 1 1 1 1 1 1 1 1 1 1 1 0 1 1 1 @15 ATTRIB_XACIS_ID @5 81750 #
integer_attrib-name_attrib-gen-attrib $-1 -1 $1729 $-1 $1216 2 0 0 1 1 1 1 1 1 1 1 1 1 1 0 1 1 1 @3 fif 0 #
plane-surface $-1 -1 -1 $-1 -16.550000000000001 -76.749999999999986 -0.94999999999999996 0 0 -1 -1 0 0 forward_v I I I I #
integer_attrib-name_attrib-gen-attrib $-1 -1 $-1 $1218 $970 2 1 1 1 1 1 1 1 1 1 1 1 1 1 0 1 1 1 @3 pid 11 #
name_attrib-gen-attrib $-1 -1 $1730 $-1 $1220 2 1 1 1 1 1 1 1 1 1 1 1 1 1 0 1 1 1 @3 eif #
straight-curve $-1 -1 -1 $-1 -15.477115211922269 -74.261263982968174 -0.89999999999999947 0 0 -1 F 0 F 0.10000000000000053 #
coedge $-1 -1 -1 $-1 $1225 $1731 $1732 $1733 reversed $11 $-1 #
coedge $-1 -1 -1 $-1 $1734 $1735 $1225 $1478 forward $1736 $-1 #
edge $1737 -1 -1 $-1 $1483 0 $1738 3.1415840129750041 $1225 $1739 forward @7 unknown T -16.449999999999999 -75.499999999999986 -0.89999999999999991 -16.350000432029795 -75.299999999999983 -0.89999999999999991 #
coedge $-1 -1 -1 $-1 $1559 $1226 $1735 $1740 forward $1481 $-1 #
coedge $-1 -1 -1 $-1 $1226 $1559 $1228 $1485 reversed $1481 $-1 #
loop $-1 -1 -1 $-1 $-1 $1479 $1741 T -16.550000000000004 -75.599999999999994 -0.99999999999999989 -16.449999999999999 -75.499999999999986 -0.89999999999999991 unknown #
name_attrib-gen-attrib $-1 -1 $1742 $-1 $1227 2 1 1 1 1 1 1 1 1 1 1 1 1 1 0 1 1 1 @3 eif #
vertex $1743 -1 -1 $-1 $1227 $1744 #
ellipse-curve $-1 -1 -1 $-1 -16.449999330203632 -75.600000669796358 -0.89999999999999991 0 0 -1 -0.10000066979637062 6.6979637081132637e-007 -0 1 F 0 F 1.5707829309572074 #
edge $1745 -1 -1 $-1 $1232 0 $1562 0.099999999999998757 $1228 $1746 forward @7 unknown T -16.550000000000001 -75.59999999999998 -0.99999999999999956 -16.550000000000001 -75.59999999999998 -0.89999999999999991 #
face $1747 -1 -1 $-1 $1235 $1230 $5 $-1 $1748 forward double out T -16.550000000000001 -75.799999999999983 -0.99999999999999989 -16.550000000000001 -75.59999999999998 -0.89999999999999991 F #
integer_attrib-name_attrib-gen-attrib $-1 -1 $-1 $1231 $982 2 1 1 1 1 1 1 1 1 1 1 1 1 1 0 1 1 1 @3 pid 26 #
integer_attrib-name_attrib-gen-attrib $-1 -1 $-1 $-1 $1232 2 1 1 1 1 1 1 1 1 1 1 1 1 1 0 1 1 1 @3 pid 26 #
point $-1 -1 -1 $-1 -16.550000000000001 -75.59999999999998 -0.89999999999999991 #
name_attrib-gen-attrib $-1 -1 $1749 $-1 $1234 2 1 1 1 1 1 1 1 1 1 1 1 1 1 0 1 1 1 @3 eif #
straight-curve $-1 -1 -1 $-1 -16.550000000000001 -75.799999999999983 -0.99999999999999911 0 0 1 F 0 F 0.099999999999998757 #
integer_attrib-name_attrib-gen-attrib $-1 -1 $1750 $-1 $1235 2 0 0 1 1 1 1 1 1 1 1 1 1 1 0 1 1 1 @3 fif 0 #
cone-surface $-1 -1 -1 $-1 -16.449999999999999 -75.799999999999983 -4.5346617600289996 0 0 1 -0.10000000000000001 0 0 1 I I -0 1 0.10000000000000001 reversed I I I I #
integer_attrib-name_attrib-gen-attrib $-1 -1 $-1 $1239 $989 2 1 1 1 1 1 1 1 1 1 1 1 1 1 0 1 1 1 @3 pid 93 #
integer_attrib-name_attrib-gen-attrib $-1 -1 $1751 $1241 $990 2 1 1 1 1 1 1 1 1 1 1 1 1 1 0 1 1 1 @3 pid 28 #
coedge $-1 -1 -1 $-1 $1247 $1752 $1243 $1497 forward $1500 $-1 #
edge $1753 -1 -1 $-1 $1754 0 $999 0.14999999999999999 $1496 $1755 forward @7 unknown T -16.550000000000033 -76.100000000000009 -1.2 -16.549999999999969 -76.099999999999952 -1.049999999999969 #
integer_attrib-name_attrib-gen-attrib $-1 -1 $-1 $1245 $995 2 1 1 1 1 1 1 1 1 1 1 1 1 1 0 1 1 1 @3 pid 98 #
coedge $-1 -1 -1 $-1 $1752 $1247 $1568 $1756 reversed $1500 $-1 #
loop $-1 -1 -1 $-1 $-1 $1496 $1656 T -16.550000000000033 -76.100000000000023 -1.2000000000000037 -16.449999999999964 -76.099999999999937 -1.0499999999999625 unknown #
name_attrib-gen-attrib $-1 -1 $1757 $-1 $1248 2 1 1 1 1 1 1 1 1 1 1 1 1 1 0 1 1 1 @3 eif #
straight-curve $-1 -1 -1 $-1 -16.550000000000001 -76.09999999999998 -1.0499999999999998 1 0 0 F 0 F 0.10000000000000001 #
name_attrib-gen-attrib $-1 -1 $1758 $-1 $1255 2 1 1 1 1 1 1 1 1 1 1 1 1 1 0 1 1 1 @3 eif #
vertex $1759 -1 -1 $-1 $1255 $1760 #
straight-curve $-1 -1 -1 $-1 -16.550000000000001 -76.59999999999998 -1.5499999999999998 0 0 1 F 0 F 0.5 #
string_attrib-name_attrib-gen-attrib $-1 -1 $-1 $1257 $779 2 1 2 1 1 1 1 1 1 1 1 1 1 1 0 1 1 1 @15 ATTRIB_XACIS_ID @5 81727 #
integer_attrib-name_attrib-gen-attrib $-1 -1 $-1 $1258 $1007 2 1 1 1 1 1 1 1 1 1 1 1 1 1 0 1 1 1 @3 pid 145 #
integer_attrib-name_attrib-gen-attrib $-1 -1 $-1 $-1 $1259 2 1 1 1 1 1 1 1 1 1 1 1 1 1 0 1 1 1 @3 pid 101 #
point $-1 -1 -1 $-1 -16.449999999999982 -76.599999999999994 -1.0499999999999976 #
coedge $-1 -1 -1 $-1 $1761 $1262 $1762 $1763 reversed $1264 $-1 #
face $1764 -1 -1 $-1 $1765 $1264 $5 $-1 $1766 forward double out T -15.875 -76.259999999999991 -1.75 -15.450000000000001 -76.259999999999991 -1.3499999999999903 F #
integer_attrib-name_attrib-gen-attrib $-1 -1 $-1 $1265 $1013 2 1 1 1 1 1 1 1 1 1 1 1 1 1 0 1 1 1 @3 pid 156 #
coedge $-1 -1 -1 $-1 $1273 $1762 $1267 $1514 forward $1521 $-1 #
edge $1767 -1 -1 $-1 $1516 0 $1276 0.33999999999999986 $1513 $1768 forward @7 unknown T -15.65 -76.599999999999994 -1.75 -15.65 -76.259999999999991 -1.75 #
name_attrib-gen-attrib $-1 -1 $1769 $-1 $1268 2 1 1 1 1 1 1 1 1 1 1 1 1 1 0 1 1 1 @3 eif #
vertex $1770 -1 -1 $-1 $1268 $1771 #
ellipse-curve $-1 -1 -1 $-1 -15.650000824316379 -76.259999999999991 -1.5499991756836207 0 -1 0 8.2431637904445399e-007 0 -0.20000082431637922 1 F 0 F 1.5707880836650805 #
coedge $-1 -1 -1 $-1 $1772 $1773 $1272 $1519 reversed $1774 $-1 #
edge $1775 -1 -1 $-1 $1537 0 $1523 0.099999999999999645 $1272 $1776 forward @7 unknown T -15.875 -76.59999999999998 -1.75 -15.875 -76.59999999999998 -1.6500000000000001 #
coedge $-1 -1 -1 $-1 $1777 $1273 $1773 $1778 reversed $1521 $-1 #
loop $-1 -1 -1 $-1 $-1 $1777 $1765 T -15.975000000000001 -76.599999999999994 -1.75 -15.65 -76.259999999999977 -1.75 unknown #
name_attrib-gen-attrib $-1 -1 $1779 $-1 $1274 2 1 1 1 1 1 1 1 1 1 1 1 1 1 0 1 1 1 @3 eif #
vertex $1780 -1 -1 $-1 $1778 $1781 #
straight-curve $-1 -1 -1 $-1 -15.65 -76.59999999999998 -1.75 -1 0 0 F 0 F 0.22499999999999998 #
integer_attrib-name_attrib-gen-attrib $-1 -1 $-1 $1275 $1021 2 1 1 1 1 1 1 1 1 1 1 1 1 1 0 1 1 1 @3 pid 215 #
integer_attrib-name_attrib-gen-attrib $-1 -1 $-1 $-1 $1276 2 1 1 1 1 1 1 1 1 1 1 1 1 1 0 1 1 1 @3 pid 140 #
point $-1 -1 -1 $-1 -15.65 -76.59999999999998 -1.75 #
name_attrib-gen-attrib $-1 -1 $1782 $-1 $1278 2 1 1 1 1 1 1 1 1 1 1 1 1 1 0 1 1 1 @3 eif #
straight-curve $-1 -1 -1 $-1 -15.550000000000001 -76.259999999999991 -1.3499999999999961 1 0 0 F 0 F 0.10000000000000009 #
integer_attrib-name_attrib-gen-attrib $-1 -1 $1783 $-1 $1279 2 0 0 1 1 1 1 1 1 1 1 1 1 1 0 1 1 1 @3 fif 0 #
plane-surface $-1 -1 -1 $-1 -15.5 -76.179999999999993 -1.2749999999999999 0 -0.68394112888130654 0.72953720414010703 0 -0.72953720414010703 -0.68394112888130654 forward_v I I I I #
integer_attrib-name_attrib-gen-attrib $-1 -1 $-1 $1283 $1028 2 1 1 1 1 1 1 1 1 1 1 1 1 1 0 1 1 1 @3 pid 213 #
coedge $-1 -1 -1 $-1 $1784 $1286 $1288 $1539 forward $1535 $-1 #
coedge $-1 -1 -1 $-1 $1286 $1785 $1772 $1786 reversed $1535 $-1 #
loop $-1 -1 -1 $-1 $-1 $1286 $1787 T -15.975000000000001 -76.599999999999994 -1.6500000000000001 -15.65 -76.259999999999977 -1.6499999999999999 unknown #
name_attrib-gen-attrib $-1 -1 $1788 $-1 $1287 2 1 1 1 1 1 1 1 1 1 1 1 1 1 0 1 1 1 @3 eif #
vertex $1789 -1 -1 $-1 $1519 $1790 #
straight-curve $-1 -1 -1 $-1 -15.65 -76.59999999999998 -1.6499999999999999 -1 0 0 F 0 F 0.22500000000000009 #
edge $1791 -1 -1 $-1 $1291 -2.7755575615628914e-017 $1792 0.33999999999999986 $1288 $1793 forward @7 unknown T -15.65 -76.59999999999998 -1.6499999999999999 -15.65 -76.259999999999977 -1.6499999999999999 #
face $1794 -1 -1 $-1 $1795 $1289 $5 $-1 $1796 reversed double out T -15.650000000000002 -76.599999999999994 -1.6499999999999999 -15.550000000000001 -76.259999999999977 -1.5499999999999998 F #
integer_attrib-name_attrib-gen-attrib $-1 -1 $-1 $1290 $1035 2 1 1 1 1 1 1 1 1 1 1 1 1 1 0 1 1 1 @3 pid 248 #
integer_attrib-name_attrib-gen-attrib $-1 -1 $-1 $-1 $1291 2 1 1 1 1 1 1 1 1 1 1 1 1 1 0 1 1 1 @3 pid 161 #
point $-1 -1 -1 $-1 -15.65 -76.59999999999998 -1.6499999999999999 #
string_attrib-name_attrib-gen-attrib $-1 -1 $-1 $1293 $805 2 1 2 1 1 1 1 1 1 1 1 1 1 1 0 1 1 1 @15 ATTRIB_XACIS_ID @5 81818 #
string_attrib-name_attrib-gen-attrib $-1 -1 $-1 $1297 $812 2 1 2 1 1 1 1 1 1 1 1 1 1 1 0 1 1 1 @15 ATTRIB_XACIS_ID @5 81729 #
integer_attrib-name_attrib-gen-attrib $-1 -1 $1797 $1298 $1043 2 1 1 1 1 1 1 1 1 1 1 1 1 1 0 1 1 1 @3 pid 75 #
string_attrib-name_attrib-gen-attrib $-1 -1 $-1 $1301 $817 2 1 2 1 1 1 1 1 1 1 1 1 1 1 0 1 1 1 @15 ATTRIB_XACIS_ID @5 81738 #
string_attrib-name_attrib-gen-attrib $-1 -1 $-1 $1303 $822 2 1 2 1 1 1 1 1 1 1 1 1 1 1 0 1 1 1 @15 ATTRIB_XACIS_ID @5 81825 #
integer_attrib-name_attrib-gen-attrib $-1 -1 $1798 $1304 $1052 2 1 1 1 1 1 1 1 1 1 1 1 1 1 0 1 1 1 @3 pid 15 #
integer_attrib-name_attrib-gen-attrib $-1 -1 $1799 $-1 $1305 2 0 0 1 1 1 1 1 1 1 1 1 1 1 0 1 1 1 @3 fif 0 #
face $1800 -1 -1 $-1 $1801 $1802 $5 $-1 $1803 forward double out T -16.550000000000001 -74.347283334622986 -1 -16.52288478807623 -74.261263982965659 -0.89999999999999947 F #
loop $-1 -1 -1 $-1 $-1 $1804 $1305 T -16.522884788077921 -74.261263982968444 -1.0000000000022993 -16.402115211915252 -74.088736017023379 -0.89999999999540747 unknown #
plane-surface $-1 -1 -1 $-1 -16.462500000000002 -74.174999999999983 -0.94999999999999996 0.81923192051904048 -0.57346234436332832 0 0.57346234436332832 0.81923192051904048 0 forward_v I I I I #
integer_attrib-name_attrib-gen-attrib $-1 -1 $-1 $1307 $1057 2 1 1 1 1 1 1 1 1 1 1 1 1 1 0 1 1 1 @3 pid 57 #
integer_attrib-name_attrib-gen-attrib $-1 -1 $-1 $-1 $1308 2 1 1 1 1 1 1 1 1 1 1 1 1 1 0 1 1 1 @3 pid 46 #
point $-1 -1 -1 $-1 -15.477115211921337 -74.261263982969936 -0.99999999999999989 #
integer_attrib-name_attrib-gen-attrib $-1 -1 $-1 $1310 $1058 2 1 1 1 1 1 1 1 1 1 1 1 1 1 0 1 1 1 @3 pid 55 #
coedge $-1 -1 -1 $-1 $1805 $1313 $1806 $1807 reversed $68 $-1 #
coedge $-1 -1 -1 $-1 $1480 $1479 $1313 $1560 forward $1481 $-1 #
edge $1808 -1 -1 $-1 $1809 0 $1562 1.5707829309572197 $1313 $1810 forward @7 unknown T -16.550000000000004 -75.59999999999998 -0.99999999999999989 -16.449999999999999 -75.499999999999986 -0.99999999999999956 #
name_attrib-gen-attrib $-1 -1 $1811 $-1 $1315 2 1 1 1 1 1 1 1 1 1 1 1 1 1 0 1 1 1 @3 eif #
vertex $1812 -1 -1 $-1 $1315 $1813 #
straight-curve $-1 -1 -1 $-1 -16.550000000000001 -75.799999999999983 -0.99999999999999989 0 1 0 F 0 F 0.19999999999999996 #
integer_attrib-name_attrib-gen-attrib $-1 -1 $-1 $1316 $1069 2 1 1 1 1 1 1 1 1 1 1 1 1 1 0 1 1 1 @3 pid 92 #
integer_attrib-name_attrib-gen-attrib $-1 -1 $-1 $-1 $1317 2 1 1 1 1 1 1 1 1 1 1 1 1 1 0 1 1 1 @3 pid 66 #
point $-1 -1 -1 $-1 -16.550000000000001 -75.799999999999983 -0.99999999999999989 #
coedge $-1 -1 -1 $-1 $1814 $1322 $1353 $1606 reversed $1340 $-1 #
coedge $-1 -1 -1 $-1 $1322 $1815 $1499 $1756 forward $1340 $-1 #
name_attrib-gen-attrib $-1 -1 $1816 $-1 $1323 2 1 1 1 1 1 1 1 1 1 1 1 1 1 0 1 1 1 @3 eif #
straight-curve $-1 -1 -1 $-1 -16.449999999999999 -76.09999999999998 -1.0499999999999998 0 -1 0 F 0 F 0.5 #
integer_attrib-name_attrib-gen-attrib $-1 -1 $-1 $1324 $1075 2 1 1 1 1 1 1 1 1 1 1 1 1 1 0 1 1 1 @3 pid 142 #
integer_attrib-name_attrib-gen-attrib $-1 -1 $-1 $-1 $1325 2 1 1 1 1 1 1 1 1 1 1 1 1 1 0 1 1 1 @3 pid 100 #
point $-1 -1 -1 $-1 -16.449999999999999 -76.09999999999998 -1.0499999999999998 #
integer_attrib-name_attrib-gen-attrib $-1 -1 $-1 $1327 $1081 2 1 1 1 1 1 1 1 1 1 1 1 1 1 0 1 1 1 @3 pid 220 #
integer_attrib-name_attrib-gen-attrib $-1 -1 $-1 $-1 $1328 2 1 1 1 1 1 1 1 1 1 1 1 1 1 0 1 1 1 @3 pid 142 #
point $-1 -1 -1 $-1 -15.550000000000001 -76.259999999999991 -1.3499999999999952 #
edge $1817 -1 -1 $-1 $1332 0 $1792 1.5707829309572232 $1334 $1818 forward @7 unknown T -15.65 -76.259999999999991 -1.6499999999999999 -15.550000000000001 -76.259999999999991 -1.5499999999999998 #
integer_attrib-name_attrib-gen-attrib $-1 -1 $-1 $1331 $1083 2 1 1 1 1 1 1 1 1 1 1 1 1 1 0 1 1 1 @3 pid 221 #
integer_attrib-name_attrib-gen-attrib $-1 -1 $-1 $-1 $1332 2 1 1 1 1 1 1 1 1 1 1 1 1 1 0 1 1 1 @3 pid 141 #
point $-1 -1 -1 $-1 -15.550000000000001 -76.259999999999991 -1.5499999999999998 #
coedge $-1 -1 -1 $-1 $1334 $1761 $1784 $1819 forward $1264 $-1 #
integer_attrib-name_attrib-gen-attrib $-1 -1 $-1 $1335 $1085 2 1 1 1 1 1 1 1 1 1 1 1 1 1 0 1 1 1 @3 pid 218 #
string_attrib-name_attrib-gen-attrib $-1 -1 $-1 $1337 $849 2 1 2 1 1 1 1 1 1 1 1 1 1 1 0 1 1 1 @15 ATTRIB_XACIS_ID @5 81823 #
integer_attrib-name_attrib-gen-attrib $-1 -1 $1820 $1338 $1087 2 1 1 1 1 1 1 1 1 1 1 1 1 1 0 1 1 1 @3 pid 80 #
integer_attrib-name_attrib-gen-attrib $-1 -1 $1821 $-1 $1339 2 0 0 1 1 1 1 1 1 1 1 1 1 1 0 1 1 1 @3 fif 0 #
face $1822 -1 -1 $-1 $1823 $1397 $5 $-1 $1824 forward double out T -15.61552603132097 -75.541816340030621 -1.7240483878253663 -15.524523866527732 -75.295285077942722 -1.4998353380827314 T 0 0.99999999999994116 0.020707568471141979 0.98076923077032174 #
plane-surface $-1 -1 -1 $-1 -16.550000000000001 -75.29544973985999 -1.5 0 0 -1 0 1 0 forward_v I I I I #
string_attrib-name_attrib-gen-attrib $-1 -1 $-1 $1343 $857 2 1 2 1 1 1 1 1 1 1 1 1 1 1 0 1 1 1 @15 ATTRIB_XACIS_ID @5 81701 #
integer_attrib-name_attrib-gen-attrib $-1 -1 $1825 $1344 $1095 2 1 1 1 1 1 1 1 1 1 1 1 1 1 0 1 1 1 @3 pid 56 #
integer_attrib-name_attrib-gen-attrib $-1 -1 $1826 $-1 $1345 2 0 0 1 1 1 1 1 1 1 1 1 1 1 0 1 1 1 @3 fif 0 #
face $1827 -1 -1 $-1 $1828 $1363 $5 $-1 $1829 forward double out T -16.541261286739399 -75.295449739860217 -1.6000000000001573 -16.475311471554583 -75.110790257343396 -1.499999999999772 F #
cone-surface $-1 -1 -1 $-1 -16.550000000000001 -75.29544973985999 -1.75 1 0 0 0 -0.14999999999999999 0 1 I I -0 1 0.14999999999999999 reversed I I I I #
coedge $-1 -1 -1 $-1 $1830 $1831 $1348 $1594 reversed $1832 $-1 #
edge $1833 -1 -1 $-1 $1602 0 $1504 0.33999999999999986 $1593 $1834 forward @7 unknown T -16.550000000000001 -76.599999999999994 -1.5499999999999998 -16.550000000000001 -76.259999999999991 -1.5499999999999998 #
coedge $-1 -1 -1 $-1 $1835 $1836 $1349 $1596 forward $1837 $-1 #
edge $1838 -1 -1 $-1 $1601 4.5559631326220492e-017 $1754 0.21931712199460662 $1595 $1839 forward @7 unknown T -16.550000000000001 -76.259999999999991 -1.3499999999999952 -16.550000000000001 -76.09999999999998 -1.2 #
coedge $-1 -1 -1 $-1 $1840 $1350 $1836 $1841 reversed $1599 $-1 #
coedge $-1 -1 -1 $-1 $1350 $1842 $1830 $1843 reversed $1599 $-1 #
loop $-1 -1 -1 $-1 $-1 $1842 $1844 T -16.550000000000001 -76.259999999999991 -1.75 -16.125 -76.259999999999991 -1.3499999999999903 unknown #
name_attrib-gen-attrib $-1 -1 $1845 $-1 $1351 2 1 1 1 1 1 1 1 1 1 1 1 1 1 0 1 1 1 @3 eif #
vertex $1846 -1 -1 $-1 $1596 $1847 #
vertex $1848 -1 -1 $-1 $1843 $1849 #
straight-curve $-1 -1 -1 $-1 -16.550000000000001 -76.259999999999991 -1.3499999999999999 0 0 -1 F 0 F 0.19999999999999996 #
coedge $-1 -1 -1 $-1 $1850 $1352 $1831 $1851 reversed $1354 $-1 #
coedge $-1 -1 -1 $-1 $1353 $1607 $1852 $1853 reversed $1354 $-1 #
edge $1854 -1 -1 $-1 $1855 0 $1259 0.5 $1353 $1856 forward @7 unknown T -16.450000000000006 -76.600000000000023 -1.5499999999999998 -16.449999999999957 -76.599999999999966 -1.0499999999999738 #
coedge $-1 -1 -1 $-1 $1605 $1857 $1858 $1859 reversed $1354 $-1 #
face $1860 -1 -1 $-1 $1844 $1354 $5 $-1 $1861 forward double out T -16.55000000000004 -76.600000000000037 -1.75 -16.125 -76.599999999999952 -1.0499999999999738 F #
integer_attrib-name_attrib-gen-attrib $-1 -1 $-1 $1355 $1101 2 1 1 1 1 1 1 1 1 1 1 1 1 1 0 1 1 1 @3 pid 144 #
coedge $-1 -1 -1 $-1 $1677 $1358 $1862 $1863 reversed $405 $-1 #
coedge $-1 -1 -1 $-1 $1864 $1865 $1358 $1612 forward $1866 $-1 #
edge $1867 -1 -1 $-1 $1868 0 $1617 0.71305646317099991 $1611 $1869 forward @7 unknown T -16.550000000000001 -75.060339797793986 -1.5999999999999999 -16.550000000000001 -74.347283334622986 -1.5999999999999999 #
coedge $-1 -1 -1 $-1 $1870 $1359 $1362 $1622 reversed $1615 $-1 #
coedge $-1 -1 -1 $-1 $1359 $1870 $1864 $1871 reversed $1615 $-1 #
loop $-1 -1 -1 $-1 $-1 $1870 $1828 T -16.550000000000001 -75.110790257343737 -1.5999999999999999 -16.541261286739228 -75.060339797793986 -1.4999999999999998 unknown #
name_attrib-gen-attrib $-1 -1 $1872 $-1 $1360 2 1 1 1 1 1 1 1 1 1 1 1 1 1 0 1 1 1 @3 eif #
vertex $1873 -1 -1 $-1 $1360 $1874 #
ellipse-curve $-1 -1 -1 $-1 -16.399998789763657 -75.060339588164354 -1.5999999999999999 0 0 1 -0.15000121023634483 -2.096296307652068e-007 0 1 F 0 F 0.34302114538178241 #
coedge $-1 -1 -1 $-1 $1362 $1361 $1875 $1876 forward $1363 $-1 #
coedge $-1 -1 -1 $-1 $1370 $1877 $1361 $1621 reversed $1631 $1878 #
edge $1879 -1 -1 $-1 $1113 0 $1880 0.099999999999999978 $1361 $1881 forward @7 unknown T -16.475311471555038 -75.295449739860217 -1.6000000000001573 -16.475311471554583 -75.295449739859762 -1.499999999999772 #
edge $1882 -1 -1 $-1 $1883 0 $1365 0.099999999999998757 $1362 $1884 forward @7 unknown T -16.541261286739317 -75.110790257343737 -1.5999999999999996 -16.541261286739228 -75.110790257343396 -1.5 #
integer_attrib-name_attrib-gen-attrib $-1 -1 $-1 $1364 $1108 2 1 1 1 1 1 1 1 1 1 1 1 1 1 0 1 1 1 @3 pid 128 #
integer_attrib-name_attrib-gen-attrib $-1 -1 $-1 $-1 $1365 2 1 1 1 1 1 1 1 1 1 1 1 1 1 0 1 1 1 @3 pid 89 #
point $-1 -1 -1 $-1 -16.541261286739228 -75.11079025734368 -1.5999999999999996 #
coedge $-1 -1 -1 $-1 $1885 $1886 $1367 $1627 forward $1887 $-1 #
edge $1888 -1 -1 $-1 $1634 2.7755575615628914e-017 $1403 0.76927726119260009 $1367 $1889 forward @7 unknown T -16.384638630596488 -75.443170902812184 -1.7239527733502975 -15.615361369403415 -75.443170902811644 -1.7239527733497526 #
coedge $-1 -1 -1 $-1 $1368 $1396 $1890 $1672 reversed $1397 $1891 #
pcurve $-1 -1 -1 $-1 0 forward { exppc nubs 3 open 7 
	0 3 0.16677394713264818 1 0.33350930769945175 1 0.50011801348883322 1 0.66670067007849476 1 
	0.83335732794994188 1 1 3 
	0.99999999999994116 0.98076923077022338 
	0.94440290692266349 0.98076923077025824 
	0.83322550448300048 0.9807692307703072 
	0.66675099123123571 0.98076923077034195 
	0.4998898869286641 0.98076923077027567 
	0.33305595431885637 0.98076923077020672 
	0.16666025515707594 0.98076923077021694 
	0.055553178641883021 0.98076923077027789 
	-2.8264450682715651e-013 0.98076923077032174 
	0.001 
	-1 
	spline forward { ref 87 } I I I I 
	} 0 0 #
coedge $-1 -1 -1 $-1 $1877 $1370 $1892 $1893 reversed $1631 $1894 #
loop $-1 -1 -1 $-1 $-1 $1630 $1823 T -16.475476133472142 -75.54181634003038 -1.7240483878252271 -16.384473968678968 -75.295285077942651 -1.4998353380826677 unknown #
pcurve $-1 -1 -1 $-1 0 forward { exppc nubs 3 open 7 
	0 3 0.16677394713211202 1 0.33350930769898468 1 0.50011801348886387 1 0.66670067007833234 1 
	0.83335732794989992 1 1 3 
	-2.7770919176716605e-013 0.01923076922967908 
	0.055597093076497177 0.019230769229722292 
	0.16677449551546192 0.019230769229782292 
	0.33324900876676794 0.019230769229788381 
	0.5001101130692559 0.01923076922972463 
	0.66694404567934296 0.019230769229665774 
	0.83333974484155193 0.01923076922969506 
	0.94444682135739622 0.019230769229746269 
	0.99999999999994238 0.01923076922978206 
	0.001 
	-1 
	spline forward { exactsur full nubs 3 1 open open none none 3 2 
	0 3 0.5 1 0.99999999999990052 3 
	0.01923076922978206 1 0.97929243152864232 1 
	-16.475311471554878 -75.295449739860089 -1.6000000000001089 
	-16.460199331395106 -75.33035632490018 -1.6000000000000771 
	-16.429975051075601 -75.400002881210824 -1.6253984181786825 
	-16.399750770756071 -75.437109437931241 -1.6895764977715961 
	-16.384638630596328 -75.443170902812014 -1.7239527733500228 
	-16.475311471554878 -75.295449739859876 -1.5 
	-16.460199331395106 -75.353627381593057 -1.4999999999999623 
	-16.429975051075601 -75.469704975444159 -1.5423306969642536 
	-16.399750770756071 -75.531549236645418 -1.6492941629525215 
	-16.384638630596328 -75.541651678113254 -1.7065879555832968 
	0 
	0 
	0 
	1 0.5 
	0 
	0 
	0 
	F 1 F 0 F 1 F 0 } I I I I 
	} 0 0 #
name_attrib-gen-attrib $-1 -1 $1895 $-1 $1371 2 1 1 1 1 1 1 1 1 1 1 1 1 1 0 1 1 1 @3 eif #
tvertex-vertex $1896 -1 -1 $-1 $1627 $1897 1.894778661317387e-013 #
intcurve-curve $-1 -1 -1 $-1 forward { exactcur full nubs 3 open 7 
	0 3 0.16677394713211202 1 0.33350930769898468 1 0.50011801348886387 1 0.66670067007833234 1 
	0.83335732794989992 1 1 3 
	-16.475311471554811 -75.29544973985999 -1.5999999999999999 
	-16.470270273731373 -75.307299079279531 -1.600036154996342 
	-16.460189435430536 -75.33027948216602 -1.6027062328600206 
	-16.445094804927404 -75.36343841258558 -1.614759011419042 
	-16.429965065369615 -75.392753879161177 -1.6340735371087201 
	-16.414837793093437 -75.416853750995017 -1.6595932169009404 
	-16.39975030823943 -75.434465580468697 -1.6901448318637238 
	-16.389675846668791 -75.441079464794157 -1.7122992238084613 
	-16.384638630596299 -75.443170902811829 -1.7239527733500275 
	0 
	null_surface 
	null_surface 
	nullbs 
	nullbs 
	-1 
	-1 
	I I 
	0 
	0 
	5 0.16677394713211202 0.33350930769898468 0.50011801348886387 0.66670067007833234 0.83335732794989992 
	
	-1 
	none F F 1 F 0 } I I #
coedge $-1 -1 -1 $-1 $1702 $1898 $1376 $1637 forward $1899 $-1 #
edge $1900 -1 -1 $-1 $1642 3.6381205626636188e-017 $1714 0.21059722114909721 $1636 $1901 forward @7 unknown T -15.597884788078224 -74.261263982969794 -1.6000000000003229 -15.477115211921136 -74.088736017031664 -1.5999999999996768 #
coedge $-1 -1 -1 $-1 $1902 $1377 $1898 $1903 reversed $1640 $-1 #
coedge $-1 -1 -1 $-1 $1377 $1902 $1379 $1645 reversed $1640 $-1 #
loop $-1 -1 -1 $-1 $-1 $1638 $1904 T -15.477115211922081 -74.347283334622986 -1.5999999999999999 -15.449999999999999 -74.261263982968444 -1.5 unknown #
name_attrib-gen-attrib $-1 -1 $1905 $-1 $1378 2 1 1 1 1 1 1 1 1 1 1 1 1 1 0 1 1 1 @3 eif #
vertex $1906 -1 -1 $-1 $1903 $1907 #
ellipse-curve $-1 -1 -1 $-1 -15.600003733680563 -74.347284511562393 -1.5999999999999999 0 0 1 0.15000373368056141 1.1769394068217309e-006 0 1 F 0 F 0.61071027224693064 #
coedge $-1 -1 -1 $-1 $1380 $1379 $1457 $1723 forward $1381 $-1 #
edge $1908 -1 -1 $-1 $1383 0 $1909 0.099999999999998757 $1379 $1910 forward @7 unknown T -15.450000000000001 -74.347283334622986 -1.5999999999999996 -15.450000000000001 -74.347283334622986 -1.5 #
face $1911 -1 -1 $-1 $1387 $1381 $5 $-1 $1912 reversed double out T -15.450000000000001 -75.060339797793986 -1.5999999999999999 -15.450000000000001 -74.347283334622986 -1.5 F #
integer_attrib-name_attrib-gen-attrib $-1 -1 $-1 $1382 $1117 2 1 1 1 1 1 1 1 1 1 1 1 1 1 0 1 1 1 @3 pid 138 #
integer_attrib-name_attrib-gen-attrib $-1 -1 $-1 $-1 $1383 2 1 1 1 1 1 1 1 1 1 1 1 1 1 0 1 1 1 @3 pid 97 #
point $-1 -1 -1 $-1 -15.450000000000001 -74.347283334622986 -1.5999999999999996 #
coedge $-1 -1 -1 $-1 $1457 $1391 $1385 $1651 reversed $1184 $-1 #
edge $1913 -1 -1 $-1 $1653 0 $1394 0.34302114538232747 $1385 $1914 forward @7 unknown T -15.458738713260594 -75.110790257343027 -1.5000000000000002 -15.450000000000001 -75.060339797793986 -1.5 #
name_attrib-gen-attrib $-1 -1 $1915 $-1 $1386 2 1 1 1 1 1 1 1 1 1 1 1 1 1 0 1 1 1 @3 eif #
vertex $1916 -1 -1 $-1 $1386 $1917 #
straight-curve $-1 -1 -1 $-1 -15.450000000000001 -75.060339797793986 -1.5000000000000004 0 0 -1 F 0 F 0.099999999999998757 #
integer_attrib-name_attrib-gen-attrib $-1 -1 $1918 $-1 $1387 2 0 0 1 1 1 1 1 1 1 1 1 1 1 0 1 1 1 @3 fif 0 #
face $1919 -1 -1 $-1 $1920 $1500 $5 $-1 $1921 forward double out T -16.550000000000033 -76.100000000000023 -1.2000000000000037 -16.449999999999964 -76.099999999999937 -1.0499999999999625 F #
cone-surface $-1 -1 -1 $-1 -15.600000000000001 -75.060339797793986 1.3525807737340001 0 0 -1 0.14999999999999999 0 0 1 I I -0 1 0.14999999999999999 reversed I I I I #
coedge $-1 -1 -1 $-1 $1391 $1875 $1922 $1923 forward $1184 $-1 #
name_attrib-gen-attrib $-1 -1 $1924 $-1 $1392 2 1 1 1 1 1 1 1 1 1 1 1 1 1 0 1 1 1 @3 eif #
straight-curve $-1 -1 -1 $-1 -15.458738713260486 -75.110790257341961 -1.5 -0.33633639699820644 -0.94174191159481957 0 F 1.4936336468145946e-017 F 0.19608289728259673 #
integer_attrib-name_attrib-gen-attrib $-1 -1 $-1 $1393 $1125 2 1 1 1 1 1 1 1 1 1 1 1 1 1 0 1 1 1 @3 pid 176 #
integer_attrib-name_attrib-gen-attrib $-1 -1 $-1 $-1 $1394 2 1 1 1 1 1 1 1 1 1 1 1 1 1 0 1 1 1 @3 pid 118 #
point $-1 -1 -1 $-1 -15.458738713260594 -75.110790257343027 -1.5000000000000002 #
tcoedge-coedge $-1 -1 -1 $-1 $1922 $1925 $1396 $1665 reversed $1926 $1927 -1 -0 F #
tedge-edge $1928 -1 -1 $-1 $1400 0 $1929 1 $1664 $1930 forward @7 unknown T -15.61552603132097 -75.541816340030621 -1.7067526175005587 -15.524523866527732 -75.295285077942722 -1.4998353380827314 0.00016466191726850424 #
pcurve $-1 -1 -1 $-1 0 forward { exppc nubs 3 open 8 
	0 3 0.14294517077273874 1 0.28590055459641456 1 0.42877790041821745 1 0.57148297115899449 1 
	0.71431696805940215 1 0.85718532320375529 1 1 3 
	3.433031345075712e-013 0.020707568471141979 
	0.047661546684428652 0.020707568471106785 
	0.14296573651849948 0.020707568471044654 
	0.28570933383948488 0.020707568470968215 
	0.42854885037049811 0.020707568470932618 
	0.57169882024121843 0.020707568471045497 
	0.71449401356784292 0.020707568471106483 
	0.85715068748008472 0.020707568471620443 
	0.95238209367643756 0.020707568470672819 
	0.99999999999995504 0.020707568470009305 
	0.001 
	-1 
	spline forward { ref 87 } I I I I 
	} 0 0 #
integer_attrib-name_attrib-gen-attrib $-1 -1 $-1 $1399 $1127 2 1 1 1 1 1 1 1 1 1 1 1 1 1 0 1 1 1 @3 pid 175 #
integer_attrib-name_attrib-gen-attrib $-1 -1 $-1 $-1 $1400 2 1 1 1 1 1 1 1 1 1 1 1 1 1 0 1 1 1 @3 pid 119 #
point $-1 -1 -1 $-1 -15.52468852844515 -75.29544973985999 -1.5 #
integer_attrib-name_attrib-gen-attrib $-1 -1 $-1 $1402 $1130 2 1 1 1 1 1 1 1 1 1 1 1 1 1 0 1 1 1 @3 pid 178 #
integer_attrib-name_attrib-gen-attrib $-1 -1 $-1 $-1 $1403 2 1 1 1 1 1 1 1 1 1 1 1 1 1 0 1 1 1 @3 pid 121 #
edge $1931 -1 -1 $-1 $1403 -7.0636349774087027e-014 $1929 0.10000000000016052 $1890 $1932 forward @7 unknown T -15.615361369404027 -75.541651678113681 -1.7239527733502975 -15.615361369403374 -75.443170902811644 -1.7065879555829071 #
point $-1 -1 -1 $-1 -15.615361369403686 -75.443170902811914 -1.7239527733500251 #
integer_attrib-name_attrib-gen-attrib $-1 -1 $-1 $1405 $1134 2 1 1 1 1 1 1 1 1 1 1 1 1 1 0 1 1 1 @3 pid 140 #
coedge $-1 -1 -1 $-1 $1933 $1720 $1407 $1676 forward $1934 $-1 #
edge $1935 -1 -1 $-1 $1680 0 $1420 0.10000000000000009 $1407 $1936 forward @7 unknown T -16.402115211924031 -74.088736017032161 -1.6000000000020815 -16.402115211915717 -74.088736017023862 -1.4999999999958433 #
coedge $-1 -1 -1 $-1 $1408 $1610 $1933 $1937 reversed $405 $-1 #
pcurve $-1 -1 -1 $-1 0 forward { exppc nubs 3 open 4 
	-1 3 -0.67475988547013366 1 -0.34644640321119802 1 -0 3 
	1.2067137228319806 0.14788478808012648 
	1.2150932353237871 0.15372479839577652 
	1.232659775248838 0.16357302108268443 
	1.2625137480583279 0.17303503369179041 
	1.2831972559641041 0.17510719995800098 
	1.2940914071709999 0.1750693704953 
	0 
	0 
	plane -16.550000000000001 -75.29544973985999 -1.5999999999999999 0 0 -1 0 1 0 forward_v I I I I 
	} 0 0 #
name_attrib-gen-attrib $-1 -1 $1938 $-1 $1410 2 1 1 1 1 1 1 1 1 1 1 1 1 1 0 1 1 1 @3 eif #
tvertex-vertex $1939 -1 -1 $-1 $1721 $1940 4.1566057934357083e-012 #
intcurve-curve $-1 -1 -1 $-1 forward { exactcur full nubs 3 open 4 
	0 3 0.3253588018717693 1 0.65366891490243795 1 1 3 
	-16.402115211919874 -74.088736017028012 -1.5 
	-16.39627304845148 -74.08035335379509 -1.5 
	-16.386423756489556 -74.062783360016724 -1.5 
	-16.37696383645871 -74.032928730069017 -1.5 
	-16.374892779631885 -74.012248762334977 -1.5 
	-16.3749306295047 -74.00135833268898 -1.5 
	0 
	null_surface 
	null_surface 
	nullbs 
	nullbs 
	-1 
	-1 
	I I 
	0 
	0 
	2 0.3253588018717693 0.65366891490243795 
	
	-1 
	none F F 1 F 0 } I I #
integer_attrib-name_attrib-gen-attrib $-1 -1 $1941 $-1 $1412 2 0 0 1 1 1 1 1 1 1 1 1 1 1 0 1 1 1 @3 fif 0 #
face $1942 -1 -1 $-1 $1904 $1899 $5 $-1 $1943 forward double out T -15.597884788078224 -74.261263982969794 -1.6000000000003229 -15.477115211921136 -74.088736017031664 -1.4999999999998384 F #
cone-surface $-1 -1 -1 $-1 -16.525000000000002 -74.00271666537698 -4.5346617600289996 0 0 1 0.12288478807785606 -0.08601935165449924 0 1 I I -0 1 0.14999999999999999 reversed I I I I #
integer_attrib-name_attrib-gen-attrib $-1 -1 $-1 $1417 $1144 2 1 1 1 1 1 1 1 1 1 1 1 1 1 0 1 1 1 @3 pid 64 #
integer_attrib-name_attrib-gen-attrib $-1 -1 $-1 $1419 $1148 2 1 1 1 1 1 1 1 1 1 1 1 1 1 0 1 1 1 @3 pid 133 #
integer_attrib-name_attrib-gen-attrib $-1 -1 $-1 $-1 $1420 2 1 1 1 1 1 1 1 1 1 1 1 1 1 0 1 1 1 @3 pid 93 #
point $-1 -1 -1 $-1 -16.402115211921011 -74.088736017029746 -1.6000000000000001 #
coedge $-1 -1 -1 $-1 $1726 $1804 $1425 $1690 forward $1552 $-1 #
edge $1944 -1 -1 $-1 $1700 0 $1692 0.10000000000000009 $1425 $1945 forward @7 unknown T -16.402115211924439 -74.088736017032559 -1.0000000000022993 -16.402115211915252 -74.088736017023379 -0.89999999999540747 #
name_attrib-gen-attrib $-1 -1 $1946 $-1 $1426 2 1 1 1 1 1 1 1 1 1 1 1 1 1 0 1 1 1 @3 eif #
tvertex-vertex $1947 -1 -1 $-1 $1690 $1948 2.2993473272754135e-012 #
intcurve-curve $-1 -1 -1 $-1 forward { exactcur full nubs 3 open 4 
	0 3 0.34490196802158962 1 0.67362988398572754 1 1 3 
	-16.37493200388775 -74.002683962277601 -0.99999999999999989 
	-16.374986602586574 -74.01336927160996 -0.99999999999999989 
	-16.377163690024172 -74.033712794604483 -0.99999999999999989 
	-16.386587968828955 -74.063101413818202 -0.99999999999999989 
	-16.39633891813541 -74.080450273201436 -0.99999999999999989 
	-16.402115211919845 -74.088736017027969 -0.99999999999999989 
	0 
	null_surface 
	null_surface 
	nullbs 
	nullbs 
	-1 
	-1 
	I I 
	0 
	0 
	2 0.34490196802158962 0.67362988398572754 
	
	-1 
	none F F 1 F 0 } F 0.00017910389027936386 F 1 #
integer_attrib-name_attrib-gen-attrib $-1 -1 $-1 $1428 $1154 2 1 1 1 1 1 1 1 1 1 1 1 1 1 0 1 1 1 @3 pid 66 #
integer_attrib-name_attrib-gen-attrib $-1 -1 $-1 $-1 $1429 2 1 1 1 1 1 1 1 1 1 1 1 1 1 0 1 1 1 @3 pid 54 #
point $-1 -1 -1 $-1 -16.374966001943967 -74.002700431579484 -1.000001841258455 #
coedge $-1 -1 -1 $-1 $1949 $1431 $1804 $1950 reversed $11 $-1 #
pcurve $-1 -1 -1 $-1 0 forward { exppc nubs 3 open 4 
	-0.99981970470975312 3 -0.65518497335933545 1 -0.32645941331582018 1 -0 3 
	0.0027002618367077957 0.17506791066593622 
	0.013376997505239796 0.17501230305806259 
	0.033712413572514421 0.1728355564139066 
	0.063096383637019304 0.16341450068984728 
	0.08044789614347625 0.15366270745861269 
	0.088736017027978953 0.14788478808015479 
	0 
	0 
	plane -16.550000000000001 -73.999999999999986 -0.89999999999999991 0 0 1 0 -1 0 forward_v I I I I 
	} 0 0 #
name_attrib-gen-attrib $-1 -1 $1951 $-1 $1432 2 1 1 1 1 1 1 1 1 1 1 1 1 1 0 1 1 1 @3 eif #
tvertex-vertex $1952 -1 -1 $-1 $1950 $1953 4.592460716772978e-012 #
intcurve-curve $-1 -1 -1 $-1 forward { exactcur full nubs 3 open 4 
	0 3 0.32645941331582018 1 0.65518497335933545 1 1 3 
	-16.402115211919845 -74.088736017027969 -0.89999999999999991 
	-16.396337292541389 -74.080447896143468 -0.89999999999999991 
	-16.386585499310154 -74.063096383637003 -0.89999999999999991 
	-16.377162744707817 -74.033707114825745 -0.89999999999999991 
	-16.374986531573072 -74.01336610766522 -0.89999999999999991 
	-16.374932002929949 -74.002683505047514 -0.89999999999999991 
	0 
	null_surface 
	null_surface 
	nullbs 
	nullbs 
	-1 
	-1 
	I I 
	0 
	0 
	2 0.32645941331582018 0.65518497335933545 
	
	-1 
	none F F 1 F 0 } F 0 F 0.99981970470975312 #
coedge $-1 -1 -1 $-1 $1954 $1636 $1440 $1703 forward $1899 $-1 #
edge $1955 -1 -1 $-1 $1714 0 $1707 0.10000000000000009 $1440 $1956 forward @7 unknown T -15.597884788078224 -74.088736017032318 -1.6000000000003229 -15.597884788077577 -74.088736017031664 -1.4999999999998384 #
coedge $-1 -1 -1 $-1 $1441 $1722 $1954 $1957 reversed $1184 $-1 #
pcurve $-1 -1 -1 $-1 0 forward { exppc nubs 3 open 4 
	-1 3 -0.67362988395172851 1 -0.34490196800415962 1 -0.00017910389027033964 3 
	1.2067137228279998 0.95211521192210002 
	1.2149994666557737 0.94633891813670223 
	1.2323483260403538 0.93658796882952489 
	1.2617316816394615 0.92716537794913945 
	1.2820696504666009 0.92498776056414966 
	1.292749131500873 0.92493208980289887 
	0 
	0 
	plane -16.550000000000001 -75.29544973985999 -1.5 0 0 1 0 1 0 reverse_v I I I I 
	} 0 0 #
name_attrib-gen-attrib $-1 -1 $1958 $-1 $1442 2 1 1 1 1 1 1 1 1 1 1 1 1 1 0 1 1 1 @3 eif #
tvertex-vertex $1959 -1 -1 $-1 $1703 $1960 1.6164180023435486e-013 #
intcurve-curve $-1 -1 -1 $-1 forward { exactcur full nubs 3 open 4 
	0 3 0.34490196800415962 1 0.67362988395172851 1 1 3 
	-15.62506799611225 -74.002683962277601 -1.5 
	-15.625013397413428 -74.013369271609946 -1.5 
	-15.622836309975858 -74.033712794604497 -1.5 
	-15.613412031170476 -74.063101413819638 -1.5 
	-15.603661081863299 -74.080450273204207 -1.5 
	-15.5978847880779 -74.088736017031991 -1.5 
	0 
	null_surface 
	null_surface 
	nullbs 
	nullbs 
	-1 
	-1 
	I I 
	0 
	0 
	2 0.34490196800415962 0.67362988395172851 
	
	-1 
	none F F 1 F 0 } F 0.00017910389027033964 F 1 #
integer_attrib-name_attrib-gen-attrib $-1 -1 $-1 $1445 $1173 2 1 1 1 1 1 1 1 1 1 1 1 1 1 0 1 1 1 @3 pid 171 #
integer_attrib-name_attrib-gen-attrib $-1 -1 $-1 $-1 $1446 2 1 1 1 1 1 1 1 1 1 1 1 1 1 0 1 1 1 @3 pid 116 #
point $-1 -1 -1 $-1 -15.625033998056033 -74.002700431579484 -1.4999981587415447 #
pcurve $-1 -1 -1 $-1 0 forward { exppc nubs 3 open 4 
	-0.99981970470976211 3 -0.65518497337669257 1 -0.32645941334973216 1 -0 3 
	1.2927494780232904 0.9249320893340639 
	1.2820727423547589 0.9249876969419375 
	1.2617373262874692 0.92716444358606431 
	1.2323533562215472 0.93658549931072543 
	1.21500184371375 0.94633729254268051 
	1.2067137228279998 0.95211521192210002 
	0 
	0 
	plane -16.550000000000001 -75.29544973985999 -1.5999999999999999 0 0 -1 0 1 0 forward_v I I I I 
	} 0 0 #
name_attrib-gen-attrib $-1 -1 $1961 $-1 $1449 2 1 1 1 1 1 1 1 1 1 1 1 1 1 0 1 1 1 @3 eif #
tvertex-vertex $1962 -1 -1 $-1 $1449 $1963 3.2311978286919859e-013 #
intcurve-curve $-1 -1 -1 $-1 forward { exactcur full nubs 3 open 4 
	0 3 0.32645941334973216 1 0.65518497337669257 1 1 3 
	-15.5978847880779 -74.088736017031991 -1.5999999999999999 
	-15.603662707457321 -74.080447896146239 -1.5999999999999999 
	-15.613414500689275 -74.063096383638438 -1.5999999999999999 
	-15.622837255292213 -74.033707114825759 -1.5999999999999996 
	-15.625013468426928 -74.013366107665234 -1.5999999999999999 
	-15.625067997070053 -74.002683505047514 -1.5999999999999999 
	0 
	null_surface 
	null_surface 
	nullbs 
	nullbs 
	-1 
	-1 
	I I 
	0 
	0 
	2 0.32645941334973216 0.65518497337669257 
	
	-1 
	none F F 1 F 0 } F 0 F 0.99981970470976211 #
integer_attrib-name_attrib-gen-attrib $-1 -1 $-1 $1452 $1177 2 1 1 1 1 1 1 1 1 1 1 1 1 1 0 1 1 1 @3 pid 134 #
integer_attrib-name_attrib-gen-attrib $-1 -1 $-1 $-1 $1453 2 1 1 1 1 1 1 1 1 1 1 1 1 1 0 1 1 1 @3 pid 94 #
point $-1 -1 -1 $-1 -15.625033998535027 -74.002700085212254 -1.5999986848324879 #
coedge $-1 -1 -1 $-1 $1964 $1455 $1965 $1966 reversed $1184 $-1 #
coedge $-1 -1 -1 $-1 $1675 $1967 $1455 $1721 forward $1934 $-1 #
edge $1968 -1 -1 $-1 $1969 -6.4235566184684924e-017 $1680 0.21059722114914151 $1455 $1970 forward @7 unknown T -16.522884788076464 -74.261263982966113 -1.5000000000041567 -16.402115211915717 -74.088736017023862 -1.4999999999958433 #
coedge $-1 -1 -1 $-1 $1704 $1457 $1902 $1971 reversed $1184 $-1 #
edge $1972 -1 -1 $-1 $1909 0 $1653 0.71305646317099391 $1457 $1973 forward @7 unknown T -15.450000000000001 -75.060339797793986 -1.5000000000000002 -15.450000000000001 -74.347283334622986 -1.5 #
integer_attrib-name_attrib-gen-attrib $-1 -1 $-1 $1459 $1191 2 1 1 1 1 1 1 1 1 1 1 1 1 1 0 1 1 1 @3 pid 58 #
coedge $-1 -1 -1 $-1 $1464 $1974 $1975 $1976 reversed $68 $-1 #
coedge $-1 -1 -1 $-1 $1977 $1689 $1464 $1727 forward $1552 $-1 #
edge $1978 -1 -1 $-1 $1692 1.3188187039682755e-016 $1979 0.21059722114878709 $1464 $1980 forward @7 unknown T -16.52288478807623 -74.261263982965772 -1.0000000000022993 -16.402115211918808 -74.088736017027585 -0.99999999999770062 #
integer_attrib-name_attrib-gen-attrib $-1 -1 $-1 $1466 $1204 2 1 1 1 1 1 1 1 1 1 1 1 1 1 0 1 1 1 @3 pid 165 #
integer_attrib-name_attrib-gen-attrib $-1 -1 $1981 $1471 $1216 2 1 1 1 1 1 1 1 1 1 1 1 1 1 0 1 1 1 @3 pid 78 #
integer_attrib-name_attrib-gen-attrib $-1 -1 $-1 $1474 $1220 2 1 1 1 1 1 1 1 1 1 1 1 1 1 0 1 1 1 @3 pid 56 #
coedge $-1 -1 -1 $-1 $1476 $1982 $1983 $1984 reversed $11 $-1 #
coedge $-1 -1 -1 $-1 $1985 $1986 $1476 $1733 forward $1987 $-1 #
edge $1988 -1 -1 $-1 $1738 0 $1989 1.5707829309573984 $1476 $1990 forward @7 unknown T -16.550000000000004 -75.299999999999983 -0.89999999999999991 -16.449999999999978 -75.199999999999989 -0.89999999999999991 #
coedge $-1 -1 -1 $-1 $1806 $1477 $1986 $1991 forward $1736 $-1 #
coedge $-1 -1 -1 $-1 $1477 $1806 $1479 $1740 reversed $1736 $-1 #
loop $-1 -1 -1 $-1 $-1 $1806 $1992 T -16.449999999999999 -75.499999999999986 -0.99999999999999989 -16.350000427671052 -75.299999999999983 -0.89999999999999991 unknown #
name_attrib-gen-attrib $-1 -1 $1993 $-1 $1478 2 1 1 1 1 1 1 1 1 1 1 1 1 1 0 1 1 1 @3 eif #
vertex $1994 -1 -1 $-1 $1478 $1995 #
ellipse-curve $-1 -1 -1 $-1 -16.450000432030727 -75.399999999999991 -0.89999999999999991 0 0 1 4.3203072758180033e-007 -0.099999999999998757 0 1 F 0 F 3.1415840129750041 #
edge $1996 -1 -1 $-1 $1483 0 $1809 0.099999999999999992 $1479 $1997 forward @7 unknown T -16.449999999999999 -75.499999999999986 -0.99999999999999989 -16.449999999999999 -75.499999999999986 -0.89999999999999991 #
face $1998 -1 -1 $-1 $1486 $1481 $5 $-1 $1999 forward double out T -16.550000000000004 -75.599999999999994 -0.99999999999999989 -16.449999999999999 -75.499999999999986 -0.89999999999999991 F #
integer_attrib-name_attrib-gen-attrib $-1 -1 $-1 $1482 $1227 2 1 1 1 1 1 1 1 1 1 1 1 1 1 0 1 1 1 @3 pid 25 #
integer_attrib-name_attrib-gen-attrib $-1 -1 $-1 $-1 $1483 2 1 1 1 1 1 1 1 1 1 1 1 1 1 0 1 1 1 @3 pid 25 #
point $-1 -1 -1 $-1 -16.449999999999999 -75.499999999999986 -0.89999999999999991 #
name_attrib-gen-attrib $-1 -1 $2000 $-1 $1485 2 1 1 1 1 1 1 1 1 1 1 1 1 1 0 1 1 1 @3 eif #
straight-curve $-1 -1 -1 $-1 -16.550000000000001 -75.59999999999998 -0.90000000000000036 0 0 -1 F 0 F 0.099999999999998757 #
integer_attrib-name_attrib-gen-attrib $-1 -1 $2001 $-1 $1486 2 0 0 1 1 1 1 1 1 1 1 1 1 1 0 1 1 1 @3 fif 0 #
plane-surface $-1 -1 -1 $-1 -16.550000000000001 -75.374999999999986 -0.94999999999999996 -1 0 0 0 -1 0 forward_v I I I I #
integer_attrib-name_attrib-gen-attrib $-1 -1 $-1 $1490 $1234 2 1 1 1 1 1 1 1 1 1 1 1 1 1 0 1 1 1 @3 pid 91 #
integer_attrib-name_attrib-gen-attrib $-1 -1 $2002 $1492 $1235 2 1 1 1 1 1 1 1 1 1 1 1 1 1 0 1 1 1 @3 pid 27 #
string_attrib-name_attrib-gen-attrib $-1 -1 $-1 $1495 $990 2 1 2 1 1 1 1 1 1 1 1 1 1 1 0 1 1 1 @15 ATTRIB_XACIS_ID @5 81765 #
coedge $-1 -1 -1 $-1 $1496 $1499 $1835 $2003 forward $1500 $-1 #
name_attrib-gen-attrib $-1 -1 $2004 $-1 $1497 2 1 1 1 1 1 1 1 1 1 1 1 1 1 0 1 1 1 @3 eif #
vertex $2005 -1 -1 $-1 $1596 $2006 #
straight-curve $-1 -1 -1 $-1 -16.550000000000001 -76.09999999999998 -1.2 0 0 1 F 0 F 0.14999999999999999 #
edge $2007 -1 -1 $-1 $2008 0 $1325 0.15000000000000002 $1568 $2009 forward @7 unknown T -16.450000000000035 -76.100000000000023 -1.2 -16.449999999999964 -76.099999999999937 -1.0499999999999625 #
integer_attrib-name_attrib-gen-attrib $-1 -1 $-1 $1501 $1248 2 1 1 1 1 1 1 1 1 1 1 1 1 1 0 1 1 1 @3 pid 143 #
integer_attrib-name_attrib-gen-attrib $-1 -1 $-1 $1503 $1255 2 1 1 1 1 1 1 1 1 1 1 1 1 1 0 1 1 1 @3 pid 148 #
integer_attrib-name_attrib-gen-attrib $-1 -1 $-1 $-1 $1504 2 1 1 1 1 1 1 1 1 1 1 1 1 1 0 1 1 1 @3 pid 104 #
point $-1 -1 -1 $-1 -16.550000000000001 -76.59999999999998 -1.5499999999999998 #
coedge $-1 -1 -1 $-1 $1581 $1510 $2010 $2011 forward $1264 $-1 #
coedge $-1 -1 -1 $-1 $1513 $2012 $1510 $1763 forward $1521 $-1 #
edge $2013 -1 -1 $-1 $2014 0 $1516 0.22499999999999998 $1510 $2015 forward @7 unknown T -15.875 -76.259999999999991 -1.75 -15.65 -76.259999999999991 -1.75 #
integer_attrib-name_attrib-gen-attrib $-1 -1 $2016 $-1 $1511 2 0 0 1 1 1 1 1 1 1 1 1 1 1 0 1 1 1 @3 fif 0 #
face $2017 -1 -1 $-1 $1540 $1521 $5 $-1 $2018 reversed double out T -15.975000000000001 -76.599999999999994 -1.75 -15.65 -76.259999999999977 -1.75 F #
plane-surface $-1 -1 -1 $-1 -15.543933982822001 -76.259999999999991 -1.6560660171779999 0 1 0 1 0 0 forward_v I I I I #
name_attrib-gen-attrib $-1 -1 $2019 $-1 $1514 2 1 1 1 1 1 1 1 1 1 1 1 1 1 0 1 1 1 @3 eif #
straight-curve $-1 -1 -1 $-1 -15.65 -76.259999999999991 -1.75 0 -1 0 F 0 F 0.33999999999999986 #
integer_attrib-name_attrib-gen-attrib $-1 -1 $-1 $1515 $1268 2 1 1 1 1 1 1 1 1 1 1 1 1 1 0 1 1 1 @3 pid 214 #
integer_attrib-name_attrib-gen-attrib $-1 -1 $-1 $-1 $1516 2 1 1 1 1 1 1 1 1 1 1 1 1 1 0 1 1 1 @3 pid 139 #
point $-1 -1 -1 $-1 -15.65 -76.259999999999991 -1.75 #
coedge $-1 -1 -1 $-1 $2020 $1518 $1534 $1786 forward $1774 $-1 #
coedge $-1 -1 -1 $-1 $1518 $2020 $1520 $1778 forward $1774 $-1 #
loop $-1 -1 -1 $-1 $-1 $1518 $2021 T -15.975000000000001 -76.599999999999994 -1.75 -15.875 -76.499999999999986 -1.6499999999999999 unknown #
name_attrib-gen-attrib $-1 -1 $2022 $-1 $1519 2 1 1 1 1 1 1 1 1 1 1 1 1 1 0 1 1 1 @3 eif #
straight-curve $-1 -1 -1 $-1 -15.875 -76.59999999999998 -1.6500000000000004 0 0 -1 F 0 F 0.099999999999999645 #
coedge $-1 -1 -1 $-1 $2012 $1520 $2023 $2024 forward $1521 $-1 #
edge $2025 -1 -1 $-1 $2026 0 $1523 1.5707829309572321 $1520 $2027 forward @7 unknown T -15.975000000000001 -76.59999999999998 -1.75 -15.875 -76.499999999999986 -1.75 #
integer_attrib-name_attrib-gen-attrib $-1 -1 $-1 $1522 $1274 2 1 1 1 1 1 1 1 1 1 1 1 1 1 0 1 1 1 @3 pid 255 #
integer_attrib-name_attrib-gen-attrib $-1 -1 $-1 $-1 $1523 2 1 1 1 1 1 1 1 1 1 1 1 1 1 0 1 1 1 @3 pid 166 #
point $-1 -1 -1 $-1 -15.875 -76.59999999999998 -1.75 #
integer_attrib-name_attrib-gen-attrib $-1 -1 $-1 $1528 $1278 2 1 1 1 1 1 1 1 1 1 1 1 1 1 0 1 1 1 @3 pid 219 #
integer_attrib-name_attrib-gen-attrib $-1 -1 $2028 $1530 $1279 2 1 1 1 1 1 1 1 1 1 1 1 1 1 0 1 1 1 @3 pid 77 #
coedge $-1 -1 -1 $-1 $2029 $1533 $1581 $1819 reversed $1535 $-1 #
coedge $-1 -1 -1 $-1 $1534 $2029 $2030 $2031 reversed $1535 $-1 #
edge $2032 -1 -1 $-1 $1537 0 $2033 1.5707829309572321 $1534 $2034 forward @7 unknown T -15.975000000000001 -76.599999999999994 -1.6500000000000001 -15.875 -76.499999999999986 -1.6499999999999999 #
face $2035 -1 -1 $-1 $2036 $1535 $5 $-1 $2037 forward double out T -15.975000000000001 -76.599999999999994 -1.6500000000000001 -15.65 -76.259999999999977 -1.6499999999999999 F #
integer_attrib-name_attrib-gen-attrib $-1 -1 $-1 $1536 $1287 2 1 1 1 1 1 1 1 1 1 1 1 1 1 0 1 1 1 @3 pid 293 #
integer_attrib-name_attrib-gen-attrib $-1 -1 $-1 $-1 $1537 2 1 1 1 1 1 1 1 1 1 1 1 1 1 0 1 1 1 @3 pid 185 #
point $-1 -1 -1 $-1 -15.875 -76.59999999999998 -1.6500000000000001 #
name_attrib-gen-attrib $-1 -1 $2038 $-1 $1539 2 1 1 1 1 1 1 1 1 1 1 1 1 1 0 1 1 1 @3 eif #
vertex $2039 -1 -1 $-1 $1577 $2040 #
straight-curve $-1 -1 -1 $-1 -15.65 -76.59999999999998 -1.6499999999999999 0 1 0 F -2.7755575615628914e-017 F 0.33999999999999986 #
integer_attrib-name_attrib-gen-attrib $-1 -1 $2041 $-1 $1540 2 0 0 1 1 1 1 1 1 1 1 1 1 1 0 1 1 1 @3 fif 0 #
face $2042 -1 -1 $-1 $2043 $2044 $5 $-1 $2045 reversed double out T -16.450000000000003 -76.599999999999994 -1.6499999999999999 -16.349999999999998 -76.259999999999977 -1.5499999999999998 F #
cone-surface $-1 -1 -1 $-1 -15.65 -76.59999999999998 -1.5499999999999998 0 -1 0 0 0 -0.10000000000000001 1 I I -0 1 0.10000000000000001 reversed I I I I #
string_attrib-name_attrib-gen-attrib $-1 -1 $-1 $1546 $1043 2 1 2 1 1 1 1 1 1 1 1 1 1 1 0 1 1 1 @15 ATTRIB_XACIS_ID @5 81732 #
string_attrib-name_attrib-gen-attrib $-1 -1 $-1 $1549 $1052 2 1 2 1 1 1 1 1 1 1 1 1 1 1 0 1 1 1 @15 ATTRIB_XACIS_ID @5 81795 #
integer_attrib-name_attrib-gen-attrib $-1 -1 $2046 $1550 $1305 2 1 1 1 1 1 1 1 1 1 1 1 1 1 0 1 1 1 @3 pid 16 #
integer_attrib-name_attrib-gen-attrib $-1 -1 $2047 $-1 $1551 2 0 0 1 1 1 1 1 1 1 1 1 1 1 0 1 1 1 @3 fif 0 #
face $2048 -1 -1 $-1 $2049 $2050 $5 $-1 $2051 forward double out T -16.550000000000001 -74.499999999999986 -1 -16.550000000000001 -74.347283334622986 -0.89999999999999947 F #
loop $-1 -1 -1 $-1 $-1 $2052 $1551 T -16.550000000000001 -74.347283334622986 -1 -16.52288478807623 -74.261263982965659 -0.89999999999999947 unknown #
cone-surface $-1 -1 -1 $-1 -16.400000000000002 -74.347283334622986 -4.5346617600289996 0 -0 1 -0.12288478807785606 0.08601935165449924 -0 1 I I -0 1 0.14999999999999999 reversed I I I I #
coedge $-1 -1 -1 $-1 $1689 $1977 $1697 $1950 forward $1552 $-1 #
coedge $-1 -1 -1 $-1 $2053 $1558 $2054 $2055 reversed $68 $-1 #
coedge $-1 -1 -1 $-1 $1735 $1734 $1558 $1807 forward $1736 $-1 #
edge $2056 -1 -1 $-1 $2057 0 $1809 3.1415841001502449 $1558 $2058 forward @7 unknown T -16.449999999999999 -75.499999999999986 -0.99999999999999989 -16.350000427671052 -75.299999999999983 -0.99999999999999956 #
name_attrib-gen-attrib $-1 -1 $2059 $-1 $1560 2 1 1 1 1 1 1 1 1 1 1 1 1 1 0 1 1 1 @3 eif #
vertex $2060 -1 -1 $-1 $1807 $2061 #
ellipse-curve $-1 -1 -1 $-1 -16.449999330203632 -75.600000669796358 -0.99999999999999989 0 -0 1 -6.6979637006192583e-007 0.10000066979637001 -0 1 F 0 F 1.5707829309572197 #
integer_attrib-name_attrib-gen-attrib $-1 -1 $-1 $1561 $1315 2 1 1 1 1 1 1 1 1 1 1 1 1 1 0 1 1 1 @3 pid 90 #
integer_attrib-name_attrib-gen-attrib $-1 -1 $-1 $-1 $1562 2 1 1 1 1 1 1 1 1 1 1 1 1 1 0 1 1 1 @3 pid 65 #
point $-1 -1 -1 $-1 -16.550000000000001 -75.59999999999998 -0.99999999999999956 #
coedge $-1 -1 -1 $-1 $2062 $1567 $2063 $2064 forward $1340 $-1 #
coedge $-1 -1 -1 $-1 $1568 $2062 $2065 $2066 reversed $1340 $-1 #
integer_attrib-name_attrib-gen-attrib $-1 -1 $-1 $1569 $1323 2 1 1 1 1 1 1 1 1 1 1 1 1 1 0 1 1 1 @3 pid 169 #
name_attrib-gen-attrib $-1 -1 $2067 $-1 $1577 2 1 1 1 1 1 1 1 1 1 1 1 1 1 0 1 1 1 @3 eif #
ellipse-curve $-1 -1 -1 $-1 -15.65000066979637 -76.259999999999991 -1.5499993302036299 0 1 0 0.1000006697963699 0 -6.6979636992314795e-007 1 F 0 F 1.5707829309572232 #
edge $2068 -1 -1 $-1 $2069 0 $1792 0.22500000000000009 $1581 $2070 forward @7 unknown T -15.875 -76.259999999999991 -1.6500000000000001 -15.65 -76.259999999999991 -1.6499999999999999 #
string_attrib-name_attrib-gen-attrib $-1 -1 $-1 $1584 $1087 2 1 2 1 1 1 1 1 1 1 1 1 1 1 0 1 1 1 @15 ATTRIB_XACIS_ID @5 81802 #
integer_attrib-name_attrib-gen-attrib $-1 -1 $2071 $1585 $1339 2 1 1 1 1 1 1 1 1 1 1 1 1 1 0 1 1 1 @3 pid 81 #
integer_attrib-name_attrib-gen-attrib $-1 -1 $2072 $-1 $1586 2 0 0 1 1 1 1 1 1 1 1 1 1 1 0 1 1 1 @3 fif 0 #
face $2073 -1 -1 $-1 $2074 $1631 $5 $-1 $2075 forward double out T -16.475476133472142 -75.54181634003038 -1.7240483878252271 -16.384473968678968 -75.295285077942651 -1.4998353380826677 T 0 0.99999999999990052 0.01923076922978206 0.97929243152864232 #
spline-surface $-1 -1 -1 $-1 forward { ref 87 } I I I I #
string_attrib-name_attrib-gen-attrib $-1 -1 $-1 $1589 $1095 2 1 2 1 1 1 1 1 1 1 1 1 1 1 0 1 1 1 @15 ATTRIB_XACIS_ID @5 81774 #
integer_attrib-name_attrib-gen-attrib $-1 -1 $2076 $1590 $1345 2 1 1 1 1 1 1 1 1 1 1 1 1 1 0 1 1 1 @3 pid 57 #
integer_attrib-name_attrib-gen-attrib $-1 -1 $2077 $-1 $1591 2 0 0 1 1 1 1 1 1 1 1 1 1 1 0 1 1 1 @3 fif 0 #
face $2078 -1 -1 $-1 $2079 $1615 $5 $-1 $2080 forward double out T -16.550000000000001 -75.110790257343737 -1.5999999999999999 -16.541261286739228 -75.060339797793986 -1.4999999999999998 F #
plane-surface $-1 -1 -1 $-1 -16.512655735777411 -75.19088580003698 -1.5499999999999998 -0.94174191159481935 -0.33633639699820689 0 -0.33633639699820689 0.94174191159481935 -0 forward_v I I I I #
coedge $-1 -1 -1 $-1 $2081 $1593 $1598 $1843 forward $1832 $-1 #
coedge $-1 -1 -1 $-1 $1593 $2081 $1604 $1851 forward $1832 $-1 #
loop $-1 -1 -1 $-1 $-1 $1831 $1920 T -16.550000000000001 -76.599999999999994 -1.75 -16.349999999999998 -76.259999999999977 -1.5499999999999998 unknown #
name_attrib-gen-attrib $-1 -1 $2082 $-1 $1594 2 1 1 1 1 1 1 1 1 1 1 1 1 1 0 1 1 1 @3 eif #
straight-curve $-1 -1 -1 $-1 -16.550000000000001 -76.259999999999991 -1.5499999999999998 0 -1 0 F 0 F 0.33999999999999986 #
coedge $-1 -1 -1 $-1 $2065 $1595 $1752 $2003 reversed $1837 $-1 #
coedge $-1 -1 -1 $-1 $1595 $2065 $1597 $1841 forward $1837 $-1 #
loop $-1 -1 -1 $-1 $-1 $1835 $2083 T -16.550000000000001 -76.259999999999991 -1.3499999999999974 -16.449999999999999 -76.09999999999998 -1.2 unknown #
name_attrib-gen-attrib $-1 -1 $2084 $-1 $1596 2 1 1 1 1 1 1 1 1 1 1 1 1 1 0 1 1 1 @3 eif #
straight-curve $-1 -1 -1 $-1 -16.550000000000001 -76.259999999999977 -1.349999999999993 0 0.72953720414010692 0.68394112888130665 F 4.5559631326220492e-017 F 0.21931712199460662 #
coedge $-1 -1 -1 $-1 $2085 $1597 $2062 $2086 forward $1599 $-1 #
edge $2087 -1 -1 $-1 $2088 1.3877787807814457e-017 $1601 0.10000000000000001 $1836 $2089 forward @7 unknown T -16.550000000000001 -76.259999999999991 -1.3499999999999974 -16.449999999999999 -76.259999999999991 -1.3499999999999903 #
coedge $-1 -1 -1 $-1 $1598 $2090 $2091 $2092 forward $1599 $-1 #
edge $2093 -1 -1 $-1 $1602 0 $2094 1.5707880836650796 $1830 $2095 forward @7 unknown T -16.550000000000001 -76.259999999999991 -1.75 -16.349999999999998 -76.259999999999991 -1.5499999999999998 #
face $2096 -1 -1 $-1 $2097 $1599 $5 $-1 $2098 forward double out T -16.550000000000001 -76.259999999999991 -1.75 -16.125 -76.259999999999991 -1.3499999999999903 F #
integer_attrib-name_attrib-gen-attrib $-1 -1 $-1 $1600 $1351 2 1 1 1 1 1 1 1 1 1 1 1 1 1 0 1 1 1 @3 pid 146 #
integer_attrib-name_attrib-gen-attrib $-1 -1 $-1 $-1 $1601 2 1 1 1 1 1 1 1 1 1 1 1 1 1 0 1 1 1 @3 pid 102 #
point $-1 -1 -1 $-1 -16.550000000000001 -76.259999999999991 -1.3499999999999952 #
integer_attrib-name_attrib-gen-attrib $-1 -1 $-1 $-1 $1602 2 1 1 1 1 1 1 1 1 1 1 1 1 1 0 1 1 1 @3 pid 103 #
point $-1 -1 -1 $-1 -16.550000000000001 -76.259999999999991 -1.5499999999999998 #
coedge $-1 -1 -1 $-1 $1857 $1604 $2099 $2100 forward $1354 $-1 #
edge $2101 -1 -1 $-1 $2102 0 $1504 1.5707880836650809 $1831 $2103 forward @7 unknown T -16.550000000000001 -76.59999999999998 -1.75 -16.350000000000001 -76.59999999999998 -1.5499999999999998 #
coedge $-1 -1 -1 $-1 $2104 $2063 $1605 $1853 forward $2044 $-1 #
edge $2105 -1 -1 $-1 $1855 0 $2106 1.5707829309572177 $1852 $2107 forward @7 unknown T -16.449999999999999 -76.59999999999998 -1.6499999999999999 -16.349999999999998 -76.59999999999998 -1.5499999999999998 #
name_attrib-gen-attrib $-1 -1 $2108 $-1 $1606 2 1 1 1 1 1 1 1 1 1 1 1 1 1 0 1 1 1 @3 eif #
vertex $2109 -1 -1 $-1 $1606 $2110 #
straight-curve $-1 -1 -1 $-1 -16.449999999999999 -76.59999999999998 -1.5499999999999998 0 0 1 F 0 F 0.5 #
coedge $-1 -1 -1 $-1 $1607 $1850 $2111 $2112 forward $1354 $-1 #
coedge $-1 -1 -1 $-1 $2113 $2114 $1607 $1859 forward $2115 $-1 #
edge $2116 -1 -1 $-1 $2106 0 $2117 0.22499999999999998 $1858 $2118 forward @7 unknown T -16.350000000000001 -76.59999999999998 -1.6499999999999999 -16.125 -76.59999999999998 -1.6499999999999999 #
integer_attrib-name_attrib-gen-attrib $-1 -1 $2119 $-1 $1608 2 0 0 1 1 1 1 1 1 1 1 1 1 1 0 1 1 1 @3 fif 0 #
plane-surface $-1 -1 -1 $-1 -16.1875 -76.59999999999998 -1.6999999999999997 0 -1 0 -1 0 0 forward_v I I I I #
coedge $-1 -1 -1 $-1 $2120 $2121 $1610 $1863 forward $2122 $-1 #
edge $2123 -1 -1 $-1 $2124 0 $1868 0.61071027225922447 $1862 $2125 forward @7 unknown T -16.550000000000001 -74.347283334622986 -1.5999999999999999 -16.522884788076233 -74.261263982965659 -1.5999999999999996 #
coedge $-1 -1 -1 $-1 $2126 $1611 $1614 $1871 forward $1866 $-1 #
coedge $-1 -1 -1 $-1 $1611 $2126 $2120 $2127 forward $1866 $-1 #
loop $-1 -1 -1 $-1 $-1 $1611 $2079 T -16.550000000000001 -75.060339797793986 -1.5999999999999999 -16.550000000000001 -74.347283334622986 -1.4999999999999998 unknown #
name_attrib-gen-attrib $-1 -1 $2128 $-1 $1612 2 1 1 1 1 1 1 1 1 1 1 1 1 1 0 1 1 1 @3 eif #
vertex $2129 -1 -1 $-1 $1863 $2130 #
straight-curve $-1 -1 -1 $-1 -16.550000000000001 -74.347283334622986 -1.5999999999999999 0 -1 0 F 0 F 0.71305646317099991 #
coedge $-1 -1 -1 $-1 $1614 $1613 $2131 $2132 forward $1615 $-1 #
edge $2133 -1 -1 $-1 $1617 0 $2134 0.099999999999998757 $1614 $2135 forward @7 unknown T -16.550000000000001 -75.060339797793986 -1.5999999999999999 -16.550000000000001 -75.060339797793986 -1.4999999999999998 #
integer_attrib-name_attrib-gen-attrib $-1 -1 $-1 $1616 $1360 2 1 1 1 1 1 1 1 1 1 1 1 1 1 0 1 1 1 @3 pid 129 #
integer_attrib-name_attrib-gen-attrib $-1 -1 $-1 $-1 $1617 2 1 1 1 1 1 1 1 1 1 1 1 1 1 0 1 1 1 @3 pid 90 #
point $-1 -1 -1 $-1 -16.550000000000001 -75.060339797793986 -1.5999999999999999 #
coedge $-1 -1 -1 $-1 $1658 $2131 $1619 $1876 reversed $1184 $-1 #
edge $2136 -1 -1 $-1 $1880 8.9618018867289246e-017 $1883 0.19608289728113215 $1875 $2137 forward @7 unknown T -16.541261286739399 -75.295449739860217 -1.500000000000228 -16.475311471554583 -75.110790257343396 -1.499999999999772 #
tcoedge-coedge $-1 -1 -1 $-1 $1620 $1630 $2138 $2139 forward $1631 $2140 0 1 F #
pcurve $-1 -1 -1 $-1 0 forward { exppc nubs 3 open 2 
	-0.10000000000000009 3 -0 3 
	2.4979775861372931e-014 0.97929243153050571 
	-7.5916546681473393e-014 0.65927187743023008 
	-1.7681286922431974e-013 0.33925132332995461 
	-2.7770919176716605e-013 0.01923076922967908 
	0.001 
	-1 
	spline forward { ref 108 } I I I I 
	} 0 0 #
name_attrib-gen-attrib $-1 -1 $2141 $-1 $1621 2 1 1 1 1 1 1 1 1 1 1 1 1 1 0 1 1 1 @3 eif #
tvertex-vertex $2142 -1 -1 $-1 $1923 $2143 2.2801335107870483e-013 #
straight-curve $-1 -1 -1 $-1 -16.475311471554893 -75.295449739860018 -1.5999999999999999 0 0 1 F 0 F 0.099999999999999978 #
name_attrib-gen-attrib $-1 -1 $2144 $-1 $1622 2 1 1 1 1 1 1 1 1 1 1 1 1 1 0 1 1 1 @3 eif #
vertex $2145 -1 -1 $-1 $1876 $2146 #
straight-curve $-1 -1 -1 $-1 -16.541261286739289 -75.110790257343737 -1.5000000000000004 0 0 -1 F 0 F 0.099999999999998757 #
coedge $-1 -1 -1 $-1 $2147 $1626 $2148 $2149 reversed $1887 $-1 #
coedge $-1 -1 -1 $-1 $1626 $2150 $2151 $2152 reversed $1887 $-1 #
loop $-1 -1 -1 $-1 $-1 $2153 $2074 T -16.384638630596488 -75.504557674096318 -2.0720944533001182 -15.615361369403415 -75.443170902811644 -1.7239527733497526 unknown #
name_attrib-gen-attrib $-1 -1 $2154 $-1 $1627 2 1 1 1 1 1 1 1 1 1 1 1 1 1 0 1 1 1 @3 eif #
straight-curve $-1 -1 -1 $-1 -16.384638630596299 -75.443170902811644 -1.723952773350059 1 0 0 F 2.7755575615628914e-017 F 0.76927726119260009 #
coedge $-1 -1 -1 $-1 $2155 $2148 $1628 $1672 forward $2156 $-1 #
pcurve $-1 -1 -1 $-1 0 forward { exppc nubs 3 open 2 
	-0.099999999999783901 3 -0 3 
	0.99999999999995504 0.020707568470009305 
	0.99999999999995037 0.34072812257008067 
	0.99999999999994582 0.66074867667015202 
	0.99999999999994116 0.98076923077022338 
	0.001 
	-1 
	spline forward { ref 87 } I I I I 
	} 0 0 #
coedge $-1 -1 -1 $-1 $2151 $2157 $1630 $1893 forward $2158 $-1 #
edge $2159 -1 -1 $-1 $2160 -5.685045185389343e-014 $1634 0.099999999999943093 $1892 $2161 forward @7 unknown T -16.384638630596942 -75.541651678113681 -1.7239527733502169 -16.384638630595656 -75.443170902811644 -1.7065879555826469 #
pcurve $-1 -1 -1 $-1 0 forward { exppc nubs 3 open 2 
	-0.099999999999783901 3 -4.622231866539353e-032 3 
	0.99999999999994238 0.01923076922978206 
	0.99999999999992839 0.33925132332940211 
	0.99999999999991451 0.65927187742902216 
	0.99999999999990052 0.97929243152864232 
	0.001 
	-1 
	spline forward { ref 108 } I I I I 
	} 0 0 #
integer_attrib-name_attrib-gen-attrib $-1 -1 $-1 $1633 $1371 2 1 1 1 1 1 1 1 1 1 1 1 1 1 0 1 1 1 @3 pid 177 #
integer_attrib-name_attrib-gen-attrib $-1 -1 $-1 $-1 $1634 2 1 1 1 1 1 1 1 1 1 1 1 1 1 0 1 1 1 @3 pid 120 #
point $-1 -1 -1 $-1 -16.384638630596299 -75.443170902811829 -1.7239527733500275 #
coedge $-1 -1 -1 $-1 $1636 $1954 $1638 $1903 forward $1899 $-1 #
loop $-1 -1 -1 $-1 $-1 $1636 $1683 T -15.597884788078224 -74.261263982969794 -1.6000000000003229 -15.477115211921136 -74.088736017031664 -1.4999999999998384 unknown #
name_attrib-gen-attrib $-1 -1 $2162 $-1 $1637 2 1 1 1 1 1 1 1 1 1 1 1 1 1 0 1 1 1 @3 eif #
straight-curve $-1 -1 -1 $-1 -15.477115211921136 -74.261263982969794 -1.5999999999999999 -0.5734623443633281 0.8192319205190407 -0 F 3.6381205626636188e-017 F 0.21059722114909721 #
coedge $-1 -1 -1 $-1 $1639 $1638 $1722 $1971 forward $1640 $-1 #
edge $2163 -1 -1 $-1 $2164 0 $1642 0.099999999999998757 $1898 $2165 forward @7 unknown T -15.477115211922081 -74.261263982969666 -1.5999999999999996 -15.477115211921525 -74.261263982968444 -1.5 #
face $2166 -1 -1 $-1 $1646 $1640 $5 $-1 $2167 forward double out T -15.477115211922081 -74.347283334622986 -1.5999999999999999 -15.449999999999999 -74.261263982968444 -1.5 F #
integer_attrib-name_attrib-gen-attrib $-1 -1 $-1 $1641 $1378 2 1 1 1 1 1 1 1 1 1 1 1 1 1 0 1 1 1 @3 pid 137 #
integer_attrib-name_attrib-gen-attrib $-1 -1 $-1 $-1 $1642 2 1 1 1 1 1 1 1 1 1 1 1 1 1 0 1 1 1 @3 pid 96 #
point $-1 -1 -1 $-1 -15.477115211921742 -74.261263982969211 -1.5999999999999996 #
name_attrib-gen-attrib $-1 -1 $2168 $-1 $1645 2 1 1 1 1 1 1 1 1 1 1 1 1 1 0 1 1 1 @3 eif #
vertex $2169 -1 -1 $-1 $1971 $2170 #
straight-curve $-1 -1 -1 $-1 -15.450000000000001 -74.347283334622986 -1.5999999999999992 0 0 1 F 0 F 0.099999999999998757 #
integer_attrib-name_attrib-gen-attrib $-1 -1 $2171 $-1 $1646 2 0 0 1 1 1 1 1 1 1 1 1 1 1 0 1 1 1 @3 fif 0 #
plane-surface $-1 -1 -1 $-1 -15.450000000000001 -74.647724869929988 -1.5499999999999998 -1 0 0 0 1 0 forward_v I I I I #
name_attrib-gen-attrib $-1 -1 $2172 $-1 $1651 2 1 1 1 1 1 1 1 1 1 1 1 1 1 0 1 1 1 @3 eif #
ellipse-curve $-1 -1 -1 $-1 -15.600001210231218 -75.06033958816495 -1.5 0 0 -1 0.1500012102312176 -2.0962903790611162e-007 0 1 F 0 F 0.34302114538232747 #
integer_attrib-name_attrib-gen-attrib $-1 -1 $-1 $1652 $1386 2 1 1 1 1 1 1 1 1 1 1 1 1 1 0 1 1 1 @3 pid 197 #
integer_attrib-name_attrib-gen-attrib $-1 -1 $-1 $-1 $1653 2 1 1 1 1 1 1 1 1 1 1 1 1 1 0 1 1 1 @3 pid 130 #
point $-1 -1 -1 $-1 -15.450000000000001 -75.060339797793986 -1.5000000000000002 #
integer_attrib-name_attrib-gen-attrib $-1 -1 $2173 $1655 $1387 2 1 1 1 1 1 1 1 1 1 1 1 1 1 0 1 1 1 @3 pid 67 #
integer_attrib-name_attrib-gen-attrib $-1 -1 $2174 $-1 $1656 2 0 0 1 1 1 1 1 1 1 1 1 1 1 0 1 1 1 @3 fif 0 #
face $2175 -1 -1 $-1 $2083 $1832 $5 $-1 $2176 forward double out T -16.550000000000001 -76.599999999999994 -1.75 -16.349999999999998 -76.259999999999977 -1.5499999999999998 F #
plane-surface $-1 -1 -1 $-1 -16.5 -76.09999999999998 -1.3999999999999999 0 1 0 0 0 -1 forward_v I I I I #
coedge $-1 -1 -1 $-1 $2138 $1664 $1658 $1923 reversed $1926 $-1 #
edge $2177 -1 -1 $-1 $1880 0 $1400 0.95062294310980999 $1658 $2178 forward @7 unknown T -16.475311471555038 -75.295449739860331 -1.5000000000003406 -15.524688528444809 -75.295449739859649 -1.4999999999996594 #
integer_attrib-name_attrib-gen-attrib $-1 -1 $-1 $1659 $1392 2 1 1 1 1 1 1 1 1 1 1 1 1 1 0 1 1 1 @3 pid 174 #
coedge $-1 -1 -1 $-1 $1664 $2138 $2179 $2180 reversed $1926 $-1 #
loop $-1 -1 -1 $-1 $-1 $1664 $2043 T -16.475476133472142 -75.541816340030621 -1.7067526175006225 -15.524523866527732 -75.295285077942651 -1.4998353380826677 unknown #
pcurve $-1 -1 -1 $-1 0 forward { exppc nubs 1 open 2 
	-1 1 -0 1 
	-3.7385545223852001 -0.17453292519934066 
	-4.1012458862200001 -1.5707963267948966 
	0.001 
	0.0002463790327336679 
	cone -16.550000000000001 -75.29544973985999 -1.75 1 0 0 0 -0.25 0 1 I I -0 1 0.25 reversed I I I I 
	} 0 0 #
name_attrib-gen-attrib $-1 -1 $2181 $-1 $1665 2 1 1 1 1 1 1 1 1 1 1 1 1 1 0 1 1 1 @3 eif #
tvertex-vertex $2182 -1 -1 $-1 $2183 $2184 3.2727058581008426e-013 #
intcurve-curve $-1 -1 -1 $-1 forward { exactcur full nubs 3 open 8 
	0 3 0.14294517077273874 1 0.28590055459641456 1 0.42877790041821745 1 0.57148297115899449 1 
	0.71431696805940215 1 0.85718532320375529 1 1 3 
	-15.524688528445001 -75.29544973985999 -1.5 
	-15.529010182209136 -75.312299710512093 -1.5000326766570495 
	-15.537651754146792 -75.345246237288407 -1.5033152460871351 
	-15.550594579031207 -75.393288235115477 -1.5181248265464498 
	-15.563546403085404 -75.437254747058446 -1.542096722395855 
	-15.576525953704895 -75.475630637841562 -1.574309859266015 
	-15.589473755782301 -75.506850324206667 -1.6134442134619933 
	-15.602408700335639 -75.529752226975589 -1.6581624967456401 
	-15.611043672632739 -75.538696387187755 -1.6900151867826478 
	-15.615361369403701 -75.541651678113041 -1.7065879555832901 
	0 
	null_surface 
	null_surface 
	nullbs 
	nullbs 
	-1 
	-1 
	I I 
	0 
	0 
	6 0.14294517077273874 0.28590055459641456 0.42877790041821745 0.57148297115899449 0.71431696805940215 0.85718532320375529 
	
	-1 
	none F F 1 F 0 } I I #
name_attrib-gen-attrib $-1 -1 $2185 $-1 $1672 2 1 1 1 1 1 1 1 1 1 1 1 1 1 0 1 1 1 @3 eif #
straight-curve $-1 -1 -1 $-1 -15.615361369403649 -75.443170902811985 -1.7239527733500188 2.2204460492551113e-015 -0.9848077530122098 0.17364817766692073 F -7.0636349774087027e-014 F 0.10000000000016052 #
coedge $-1 -1 -1 $-1 $1967 $1675 $1677 $1937 forward $1934 $-1 #
loop $-1 -1 -1 $-1 $-1 $1720 $2186 T -16.522884788077686 -74.261263982968103 -1.6000000000020815 -16.402115211915717 -74.088736017023862 -1.4999999999958433 unknown #
name_attrib-gen-attrib $-1 -1 $2187 $-1 $1676 2 1 1 1 1 1 1 1 1 1 1 1 1 1 0 1 1 1 @3 eif #
straight-curve $-1 -1 -1 $-1 -16.40211521192208 -74.088736017031536 -1.5 0 0 -1 F 0 F 0.10000000000000009 #
edge $2188 -1 -1 $-1 $1420 8.4131538011649826e-017 $2124 0.21059722114873586 $1933 $2189 forward @7 unknown T -16.522884788076926 -74.261263982966909 -1.6000000000020815 -16.402115211918929 -74.088736017027671 -1.5999999999979186 #
integer_attrib-name_attrib-gen-attrib $-1 -1 $-1 $1679 $1410 2 1 1 1 1 1 1 1 1 1 1 1 1 1 0 1 1 1 @3 pid 191 #
integer_attrib-name_attrib-gen-attrib $-1 -1 $-1 $-1 $1680 2 1 1 1 1 1 1 1 1 1 1 1 1 1 0 1 1 1 @3 pid 127 #
point $-1 -1 -1 $-1 -16.402115211919874 -74.088736017028012 -1.5 #
integer_attrib-name_attrib-gen-attrib $-1 -1 $2190 $1682 $1412 2 1 1 1 1 1 1 1 1 1 1 1 1 1 0 1 1 1 @3 pid 63 #
integer_attrib-name_attrib-gen-attrib $-1 -1 $2191 $-1 $1683 2 0 0 1 1 1 1 1 1 1 1 1 1 1 0 1 1 1 @3 fif 0 #
plane-surface $-1 -1 -1 $-1 -15.537500000000001 -74.174999999999983 -1.5499999999999998 0.81923192051904048 0.57346234436332832 0 0.57346234436332832 -0.81923192051904048 0 forward_v I I I I #
name_attrib-gen-attrib $-1 -1 $2192 $-1 $1690 2 1 1 1 1 1 1 1 1 1 1 1 1 1 0 1 1 1 @3 eif #
straight-curve $-1 -1 -1 $-1 -16.4021152119223 -74.088736017031849 -0.89999999999999991 0 0 -1 F 0 F 0.10000000000000009 #
integer_attrib-name_attrib-gen-attrib $-1 -1 $-1 $1691 $1426 2 1 1 1 1 1 1 1 1 1 1 1 1 1 0 1 1 1 @3 pid 67 #
integer_attrib-name_attrib-gen-attrib $-1 -1 $-1 $-1 $1692 2 1 1 1 1 1 1 1 1 1 1 1 1 1 0 1 1 1 @3 pid 55 #
point $-1 -1 -1 $-1 -16.402115211921107 -74.088736017029888 -1 #
coedge $-1 -1 -1 $-1 $2193 $1697 $2194 $2195 reversed $11 $-1 #
edge $2196 -1 -1 $-1 $2197 -6.4235566184697534e-017 $1700 0.21059722114919244 $1697 $2198 forward @7 unknown T -16.522884788076464 -74.261263982966113 -0.90000000000459235 -16.402115211915252 -74.088736017023379 -0.89999999999540747 #
integer_attrib-name_attrib-gen-attrib $-1 -1 $-1 $1699 $1432 2 1 1 1 1 1 1 1 1 1 1 1 1 1 0 1 1 1 @3 pid 15 #
integer_attrib-name_attrib-gen-attrib $-1 -1 $-1 $-1 $1700 2 1 1 1 1 1 1 1 1 1 1 1 1 1 0 1 1 1 @3 pid 16 #
point $-1 -1 -1 $-1 -16.402115211919845 -74.088736017027969 -0.89999999999999991 #
coedge $-1 -1 -1 $-1 $1898 $1702 $1704 $1957 forward $1899 $-1 #
name_attrib-gen-attrib $-1 -1 $2199 $-1 $1703 2 1 1 1 1 1 1 1 1 1 1 1 1 1 0 1 1 1 @3 eif #
straight-curve $-1 -1 -1 $-1 -15.5978847880777 -74.088736017031849 -1.6000000000000001 0 0 1 F 0 F 0.10000000000000009 #
edge $2200 -1 -1 $-1 $1707 -1.000483154734136e-016 $2164 0.21059722114876911 $1704 $2201 forward @7 unknown T -15.597884788077931 -74.261263982969666 -1.5000000000001616 -15.477115211921324 -74.088736017031735 -1.4999999999998384 #
integer_attrib-name_attrib-gen-attrib $-1 -1 $-1 $1706 $1442 2 1 1 1 1 1 1 1 1 1 1 1 1 1 0 1 1 1 @3 pid 172 #
integer_attrib-name_attrib-gen-attrib $-1 -1 $-1 $-1 $1707 2 1 1 1 1 1 1 1 1 1 1 1 1 1 0 1 1 1 @3 pid 117 #
point $-1 -1 -1 $-1 -15.597884788077769 -74.088736017031891 -1.5 #
integer_attrib-name_attrib-gen-attrib $-1 -1 $-1 $1713 $1449 2 1 1 1 1 1 1 1 1 1 1 1 1 1 0 1 1 1 @3 pid 135 #
integer_attrib-name_attrib-gen-attrib $-1 -1 $-1 $-1 $1714 2 1 1 1 1 1 1 1 1 1 1 1 1 1 0 1 1 1 @3 pid 95 #
point $-1 -1 -1 $-1 -15.5978847880779 -74.088736017031991 -1.5999999999999999 #
coedge $-1 -1 -1 $-1 $2131 $1719 $2126 $2202 forward $1184 $-1 #
coedge $-1 -1 -1 $-1 $2121 $2120 $1719 $1966 forward $2122 $-1 #
edge $2203 -1 -1 $-1 $2204 0 $1969 0.61071027224692986 $1719 $2205 forward @7 unknown T -16.550000000000001 -74.347283334622986 -1.5 -16.522884788076464 -74.261263982965986 -1.5 #
coedge $-1 -1 -1 $-1 $1720 $1933 $2121 $2206 forward $1934 $-1 #
name_attrib-gen-attrib $-1 -1 $2207 $-1 $1721 2 1 1 1 1 1 1 1 1 1 1 1 1 1 0 1 1 1 @3 eif #
vertex $2208 -1 -1 $-1 $1966 $2209 #
straight-curve $-1 -1 -1 $-1 -16.52288478807629 -74.261263982966113 -1.5 0.57346234436332832 0.81923192051904048 0 F -6.4235566184684924e-017 F 0.21059722114914151 #
edge $2210 -1 -1 $-1 $2164 0 $1909 0.61071027224358976 $1722 $2211 forward @7 unknown T -15.477115211921525 -74.347283334622986 -1.5 -15.449999999999999 -74.261263982969666 -1.5 #
name_attrib-gen-attrib $-1 -1 $2212 $-1 $1723 2 1 1 1 1 1 1 1 1 1 1 1 1 1 0 1 1 1 @3 eif #
straight-curve $-1 -1 -1 $-1 -15.450000000000001 -74.347283334622986 -1.5 0 -1 0 F 0 F 0.71305646317099391 #
coedge $-1 -1 -1 $-1 $1725 $2213 $2214 $2215 forward $68 $-1 #
coedge $-1 -1 -1 $-1 $2216 $2052 $1725 $1976 forward $1802 $-1 #
edge $2217 -1 -1 $-1 $1979 0 $2218 0.61071027225923313 $1975 $2219 forward @7 unknown T -16.550000000000001 -74.347283334622986 -1 -16.52288478807623 -74.261263982965659 -0.99999999999999989 #
coedge $-1 -1 -1 $-1 $1804 $1726 $2052 $2220 forward $1552 $-1 #
name_attrib-gen-attrib $-1 -1 $2221 $-1 $1727 2 1 1 1 1 1 1 1 1 1 1 1 1 1 0 1 1 1 @3 eif #
vertex $2222 -1 -1 $-1 $1976 $2223 #
straight-curve $-1 -1 -1 $-1 -16.402115211919671 -74.088736017028083 -0.99999999999999989 -0.5734623443633281 -0.81923192051904059 0 F 1.3188187039682755e-016 F 0.21059722114878709 #
string_attrib-name_attrib-gen-attrib $-1 -1 $-1 $1729 $1216 2 1 2 1 1 1 1 1 1 1 1 1 1 1 0 1 1 1 @15 ATTRIB_XACIS_ID @5 81770 #
coedge $-1 -1 -1 $-1 $1731 $2224 $2225 $2226 reversed $11 $-1 #
coedge $-1 -1 -1 $-1 $2227 $2228 $1731 $1984 forward $2229 $-1 #
edge $2230 -1 -1 $-1 $1989 0 $2231 0.30000000000000004 $1731 $2232 forward @7 unknown T -16.550000000000001 -75.199999999999989 -0.89999999999999991 -16.550000000000001 -74.899999999999991 -0.89999999999999991 #
coedge $-1 -1 -1 $-1 $2054 $1732 $2228 $2233 reversed $1987 $-1 #
coedge $-1 -1 -1 $-1 $1732 $2054 $1734 $1991 reversed $1987 $-1 #
loop $-1 -1 -1 $-1 $-1 $1985 $2234 T -16.550000000000004 -75.299999999999983 -0.99999999999999989 -16.449999999999974 -75.199999999999989 -0.89999999999999991 unknown #
name_attrib-gen-attrib $-1 -1 $2235 $-1 $1733 2 1 1 1 1 1 1 1 1 1 1 1 1 1 0 1 1 1 @3 eif #
vertex $2236 -1 -1 $-1 $1733 $2237 #
ellipse-curve $-1 -1 -1 $-1 -16.449999330203628 -75.19999933020361 -0.89999999999999991 0 0 -1 -6.697963506330229e-007 -0.10000066979637445 0 1 F 0 F 1.5707829309573984 #
edge $2238 -1 -1 $-1 $1738 0 $2057 0.099999999999998757 $1986 $2239 forward @7 unknown T -16.449999999999999 -75.299999999999983 -0.99999999999999956 -16.449999999999978 -75.299999999999983 -0.89999999999999991 #
face $2240 -1 -1 $-1 $1741 $1736 $5 $-1 $2241 reversed double out T -16.449999999999999 -75.499999999999986 -0.99999999999999989 -16.350000427671052 -75.299999999999983 -0.89999999999999991 F #
integer_attrib-name_attrib-gen-attrib $-1 -1 $-1 $1737 $1478 2 1 1 1 1 1 1 1 1 1 1 1 1 1 0 1 1 1 @3 pid 24 #
integer_attrib-name_attrib-gen-attrib $-1 -1 $-1 $-1 $1738 2 1 1 1 1 1 1 1 1 1 1 1 1 1 0 1 1 1 @3 pid 24 #
point $-1 -1 -1 $-1 -16.449999999999978 -75.299999999999983 -0.89999999999999991 #
name_attrib-gen-attrib $-1 -1 $2242 $-1 $1740 2 1 1 1 1 1 1 1 1 1 1 1 1 1 0 1 1 1 @3 eif #
straight-curve $-1 -1 -1 $-1 -16.449999999999999 -75.499999999999986 -0.89999999999999991 0 0 -1 F 0 F 0.099999999999999992 #
integer_attrib-name_attrib-gen-attrib $-1 -1 $2243 $-1 $1741 2 0 0 1 1 1 1 1 1 1 1 1 1 1 0 1 1 1 @3 fif 0 #
cone-surface $-1 -1 -1 $-1 -16.449999999999999 -75.59999999999998 -4.5346617600289996 -0 0 1 0 0.10000000000000001 0 1 I I -0 1 0.10000000000000001 reversed I I I I #
integer_attrib-name_attrib-gen-attrib $-1 -1 $-1 $1745 $1485 2 1 1 1 1 1 1 1 1 1 1 1 1 1 0 1 1 1 @3 pid 89 #
integer_attrib-name_attrib-gen-attrib $-1 -1 $2244 $1747 $1486 2 1 1 1 1 1 1 1 1 1 1 1 1 1 0 1 1 1 @3 pid 26 #
string_attrib-name_attrib-gen-attrib $-1 -1 $-1 $1750 $1235 2 1 2 1 1 1 1 1 1 1 1 1 1 1 0 1 1 1 @15 ATTRIB_XACIS_ID @5 81703 #
edge $2245 -1 -1 $-1 $2008 0 $1754 0.10000000000000002 $1835 $2246 forward @7 unknown T -16.550000000000001 -76.09999999999998 -1.2000000000000037 -16.449999999999999 -76.09999999999998 -1.2 #
integer_attrib-name_attrib-gen-attrib $-1 -1 $-1 $1753 $1497 2 1 1 1 1 1 1 1 1 1 1 1 1 1 0 1 1 1 @3 pid 149 #
integer_attrib-name_attrib-gen-attrib $-1 -1 $-1 $-1 $1754 2 1 1 1 1 1 1 1 1 1 1 1 1 1 0 1 1 1 @3 pid 105 #
point $-1 -1 -1 $-1 -16.550000000000001 -76.09999999999998 -1.2 #
name_attrib-gen-attrib $-1 -1 $2247 $-1 $1756 2 1 1 1 1 1 1 1 1 1 1 1 1 1 0 1 1 1 @3 eif #
vertex $2248 -1 -1 $-1 $2066 $2249 #
straight-curve $-1 -1 -1 $-1 -16.449999999999999 -76.09999999999998 -1.2 0 0 1 F 0 F 0.15000000000000002 #
coedge $-1 -1 -1 $-1 $2250 $2251 $1761 $2011 reversed $2252 $-1 #
edge $2253 -1 -1 $-1 $2014 0 $2069 0.099999999999999645 $2010 $2254 forward @7 unknown T -15.875 -76.259999999999991 -1.75 -15.875 -76.259999999999991 -1.6500000000000001 #
coedge $-1 -1 -1 $-1 $1762 $1777 $2250 $2255 reversed $1521 $-1 #
name_attrib-gen-attrib $-1 -1 $2256 $-1 $1763 2 1 1 1 1 1 1 1 1 1 1 1 1 1 0 1 1 1 @3 eif #
vertex $2257 -1 -1 $-1 $2255 $2258 #
straight-curve $-1 -1 -1 $-1 -15.875 -76.259999999999991 -1.75 1 0 0 F 0 F 0.22499999999999998 #
integer_attrib-name_attrib-gen-attrib $-1 -1 $2259 $1764 $1511 2 1 1 1 1 1 1 1 1 1 1 1 1 1 0 1 1 1 @3 pid 89 #
integer_attrib-name_attrib-gen-attrib $-1 -1 $2260 $-1 $1765 2 0 0 1 1 1 1 1 1 1 1 1 1 1 0 1 1 1 @3 fif 0 #
plane-surface $-1 -1 -1 $-1 -15.450000000000001 -76.259999999999991 -1.75 -0 0 1 0 1 0 forward_v I I I I #
integer_attrib-name_attrib-gen-attrib $-1 -1 $-1 $1767 $1514 2 1 1 1 1 1 1 1 1 1 1 1 1 1 0 1 1 1 @3 pid 216 #
coedge $-1 -1 -1 $-1 $1773 $1772 $2261 $2262 reversed $1774 $-1 #
face $2263 -1 -1 $-1 $1787 $1774 $5 $-1 $2264 forward double out T -15.975000000000001 -76.599999999999994 -1.75 -15.875 -76.499999999999986 -1.6499999999999999 F #
integer_attrib-name_attrib-gen-attrib $-1 -1 $-1 $1775 $1519 2 1 1 1 1 1 1 1 1 1 1 1 1 1 0 1 1 1 @3 pid 294 #
coedge $-1 -1 -1 $-1 $2261 $2265 $1777 $2024 reversed $2266 $-1 #
edge $2267 -1 -1 $-1 $2026 0 $2268 0.14000000000000001 $2023 $2269 forward @7 unknown T -15.975000000000001 -76.499999999999986 -1.75 -15.975000000000001 -76.359999999999985 -1.75 #
name_attrib-gen-attrib $-1 -1 $2270 $-1 $1778 2 1 1 1 1 1 1 1 1 1 1 1 1 1 0 1 1 1 @3 eif #
vertex $2271 -1 -1 $-1 $2262 $2272 #
ellipse-curve $-1 -1 -1 $-1 -15.874999330203631 -76.499999330203622 -1.75 0 0 1 -0.1000006697963699 -6.6979636892394723e-007 0 1 F 0 F 1.5707829309572321 #
string_attrib-name_attrib-gen-attrib $-1 -1 $-1 $1783 $1279 2 1 2 1 1 1 1 1 1 1 1 1 1 1 0 1 1 1 @15 ATTRIB_XACIS_ID @5 81826 #
coedge $-1 -1 -1 $-1 $1785 $1784 $2251 $2273 reversed $1535 $-1 #
coedge $-1 -1 -1 $-1 $2265 $2261 $1785 $2031 forward $2266 $-1 #
edge $2274 -1 -1 $-1 $2033 0 $2275 0.13999999999999801 $2030 $2276 forward @7 unknown T -15.975000000000001 -76.499999999999986 -1.6500000000000001 -15.975000000000001 -76.359999999999985 -1.6499999999999999 #
name_attrib-gen-attrib $-1 -1 $2277 $-1 $1786 2 1 1 1 1 1 1 1 1 1 1 1 1 1 0 1 1 1 @3 eif #
vertex $2278 -1 -1 $-1 $2262 $2279 #
ellipse-curve $-1 -1 -1 $-1 -15.874999330203631 -76.499999330203622 -1.6499999999999999 0 0 -1 -6.6979637003417025e-007 -0.1000006697963699 0 1 F 0 F 1.5707829309572321 #
integer_attrib-name_attrib-gen-attrib $-1 -1 $2280 $-1 $1787 2 0 0 1 1 1 1 1 1 1 1 1 1 1 0 1 1 1 @3 fif 0 #
face $2281 -1 -1 $-1 $2282 $2115 $5 $-1 $2283 reversed double out T -16.350000000000001 -76.599999999999994 -1.6500000000000001 -16.024999999999999 -76.259999999999977 -1.6499999999999999 F #
plane-surface $-1 -1 -1 $-1 -15.450000000000001 -76.259999999999991 -1.6499999999999999 -0 0 1 0 1 0 forward_v I I I I #
integer_attrib-name_attrib-gen-attrib $-1 -1 $-1 $1791 $1539 2 1 1 1 1 1 1 1 1 1 1 1 1 1 0 1 1 1 @3 pid 257 #
integer_attrib-name_attrib-gen-attrib $-1 -1 $-1 $-1 $1792 2 1 1 1 1 1 1 1 1 1 1 1 1 1 0 1 1 1 @3 pid 162 #
point $-1 -1 -1 $-1 -15.65 -76.259999999999991 -1.6499999999999999 #
integer_attrib-name_attrib-gen-attrib $-1 -1 $2284 $1794 $1540 2 1 1 1 1 1 1 1 1 1 1 1 1 1 0 1 1 1 @3 pid 91 #
integer_attrib-name_attrib-gen-attrib $-1 -1 $2285 $-1 $1795 2 0 0 1 1 1 1 1 1 1 1 1 1 1 0 1 1 1 @3 fif 0 #
face $2286 -1 -1 $-1 $2287 $1926 $5 $-1 $2288 forward double out T -16.475476133472142 -75.541816340030621 -1.7067526175006225 -15.524523866527732 -75.295285077942651 -1.4998353380826677 F #
loop $-1 -1 -1 $-1 $-1 $2289 $1795 T -16.450000000000003 -76.599999999999994 -1.6499999999999999 -16.349999999999998 -76.259999999999977 -1.5499999999999998 unknown #
cone-surface $-1 -1 -1 $-1 -16.350000000000001 -76.59999999999998 -1.5499999999999998 0 1 0 0 0 -0.10000000000000001 1 I I -0 1 0.10000000000000001 reversed I I I I #
string_attrib-name_attrib-gen-attrib $-1 -1 $-1 $1799 $1305 2 1 2 1 1 1 1 1 1 1 1 1 1 1 0 1 1 1 @15 ATTRIB_XACIS_ID @5 81837 #
integer_attrib-name_attrib-gen-attrib $-1 -1 $2290 $1800 $1551 2 1 1 1 1 1 1 1 1 1 1 1 1 1 0 1 1 1 @3 pid 17 #
integer_attrib-name_attrib-gen-attrib $-1 -1 $2291 $-1 $1801 2 0 0 1 1 1 1 1 1 1 1 1 1 1 0 1 1 1 @3 fif 0 #
face $2292 -1 -1 $-1 $2293 $2294 $5 $-1 $2295 forward double out T -16.550000000000004 -74.599999999999994 -0.99999999999999989 -16.449999999999999 -74.499999999999986 -0.89999999999999991 F #
loop $-1 -1 -1 $-1 $-1 $2296 $1801 T -16.550000000000001 -74.499999999999986 -1 -16.550000000000001 -74.347283334622986 -0.89999999999999947 unknown #
plane-surface $-1 -1 -1 $-1 -16.550000000000001 -75.374999999999986 -0.94999999999999996 -1 0 0 0 -1 0 forward_v I I I I #
coedge $-1 -1 -1 $-1 $1975 $2194 $1977 $2220 reversed $1802 $-1 #
coedge $-1 -1 -1 $-1 $2297 $1805 $2298 $2299 forward $68 $-1 #
coedge $-1 -1 -1 $-1 $1986 $1985 $1805 $2055 forward $1987 $-1 #
edge $2300 -1 -1 $-1 $2301 0 $2057 1.5707829309573691 $2054 $2302 forward @7 unknown T -16.550000000000001 -75.299999999999983 -0.99999999999999989 -16.449999999999974 -75.199999999999989 -0.99999999999999956 #
name_attrib-gen-attrib $-1 -1 $2303 $-1 $1807 2 1 1 1 1 1 1 1 1 1 1 1 1 1 0 1 1 1 @3 eif #
vertex $2304 -1 -1 $-1 $1991 $2305 #
ellipse-curve $-1 -1 -1 $-1 -16.450000427671966 -75.399999999999991 -0.99999999999999989 0 0 -1 4.2767198971116466e-007 0.099999999999998535 0 1 F 0 F 3.1415841001502449 #
integer_attrib-name_attrib-gen-attrib $-1 -1 $-1 $1808 $1560 2 1 1 1 1 1 1 1 1 1 1 1 1 1 0 1 1 1 @3 pid 88 #
integer_attrib-name_attrib-gen-attrib $-1 -1 $-1 $-1 $1809 2 1 1 1 1 1 1 1 1 1 1 1 1 1 0 1 1 1 @3 pid 64 #
point $-1 -1 -1 $-1 -16.449999999999999 -75.499999999999986 -0.99999999999999989 #
coedge $-1 -1 -1 $-1 $1815 $1814 $1840 $2086 reversed $1340 $-1 #
coedge $-1 -1 -1 $-1 $1852 $2289 $1814 $2064 reversed $2044 $-1 #
edge $2306 -1 -1 $-1 $1855 0 $2307 0.33999999999999986 $1814 $2308 forward @7 unknown T -16.449999999999999 -76.59999999999998 -1.5499999999999998 -16.449999999999999 -76.259999999999977 -1.5499999999999998 #
coedge $-1 -1 -1 $-1 $1836 $1835 $1815 $2066 forward $1837 $-1 #
edge $2309 -1 -1 $-1 $2008 -7.5932718876129922e-018 $2088 0.21931712199460657 $1815 $2310 forward @7 unknown T -16.449999999999999 -76.259999999999991 -1.349999999999993 -16.449999999999999 -76.09999999999998 -1.2 #
integer_attrib-name_attrib-gen-attrib $-1 -1 $-1 $1817 $1577 2 1 1 1 1 1 1 1 1 1 1 1 1 1 0 1 1 1 @3 pid 251 #
name_attrib-gen-attrib $-1 -1 $2311 $-1 $1819 2 1 1 1 1 1 1 1 1 1 1 1 1 1 0 1 1 1 @3 eif #
vertex $2312 -1 -1 $-1 $2011 $2313 #
straight-curve $-1 -1 -1 $-1 -15.875 -76.259999999999991 -1.6499999999999999 1 0 0 F 0 F 0.22500000000000009 #
string_attrib-name_attrib-gen-attrib $-1 -1 $-1 $1821 $1339 2 1 2 1 1 1 1 1 1 1 1 1 1 1 0 1 1 1 @15 ATTRIB_XACIS_ID @5 81754 #
integer_attrib-name_attrib-gen-attrib $-1 -1 $2314 $1822 $1586 2 1 1 1 1 1 1 1 1 1 1 1 1 1 0 1 1 1 @3 pid 82 #
integer_attrib-name_attrib-gen-attrib $-1 -1 $2315 $-1 $1823 2 0 0 1 1 1 1 1 1 1 1 1 1 1 0 1 1 1 @3 fif 0 #
face $2316 -1 -1 $-1 $2317 $1887 $5 $-1 $2318 forward double out T -16.384638630596488 -75.504557674096318 -2.0720944533001182 -15.615361369403415 -75.443170902811644 -1.7239527733497526 F #
spline-surface $-1 -1 -1 $-1 forward { ref 108 } I I I I #
string_attrib-name_attrib-gen-attrib $-1 -1 $-1 $1826 $1345 2 1 2 1 1 1 1 1 1 1 1 1 1 1 0 1 1 1 @15 ATTRIB_XACIS_ID @5 81791 #
integer_attrib-name_attrib-gen-attrib $-1 -1 $2319 $1827 $1591 2 1 1 1 1 1 1 1 1 1 1 1 1 1 0 1 1 1 @3 pid 58 #
integer_attrib-name_attrib-gen-attrib $-1 -1 $2320 $-1 $1828 2 0 0 1 1 1 1 1 1 1 1 1 1 1 0 1 1 1 @3 fif 0 #
face $2321 -1 -1 $-1 $2322 $1866 $5 $-1 $2323 forward double out T -16.550000000000001 -75.060339797793986 -1.5999999999999999 -16.550000000000001 -74.347283334622986 -1.4999999999999998 F #
cone-surface $-1 -1 -1 $-1 -16.400000000000002 -75.060339797793986 1.3525807737340001 0 0 -1 -0.14126128673922289 -0.050450459549731035 0 1 I I -0 1 0.14999999999999999 reversed I I I I #
coedge $-1 -1 -1 $-1 $1831 $1830 $2324 $2325 reversed $1832 $-1 #
integer_attrib-name_attrib-gen-attrib $-1 -1 $-1 $1833 $1594 2 1 1 1 1 1 1 1 1 1 1 1 1 1 0 1 1 1 @3 pid 147 #
face $2326 -1 -1 $-1 $805 $1837 $5 $-1 $2327 forward double out T -16.550000000000001 -76.259999999999991 -1.3499999999999974 -16.449999999999999 -76.09999999999998 -1.2 F #
integer_attrib-name_attrib-gen-attrib $-1 -1 $-1 $1838 $1596 2 1 1 1 1 1 1 1 1 1 1 1 1 1 0 1 1 1 @3 pid 150 #
coedge $-1 -1 -1 $-1 $2328 $1840 $2289 $2329 reversed $1599 $-1 #
edge $2330 -1 -1 $-1 $2088 0 $2307 0.20000000000000961 $2062 $2331 forward @7 unknown T -16.449999999999999 -76.259999999999991 -1.5499999999999998 -16.449999999999999 -76.259999999999991 -1.3499999999999903 #
name_attrib-gen-attrib $-1 -1 $2332 $-1 $1841 2 1 1 1 1 1 1 1 1 1 1 1 1 1 0 1 1 1 @3 eif #
vertex $2333 -1 -1 $-1 $2066 $2334 #
straight-curve $-1 -1 -1 $-1 -16.449999999999999 -76.259999999999991 -1.3499999999999974 -1 0 0 F 1.3877787807814457e-017 F 0.10000000000000001 #
coedge $-1 -1 -1 $-1 $1842 $2328 $2335 $2336 forward $1599 $-1 #
coedge $-1 -1 -1 $-1 $2337 $2324 $1842 $2092 reversed $2338 $-1 #
edge $2339 -1 -1 $-1 $2340 0 $2094 0.22500000000000001 $1842 $2341 forward @7 unknown T -16.350000000000001 -76.259999999999991 -1.75 -16.125 -76.259999999999991 -1.75 #
name_attrib-gen-attrib $-1 -1 $2342 $-1 $1843 2 1 1 1 1 1 1 1 1 1 1 1 1 1 0 1 1 1 @3 eif #
vertex $2343 -1 -1 $-1 $2325 $2344 #
ellipse-curve $-1 -1 -1 $-1 -16.349999175683621 -76.259999999999991 -1.5499991756836207 0 -1 0 -0.20000082431637922 0 -8.243163791554764e-007 1 F 0 F 1.5707880836650796 #
integer_attrib-name_attrib-gen-attrib $-1 -1 $2345 $-1 $1844 2 0 0 1 1 1 1 1 1 1 1 1 1 1 0 1 1 1 @3 fif 0 #
face $2346 -1 -1 $-1 $2347 $2348 $5 $-1 $2349 forward double out T -16.025000000000002 -76.499999999999986 -1.75 -16.025000000000002 -76.359999999999985 -1.6499999999999999 F #
plane-surface $-1 -1 -1 $-1 -16.1875 -76.259999999999991 -1.6999999999999997 0 1 0 1 0 0 forward_v I I I I #
coedge $-1 -1 -1 $-1 $2324 $2350 $1850 $2100 reversed $2338 $-1 #
edge $2351 -1 -1 $-1 $2102 0 $2352 0.22500000000000001 $2099 $2353 forward @7 unknown T -16.350000000000001 -76.59999999999998 -1.75 -16.125 -76.59999999999998 -1.75 #
name_attrib-gen-attrib $-1 -1 $2354 $-1 $1851 2 1 1 1 1 1 1 1 1 1 1 1 1 1 0 1 1 1 @3 eif #
vertex $2355 -1 -1 $-1 $2325 $2356 #
ellipse-curve $-1 -1 -1 $-1 -16.349999175683621 -76.59999999999998 -1.5499991756836209 0 1 -0 -8.2431637904445399e-007 0 -0.20000082431637911 1 F 0 F 1.5707880836650809 #
coedge $-1 -1 -1 $-1 $2289 $1852 $2114 $2357 reversed $2044 $-1 #
name_attrib-gen-attrib $-1 -1 $2358 $-1 $1853 2 1 1 1 1 1 1 1 1 1 1 1 1 1 0 1 1 1 @3 eif #
vertex $2359 -1 -1 $-1 $2357 $2360 #
ellipse-curve $-1 -1 -1 $-1 -16.34999933020363 -76.59999999999998 -1.5499993302036297 0 -1 0 -0.10000066979637015 0 -6.6979637025621486e-007 1 F 0 F 1.5707829309572177 #
integer_attrib-name_attrib-gen-attrib $-1 -1 $-1 $1854 $1606 2 1 1 1 1 1 1 1 1 1 1 1 1 1 0 1 1 1 @3 pid 202 #
integer_attrib-name_attrib-gen-attrib $-1 -1 $-1 $-1 $1855 2 1 1 1 1 1 1 1 1 1 1 1 1 1 0 1 1 1 @3 pid 132 #
point $-1 -1 -1 $-1 -16.449999999999999 -76.59999999999998 -1.5499999999999998 #
coedge $-1 -1 -1 $-1 $2361 $2362 $1857 $2112 reversed $2363 $-1 #
edge $2364 -1 -1 $-1 $2352 0 $2117 0.099999999999999645 $1857 $2365 forward @7 unknown T -16.125 -76.59999999999998 -1.75 -16.125 -76.59999999999998 -1.6499999999999999 #
coedge $-1 -1 -1 $-1 $2366 $1858 $2362 $2367 reversed $2115 $-1 #
coedge $-1 -1 -1 $-1 $1858 $2368 $2104 $2357 forward $2115 $-1 #
loop $-1 -1 -1 $-1 $-1 $2368 $2036 T -16.350000000000001 -76.599999999999994 -1.6500000000000001 -16.024999999999999 -76.259999999999977 -1.6499999999999999 unknown #
name_attrib-gen-attrib $-1 -1 $2369 $-1 $1859 2 1 1 1 1 1 1 1 1 1 1 1 1 1 0 1 1 1 @3 eif #
vertex $2370 -1 -1 $-1 $2367 $2371 #
straight-curve $-1 -1 -1 $-1 -16.350000000000001 -76.59999999999998 -1.6499999999999999 1 0 0 F 0 F 0.22499999999999998 #
integer_attrib-name_attrib-gen-attrib $-1 -1 $2372 $1860 $1608 2 1 1 1 1 1 1 1 1 1 1 1 1 1 0 1 1 1 @3 pid 104 #
coedge $-1 -1 -1 $-1 $1965 $1862 $1865 $2127 reversed $2122 $-1 #
coedge $-1 -1 -1 $-1 $1862 $1965 $1967 $2206 reversed $2122 $-1 #
loop $-1 -1 -1 $-1 $-1 $2120 $2322 T -16.550000000000001 -74.347283334622986 -1.5999999999999999 -16.522884788076233 -74.261263982965659 -1.5 unknown #
name_attrib-gen-attrib $-1 -1 $2373 $-1 $1863 2 1 1 1 1 1 1 1 1 1 1 1 1 1 0 1 1 1 @3 eif #
vertex $2374 -1 -1 $-1 $2206 $2375 #
ellipse-curve $-1 -1 -1 $-1 -16.399996266314368 -74.347284511563188 -1.5999999999999999 0 -0 1 -0.12288852176186389 0.086020528597536838 -0 1 F 0 F 0.61071027225922447 #
coedge $-1 -1 -1 $-1 $1865 $1864 $1964 $2202 reversed $1866 $-1 #
edge $2376 -1 -1 $-1 $2204 0 $1868 0.099999999999998757 $2120 $2377 forward @7 unknown T -16.550000000000001 -74.347283334622986 -1.5999999999999999 -16.550000000000001 -74.347283334622986 -1.5 #
integer_attrib-name_attrib-gen-attrib $-1 -1 $-1 $1867 $1612 2 1 1 1 1 1 1 1 1 1 1 1 1 1 0 1 1 1 @3 pid 130 #
integer_attrib-name_attrib-gen-attrib $-1 -1 $-1 $-1 $1868 2 1 1 1 1 1 1 1 1 1 1 1 1 1 0 1 1 1 @3 pid 91 #
point $-1 -1 -1 $-1 -16.550000000000001 -74.347283334622986 -1.5999999999999999 #
coedge $-1 -1 -1 $-1 $1875 $1964 $1870 $2132 reversed $1184 $-1 #
edge $2378 -1 -1 $-1 $1883 0 $2134 0.34302114537899081 $2131 $2379 forward @7 unknown T -16.550000000000001 -75.110790257343396 -1.5 -16.541261286739317 -75.060339797793986 -1.4999999999999998 #
name_attrib-gen-attrib $-1 -1 $2380 $-1 $1871 2 1 1 1 1 1 1 1 1 1 1 1 1 1 0 1 1 1 @3 eif #
vertex $2381 -1 -1 $-1 $2132 $2382 #
straight-curve $-1 -1 -1 $-1 -16.550000000000001 -75.060339797793986 -1.5999999999999992 0 0 1 F 0 F 0.099999999999998757 #
name_attrib-gen-attrib $-1 -1 $2383 $-1 $1876 2 1 1 1 1 1 1 1 1 1 1 1 1 1 0 1 1 1 @3 eif #
straight-curve $-1 -1 -1 $-1 -16.475311471554893 -75.295449739860018 -1.5 -0.33633639699820694 0.94174191159481935 -0 F 8.9618018867289246e-017 F 0.19608289728113215 #
tcoedge-coedge $-1 -1 -1 $-1 $1925 $1922 $1877 $2139 reversed $1926 $2384 -1 -0 F #
tedge-edge $2385 -1 -1 $-1 $2160 0 $1880 1 $2138 $2386 forward @7 unknown T -16.475476133472142 -75.54181634003038 -1.7067526175006225 -16.384473968678968 -75.295285077942651 -1.4998353380826677 0.00016466191733225606 #
pcurve $-1 -1 -1 $-1 0 forward { exppc nubs 3 open 8 
	0 3 0.1429451707725789 1 0.28590055459608893 1 0.42877790041784863 1 0.57148297115868729 1 
	0.71431696805924327 1 0.85718532320378871 1 1 3 
	0.99999999999990052 0.97929243152864232 
	0.95233845331585487 0.9792924315286522 
	0.85703426348186462 0.97929243152869205 
	0.71429066616092673 0.97929243152881618 
	0.57145114962993959 0.97929243152898326 
	0.42830117975917781 0.97929243152902801 
	0.28550598643244102 0.9792924315291347 
	0.14284931252025126 0.97929243152856993 
	0.047617906323662793 0.97929243152971601 
	2.4979775861372931e-014 0.97929243153050571 
	0.001 
	-1 
	spline forward { ref 108 } I I I I 
	} 0 0 #
integer_attrib-name_attrib-gen-attrib $-1 -1 $-1 $1879 $1621 2 1 1 1 1 1 1 1 1 1 1 1 1 1 0 1 1 1 @3 pid 180 #
integer_attrib-name_attrib-gen-attrib $-1 -1 $-1 $-1 $1880 2 1 1 1 1 1 1 1 1 1 1 1 1 1 0 1 1 1 @3 pid 122 #
point $-1 -1 -1 $-1 -16.475311471554811 -75.29544973985999 -1.5 #
integer_attrib-name_attrib-gen-attrib $-1 -1 $-1 $1882 $1622 2 1 1 1 1 1 1 1 1 1 1 1 1 1 0 1 1 1 @3 pid 182 #
integer_attrib-name_attrib-gen-attrib $-1 -1 $-1 $-1 $1883 2 1 1 1 1 1 1 1 1 1 1 1 1 1 0 1 1 1 @3 pid 123 #
point $-1 -1 -1 $-1 -16.541261286739317 -75.110790257343396 -1.5 #
coedge $-1 -1 -1 $-1 $2153 $1885 $2387 $2388 reversed $1887 $-1 #
coedge $-1 -1 -1 $-1 $1890 $2389 $1885 $2149 forward $2156 $-1 #
edge $2390 -1 -1 $-1 $2391 1.4458886786909621e-016 $1403 0.22566667780308619 $2148 $2392 forward @7 unknown T -15.691261286738884 -75.480074573336537 -1.9332438890751771 -15.615361369403415 -75.443170902811644 -1.7239527733497526 #
coedge $-1 -1 -1 $-1 $1886 $2393 $2394 $2395 reversed $1887 $-1 #
coedge $-1 -1 -1 $-1 $2396 $1892 $1886 $2152 forward $2158 $-1 #
edge $2397 -1 -1 $-1 $1634 1.1005445966535758e-016 $2398 0.22566667780341756 $2151 $2399 forward @7 unknown T -16.384638630596488 -75.480074573336552 -1.9332438890752823 -16.3087387132611 -75.443170902811644 -1.7239527733498381 #
coedge $-1 -1 -1 $-1 $2400 $2147 $2401 $2402 forward $1887 $-1 #
integer_attrib-name_attrib-gen-attrib $-1 -1 $-1 $1888 $1627 2 1 1 1 1 1 1 1 1 1 1 1 1 1 0 1 1 1 @3 pid 179 #
coedge $-1 -1 -1 $-1 $2389 $1890 $2403 $2183 forward $2156 $-1 #
loop $-1 -1 -1 $-1 $-1 $2148 $2287 T -15.691261286739206 -75.578555348638702 -1.9332438890761814 -15.615361369403374 -75.443170902811644 -1.7065879555829071 unknown #
coedge $-1 -1 -1 $-1 $1892 $2396 $2404 $2405 forward $2158 $-1 #
loop $-1 -1 -1 $-1 $-1 $2157 $2406 T -16.384638630596942 -75.578555348638702 -1.9332438890760704 -16.308738713260837 -75.443170902811644 -1.7065879555826469 unknown #
name_attrib-gen-attrib $-1 -1 $2407 $-1 $1893 2 1 1 1 1 1 1 1 1 1 1 1 1 1 0 1 1 1 @3 eif #
tvertex-vertex $2408 -1 -1 $-1 $2180 $2409 6.4320600677913059e-013 #
straight-curve $-1 -1 -1 $-1 -16.384638630596353 -75.541651678112999 -1.7065879555833643 1.6653345369413334e-015 0.9848077530122098 -0.17364817766692073 F -5.685045185389343e-014 F 0.099999999999943093 #
integer_attrib-name_attrib-gen-attrib $-1 -1 $-1 $1900 $1637 2 1 1 1 1 1 1 1 1 1 1 1 1 1 0 1 1 1 @3 pid 136 #
name_attrib-gen-attrib $-1 -1 $2410 $-1 $1903 2 1 1 1 1 1 1 1 1 1 1 1 1 1 0 1 1 1 @3 eif #
vertex $2411 -1 -1 $-1 $1957 $2412 #
straight-curve $-1 -1 -1 $-1 -15.477115211922081 -74.261263982968444 -1.5000000000000004 0 0 -1 F 0 F 0.099999999999998757 #
integer_attrib-name_attrib-gen-attrib $-1 -1 $2413 $-1 $1904 2 0 0 1 1 1 1 1 1 1 1 1 1 1 0 1 1 1 @3 fif 0 #
cone-surface $-1 -1 -1 $-1 -15.600000000000001 -74.347283334622986 1.3525807737340001 0 0 -1 0.12288478807785606 0.08601935165449924 0 1 I I -0 1 0.14999999999999999 reversed I I I I #
integer_attrib-name_attrib-gen-attrib $-1 -1 $-1 $1908 $1645 2 1 1 1 1 1 1 1 1 1 1 1 1 1 0 1 1 1 @3 pid 195 #
integer_attrib-name_attrib-gen-attrib $-1 -1 $-1 $-1 $1909 2 1 1 1 1 1 1 1 1 1 1 1 1 1 0 1 1 1 @3 pid 129 #
point $-1 -1 -1 $-1 -15.450000000000001 -74.347283334622986 -1.5 #
integer_attrib-name_attrib-gen-attrib $-1 -1 $2414 $1911 $1646 2 1 1 1 1 1 1 1 1 1 1 1 1 1 0 1 1 1 @3 pid 66 #
integer_attrib-name_attrib-gen-attrib $-1 -1 $-1 $1913 $1651 2 1 1 1 1 1 1 1 1 1 1 1 1 1 0 1 1 1 @3 pid 198 #
string_attrib-name_attrib-gen-attrib $-1 -1 $-1 $1918 $1387 2 1 2 1 1 1 1 1 1 1 1 1 1 1 0 1 1 1 @15 ATTRIB_XACIS_ID @5 81776 #
integer_attrib-name_attrib-gen-attrib $-1 -1 $2415 $1919 $1656 2 1 1 1 1 1 1 1 1 1 1 1 1 1 0 1 1 1 @3 pid 68 #
integer_attrib-name_attrib-gen-attrib $-1 -1 $2416 $-1 $1920 2 0 0 1 1 1 1 1 1 1 1 1 1 1 0 1 1 1 @3 fif 0 #
cone-surface $-1 -1 -1 $-1 -16.350000000000001 -76.59999999999998 -1.5499999999999998 0 1 0 0 0 -0.19999999999999998 1 I I -0 1 0.19999999999999998 reversed I I I I #
name_attrib-gen-attrib $-1 -1 $2417 $-1 $1923 2 1 1 1 1 1 1 1 1 1 1 1 1 1 0 1 1 1 @3 eif #
straight-curve $-1 -1 -1 $-1 -16.475311471554811 -75.29544973985999 -1.5 1 0 0 F 0 F 0.95062294310980999 #
coedge $-1 -1 -1 $-1 $2404 $2403 $1925 $2180 forward $2418 $-1 #
edge $2419 -1 -1 $-1 $1929 0 $2160 0.76927726119259998 $1925 $2420 forward @7 unknown T -16.384638630596942 -75.541651678113681 -1.7065879555839334 -15.615361369403374 -75.541651678112402 -1.7065879555826469 #
integer_attrib-name_attrib-gen-attrib $-1 -1 $-1 $1928 $1665 2 1 1 1 1 1 1 1 1 1 1 1 1 1 0 1 1 1 @3 pid 224 #
integer_attrib-name_attrib-gen-attrib $-1 -1 $-1 $-1 $1929 2 1 1 1 1 1 1 1 1 1 1 1 1 1 0 1 1 1 @3 pid 143 #
edge $2421 -1 -1 $-1 $1929 4.4314864212061309e-017 $2422 0.22566667780401983 $2155 $2423 forward @7 unknown T -15.691261286738859 -75.578555348638574 -1.9158790713081908 -15.615361369403374 -75.541651678113027 -1.7065879555829071 #
point $-1 -1 -1 $-1 -15.615361369403701 -75.541651678113354 -1.7065879555832344 #
integer_attrib-name_attrib-gen-attrib $-1 -1 $-1 $1931 $1672 2 1 1 1 1 1 1 1 1 1 1 1 1 1 0 1 1 1 @3 pid 225 #
face $2424 -1 -1 $-1 $1412 $1934 $5 $-1 $2425 forward double out T -16.522884788077686 -74.261263982968103 -1.6000000000020815 -16.402115211915717 -74.088736017023862 -1.4999999999958433 F #
integer_attrib-name_attrib-gen-attrib $-1 -1 $-1 $1935 $1676 2 1 1 1 1 1 1 1 1 1 1 1 1 1 0 1 1 1 @3 pid 190 #
name_attrib-gen-attrib $-1 -1 $2426 $-1 $1937 2 1 1 1 1 1 1 1 1 1 1 1 1 1 0 1 1 1 @3 eif #
straight-curve $-1 -1 -1 $-1 -16.4021152119197 -74.088736017028126 -1.5999999999999999 -0.57346234436332777 -0.81923192051904092 0 F 8.4131538011649826e-017 F 0.21059722114873586 #
string_attrib-name_attrib-gen-attrib $-1 -1 $-1 $1941 $1412 2 1 2 1 1 1 1 1 1 1 1 1 1 1 0 1 1 1 @15 ATTRIB_XACIS_ID @5 81760 #
integer_attrib-name_attrib-gen-attrib $-1 -1 $2427 $1942 $1683 2 1 1 1 1 1 1 1 1 1 1 1 1 1 0 1 1 1 @3 pid 64 #
integer_attrib-name_attrib-gen-attrib $-1 -1 $-1 $1944 $1690 2 1 1 1 1 1 1 1 1 1 1 1 1 1 0 1 1 1 @3 pid 68 #
coedge $-1 -1 -1 $-1 $2428 $1949 $2296 $2429 reversed $11 $-1 #
coedge $-1 -1 -1 $-1 $2052 $2216 $1949 $2195 forward $1802 $-1 #
edge $2430 -1 -1 $-1 $2431 0 $2197 0.61071027224694119 $1949 $2432 forward @7 unknown T -16.550000000000001 -74.347283334622986 -0.89999999999999991 -16.522884788076464 -74.261263982965986 -0.89999999999999991 #
name_attrib-gen-attrib $-1 -1 $2433 $-1 $1950 2 1 1 1 1 1 1 1 1 1 1 1 1 1 0 1 1 1 @3 eif #
vertex $2434 -1 -1 $-1 $2195 $2435 #
straight-curve $-1 -1 -1 $-1 -16.52288478807629 -74.261263982966113 -0.89999999999999991 0.57346234436332844 0.81923192051904048 0 F -6.4235566184697534e-017 F 0.21059722114919244 #
integer_attrib-name_attrib-gen-attrib $-1 -1 $-1 $1955 $1703 2 1 1 1 1 1 1 1 1 1 1 1 1 1 0 1 1 1 @3 pid 173 #
name_attrib-gen-attrib $-1 -1 $2436 $-1 $1957 2 1 1 1 1 1 1 1 1 1 1 1 1 1 0 1 1 1 @3 eif #
straight-curve $-1 -1 -1 $-1 -15.5978847880777 -74.088736017031849 -1.5 0.5734623443633281 -0.8192319205190407 0 F -1.000483154734136e-016 F 0.21059722114876911 #
edge $2437 -1 -1 $-1 $2204 0 $2134 0.71305646317099991 $1964 $2438 forward @7 unknown T -16.550000000000001 -75.060339797793986 -1.5 -16.550000000000001 -74.347283334622986 -1.4999999999999998 #
name_attrib-gen-attrib $-1 -1 $2439 $-1 $1966 2 1 1 1 1 1 1 1 1 1 1 1 1 1 0 1 1 1 @3 eif #
vertex $2440 -1 -1 $-1 $2202 $2441 #
ellipse-curve $-1 -1 -1 $-1 -16.399996266312087 -74.347284511563913 -1.5 0 0 -1 -0.15000373368791281 1.176940926495007e-006 -0 1 F 0 F 0.61071027224692986 #
edge $2442 -1 -1 $-1 $2124 0 $1969 0.099999999999998757 $1967 $2443 forward @7 unknown T -16.522884788077686 -74.261263982968103 -1.5999999999999996 -16.522884788076464 -74.261263982965986 -1.5 #
integer_attrib-name_attrib-gen-attrib $-1 -1 $-1 $1968 $1721 2 1 1 1 1 1 1 1 1 1 1 1 1 1 0 1 1 1 @3 pid 189 #
integer_attrib-name_attrib-gen-attrib $-1 -1 $-1 $-1 $1969 2 1 1 1 1 1 1 1 1 1 1 1 1 1 0 1 1 1 @3 pid 126 #
point $-1 -1 -1 $-1 -16.522884788076464 -74.261263982965986 -1.5 #
name_attrib-gen-attrib $-1 -1 $2444 $-1 $1971 2 1 1 1 1 1 1 1 1 1 1 1 1 1 0 1 1 1 @3 eif #
ellipse-curve $-1 -1 -1 $-1 -15.600003733681877 -74.347284511562805 -1.5 0 0 -1 0.12288852176035214 0.086020528593144352 0 1 F 0 F 0.61071027224358976 #
integer_attrib-name_attrib-gen-attrib $-1 -1 $-1 $1972 $1723 2 1 1 1 1 1 1 1 1 1 1 1 1 1 0 1 1 1 @3 pid 196 #
coedge $-1 -1 -1 $-1 $1974 $2445 $2446 $2447 reversed $68 $-1 #
coedge $-1 -1 -1 $-1 $2448 $2449 $1974 $2215 reversed $2050 $-1 #
edge $2450 -1 -1 $-1 $2451 0 $2218 0.15271666537700002 $1974 $2452 forward @7 unknown T -16.550000000000001 -74.499999999999986 -1 -16.550000000000001 -74.347283334622986 -0.99999999999999989 #
coedge $-1 -1 -1 $-1 $2194 $1975 $2449 $2453 reversed $1802 $-1 #
name_attrib-gen-attrib $-1 -1 $2454 $-1 $1976 2 1 1 1 1 1 1 1 1 1 1 1 1 1 0 1 1 1 @3 eif #
vertex $2455 -1 -1 $-1 $2453 $2456 #
ellipse-curve $-1 -1 -1 $-1 -16.399996266314371 -74.347284511563188 -0.99999999999999989 0 -0 1 -0.12288852176186112 0.08602052859753595 -0 1 F 0 F 0.61071027225923313 #
edge $2457 -1 -1 $-1 $1979 0 $2197 0.10000000000000053 $2052 $2458 forward @7 unknown T -16.522884788077921 -74.261263982968444 -1 -16.52288478807623 -74.261263982965659 -0.89999999999999947 #
integer_attrib-name_attrib-gen-attrib $-1 -1 $-1 $1978 $1727 2 1 1 1 1 1 1 1 1 1 1 1 1 1 0 1 1 1 @3 pid 70 #
integer_attrib-name_attrib-gen-attrib $-1 -1 $-1 $-1 $1979 2 1 1 1 1 1 1 1 1 1 1 1 1 1 0 1 1 1 @3 pid 56 #
point $-1 -1 -1 $-1 -16.52288478807623 -74.261263982965659 -0.99999999999999989 #
coedge $-1 -1 -1 $-1 $1982 $2428 $2459 $2460 reversed $11 $-1 #
coedge $-1 -1 -1 $-1 $2461 $2462 $1982 $2226 forward $2463 $-1 #
edge $2464 -1 -1 $-1 $2231 0 $2465 1.5707829309575421 $1982 $2466 forward @7 unknown T -16.550000000000001 -74.899999999999991 -0.89999999999999991 -16.449999999999953 -74.799999999999983 -0.89999999999999991 #
coedge $-1 -1 -1 $-1 $2298 $1983 $2462 $2467 forward $2229 $-1 #
coedge $-1 -1 -1 $-1 $1983 $2298 $1985 $2233 forward $2229 $-1 #
loop $-1 -1 -1 $-1 $-1 $2298 $2468 T -16.550000000000001 -75.199999999999989 -0.99999999999999989 -16.550000000000001 -74.899999999999991 -0.89999999999999991 unknown #
name_attrib-gen-attrib $-1 -1 $2469 $-1 $1984 2 1 1 1 1 1 1 1 1 1 1 1 1 1 0 1 1 1 @3 eif #
vertex $2470 -1 -1 $-1 $1984 $2471 #
straight-curve $-1 -1 -1 $-1 -16.550000000000001 -75.199999999999989 -0.89999999999999991 0 1 0 F 0 F 0.30000000000000004 #
edge $2472 -1 -1 $-1 $2301 0 $1989 0.099999999999998757 $2228 $2473 forward @7 unknown T -16.550000000000001 -75.199999999999989 -0.99999999999999956 -16.550000000000001 -75.199999999999989 -0.89999999999999991 #
face $2474 -1 -1 $-1 $1992 $1987 $5 $-1 $2475 forward double out T -16.550000000000004 -75.299999999999983 -0.99999999999999989 -16.449999999999974 -75.199999999999989 -0.89999999999999991 F #
integer_attrib-name_attrib-gen-attrib $-1 -1 $-1 $1988 $1733 2 1 1 1 1 1 1 1 1 1 1 1 1 1 0 1 1 1 @3 pid 23 #
integer_attrib-name_attrib-gen-attrib $-1 -1 $-1 $-1 $1989 2 1 1 1 1 1 1 1 1 1 1 1 1 1 0 1 1 1 @3 pid 23 #
point $-1 -1 -1 $-1 -16.550000000000001 -75.199999999999989 -0.89999999999999991 #
name_attrib-gen-attrib $-1 -1 $2476 $-1 $1991 2 1 1 1 1 1 1 1 1 1 1 1 1 1 0 1 1 1 @3 eif #
straight-curve $-1 -1 -1 $-1 -16.449999999999999 -75.299999999999983 -0.90000000000000036 0 0 -1 F 0 F 0.099999999999998757 #
integer_attrib-name_attrib-gen-attrib $-1 -1 $2477 $-1 $1992 2 0 0 1 1 1 1 1 1 1 1 1 1 1 0 1 1 1 @3 fif 0 #
cone-surface $-1 -1 -1 $-1 -16.449999999999999 -75.399999999999991 -0.94999999999999996 0 0 1 0 -0.10000000000000001 0 1 I I -0 1 0.10000000000000001 reversed I I I I #
integer_attrib-name_attrib-gen-attrib $-1 -1 $-1 $1996 $1740 2 1 1 1 1 1 1 1 1 1 1 1 1 1 0 1 1 1 @3 pid 87 #
integer_attrib-name_attrib-gen-attrib $-1 -1 $2478 $1998 $1741 2 1 1 1 1 1 1 1 1 1 1 1 1 1 0 1 1 1 @3 pid 25 #
string_attrib-name_attrib-gen-attrib $-1 -1 $-1 $2001 $1486 2 1 2 1 1 1 1 1 1 1 1 1 1 1 0 1 1 1 @15 ATTRIB_XACIS_ID @5 81840 #
name_attrib-gen-attrib $-1 -1 $2479 $-1 $2003 2 1 1 1 1 1 1 1 1 1 1 1 1 1 0 1 1 1 @3 eif #
straight-curve $-1 -1 -1 $-1 -16.449999999999999 -76.09999999999998 -1.2000000000000037 -1 0 0 F 0 F 0.10000000000000002 #
integer_attrib-name_attrib-gen-attrib $-1 -1 $-1 $2007 $1756 2 1 1 1 1 1 1 1 1 1 1 1 1 1 0 1 1 1 @3 pid 199 #
integer_attrib-name_attrib-gen-attrib $-1 -1 $-1 $-1 $2008 2 1 1 1 1 1 1 1 1 1 1 1 1 1 0 1 1 1 @3 pid 131 #
point $-1 -1 -1 $-1 -16.449999999999999 -76.09999999999998 -1.2 #
coedge $-1 -1 -1 $-1 $2480 $2010 $2012 $2255 forward $2252 $-1 #
coedge $-1 -1 -1 $-1 $2010 $2480 $2029 $2273 forward $2252 $-1 #
loop $-1 -1 -1 $-1 $-1 $2480 $2481 T -15.975000000000001 -76.359999999999985 -1.75 -15.875 -76.259999999999977 -1.6499999999999999 unknown #
name_attrib-gen-attrib $-1 -1 $2482 $-1 $2011 2 1 1 1 1 1 1 1 1 1 1 1 1 1 0 1 1 1 @3 eif #
straight-curve $-1 -1 -1 $-1 -15.875 -76.259999999999991 -1.75 0 0 1 F 0 F 0.099999999999999645 #
edge $2483 -1 -1 $-1 $2014 0 $2268 1.5707829309572254 $2250 $2484 forward @7 unknown T -15.975000000000001 -76.359999999999985 -1.75 -15.875 -76.259999999999977 -1.75 #
integer_attrib-name_attrib-gen-attrib $-1 -1 $-1 $2013 $1763 2 1 1 1 1 1 1 1 1 1 1 1 1 1 0 1 1 1 @3 pid 254 #
integer_attrib-name_attrib-gen-attrib $-1 -1 $-1 $-1 $2014 2 1 1 1 1 1 1 1 1 1 1 1 1 1 0 1 1 1 @3 pid 165 #
point $-1 -1 -1 $-1 -15.875 -76.259999999999991 -1.75 #
string_attrib-name_attrib-gen-attrib $-1 -1 $-1 $2016 $1511 2 1 2 1 1 1 1 1 1 1 1 1 1 1 0 1 1 1 @15 ATTRIB_XACIS_ID @5 81741 #
integer_attrib-name_attrib-gen-attrib $-1 -1 $2485 $2017 $1765 2 1 1 1 1 1 1 1 1 1 1 1 1 1 0 1 1 1 @3 pid 90 #
coedge $-1 -1 -1 $-1 $2030 $2023 $2020 $2262 forward $2266 $-1 #
edge $2486 -1 -1 $-1 $2026 0 $2033 0.099999999999999645 $2261 $2487 forward @7 unknown T -15.975000000000001 -76.499999999999986 -1.75 -15.975000000000001 -76.499999999999986 -1.6500000000000001 #
integer_attrib-name_attrib-gen-attrib $-1 -1 $2488 $-1 $2021 2 0 0 1 1 1 1 1 1 1 1 1 1 1 0 1 1 1 @3 fif 0 #
cone-surface $-1 -1 -1 $-1 -15.875 -76.499999999999986 1.3525807737340001 0 0 -1 0 -0.10000000000000001 0 1 I I -0 1 0.10000000000000001 reversed I I I I #
coedge $-1 -1 -1 $-1 $2023 $2030 $2480 $2489 forward $2266 $-1 #
loop $-1 -1 -1 $-1 $-1 $2030 $2490 T -15.975000000000001 -76.499999999999986 -1.75 -15.975000000000001 -76.359999999999985 -1.6499999999999999 unknown #
name_attrib-gen-attrib $-1 -1 $2491 $-1 $2024 2 1 1 1 1 1 1 1 1 1 1 1 1 1 0 1 1 1 @3 eif #
vertex $2492 -1 -1 $-1 $2255 $2493 #
straight-curve $-1 -1 -1 $-1 -15.975000000000001 -76.499999999999986 -1.75 0 1 0 F 0 F 0.14000000000000001 #
integer_attrib-name_attrib-gen-attrib $-1 -1 $-1 $2025 $1778 2 1 1 1 1 1 1 1 1 1 1 1 1 1 0 1 1 1 @3 pid 256 #
integer_attrib-name_attrib-gen-attrib $-1 -1 $-1 $-1 $2026 2 1 1 1 1 1 1 1 1 1 1 1 1 1 0 1 1 1 @3 pid 163 #
point $-1 -1 -1 $-1 -15.975000000000001 -76.499999999999986 -1.75 #
edge $2494 -1 -1 $-1 $2275 0 $2069 1.5707829309572299 $2251 $2495 forward @7 unknown T -15.975000000000001 -76.359999999999985 -1.6500000000000001 -15.875 -76.259999999999991 -1.6499999999999999 #
name_attrib-gen-attrib $-1 -1 $2496 $-1 $2031 2 1 1 1 1 1 1 1 1 1 1 1 1 1 0 1 1 1 @3 eif #
vertex $2497 -1 -1 $-1 $2273 $2498 #
straight-curve $-1 -1 -1 $-1 -15.975000000000001 -76.499999999999986 -1.6499999999999999 0 1 0 F 0 F 0.13999999999999801 #
integer_attrib-name_attrib-gen-attrib $-1 -1 $-1 $2032 $1786 2 1 1 1 1 1 1 1 1 1 1 1 1 1 0 1 1 1 @3 pid 301 #
integer_attrib-name_attrib-gen-attrib $-1 -1 $-1 $-1 $2033 2 1 1 1 1 1 1 1 1 1 1 1 1 1 0 1 1 1 @3 pid 187 #
point $-1 -1 -1 $-1 -15.975000000000001 -76.499999999999986 -1.6500000000000001 #
integer_attrib-name_attrib-gen-attrib $-1 -1 $2499 $2035 $1787 2 1 1 1 1 1 1 1 1 1 1 1 1 1 0 1 1 1 @3 pid 114 #
integer_attrib-name_attrib-gen-attrib $-1 -1 $2500 $-1 $2036 2 0 0 1 1 1 1 1 1 1 1 1 1 1 0 1 1 1 @3 fif 0 #
face $2501 -1 -1 $-1 $2502 $2418 $5 $-1 $2503 reversed double out T -16.384638630596942 -75.603038449398042 -2.054729635533378 -15.615361369403374 -75.541651678112402 -1.7065879555826469 F #
plane-surface $-1 -1 -1 $-1 -16.550000000000001 -76.259999999999991 -1.6499999999999999 0 0 -1 0 1 0 forward_v I I I I #
string_attrib-name_attrib-gen-attrib $-1 -1 $-1 $2041 $1540 2 1 2 1 1 1 1 1 1 1 1 1 1 1 0 1 1 1 @15 ATTRIB_XACIS_ID @5 81799 #
integer_attrib-name_attrib-gen-attrib $-1 -1 $2504 $2042 $1795 2 1 1 1 1 1 1 1 1 1 1 1 1 1 0 1 1 1 @3 pid 92 #
integer_attrib-name_attrib-gen-attrib $-1 -1 $2505 $-1 $2043 2 0 0 1 1 1 1 1 1 1 1 1 1 1 0 1 1 1 @3 fif 0 #
face $2506 -1 -1 $-1 $2406 $2156 $5 $-1 $2507 forward double out T -15.691261286739206 -75.578555348638702 -1.9332438890761814 -15.615361369403374 -75.443170902811644 -1.7065879555829071 F #
cone-surface $-1 -1 -1 $-1 -16.550000000000001 -75.29544973985999 -1.75 1 0 0 0 -0.25 0 1 I I -0 1 0.25 reversed I I I I #
coedge $-1 -1 -1 $-1 $2063 $2104 $2085 $2329 forward $2044 $-1 #
string_attrib-name_attrib-gen-attrib $-1 -1 $-1 $2047 $1551 2 1 2 1 1 1 1 1 1 1 1 1 1 1 0 1 1 1 @15 ATTRIB_XACIS_ID @5 81716 #
integer_attrib-name_attrib-gen-attrib $-1 -1 $2508 $2048 $1801 2 1 1 1 1 1 1 1 1 1 1 1 1 1 0 1 1 1 @3 pid 18 #
integer_attrib-name_attrib-gen-attrib $-1 -1 $2509 $-1 $2049 2 0 0 1 1 1 1 1 1 1 1 1 1 1 0 1 1 1 @3 fif 0 #
face $2510 -1 -1 $-1 $2511 $2512 $5 $-1 $2513 reversed double out T -16.449999999999999 -74.799999999999983 -0.99999999999999989 -16.350000427671052 -74.59999999999998 -0.89999999999999991 F #
loop $-1 -1 -1 $-1 $-1 $2514 $2049 T -16.550000000000004 -74.599999999999994 -0.99999999999999989 -16.449999999999999 -74.499999999999986 -0.89999999999999991 unknown #
cone-surface $-1 -1 -1 $-1 -16.449999999999999 -74.499999999999986 -4.5346617600289996 0 0 1 -0.10000000000000001 0 0 1 I I -0 1 0.10000000000000001 reversed I I I I #
coedge $-1 -1 -1 $-1 $2449 $2448 $2193 $2429 forward $2050 $-1 #
coedge $-1 -1 -1 $-1 $2445 $2053 $2515 $2516 reversed $68 $-1 #
coedge $-1 -1 -1 $-1 $2228 $2227 $2053 $2299 reversed $2229 $-1 #
edge $2517 -1 -1 $-1 $2301 0 $2518 0.30000000000000004 $2298 $2519 forward @7 unknown T -16.550000000000001 -75.199999999999989 -0.99999999999999989 -16.550000000000001 -74.899999999999991 -0.99999999999999956 #
name_attrib-gen-attrib $-1 -1 $2520 $-1 $2055 2 1 1 1 1 1 1 1 1 1 1 1 1 1 0 1 1 1 @3 eif #
vertex $2521 -1 -1 $-1 $2233 $2522 #
ellipse-curve $-1 -1 -1 $-1 -16.449999330203624 -75.19999933020361 -0.99999999999999989 0 0 1 -0.10000066979637638 -6.6979637347586163e-007 0 1 F 0 F 1.5707829309573691 #
integer_attrib-name_attrib-gen-attrib $-1 -1 $-1 $2056 $1807 2 1 1 1 1 1 1 1 1 1 1 1 1 1 0 1 1 1 @3 pid 86 #
integer_attrib-name_attrib-gen-attrib $-1 -1 $-1 $-1 $2057 2 1 1 1 1 1 1 1 1 1 1 1 1 1 0 1 1 1 @3 pid 63 #
point $-1 -1 -1 $-1 -16.449999999999989 -75.299999999999983 -0.99999999999999956 #
name_attrib-gen-attrib $-1 -1 $2523 $-1 $2064 2 1 1 1 1 1 1 1 1 1 1 1 1 1 0 1 1 1 @3 eif #
vertex $2524 -1 -1 $-1 $2086 $2525 #
straight-curve $-1 -1 -1 $-1 -16.449999999999999 -76.59999999999998 -1.5499999999999998 0 1 0 F 0 F 0.33999999999999986 #
name_attrib-gen-attrib $-1 -1 $2526 $-1 $2066 2 1 1 1 1 1 1 1 1 1 1 1 1 1 0 1 1 1 @3 eif #
straight-curve $-1 -1 -1 $-1 -16.449999999999999 -76.09999999999998 -1.2000000000000024 0 -0.72953720414010692 -0.68394112888130665 F -7.5932718876129922e-018 F 0.21931712199460657 #
integer_attrib-name_attrib-gen-attrib $-1 -1 $-1 $2068 $1819 2 1 1 1 1 1 1 1 1 1 1 1 1 1 0 1 1 1 @3 pid 295 #
integer_attrib-name_attrib-gen-attrib $-1 -1 $-1 $-1 $2069 2 1 1 1 1 1 1 1 1 1 1 1 1 1 0 1 1 1 @3 pid 186 #
point $-1 -1 -1 $-1 -15.875 -76.259999999999991 -1.6500000000000001 #
string_attrib-name_attrib-gen-attrib $-1 -1 $-1 $2072 $1586 2 1 2 1 1 1 1 1 1 1 1 1 1 1 0 1 1 1 @15 ATTRIB_XACIS_ID @5 81778 #
integer_attrib-name_attrib-gen-attrib $-1 -1 $2527 $2073 $1823 2 1 1 1 1 1 1 1 1 1 1 1 1 1 0 1 1 1 @3 pid 83 #
integer_attrib-name_attrib-gen-attrib $-1 -1 $2528 $-1 $2074 2 0 0 1 1 1 1 1 1 1 1 1 1 1 0 1 1 1 @3 fif 0 #
face $2529 -1 -1 $-1 $1511 $2338 $5 $-1 $2530 forward double out T -16.350000000000001 -76.599999999999994 -1.75 -16.024999999999999 -76.259999999999977 -1.75 F #
plane-surface $-1 -1 -1 $-1 -16.550000000000001 -75.504557674095992 -2.0720944533000001 0 0.98480775301221313 -0.1736481776669023 0 0.1736481776669023 0.98480775301221313 forward_v I I I I #
string_attrib-name_attrib-gen-attrib $-1 -1 $-1 $2077 $1591 2 1 2 1 1 1 1 1 1 1 1 1 1 1 0 1 1 1 @15 ATTRIB_XACIS_ID @5 81804 #
integer_attrib-name_attrib-gen-attrib $-1 -1 $2531 $2078 $1828 2 1 1 1 1 1 1 1 1 1 1 1 1 1 0 1 1 1 @3 pid 59 #
integer_attrib-name_attrib-gen-attrib $-1 -1 $2532 $-1 $2079 2 0 0 1 1 1 1 1 1 1 1 1 1 1 0 1 1 1 @3 fif 0 #
face $2533 -1 -1 $-1 $2186 $2122 $5 $-1 $2534 forward double out T -16.550000000000001 -74.347283334622986 -1.5999999999999999 -16.522884788076233 -74.261263982965659 -1.5 F #
plane-surface $-1 -1 -1 $-1 -16.550000000000001 -74.647724869929988 -1.5499999999999998 -1 0 0 0 1 0 forward_v I I I I #
coedge $-1 -1 -1 $-1 $2091 $2099 $2081 $2325 forward $2338 $-1 #
edge $2535 -1 -1 $-1 $2102 -2.7755575615628914e-017 $2094 0.33999999999999986 $2081 $2536 forward @7 unknown T -16.350000000000001 -76.59999999999998 -1.75 -16.350000000000001 -76.259999999999977 -1.75 #
integer_attrib-name_attrib-gen-attrib $-1 -1 $2537 $-1 $2083 2 0 0 1 1 1 1 1 1 1 1 1 1 1 0 1 1 1 @3 fif 0 #
plane-surface $-1 -1 -1 $-1 -16.5 -76.179999999999993 -1.2749999999999999 0 0.68394112888130654 -0.72953720414010703 0 -0.72953720414010703 -0.68394112888130654 forward_v I I I I #
coedge $-1 -1 -1 $-1 $2090 $2085 $2368 $2538 reversed $1599 $-1 #
edge $2539 -1 -1 $-1 $2540 0 $2307 1.5707829309572192 $2289 $2541 forward @7 unknown T -16.450000000000003 -76.259999999999991 -1.6499999999999999 -16.350000000000001 -76.259999999999991 -1.5499999999999998 #
name_attrib-gen-attrib $-1 -1 $2542 $-1 $2086 2 1 1 1 1 1 1 1 1 1 1 1 1 1 0 1 1 1 @3 eif #
straight-curve $-1 -1 -1 $-1 -16.449999999999999 -76.259999999999991 -1.3499999999999903 0 0 -1 F 0 F 0.20000000000000961 #
integer_attrib-name_attrib-gen-attrib $-1 -1 $-1 $2087 $1841 2 1 1 1 1 1 1 1 1 1 1 1 1 1 0 1 1 1 @3 pid 203 #
integer_attrib-name_attrib-gen-attrib $-1 -1 $-1 $-1 $2088 2 1 1 1 1 1 1 1 1 1 1 1 1 1 0 1 1 1 @3 pid 133 #
point $-1 -1 -1 $-1 -16.449999999999999 -76.259999999999991 -1.3499999999999903 #
coedge $-1 -1 -1 $-1 $2543 $2544 $2090 $2336 reversed $2545 $-1 #
edge $2546 -1 -1 $-1 $2547 0 $2340 0.099999999999999645 $2335 $2548 forward @7 unknown T -16.125 -76.259999999999991 -1.75 -16.125 -76.259999999999991 -1.6499999999999999 #
coedge $-1 -1 -1 $-1 $2549 $2091 $2544 $2550 reversed $2338 $-1 #
loop $-1 -1 -1 $-1 $-1 $2549 $2317 T -16.350000000000001 -76.599999999999994 -1.75 -16.024999999999999 -76.259999999999977 -1.75 unknown #
name_attrib-gen-attrib $-1 -1 $2551 $-1 $2092 2 1 1 1 1 1 1 1 1 1 1 1 1 1 0 1 1 1 @3 eif #
vertex $2552 -1 -1 $-1 $2550 $2553 #
straight-curve $-1 -1 -1 $-1 -16.125 -76.259999999999991 -1.75 -1 0 0 F 0 F 0.22500000000000001 #
integer_attrib-name_attrib-gen-attrib $-1 -1 $-1 $2093 $1843 2 1 1 1 1 1 1 1 1 1 1 1 1 1 0 1 1 1 @3 pid 207 #
integer_attrib-name_attrib-gen-attrib $-1 -1 $-1 $-1 $2094 2 1 1 1 1 1 1 1 1 1 1 1 1 1 0 1 1 1 @3 pid 136 #
point $-1 -1 -1 $-1 -16.350000000000001 -76.259999999999991 -1.75 #
integer_attrib-name_attrib-gen-attrib $-1 -1 $2554 $2096 $1844 2 1 1 1 1 1 1 1 1 1 1 1 1 1 0 1 1 1 @3 pid 105 #
integer_attrib-name_attrib-gen-attrib $-1 -1 $2555 $-1 $2097 2 0 0 1 1 1 1 1 1 1 1 1 1 1 0 1 1 1 @3 fif 0 #
face $2556 -1 -1 $-1 $2557 $2363 $5 $-1 $2558 forward double out T -16.125000000000004 -76.599999999999994 -1.75 -16.024999999999999 -76.499999999999986 -1.6499999999999999 F #
loop $-1 -1 -1 $-1 $-1 $2559 $2097 T -16.025000000000002 -76.499999999999986 -1.75 -16.025000000000002 -76.359999999999985 -1.6499999999999999 unknown #
plane-surface $-1 -1 -1 $-1 -16.025000000000002 -76.429999999999993 -1.6999999999999997 1 0 0 0 -1 0 forward_v I I I I #
coedge $-1 -1 -1 $-1 $2099 $2549 $2361 $2560 reversed $2338 $-1 #
name_attrib-gen-attrib $-1 -1 $2561 $-1 $2100 2 1 1 1 1 1 1 1 1 1 1 1 1 1 0 1 1 1 @3 eif #
vertex $2562 -1 -1 $-1 $2100 $2563 #
straight-curve $-1 -1 -1 $-1 -16.350000000000001 -76.59999999999998 -1.75 1 0 0 F 0 F 0.22500000000000001 #
integer_attrib-name_attrib-gen-attrib $-1 -1 $-1 $2101 $1851 2 1 1 1 1 1 1 1 1 1 1 1 1 1 0 1 1 1 @3 pid 206 #
integer_attrib-name_attrib-gen-attrib $-1 -1 $-1 $-1 $2102 2 1 1 1 1 1 1 1 1 1 1 1 1 1 0 1 1 1 @3 pid 135 #
point $-1 -1 -1 $-1 -16.350000000000001 -76.59999999999998 -1.75 #
edge $2564 -1 -1 $-1 $2540 0 $2106 0.33999999999999986 $2104 $2565 forward @7 unknown T -16.350000000000001 -76.599999999999994 -1.6499999999999999 -16.350000000000001 -76.259999999999991 -1.6499999999999999 #
integer_attrib-name_attrib-gen-attrib $-1 -1 $-1 $2105 $1853 2 1 1 1 1 1 1 1 1 1 1 1 1 1 0 1 1 1 @3 pid 240 #
integer_attrib-name_attrib-gen-attrib $-1 -1 $-1 $-1 $2106 2 1 1 1 1 1 1 1 1 1 1 1 1 1 0 1 1 1 @3 pid 155 #
point $-1 -1 -1 $-1 -16.350000000000001 -76.59999999999998 -1.6499999999999999 #
coedge $-1 -1 -1 $-1 $2566 $2111 $2350 $2560 forward $2363 $-1 #
coedge $-1 -1 -1 $-1 $2111 $2566 $2113 $2367 forward $2363 $-1 #
loop $-1 -1 -1 $-1 $-1 $2566 $2347 T -16.125000000000004 -76.599999999999994 -1.75 -16.024999999999999 -76.499999999999986 -1.6499999999999999 unknown #
name_attrib-gen-attrib $-1 -1 $2567 $-1 $2112 2 1 1 1 1 1 1 1 1 1 1 1 1 1 0 1 1 1 @3 eif #
straight-curve $-1 -1 -1 $-1 -16.125 -76.59999999999998 -1.75 0 0 1 F 0 F 0.099999999999999645 #
coedge $-1 -1 -1 $-1 $2568 $2113 $2559 $2569 forward $2115 $-1 #
edge $2570 -1 -1 $-1 $2571 0 $2117 1.5707829309572203 $2113 $2572 forward @7 unknown T -16.125000000000004 -76.59999999999998 -1.6500000000000001 -16.025000000000002 -76.499999999999986 -1.6499999999999999 #
coedge $-1 -1 -1 $-1 $2114 $2568 $2328 $2538 forward $2115 $-1 #
integer_attrib-name_attrib-gen-attrib $-1 -1 $-1 $2116 $1859 2 1 1 1 1 1 1 1 1 1 1 1 1 1 0 1 1 1 @3 pid 284 #
integer_attrib-name_attrib-gen-attrib $-1 -1 $-1 $-1 $2117 2 1 1 1 1 1 1 1 1 1 1 1 1 1 0 1 1 1 @3 pid 181 #
point $-1 -1 -1 $-1 -16.125 -76.59999999999998 -1.6499999999999999 #
string_attrib-name_attrib-gen-attrib $-1 -1 $-1 $2119 $1608 2 1 2 1 1 1 1 1 1 1 1 1 1 1 0 1 1 1 @15 ATTRIB_XACIS_ID @5 81805 #
integer_attrib-name_attrib-gen-attrib $-1 -1 $-1 $2123 $1863 2 1 1 1 1 1 1 1 1 1 1 1 1 1 0 1 1 1 @3 pid 131 #
integer_attrib-name_attrib-gen-attrib $-1 -1 $-1 $-1 $2124 2 1 1 1 1 1 1 1 1 1 1 1 1 1 0 1 1 1 @3 pid 92 #
point $-1 -1 -1 $-1 -16.522884788076926 -74.261263982966909 -1.5999999999999996 #
name_attrib-gen-attrib $-1 -1 $2573 $-1 $2127 2 1 1 1 1 1 1 1 1 1 1 1 1 1 0 1 1 1 @3 eif #
straight-curve $-1 -1 -1 $-1 -16.550000000000001 -74.347283334622986 -1.5000000000000004 0 0 -1 F 0 F 0.099999999999998757 #
name_attrib-gen-attrib $-1 -1 $2574 $-1 $2132 2 1 1 1 1 1 1 1 1 1 1 1 1 1 0 1 1 1 @3 eif #
ellipse-curve $-1 -1 -1 $-1 -16.399998789763174 -75.060339588164268 -1.5 0 0 -1 -0.14126249697614146 -0.050450669179130214 0 1 F 0 F 0.34302114537899081 #
integer_attrib-name_attrib-gen-attrib $-1 -1 $-1 $2133 $1871 2 1 1 1 1 1 1 1 1 1 1 1 1 1 0 1 1 1 @3 pid 184 #
integer_attrib-name_attrib-gen-attrib $-1 -1 $-1 $-1 $2134 2 1 1 1 1 1 1 1 1 1 1 1 1 1 0 1 1 1 @3 pid 124 #
point $-1 -1 -1 $-1 -16.550000000000001 -75.060339797793986 -1.4999999999999998 #
integer_attrib-name_attrib-gen-attrib $-1 -1 $-1 $2136 $1876 2 1 1 1 1 1 1 1 1 1 1 1 1 1 0 1 1 1 @3 pid 181 #
pcurve $-1 -1 -1 $-1 0 forward { exppc nubs 1 open 2 
	-1 1 -0 1 
	-0.29875411378076 -1.5707963267948966 
	-0.66144547761479999 -0.17453292519934066 
	0.001 
	0.00024637903299368213 
	cone -16.550000000000001 -75.29544973985999 -1.75 1 0 0 0 -0.25 0 1 I I -0 1 0.25 reversed I I I I 
	} 0 0 #
name_attrib-gen-attrib $-1 -1 $2575 $-1 $2139 2 1 1 1 1 1 1 1 1 1 1 1 1 1 0 1 1 1 @3 eif #
intcurve-curve $-1 -1 -1 $-1 forward { exactcur full nubs 3 open 8 
	0 3 0.1429451707725789 1 0.28590055459608893 1 0.42877790041784863 1 0.57148297115868729 1 
	0.71431696805924327 1 0.85718532320378871 1 1 3 
	-16.384638630596299 -75.541651678113041 -1.7065879555832901 
	-16.388960284360365 -75.538693531190361 -1.6899996480890189 
	-16.397601856297914 -75.529739727030659 -1.6581236652845024 
	-16.410544681182284 -75.50681273200135 -1.6133831900130113 
	-16.423496505236486 -75.475570318437221 -1.5742473042081451 
	-16.436476055855998 -75.437182667997817 -1.5420481819505973 
	-16.449423857933411 -75.393221610931832 -1.5180984020619062 
	-16.462358802486751 -75.345205825171746 -1.5033096790569169 
	-16.470993774783853 -75.312283911947389 -1.5000325623144981 
	-16.475311471554811 -75.29544973985999 -1.5 
	0 
	null_surface 
	null_surface 
	nullbs 
	nullbs 
	-1 
	-1 
	I I 
	0 
	0 
	6 0.1429451707725789 0.28590055459608893 0.42877790041784863 0.57148297115868729 0.71431696805924327 0.85718532320378871 
	
	-1 
	none F F 1 F 0 } I I #
coedge $-1 -1 -1 $-1 $2576 $2577 $2147 $2388 forward $2578 $-1 #
edge $2579 -1 -1 $-1 $2580 0 $2391 0.343021145382295 $2387 $2581 forward @7 unknown T -15.700000000000001 -75.488835203700035 -1.9829278927839948 -15.691261286738545 -75.480074573336381 -1.9332438890741799 #
coedge $-1 -1 -1 $-1 $2148 $2155 $2576 $2582 forward $2156 $-1 #
name_attrib-gen-attrib $-1 -1 $2583 $-1 $2149 2 1 1 1 1 1 1 1 1 1 1 1 1 1 0 1 1 1 @3 eif #
vertex $2584 -1 -1 $-1 $2582 $2585 #
straight-curve $-1 -1 -1 $-1 -15.69126128673849 -75.480074573336381 -1.9332438890741994 0.33633639699818818 0.16353176678098647 0.92743473587512693 F 1.4458886786909621e-016 F 0.22566667780308619 #
coedge $-1 -1 -1 $-1 $2150 $2586 $2587 $2588 reversed $1887 $-1 #
coedge $-1 -1 -1 $-1 $2589 $2590 $2150 $2395 forward $2591 $-1 #
edge $2592 -1 -1 $-1 $2398 0 $2593 0.34302114538679318 $2394 $2594 forward @7 unknown T -16.308738713261345 -75.488835203700049 -1.98292789278399 -16.300000000000001 -75.480074573336438 -1.9332438890744872 #
coedge $-1 -1 -1 $-1 $2157 $2151 $2590 $2595 forward $2158 $-1 #
name_attrib-gen-attrib $-1 -1 $2596 $-1 $2152 2 1 1 1 1 1 1 1 1 1 1 1 1 1 0 1 1 1 @3 eif #
vertex $2597 -1 -1 $-1 $2595 $2598 #
straight-curve $-1 -1 -1 $-1 -16.384638630596353 -75.443170902811659 -1.723952773350077 0.33633639699818813 -0.16353176678098619 -0.92743473587512593 F 1.1005445966535758e-016 F 0.22566667780341756 #
coedge $-1 -1 -1 $-1 $2599 $2153 $2600 $2601 forward $1887 $-1 #
coedge $-1 -1 -1 $-1 $2602 $2603 $2153 $2402 reversed $2604 $-1 #
edge $2605 -1 -1 $-1 $2580 0 $2606 0.090542098438106705 $2401 $2607 forward @7 unknown T -15.700000000000001 -75.504557674096276 -2.0720944532998633 -15.700000000000001 -75.48883520370002 -1.9829278927839902 #
coedge $-1 -1 -1 $-1 $2179 $2608 $2155 $2183 reversed $2418 $-1 #
coedge $-1 -1 -1 $-1 $2609 $2179 $2157 $2405 reversed $2418 $-1 #
edge $2610 -1 -1 $-1 $2611 1.4846299979085431e-017 $2160 0.2256666778035209 $2404 $2612 forward @7 unknown T -16.384638630596942 -75.578555348638474 -1.9158790713077281 -16.30873871326131 -75.541651678112402 -1.7065879555826469 #
face $2613 -1 -1 $-1 $2614 $2158 $5 $-1 $2615 reversed double out T -16.384638630596942 -75.578555348638702 -1.9332438890760704 -16.308738713260837 -75.443170902811644 -1.7065879555826469 F #
integer_attrib-name_attrib-gen-attrib $-1 -1 $-1 $2159 $1893 2 1 1 1 1 1 1 1 1 1 1 1 1 1 0 1 1 1 @3 pid 226 #
integer_attrib-name_attrib-gen-attrib $-1 -1 $-1 $-1 $2160 2 1 1 1 1 1 1 1 1 1 1 1 1 1 0 1 1 1 @3 pid 144 #
point $-1 -1 -1 $-1 -16.384638630596299 -75.541651678113041 -1.7065879555832901 #
integer_attrib-name_attrib-gen-attrib $-1 -1 $-1 $2163 $1903 2 1 1 1 1 1 1 1 1 1 1 1 1 1 0 1 1 1 @3 pid 193 #
integer_attrib-name_attrib-gen-attrib $-1 -1 $-1 $-1 $2164 2 1 1 1 1 1 1 1 1 1 1 1 1 1 0 1 1 1 @3 pid 128 #
point $-1 -1 -1 $-1 -15.477115211921525 -74.261263982969666 -1.5 #
integer_attrib-name_attrib-gen-attrib $-1 -1 $2616 $2166 $1904 2 1 1 1 1 1 1 1 1 1 1 1 1 1 0 1 1 1 @3 pid 65 #
string_attrib-name_attrib-gen-attrib $-1 -1 $-1 $2171 $1646 2 1 2 1 1 1 1 1 1 1 1 1 1 1 0 1 1 1 @15 ATTRIB_XACIS_ID @5 81759 #
string_attrib-name_attrib-gen-attrib $-1 -1 $-1 $2174 $1656 2 1 2 1 1 1 1 1 1 1 1 1 1 1 0 1 1 1 @15 ATTRIB_XACIS_ID @5 81762 #
integer_attrib-name_attrib-gen-attrib $-1 -1 $2617 $2175 $1920 2 1 1 1 1 1 1 1 1 1 1 1 1 1 0 1 1 1 @3 pid 71 #
integer_attrib-name_attrib-gen-attrib $-1 -1 $-1 $2177 $1923 2 1 1 1 1 1 1 1 1 1 1 1 1 1 0 1 1 1 @3 pid 223 #
loop $-1 -1 -1 $-1 $-1 $2403 $2282 T -16.384638630596942 -75.603038449398042 -2.054729635533378 -15.615361369403374 -75.541651678112402 -1.7065879555826469 unknown #
name_attrib-gen-attrib $-1 -1 $2618 $-1 $2180 2 1 1 1 1 1 1 1 1 1 1 1 1 1 0 1 1 1 @3 eif #
straight-curve $-1 -1 -1 $-1 -15.615361369403701 -75.541651678113666 -1.7065879555831791 -1 0 0 F 0 F 0.76927726119259998 #
name_attrib-gen-attrib $-1 -1 $2619 $-1 $2183 2 1 1 1 1 1 1 1 1 1 1 1 1 1 0 1 1 1 @3 eif #
vertex $2620 -1 -1 $-1 $2621 $2622 #
straight-curve $-1 -1 -1 $-1 -15.615361369403635 -75.541651678113681 -1.7065879555832022 -0.33633639699818801 -0.16353176678098688 -0.92743473587512681 F 4.4314864212061309e-017 F 0.22566667780401983 #
integer_attrib-name_attrib-gen-attrib $-1 -1 $2623 $-1 $2186 2 0 0 1 1 1 1 1 1 1 1 1 1 1 0 1 1 1 @3 fif 0 #
plane-surface $-1 -1 -1 $-1 -16.462500000000002 -74.174999999999983 -1.5499999999999998 -0.81923192051904048 0.57346234436332832 -0 0.57346234436332832 0.81923192051904048 0 forward_v I I I I #
integer_attrib-name_attrib-gen-attrib $-1 -1 $-1 $2188 $1937 2 1 1 1 1 1 1 1 1 1 1 1 1 1 0 1 1 1 @3 pid 132 #
string_attrib-name_attrib-gen-attrib $-1 -1 $-1 $2191 $1683 2 1 2 1 1 1 1 1 1 1 1 1 1 1 0 1 1 1 @15 ATTRIB_XACIS_ID @5 81833 #
coedge $-1 -1 -1 $-1 $2224 $2193 $2624 $2625 reversed $11 $-1 #
edge $2626 -1 -1 $-1 $2627 0 $2431 0.15271666537700002 $2193 $2628 forward @7 unknown T -16.550000000000001 -74.499999999999986 -0.89999999999999991 -16.550000000000001 -74.347283334622986 -0.89999999999999991 #
name_attrib-gen-attrib $-1 -1 $2629 $-1 $2195 2 1 1 1 1 1 1 1 1 1 1 1 1 1 0 1 1 1 @3 eif #
vertex $2630 -1 -1 $-1 $2429 $2631 #
ellipse-curve $-1 -1 -1 $-1 -16.39999626631209 -74.347284511563913 -0.89999999999999991 0 0 -1 -0.15000373368791001 1.1769409260509178e-006 -0 1 F 0 F 0.61071027224694119 #
integer_attrib-name_attrib-gen-attrib $-1 -1 $-1 $2196 $1950 2 1 1 1 1 1 1 1 1 1 1 1 1 1 0 1 1 1 @3 pid 16 #
integer_attrib-name_attrib-gen-attrib $-1 -1 $-1 $-1 $2197 2 1 1 1 1 1 1 1 1 1 1 1 1 1 0 1 1 1 @3 pid 17 #
point $-1 -1 -1 $-1 -16.522884788076464 -74.261263982965986 -0.89999999999999991 #
integer_attrib-name_attrib-gen-attrib $-1 -1 $-1 $2200 $1957 2 1 1 1 1 1 1 1 1 1 1 1 1 1 0 1 1 1 @3 pid 192 #
name_attrib-gen-attrib $-1 -1 $2632 $-1 $2202 2 1 1 1 1 1 1 1 1 1 1 1 1 1 0 1 1 1 @3 eif #
straight-curve $-1 -1 -1 $-1 -16.550000000000001 -74.347283334622986 -1.5 0 -1 0 F 0 F 0.71305646317099991 #
integer_attrib-name_attrib-gen-attrib $-1 -1 $-1 $2203 $1966 2 1 1 1 1 1 1 1 1 1 1 1 1 1 0 1 1 1 @3 pid 187 #
integer_attrib-name_attrib-gen-attrib $-1 -1 $-1 $-1 $2204 2 1 1 1 1 1 1 1 1 1 1 1 1 1 0 1 1 1 @3 pid 125 #
point $-1 -1 -1 $-1 -16.550000000000001 -74.347283334622986 -1.5 #
name_attrib-gen-attrib $-1 -1 $2633 $-1 $2206 2 1 1 1 1 1 1 1 1 1 1 1 1 1 0 1 1 1 @3 eif #
straight-curve $-1 -1 -1 $-1 -16.522884788077686 -74.261263982968103 -1.5999999999999992 0 0 1 F 0 F 0.099999999999998757 #
integer_attrib-name_attrib-gen-attrib $-1 -1 $-1 $2210 $1971 2 1 1 1 1 1 1 1 1 1 1 1 1 1 0 1 1 1 @3 pid 194 #
coedge $-1 -1 -1 $-1 $2213 $2297 $2634 $2635 reversed $68 $-1 #
coedge $-1 -1 -1 $-1 $2636 $2514 $2213 $2447 forward $2294 $-1 #
edge $2637 -1 -1 $-1 $2451 0 $2638 1.570782930957223 $2446 $2639 forward @7 unknown T -16.550000000000001 -74.59999999999998 -0.99999999999999989 -16.449999999999999 -74.499999999999986 -0.99999999999999956 #
coedge $-1 -1 -1 $-1 $2296 $2214 $2514 $2640 forward $2050 $-1 #
coedge $-1 -1 -1 $-1 $2214 $2296 $2216 $2453 forward $2050 $-1 #
name_attrib-gen-attrib $-1 -1 $2641 $-1 $2215 2 1 1 1 1 1 1 1 1 1 1 1 1 1 0 1 1 1 @3 eif #
vertex $2642 -1 -1 $-1 $2447 $2643 #
straight-curve $-1 -1 -1 $-1 -16.550000000000001 -74.499999999999986 -0.99999999999999989 0 1 0 F 0 F 0.15271666537700002 #
edge $2644 -1 -1 $-1 $2431 0 $2218 0.10000000000000053 $2216 $2645 forward @7 unknown T -16.550000000000001 -74.347283334622986 -1 -16.550000000000001 -74.347283334622986 -0.89999999999999947 #
integer_attrib-name_attrib-gen-attrib $-1 -1 $-1 $2217 $1976 2 1 1 1 1 1 1 1 1 1 1 1 1 1 0 1 1 1 @3 pid 72 #
integer_attrib-name_attrib-gen-attrib $-1 -1 $-1 $-1 $2218 2 1 1 1 1 1 1 1 1 1 1 1 1 1 0 1 1 1 @3 pid 57 #
point $-1 -1 -1 $-1 -16.550000000000001 -74.347283334622986 -1 #
name_attrib-gen-attrib $-1 -1 $2646 $-1 $2220 2 1 1 1 1 1 1 1 1 1 1 1 1 1 0 1 1 1 @3 eif #
straight-curve $-1 -1 -1 $-1 -16.522884788077921 -74.261263982968444 -1 0 0 1 F 0 F 0.10000000000000053 #
coedge $-1 -1 -1 $-1 $2647 $2648 $2224 $2460 forward $2512 $-1 #
edge $2649 -1 -1 $-1 $2465 0 $2650 3.1415840465669054 $2224 $2651 forward @7 unknown T -16.449999999999999 -74.799999999999983 -0.89999999999999991 -16.3500004303502 -74.59999999999998 -0.89999999999999991 #
coedge $-1 -1 -1 $-1 $2515 $2225 $2648 $2652 forward $2463 $-1 #
coedge $-1 -1 -1 $-1 $2225 $2515 $2227 $2467 reversed $2463 $-1 #
loop $-1 -1 -1 $-1 $-1 $2461 $2511 T -16.550000000000001 -74.899999999999991 -0.99999999999999989 -16.44999999999995 -74.799999999999983 -0.89999999999999991 unknown #
name_attrib-gen-attrib $-1 -1 $2653 $-1 $2226 2 1 1 1 1 1 1 1 1 1 1 1 1 1 0 1 1 1 @3 eif #
vertex $2654 -1 -1 $-1 $2226 $2655 #
ellipse-curve $-1 -1 -1 $-1 -16.449999330203621 -74.900000669796356 -0.89999999999999991 0 0 -1 -0.10000066979638139 6.6979637569630768e-007 -0 1 F 0 F 1.5707829309575421 #
edge $2656 -1 -1 $-1 $2231 0 $2518 0.099999999999998757 $2227 $2657 forward @7 unknown T -16.550000000000001 -74.899999999999991 -0.99999999999999956 -16.550000000000001 -74.899999999999991 -0.89999999999999991 #
face $2658 -1 -1 $-1 $2234 $2229 $5 $-1 $2659 forward double out T -16.550000000000001 -75.199999999999989 -0.99999999999999989 -16.550000000000001 -74.899999999999991 -0.89999999999999991 F #
integer_attrib-name_attrib-gen-attrib $-1 -1 $-1 $2230 $1984 2 1 1 1 1 1 1 1 1 1 1 1 1 1 0 1 1 1 @3 pid 22 #
integer_attrib-name_attrib-gen-attrib $-1 -1 $-1 $-1 $2231 2 1 1 1 1 1 1 1 1 1 1 1 1 1 0 1 1 1 @3 pid 22 #
point $-1 -1 -1 $-1 -16.550000000000001 -74.899999999999991 -0.89999999999999991 #
name_attrib-gen-attrib $-1 -1 $2660 $-1 $2233 2 1 1 1 1 1 1 1 1 1 1 1 1 1 0 1 1 1 @3 eif #
straight-curve $-1 -1 -1 $-1 -16.550000000000001 -75.199999999999989 -0.99999999999999911 0 0 1 F 0 F 0.099999999999998757 #
integer_attrib-name_attrib-gen-attrib $-1 -1 $2661 $-1 $2234 2 0 0 1 1 1 1 1 1 1 1 1 1 1 0 1 1 1 @3 fif 0 #
cone-surface $-1 -1 -1 $-1 -16.449999999999999 -75.199999999999989 -4.5346617600289996 0 0 1 -0.10000000000000001 0 0 1 I I -0 1 0.10000000000000001 reversed I I I I #
integer_attrib-name_attrib-gen-attrib $-1 -1 $-1 $2238 $1991 2 1 1 1 1 1 1 1 1 1 1 1 1 1 0 1 1 1 @3 pid 85 #
integer_attrib-name_attrib-gen-attrib $-1 -1 $2662 $2240 $1992 2 1 1 1 1 1 1 1 1 1 1 1 1 1 0 1 1 1 @3 pid 24 #
string_attrib-name_attrib-gen-attrib $-1 -1 $-1 $2243 $1741 2 1 2 1 1 1 1 1 1 1 1 1 1 1 0 1 1 1 @15 ATTRIB_XACIS_ID @5 81839 #
integer_attrib-name_attrib-gen-attrib $-1 -1 $-1 $2245 $2003 2 1 1 1 1 1 1 1 1 1 1 1 1 1 0 1 1 1 @3 pid 200 #
coedge $-1 -1 -1 $-1 $2251 $2250 $2265 $2489 reversed $2252 $-1 #
face $2663 -1 -1 $-1 $2021 $2252 $5 $-1 $2664 forward double out T -15.975000000000001 -76.359999999999985 -1.75 -15.875 -76.259999999999977 -1.6499999999999999 F #
integer_attrib-name_attrib-gen-attrib $-1 -1 $-1 $2253 $2011 2 1 1 1 1 1 1 1 1 1 1 1 1 1 0 1 1 1 @3 pid 296 #
name_attrib-gen-attrib $-1 -1 $2665 $-1 $2255 2 1 1 1 1 1 1 1 1 1 1 1 1 1 0 1 1 1 @3 eif #
ellipse-curve $-1 -1 -1 $-1 -15.874999330203631 -76.360000669796349 -1.75 0 -0 1 -6.6979637036723716e-007 0.10000066979637023 -0 1 F 0 F 1.5707829309572254 #
string_attrib-name_attrib-gen-attrib $-1 -1 $-1 $2260 $1765 2 1 2 1 1 1 1 1 1 1 1 1 1 1 0 1 1 1 @15 ATTRIB_XACIS_ID @5 81734 #
name_attrib-gen-attrib $-1 -1 $2666 $-1 $2262 2 1 1 1 1 1 1 1 1 1 1 1 1 1 0 1 1 1 @3 eif #
straight-curve $-1 -1 -1 $-1 -15.975000000000001 -76.499999999999986 -1.75 0 0 1 F 0 F 0.099999999999999645 #
integer_attrib-name_attrib-gen-attrib $-1 -1 $2667 $2263 $2021 2 1 1 1 1 1 1 1 1 1 1 1 1 1 0 1 1 1 @3 pid 113 #
edge $2668 -1 -1 $-1 $2275 0 $2268 0.099999999999999645 $2480 $2669 forward @7 unknown T -15.975000000000001 -76.359999999999985 -1.75 -15.975000000000001 -76.359999999999985 -1.6499999999999999 #
face $2670 -1 -1 $-1 $2481 $2266 $5 $-1 $2671 reversed double out T -15.975000000000001 -76.499999999999986 -1.75 -15.975000000000001 -76.359999999999985 -1.6499999999999999 F #
integer_attrib-name_attrib-gen-attrib $-1 -1 $-1 $2267 $2024 2 1 1 1 1 1 1 1 1 1 1 1 1 1 0 1 1 1 @3 pid 252 #
integer_attrib-name_attrib-gen-attrib $-1 -1 $-1 $-1 $2268 2 1 1 1 1 1 1 1 1 1 1 1 1 1 0 1 1 1 @3 pid 164 #
point $-1 -1 -1 $-1 -15.975000000000001 -76.359999999999985 -1.75 #
name_attrib-gen-attrib $-1 -1 $2672 $-1 $2273 2 1 1 1 1 1 1 1 1 1 1 1 1 1 0 1 1 1 @3 eif #
ellipse-curve $-1 -1 -1 $-1 -15.874999330203631 -76.360000669796349 -1.6499999999999999 0 0 -1 -0.10000066979637001 6.6979636903496953e-007 -0 1 F 0 F 1.5707829309572299 #
integer_attrib-name_attrib-gen-attrib $-1 -1 $-1 $2274 $2031 2 1 1 1 1 1 1 1 1 1 1 1 1 1 0 1 1 1 @3 pid 297 #
integer_attrib-name_attrib-gen-attrib $-1 -1 $-1 $-1 $2275 2 1 1 1 1 1 1 1 1 1 1 1 1 1 0 1 1 1 @3 pid 188 #
point $-1 -1 -1 $-1 -15.975000000000001 -76.359999999999985 -1.6499999999999999 #
string_attrib-name_attrib-gen-attrib $-1 -1 $-1 $2280 $1787 2 1 2 1 1 1 1 1 1 1 1 1 1 1 0 1 1 1 @15 ATTRIB_XACIS_ID @5 81705 #
integer_attrib-name_attrib-gen-attrib $-1 -1 $2673 $2281 $2036 2 1 1 1 1 1 1 1 1 1 1 1 1 1 0 1 1 1 @3 pid 115 #
integer_attrib-name_attrib-gen-attrib $-1 -1 $2674 $-1 $2282 2 0 0 1 1 1 1 1 1 1 1 1 1 1 0 1 1 1 @3 fif 0 #
face $2675 -1 -1 $-1 $2676 $2677 $5 $-1 $2678 forward double out T -15.726100441930786 -76.100961561640332 -2.2821573193412603 -15.69995649672801 -75.898189769280265 -2.0199564967280139 T 0 0.99999999999925104 0.019230769231033767 0.98160454399978536 #
plane-surface $-1 -1 -1 $-1 -16.550000000000001 -75.603038449397985 -2.0547296355329996 0 0.98480775301221313 -0.1736481776669023 0 0.1736481776669023 0.98480775301221313 forward_v I I I I #
string_attrib-name_attrib-gen-attrib $-1 -1 $-1 $2285 $1795 2 1 2 1 1 1 1 1 1 1 1 1 1 1 0 1 1 1 @15 ATTRIB_XACIS_ID @5 81797 #
integer_attrib-name_attrib-gen-attrib $-1 -1 $2679 $2286 $2043 2 1 1 1 1 1 1 1 1 1 1 1 1 1 0 1 1 1 @3 pid 93 #
integer_attrib-name_attrib-gen-attrib $-1 -1 $2680 $-1 $2287 2 0 0 1 1 1 1 1 1 1 1 1 1 1 0 1 1 1 @3 fif 0 #
plane-surface $-1 -1 -1 $-1 -15.6576806847018 -75.512987572010985 -1.8319642559284999 0.9417419115948259 -0.058404202421791618 -0.33122669138400912 -0.33633639699818874 -0.16353176678100415 -0.92743473587512348 forward_v I I I I #
string_attrib-name_attrib-gen-attrib $-1 -1 $-1 $2291 $1801 2 1 2 1 1 1 1 1 1 1 1 1 1 1 0 1 1 1 @15 ATTRIB_XACIS_ID @5 81784 #
integer_attrib-name_attrib-gen-attrib $-1 -1 $2681 $2292 $2049 2 1 1 1 1 1 1 1 1 1 1 1 1 1 0 1 1 1 @3 pid 19 #
integer_attrib-name_attrib-gen-attrib $-1 -1 $2682 $-1 $2293 2 0 0 1 1 1 1 1 1 1 1 1 1 1 0 1 1 1 @3 fif 0 #
face $2683 -1 -1 $-1 $2468 $2463 $5 $-1 $2684 forward double out T -16.550000000000001 -74.899999999999991 -0.99999999999999989 -16.44999999999995 -74.799999999999983 -0.89999999999999991 F #
loop $-1 -1 -1 $-1 $-1 $2634 $2293 T -16.449999999999999 -74.799999999999983 -0.99999999999999989 -16.350000427671052 -74.59999999999998 -0.89999999999999991 unknown #
cone-surface $-1 -1 -1 $-1 -16.449999999999999 -74.699999999999989 -0.94999999999999996 0 0 1 0 -0.10000000000000001 0 1 I I -0 1 0.10000000000000001 reversed I I I I #
coedge $-1 -1 -1 $-1 $2446 $2624 $2448 $2640 reversed $2294 $-1 #
coedge $-1 -1 -1 $-1 $2462 $2461 $2297 $2516 forward $2463 $-1 #
edge $2685 -1 -1 $-1 $2686 0 $2518 1.5707829309575922 $2297 $2687 forward @7 unknown T -16.550000000000001 -74.899999999999991 -0.99999999999999989 -16.44999999999995 -74.799999999999983 -0.99999999999999956 #
name_attrib-gen-attrib $-1 -1 $2688 $-1 $2299 2 1 1 1 1 1 1 1 1 1 1 1 1 1 0 1 1 1 @3 eif #
vertex $2689 -1 -1 $-1 $2467 $2690 #
straight-curve $-1 -1 -1 $-1 -16.550000000000001 -75.199999999999989 -0.99999999999999989 0 1 0 F 0 F 0.30000000000000004 #
integer_attrib-name_attrib-gen-attrib $-1 -1 $-1 $2300 $2055 2 1 1 1 1 1 1 1 1 1 1 1 1 1 0 1 1 1 @3 pid 84 #
integer_attrib-name_attrib-gen-attrib $-1 -1 $-1 $-1 $2301 2 1 1 1 1 1 1 1 1 1 1 1 1 1 0 1 1 1 @3 pid 62 #
point $-1 -1 -1 $-1 -16.550000000000001 -75.199999999999989 -0.99999999999999956 #
integer_attrib-name_attrib-gen-attrib $-1 -1 $-1 $2306 $2064 2 1 1 1 1 1 1 1 1 1 1 1 1 1 0 1 1 1 @3 pid 222 #
integer_attrib-name_attrib-gen-attrib $-1 -1 $-1 $-1 $2307 2 1 1 1 1 1 1 1 1 1 1 1 1 1 0 1 1 1 @3 pid 134 #
point $-1 -1 -1 $-1 -16.449999999999999 -76.259999999999991 -1.5499999999999998 #
integer_attrib-name_attrib-gen-attrib $-1 -1 $-1 $2309 $2066 2 1 1 1 1 1 1 1 1 1 1 1 1 1 0 1 1 1 @3 pid 209 #
string_attrib-name_attrib-gen-attrib $-1 -1 $-1 $2315 $1823 2 1 2 1 1 1 1 1 1 1 1 1 1 1 0 1 1 1 @15 ATTRIB_XACIS_ID @5 81842 #
integer_attrib-name_attrib-gen-attrib $-1 -1 $2691 $2316 $2074 2 1 1 1 1 1 1 1 1 1 1 1 1 1 0 1 1 1 @3 pid 84 #
integer_attrib-name_attrib-gen-attrib $-1 -1 $2692 $-1 $2317 2 0 0 1 1 1 1 1 1 1 1 1 1 1 0 1 1 1 @3 fif 0 #
plane-surface $-1 -1 -1 $-1 -16.550000000000001 -76.259999999999991 -1.75 0 0 -1 0 1 0 forward_v I I I I #
string_attrib-name_attrib-gen-attrib $-1 -1 $-1 $2320 $1828 2 1 2 1 1 1 1 1 1 1 1 1 1 1 0 1 1 1 @15 ATTRIB_XACIS_ID @5 81843 #
integer_attrib-name_attrib-gen-attrib $-1 -1 $2693 $2321 $2079 2 1 1 1 1 1 1 1 1 1 1 1 1 1 0 1 1 1 @3 pid 60 #
integer_attrib-name_attrib-gen-attrib $-1 -1 $2694 $-1 $2322 2 0 0 1 1 1 1 1 1 1 1 1 1 1 0 1 1 1 @3 fif 0 #
cone-surface $-1 -1 -1 $-1 -16.400000000000002 -74.347283334622986 1.3525807737340001 0 0 -1 -0.14999999999999999 0 0 1 I I -0 1 0.14999999999999999 reversed I I I I #
name_attrib-gen-attrib $-1 -1 $2695 $-1 $2325 2 1 1 1 1 1 1 1 1 1 1 1 1 1 0 1 1 1 @3 eif #
straight-curve $-1 -1 -1 $-1 -16.350000000000001 -76.59999999999998 -1.75 0 1 0 F -2.7755575615628914e-017 F 0.33999999999999986 #
integer_attrib-name_attrib-gen-attrib $-1 -1 $2696 $2326 $2083 2 1 1 1 1 1 1 1 1 1 1 1 1 1 0 1 1 1 @3 pid 72 #
edge $2697 -1 -1 $-1 $2547 0 $2540 0.22499999999999998 $2328 $2698 forward @7 unknown T -16.350000000000001 -76.259999999999991 -1.6499999999999999 -16.125 -76.259999999999991 -1.6499999999999999 #
name_attrib-gen-attrib $-1 -1 $2699 $-1 $2329 2 1 1 1 1 1 1 1 1 1 1 1 1 1 0 1 1 1 @3 eif #
vertex $2700 -1 -1 $-1 $2538 $2701 #
ellipse-curve $-1 -1 -1 $-1 -16.34999933020363 -76.259999999999991 -1.5499993302036299 0 1 -0 -6.697963700896814e-007 0 -0.10000066979637012 1 F 0 F 1.5707829309572192 #
integer_attrib-name_attrib-gen-attrib $-1 -1 $-1 $2330 $2086 2 1 1 1 1 1 1 1 1 1 1 1 1 1 0 1 1 1 @3 pid 204 #
coedge $-1 -1 -1 $-1 $2702 $2335 $2568 $2703 forward $2545 $-1 #
coedge $-1 -1 -1 $-1 $2335 $2702 $2337 $2550 forward $2545 $-1 #
loop $-1 -1 -1 $-1 $-1 $2335 $2557 T -16.125000000000004 -76.359999999999985 -1.75 -16.024999999999999 -76.259999999999977 -1.6499999999999999 unknown #
name_attrib-gen-attrib $-1 -1 $2704 $-1 $2336 2 1 1 1 1 1 1 1 1 1 1 1 1 1 0 1 1 1 @3 eif #
vertex $2705 -1 -1 $-1 $2703 $2706 #
straight-curve $-1 -1 -1 $-1 -16.125 -76.259999999999991 -1.6500000000000004 0 0 -1 F 0 F 0.099999999999999645 #
coedge $-1 -1 -1 $-1 $2350 $2337 $2707 $2708 reversed $2338 $-1 #
edge $2709 -1 -1 $-1 $2710 0 $2340 1.5707829309572188 $2544 $2711 forward @7 unknown T -16.125000000000004 -76.359999999999985 -1.75 -16.025000000000002 -76.259999999999991 -1.75 #
integer_attrib-name_attrib-gen-attrib $-1 -1 $-1 $2339 $2092 2 1 1 1 1 1 1 1 1 1 1 1 1 1 0 1 1 1 @3 pid 246 #
integer_attrib-name_attrib-gen-attrib $-1 -1 $-1 $-1 $2340 2 1 1 1 1 1 1 1 1 1 1 1 1 1 0 1 1 1 @3 pid 160 #
point $-1 -1 -1 $-1 -16.125 -76.259999999999991 -1.75 #
string_attrib-name_attrib-gen-attrib $-1 -1 $-1 $2345 $1844 2 1 2 1 1 1 1 1 1 1 1 1 1 1 0 1 1 1 @15 ATTRIB_XACIS_ID @5 81702 #
integer_attrib-name_attrib-gen-attrib $-1 -1 $2712 $2346 $2097 2 1 1 1 1 1 1 1 1 1 1 1 1 1 0 1 1 1 @3 pid 106 #
integer_attrib-name_attrib-gen-attrib $-1 -1 $2713 $-1 $2347 2 0 0 1 1 1 1 1 1 1 1 1 1 1 0 1 1 1 @3 fif 0 #
face $2714 -1 -1 $-1 $2490 $2545 $5 $-1 $2715 forward double out T -16.125000000000004 -76.359999999999985 -1.75 -16.024999999999999 -76.259999999999977 -1.6499999999999999 F #
cone-surface $-1 -1 -1 $-1 -16.125 -76.499999999999986 1.3525807737340001 0 0 -1 0.10000000000000001 0 0 1 I I -0 1 0.10000000000000001 reversed I I I I #
coedge $-1 -1 -1 $-1 $2716 $2717 $2366 $2569 reversed $2348 $-1 #
edge $2718 -1 -1 $-1 $2352 0 $2719 1.5707829309572248 $2350 $2720 forward @7 unknown T -16.125 -76.599999999999994 -1.75 -16.024999999999999 -76.499999999999986 -1.75 #
integer_attrib-name_attrib-gen-attrib $-1 -1 $-1 $2351 $2100 2 1 1 1 1 1 1 1 1 1 1 1 1 1 0 1 1 1 @3 pid 245 #
integer_attrib-name_attrib-gen-attrib $-1 -1 $-1 $-1 $2352 2 1 1 1 1 1 1 1 1 1 1 1 1 1 0 1 1 1 @3 pid 159 #
point $-1 -1 -1 $-1 -16.125 -76.59999999999998 -1.75 #
name_attrib-gen-attrib $-1 -1 $2721 $-1 $2357 2 1 1 1 1 1 1 1 1 1 1 1 1 1 0 1 1 1 @3 eif #
straight-curve $-1 -1 -1 $-1 -16.350000000000001 -76.259999999999991 -1.6499999999999999 0 -1 0 F 0 F 0.33999999999999986 #
coedge $-1 -1 -1 $-1 $2362 $2361 $2716 $2722 reversed $2363 $-1 #
integer_attrib-name_attrib-gen-attrib $-1 -1 $-1 $2364 $2112 2 1 1 1 1 1 1 1 1 1 1 1 1 1 0 1 1 1 @3 pid 285 #
coedge $-1 -1 -1 $-1 $2368 $2366 $2543 $2703 reversed $2115 $-1 #
edge $2723 -1 -1 $-1 $2571 0 $2724 0.14000000000000001 $2559 $2725 forward @7 unknown T -16.025000000000002 -76.499999999999986 -1.6500000000000001 -16.025000000000002 -76.359999999999985 -1.6499999999999999 #
name_attrib-gen-attrib $-1 -1 $2726 $-1 $2367 2 1 1 1 1 1 1 1 1 1 1 1 1 1 0 1 1 1 @3 eif #
vertex $2727 -1 -1 $-1 $2722 $2728 #
ellipse-curve $-1 -1 -1 $-1 -16.125000669796371 -76.499999330203622 -1.6499999999999999 0 0 -1 0.10000066979637001 -6.6979637003417025e-007 0 1 F 0 F 1.5707829309572203 #
integer_attrib-name_attrib-gen-attrib $-1 -1 $-1 $2376 $2127 2 1 1 1 1 1 1 1 1 1 1 1 1 1 0 1 1 1 @3 pid 186 #
integer_attrib-name_attrib-gen-attrib $-1 -1 $-1 $2378 $2132 2 1 1 1 1 1 1 1 1 1 1 1 1 1 0 1 1 1 @3 pid 183 #
integer_attrib-name_attrib-gen-attrib $-1 -1 $-1 $2385 $2139 2 1 1 1 1 1 1 1 1 1 1 1 1 1 0 1 1 1 @3 pid 227 #
coedge $-1 -1 -1 $-1 $2729 $2387 $2389 $2582 reversed $2578 $-1 #
coedge $-1 -1 -1 $-1 $2387 $2729 $2602 $2730 reversed $2578 $-1 #
loop $-1 -1 -1 $-1 $-1 $2387 $2731 T -15.700000000000001 -75.587315979002042 -1.9829278927839997 -15.691261286738545 -75.480074573336381 -1.9158790713081659 unknown #
name_attrib-gen-attrib $-1 -1 $2732 $-1 $2388 2 1 1 1 1 1 1 1 1 1 1 1 1 1 0 1 1 1 @3 eif #
vertex $2733 -1 -1 $-1 $2730 $2734 #
ellipse-curve $-1 -1 -1 $-1 -15.549998789756845 -75.488835240101977 -1.9829280992296467 -6.6816112210632477e-016 0.98480775301221302 -0.1736481776669023 -0.15000121024315549 3.6401939240704451e-008 2.0644565679184268e-007 1 F 0 F 0.343021145382295 #
edge $2735 -1 -1 $-1 $2422 -6.3372987956536805e-017 $2391 0.10000000000081929 $2576 $2736 forward @7 unknown T -15.691261286739206 -75.578555348638702 -1.9332438890761814 -15.691261286738859 -75.480074573336537 -1.9158790713081659 #
integer_attrib-name_attrib-gen-attrib $-1 -1 $-1 $2390 $2149 2 1 1 1 1 1 1 1 1 1 1 1 1 1 0 1 1 1 @3 pid 237 #
integer_attrib-name_attrib-gen-attrib $-1 -1 $-1 $-1 $2391 2 1 1 1 1 1 1 1 1 1 1 1 1 1 0 1 1 1 @3 pid 154 #
point $-1 -1 -1 $-1 -15.691261286738884 -75.480074573336537 -1.9332438890751771 #
coedge $-1 -1 -1 $-1 $2393 $2737 $2738 $2739 forward $1887 $-1 #
coedge $-1 -1 -1 $-1 $2740 $2741 $2393 $2588 forward $2742 $-1 #
edge $2743 -1 -1 $-1 $2593 0 $2744 0.090542098438276722 $2587 $2745 forward @7 unknown T -16.300000000000001 -75.504557674096276 -2.0720944533000001 -16.300000000000001 -75.488835203700006 -1.9829278927839449 #
coedge $-1 -1 -1 $-1 $2746 $2394 $2741 $2747 reversed $2591 $-1 #
coedge $-1 -1 -1 $-1 $2394 $2746 $2396 $2595 reversed $2591 $-1 #
loop $-1 -1 -1 $-1 $-1 $2394 $2748 T -16.308738713261345 -75.587315979002042 -1.98292789278399 -16.300000000000001 -75.480074573336438 -1.9158790713077032 unknown #
name_attrib-gen-attrib $-1 -1 $2749 $-1 $2395 2 1 1 1 1 1 1 1 1 1 1 1 1 1 0 1 1 1 @3 eif #
vertex $2750 -1 -1 $-1 $2747 $2751 #
ellipse-curve $-1 -1 -1 $-1 -16.450001210240252 -75.488835240101892 -1.9829280992291505 9.6371971326843856e-018 0.98480775301221313 -0.1736481776669023 0.1412624969789075 0.0087606667654551718 0.049684210154663289 1 F 0 F 0.34302114538679318 #
edge $2752 -1 -1 $-1 $2398 3.9625337470170621e-017 $2611 0.10000000000082129 $2590 $2753 forward @7 unknown T -16.30873871326131 -75.578555348638702 -1.9332438890760704 -16.308738713260837 -75.480074573336552 -1.9158790713077032 #
integer_attrib-name_attrib-gen-attrib $-1 -1 $-1 $2397 $2152 2 1 1 1 1 1 1 1 1 1 1 1 1 1 0 1 1 1 @3 pid 236 #
integer_attrib-name_attrib-gen-attrib $-1 -1 $-1 $-1 $2398 2 1 1 1 1 1 1 1 1 1 1 1 1 1 0 1 1 1 @3 pid 153 #
point $-1 -1 -1 $-1 -16.3087387132611 -75.480074573336552 -1.9332438890752823 #
coedge $-1 -1 -1 $-1 $2754 $2400 $2755 $2756 forward $1887 $-1 #
coedge $-1 -1 -1 $-1 $2757 $2758 $2400 $2601 reversed $2759 $-1 #
edge $2760 -1 -1 $-1 $2606 1.1102230246251565e-016 $2761 0.20999999999999985 $2600 $2762 forward @7 unknown T -15.91 -75.504557674096318 -2.0720944533000707 -15.700000000000001 -75.504557674095992 -2.0720944532998633 #
coedge $-1 -1 -1 $-1 $2763 $2401 $2577 $2730 forward $2604 $-1 #
coedge $-1 -1 -1 $-1 $2401 $2764 $2757 $2765 reversed $2604 $-1 #
loop $-1 -1 -1 $-1 $-1 $2763 $2614 T -15.70000000000034 -75.947349908828542 -2.3199996285590481 -15.699999999999651 -75.488835203699992 -1.9655630750169897 unknown #
name_attrib-gen-attrib $-1 -1 $2766 $-1 $2402 2 1 1 1 1 1 1 1 1 1 1 1 1 1 0 1 1 1 @3 eif #
vertex $2767 -1 -1 $-1 $2601 $2768 #
straight-curve $-1 -1 -1 $-1 -15.700000000000001 -75.488835203700049 -1.9829278927839902 0 -0.1736481776668993 -0.98480775301221357 F 0 F 0.090542098438106705 #
coedge $-1 -1 -1 $-1 $2403 $2769 $2729 $2621 reversed $2418 $-1 #
coedge $-1 -1 -1 $-1 $2770 $2404 $2746 $2771 reversed $2418 $-1 #
name_attrib-gen-attrib $-1 -1 $2772 $-1 $2405 2 1 1 1 1 1 1 1 1 1 1 1 1 1 0 1 1 1 @3 eif #
vertex $2773 -1 -1 $-1 $2771 $2774 #
straight-curve $-1 -1 -1 $-1 -16.308738713261381 -75.578555348638474 -1.9158790713077281 -0.33633639699818885 0.16353176678098633 0.9274347358751267 F 1.4846299979085431e-017 F 0.2256666778035209 #
integer_attrib-name_attrib-gen-attrib $-1 -1 $2775 $-1 $2406 2 0 0 1 1 1 1 1 1 1 1 1 1 1 0 1 1 1 @3 fif 0 #
face $2776 -1 -1 $-1 $2777 $2604 $5 $-1 $2778 reversed double out T -15.70000000000034 -75.947349908828542 -2.3199996285590481 -15.699999999999651 -75.488835203699992 -1.9655630750169897 F #
plane-surface $-1 -1 -1 $-1 -16.342319315298202 -75.512987572010985 -1.8319642559284999 0.9417419115948259 0.058404202421791618 0.33122669138400912 0.33633639699818874 -0.16353176678100415 -0.92743473587512348 forward_v I I I I #
string_attrib-name_attrib-gen-attrib $-1 -1 $-1 $2413 $1904 2 1 2 1 1 1 1 1 1 1 1 1 1 1 0 1 1 1 @15 ATTRIB_XACIS_ID @5 81808 #
string_attrib-name_attrib-gen-attrib $-1 -1 $-1 $2416 $1920 2 1 2 1 1 1 1 1 1 1 1 1 1 1 0 1 1 1 @15 ATTRIB_XACIS_ID @5 81747 #
integer_attrib-name_attrib-gen-attrib $-1 -1 $-1 $2419 $2180 2 1 1 1 1 1 1 1 1 1 1 1 1 1 0 1 1 1 @3 pid 259 #
integer_attrib-name_attrib-gen-attrib $-1 -1 $-1 $2421 $2183 2 1 1 1 1 1 1 1 1 1 1 1 1 1 0 1 1 1 @3 pid 260 #
integer_attrib-name_attrib-gen-attrib $-1 -1 $-1 $-1 $2422 2 1 1 1 1 1 1 1 1 1 1 1 1 1 0 1 1 1 @3 pid 167 #
edge $2779 -1 -1 $-1 $2422 0 $2780 0.34302114538437367 $2729 $2781 forward @7 unknown T -15.700000000000001 -75.587315979002042 -1.9655630750170785 -15.691261286738857 -75.57855534863856 -1.9158790713081659 #
point $-1 -1 -1 $-1 -15.691261286738859 -75.57855534863856 -1.9158790713081659 #
integer_attrib-name_attrib-gen-attrib $-1 -1 $2782 $2424 $2186 2 1 1 1 1 1 1 1 1 1 1 1 1 1 0 1 1 1 @3 pid 62 #
coedge $-1 -1 -1 $-1 $2514 $2636 $2428 $2625 forward $2294 $-1 #
edge $2783 -1 -1 $-1 $2650 0 $2627 1.5707829309572126 $2428 $2784 forward @7 unknown T -16.550000000000004 -74.599999999999994 -0.89999999999999991 -16.449999999999999 -74.499999999999986 -0.89999999999999991 #
name_attrib-gen-attrib $-1 -1 $2785 $-1 $2429 2 1 1 1 1 1 1 1 1 1 1 1 1 1 0 1 1 1 @3 eif #
vertex $2786 -1 -1 $-1 $2625 $2787 #
straight-curve $-1 -1 -1 $-1 -16.550000000000001 -74.499999999999986 -0.89999999999999991 0 1 0 F 0 F 0.15271666537700002 #
integer_attrib-name_attrib-gen-attrib $-1 -1 $-1 $2430 $2195 2 1 1 1 1 1 1 1 1 1 1 1 1 1 0 1 1 1 @3 pid 17 #
integer_attrib-name_attrib-gen-attrib $-1 -1 $-1 $-1 $2431 2 1 1 1 1 1 1 1 1 1 1 1 1 1 0 1 1 1 @3 pid 18 #
point $-1 -1 -1 $-1 -16.550000000000001 -74.347283334622986 -0.89999999999999991 #
integer_attrib-name_attrib-gen-attrib $-1 -1 $-1 $2437 $2202 2 1 1 1 1 1 1 1 1 1 1 1 1 1 0 1 1 1 @3 pid 185 #
integer_attrib-name_attrib-gen-attrib $-1 -1 $-1 $2442 $2206 2 1 1 1 1 1 1 1 1 1 1 1 1 1 0 1 1 1 @3 pid 188 #
coedge $-1 -1 -1 $-1 $2648 $2647 $2445 $2635 forward $2512 $-1 #
edge $2788 -1 -1 $-1 $2638 0 $2686 3.1415841001500415 $2634 $2789 forward @7 unknown T -16.449999999999999 -74.799999999999983 -0.99999999999999989 -16.350000427671052 -74.59999999999998 -0.99999999999999956 #
coedge $-1 -1 -1 $-1 $2624 $2446 $2647 $2790 reversed $2294 $-1 #
name_attrib-gen-attrib $-1 -1 $2791 $-1 $2447 2 1 1 1 1 1 1 1 1 1 1 1 1 1 0 1 1 1 @3 eif #
vertex $2792 -1 -1 $-1 $2790 $2793 #
ellipse-curve $-1 -1 -1 $-1 -16.449999330203632 -74.499999330203622 -0.99999999999999989 0 0 1 -0.10000066979637012 -6.6979636992314795e-007 0 1 F 0 F 1.570782930957223 #
edge $2794 -1 -1 $-1 $2451 0 $2627 0.099999999999998757 $2514 $2795 forward @7 unknown T -16.550000000000001 -74.499999999999986 -0.99999999999999989 -16.550000000000001 -74.499999999999986 -0.89999999999999991 #
integer_attrib-name_attrib-gen-attrib $-1 -1 $-1 $2450 $2215 2 1 1 1 1 1 1 1 1 1 1 1 1 1 0 1 1 1 @3 pid 74 #
integer_attrib-name_attrib-gen-attrib $-1 -1 $-1 $-1 $2451 2 1 1 1 1 1 1 1 1 1 1 1 1 1 0 1 1 1 @3 pid 58 #
point $-1 -1 -1 $-1 -16.550000000000001 -74.499999999999986 -0.99999999999999989 #
name_attrib-gen-attrib $-1 -1 $2796 $-1 $2453 2 1 1 1 1 1 1 1 1 1 1 1 1 1 0 1 1 1 @3 eif #
straight-curve $-1 -1 -1 $-1 -16.550000000000001 -74.347283334622986 -0.89999999999999947 0 0 -1 F 0 F 0.10000000000000053 #
integer_attrib-name_attrib-gen-attrib $-1 -1 $-1 $2457 $2220 2 1 1 1 1 1 1 1 1 1 1 1 1 1 0 1 1 1 @3 pid 71 #
coedge $-1 -1 -1 $-1 $2634 $2459 $2636 $2790 forward $2512 $-1 #
coedge $-1 -1 -1 $-1 $2459 $2634 $2461 $2652 reversed $2512 $-1 #
name_attrib-gen-attrib $-1 -1 $2797 $-1 $2460 2 1 1 1 1 1 1 1 1 1 1 1 1 1 0 1 1 1 @3 eif #
vertex $2798 -1 -1 $-1 $2460 $2799 #
ellipse-curve $-1 -1 -1 $-1 -16.450000430351121 -74.699999999999989 -0.89999999999999991 0 0 1 4.303511688535932e-007 -0.099999999999997202 0 1 F 0 F 3.1415840465669054 #
edge $2800 -1 -1 $-1 $2465 0 $2686 0.099999999999999992 $2648 $2801 forward @7 unknown T -16.449999999999999 -74.799999999999983 -0.99999999999999989 -16.449999999999953 -74.799999999999983 -0.89999999999999991 #
integer_attrib-name_attrib-gen-attrib $-1 -1 $-1 $2464 $2226 2 1 1 1 1 1 1 1 1 1 1 1 1 1 0 1 1 1 @3 pid 21 #
integer_attrib-name_attrib-gen-attrib $-1 -1 $-1 $-1 $2465 2 1 1 1 1 1 1 1 1 1 1 1 1 1 0 1 1 1 @3 pid 21 #
point $-1 -1 -1 $-1 -16.449999999999953 -74.799999999999983 -0.89999999999999991 #
name_attrib-gen-attrib $-1 -1 $2802 $-1 $2467 2 1 1 1 1 1 1 1 1 1 1 1 1 1 0 1 1 1 @3 eif #
straight-curve $-1 -1 -1 $-1 -16.550000000000001 -74.899999999999991 -0.90000000000000036 0 0 -1 F 0 F 0.099999999999998757 #
integer_attrib-name_attrib-gen-attrib $-1 -1 $2803 $-1 $2468 2 0 0 1 1 1 1 1 1 1 1 1 1 1 0 1 1 1 @3 fif 0 #
plane-surface $-1 -1 -1 $-1 -16.550000000000001 -75.374999999999986 -0.94999999999999996 -1 0 0 0 -1 0 forward_v I I I I #
integer_attrib-name_attrib-gen-attrib $-1 -1 $-1 $2472 $2233 2 1 1 1 1 1 1 1 1 1 1 1 1 1 0 1 1 1 @3 pid 83 #
integer_attrib-name_attrib-gen-attrib $-1 -1 $2804 $2474 $2234 2 1 1 1 1 1 1 1 1 1 1 1 1 1 0 1 1 1 @3 pid 23 #
string_attrib-name_attrib-gen-attrib $-1 -1 $-1 $2477 $1992 2 1 2 1 1 1 1 1 1 1 1 1 1 1 0 1 1 1 @15 ATTRIB_XACIS_ID @5 81706 #
integer_attrib-name_attrib-gen-attrib $-1 -1 $2805 $-1 $2481 2 0 0 1 1 1 1 1 1 1 1 1 1 1 0 1 1 1 @3 fif 0 #
cone-surface $-1 -1 -1 $-1 -15.875 -76.359999999999985 1.3525807737340001 0 0 -1 -0.10000000000000001 0 0 1 I I -0 1 0.10000000000000001 reversed I I I I #
integer_attrib-name_attrib-gen-attrib $-1 -1 $-1 $2483 $2255 2 1 1 1 1 1 1 1 1 1 1 1 1 1 0 1 1 1 @3 pid 253 #
integer_attrib-name_attrib-gen-attrib $-1 -1 $-1 $2486 $2262 2 1 1 1 1 1 1 1 1 1 1 1 1 1 0 1 1 1 @3 pid 299 #
string_attrib-name_attrib-gen-attrib $-1 -1 $-1 $2488 $2021 2 1 2 1 1 1 1 1 1 1 1 1 1 1 0 1 1 1 @15 ATTRIB_XACIS_ID @5 81786 #
name_attrib-gen-attrib $-1 -1 $2806 $-1 $2489 2 1 1 1 1 1 1 1 1 1 1 1 1 1 0 1 1 1 @3 eif #
straight-curve $-1 -1 -1 $-1 -15.975000000000001 -76.359999999999985 -1.6500000000000004 0 0 -1 F 0 F 0.099999999999999645 #
integer_attrib-name_attrib-gen-attrib $-1 -1 $2807 $-1 $2490 2 0 0 1 1 1 1 1 1 1 1 1 1 1 0 1 1 1 @3 fif 0 #
plane-surface $-1 -1 -1 $-1 -15.975000000000001 -76.429999999999993 -1.6999999999999997 1 0 0 0 -1 0 forward_v I I I I #
integer_attrib-name_attrib-gen-attrib $-1 -1 $-1 $2494 $2273 2 1 1 1 1 1 1 1 1 1 1 1 1 1 0 1 1 1 @3 pid 300 #
string_attrib-name_attrib-gen-attrib $-1 -1 $-1 $2500 $2036 2 1 2 1 1 1 1 1 1 1 1 1 1 1 0 1 1 1 @15 ATTRIB_XACIS_ID @5 81733 #
integer_attrib-name_attrib-gen-attrib $-1 -1 $2808 $2501 $2282 2 1 1 1 1 1 1 1 1 1 1 1 1 1 0 1 1 1 @3 pid 116 #
integer_attrib-name_attrib-gen-attrib $-1 -1 $2809 $-1 $2502 2 0 0 1 1 1 1 1 1 1 1 1 1 1 0 1 1 1 @3 fif 0 #
face $2810 -1 -1 $-1 $2811 $2812 $5 $-1 $2813 forward double out T -16.27394306134126 -76.100000000003078 -2.0200000000000822 -15.726056938658763 -76.099999676815571 -1.799999999999939 F #
loop $-1 -1 -1 $-1 $-1 $2814 $2502 T -15.726100441930786 -76.10004053161154 -2.2813602675065603 -15.69995649672801 -75.898189769280265 -2.0199564967280139 unknown #
spline-surface $-1 -1 -1 $-1 forward { exactsur full nubs 3 1 open open none none 2 2 
	0 3 0.99999999999925104 3 
	0.019230769231033767 1 0.98160454399978536 1 
	-15.699999999999989 -75.89823327255219 -2.1942131572630563 
	-15.708685646219585 -75.959635749292985 -2.1595902485930951 
	-15.717371292439161 -75.999999999999844 -2.0904912048037465 
	-15.726056938658783 -75.999999999999815 -2.0200000000001053 
	-15.699999999999989 -75.947822195561855 -2.2821573193412603 
	-15.708685646219585 -76.040221122004411 -2.2300564960319189 
	-15.717371292439161 -76.100961561640332 -2.1260757153985237 
	-15.726056938658783 -76.100961561640261 -2.0200000000000387 
	0 
	0 
	0 
	0 
	0 
	0 
	0 
	F 1 F 0 F 1 F 0 } I I I I #
string_attrib-name_attrib-gen-attrib $-1 -1 $-1 $2505 $2043 2 1 2 1 1 1 1 1 1 1 1 1 1 1 0 1 1 1 @15 ATTRIB_XACIS_ID @5 81781 #
integer_attrib-name_attrib-gen-attrib $-1 -1 $2815 $2506 $2287 2 1 1 1 1 1 1 1 1 1 1 1 1 1 0 1 1 1 @3 pid 94 #
string_attrib-name_attrib-gen-attrib $-1 -1 $-1 $2509 $2049 2 1 2 1 1 1 1 1 1 1 1 1 1 1 0 1 1 1 @15 ATTRIB_XACIS_ID @5 81724 #
integer_attrib-name_attrib-gen-attrib $-1 -1 $2816 $2510 $2293 2 1 1 1 1 1 1 1 1 1 1 1 1 1 0 1 1 1 @3 pid 20 #
integer_attrib-name_attrib-gen-attrib $-1 -1 $2817 $-1 $2511 2 0 0 1 1 1 1 1 1 1 1 1 1 1 0 1 1 1 @3 fif 0 #
cone-surface $-1 -1 -1 $-1 -16.449999999999999 -74.899999999999991 -4.5346617600289996 -0 0 1 0 0.10000000000000001 0 1 I I -0 1 0.10000000000000001 reversed I I I I #
name_attrib-gen-attrib $-1 -1 $2818 $-1 $2516 2 1 1 1 1 1 1 1 1 1 1 1 1 1 0 1 1 1 @3 eif #
vertex $2819 -1 -1 $-1 $2652 $2820 #
ellipse-curve $-1 -1 -1 $-1 -16.449999330203621 -74.900000669796356 -0.99999999999999989 0 -0 1 -6.697963299134857e-007 0.10000066979637867 -0 1 F 0 F 1.5707829309575922 #
integer_attrib-name_attrib-gen-attrib $-1 -1 $-1 $2517 $2299 2 1 1 1 1 1 1 1 1 1 1 1 1 1 0 1 1 1 @3 pid 82 #
integer_attrib-name_attrib-gen-attrib $-1 -1 $-1 $-1 $2518 2 1 1 1 1 1 1 1 1 1 1 1 1 1 0 1 1 1 @3 pid 61 #
point $-1 -1 -1 $-1 -16.550000000000001 -74.899999999999991 -0.99999999999999956 #
string_attrib-name_attrib-gen-attrib $-1 -1 $-1 $2528 $2074 2 1 2 1 1 1 1 1 1 1 1 1 1 1 0 1 1 1 @15 ATTRIB_XACIS_ID @5 81707 #
integer_attrib-name_attrib-gen-attrib $-1 -1 $2821 $2529 $2317 2 1 1 1 1 1 1 1 1 1 1 1 1 1 0 1 1 1 @3 pid 87 #
string_attrib-name_attrib-gen-attrib $-1 -1 $-1 $2532 $2079 2 1 2 1 1 1 1 1 1 1 1 1 1 1 0 1 1 1 @15 ATTRIB_XACIS_ID @5 81787 #
integer_attrib-name_attrib-gen-attrib $-1 -1 $2822 $2533 $2322 2 1 1 1 1 1 1 1 1 1 1 1 1 1 0 1 1 1 @3 pid 61 #
integer_attrib-name_attrib-gen-attrib $-1 -1 $-1 $2535 $2325 2 1 1 1 1 1 1 1 1 1 1 1 1 1 0 1 1 1 @3 pid 208 #
string_attrib-name_attrib-gen-attrib $-1 -1 $-1 $2537 $2083 2 1 2 1 1 1 1 1 1 1 1 1 1 1 0 1 1 1 @15 ATTRIB_XACIS_ID @5 81719 #
name_attrib-gen-attrib $-1 -1 $2823 $-1 $2538 2 1 1 1 1 1 1 1 1 1 1 1 1 1 0 1 1 1 @3 eif #
straight-curve $-1 -1 -1 $-1 -16.125 -76.259999999999991 -1.6499999999999999 -1 0 0 F 0 F 0.22499999999999998 #
integer_attrib-name_attrib-gen-attrib $-1 -1 $-1 $2539 $2329 2 1 1 1 1 1 1 1 1 1 1 1 1 1 0 1 1 1 @3 pid 241 #
integer_attrib-name_attrib-gen-attrib $-1 -1 $-1 $-1 $2540 2 1 1 1 1 1 1 1 1 1 1 1 1 1 0 1 1 1 @3 pid 156 #
point $-1 -1 -1 $-1 -16.350000000000001 -76.259999999999991 -1.6499999999999999 #
coedge $-1 -1 -1 $-1 $2544 $2543 $2717 $2824 reversed $2545 $-1 #
edge $2825 -1 -1 $-1 $2547 0 $2724 1.5707829309572203 $2543 $2826 forward @7 unknown T -16.125 -76.359999999999985 -1.6500000000000001 -16.024999999999999 -76.259999999999977 -1.6499999999999999 #
integer_attrib-name_attrib-gen-attrib $-1 -1 $-1 $2546 $2336 2 1 1 1 1 1 1 1 1 1 1 1 1 1 0 1 1 1 @3 pid 287 #
integer_attrib-name_attrib-gen-attrib $-1 -1 $-1 $-1 $2547 2 1 1 1 1 1 1 1 1 1 1 1 1 1 0 1 1 1 @3 pid 182 #
point $-1 -1 -1 $-1 -16.125 -76.259999999999991 -1.6499999999999999 #
coedge $-1 -1 -1 $-1 $2717 $2716 $2549 $2708 forward $2348 $-1 #
edge $2827 -1 -1 $-1 $2719 0 $2710 0.14000000000000001 $2707 $2828 forward @7 unknown T -16.025000000000002 -76.499999999999986 -1.75 -16.025000000000002 -76.359999999999985 -1.75 #
name_attrib-gen-attrib $-1 -1 $2829 $-1 $2550 2 1 1 1 1 1 1 1 1 1 1 1 1 1 0 1 1 1 @3 eif #
vertex $2830 -1 -1 $-1 $2550 $2831 #
ellipse-curve $-1 -1 -1 $-1 -16.125000669796371 -76.360000669796349 -1.75 0 0 1 0.10000066979637007 6.6979637014519255e-007 0 1 F 0 F 1.5707829309572188 #
string_attrib-name_attrib-gen-attrib $-1 -1 $-1 $2555 $2097 2 1 2 1 1 1 1 1 1 1 1 1 1 1 0 1 1 1 @15 ATTRIB_XACIS_ID @5 81748 #
integer_attrib-name_attrib-gen-attrib $-1 -1 $2832 $2556 $2347 2 1 1 1 1 1 1 1 1 1 1 1 1 1 0 1 1 1 @3 pid 107 #
integer_attrib-name_attrib-gen-attrib $-1 -1 $2833 $-1 $2557 2 0 0 1 1 1 1 1 1 1 1 1 1 1 0 1 1 1 @3 fif 0 #
cone-surface $-1 -1 -1 $-1 -16.125 -76.359999999999985 1.3525807737340001 0 0 -1 0 0.10000000000000001 0 1 I I -0 1 0.10000000000000001 reversed I I I I #
coedge $-1 -1 -1 $-1 $2707 $2559 $2566 $2722 forward $2348 $-1 #
coedge $-1 -1 -1 $-1 $2559 $2707 $2702 $2824 forward $2348 $-1 #
name_attrib-gen-attrib $-1 -1 $2834 $-1 $2560 2 1 1 1 1 1 1 1 1 1 1 1 1 1 0 1 1 1 @3 eif #
vertex $2835 -1 -1 $-1 $2708 $2836 #
ellipse-curve $-1 -1 -1 $-1 -16.125000669796371 -76.499999330203622 -1.75 0 0 1 6.697963698676368e-007 -0.10000066979636979 0 1 F 0 F 1.5707829309572248 #
integer_attrib-name_attrib-gen-attrib $-1 -1 $-1 $2564 $2357 2 1 1 1 1 1 1 1 1 1 1 1 1 1 0 1 1 1 @3 pid 258 #
edge $2837 -1 -1 $-1 $2571 0 $2719 0.099999999999999645 $2716 $2838 forward @7 unknown T -16.025000000000002 -76.499999999999986 -1.75 -16.025000000000002 -76.499999999999986 -1.6500000000000001 #
name_attrib-gen-attrib $-1 -1 $2839 $-1 $2569 2 1 1 1 1 1 1 1 1 1 1 1 1 1 0 1 1 1 @3 eif #
vertex $2840 -1 -1 $-1 $2824 $2841 #
straight-curve $-1 -1 -1 $-1 -16.025000000000002 -76.499999999999986 -1.6499999999999999 0 1 0 F 0 F 0.14000000000000001 #
integer_attrib-name_attrib-gen-attrib $-1 -1 $-1 $2570 $2367 2 1 1 1 1 1 1 1 1 1 1 1 1 1 0 1 1 1 @3 pid 291 #
integer_attrib-name_attrib-gen-attrib $-1 -1 $-1 $-1 $2571 2 1 1 1 1 1 1 1 1 1 1 1 1 1 0 1 1 1 @3 pid 184 #
point $-1 -1 -1 $-1 -16.025000000000002 -76.499999999999986 -1.6500000000000001 #
coedge $-1 -1 -1 $-1 $2577 $2576 $2608 $2621 forward $2578 $-1 #
edge $2842 -1 -1 $-1 $2580 0 $2780 0.10000000000081936 $2577 $2843 forward @7 unknown T -15.700000000000001 -75.587315979002028 -1.9829278927839997 -15.700000000000001 -75.488835203699992 -1.9655630750170785 #
face $2844 -1 -1 $-1 $1608 $2578 $5 $-1 $2845 reversed double out T -15.700000000000001 -75.587315979002042 -1.9829278927839997 -15.691261286738545 -75.480074573336381 -1.9158790713081659 F #
integer_attrib-name_attrib-gen-attrib $-1 -1 $-1 $2579 $2388 2 1 1 1 1 1 1 1 1 1 1 1 1 1 0 1 1 1 @3 pid 238 #
integer_attrib-name_attrib-gen-attrib $-1 -1 $-1 $-1 $2580 2 1 1 1 1 1 1 1 1 1 1 1 1 1 0 1 1 1 @3 pid 145 #
point $-1 -1 -1 $-1 -15.700000000000001 -75.48883520370002 -1.9829278927839948 #
name_attrib-gen-attrib $-1 -1 $2846 $-1 $2582 2 1 1 1 1 1 1 1 1 1 1 1 1 1 0 1 1 1 @3 eif #
straight-curve $-1 -1 -1 $-1 -15.691261286739206 -75.578555348638702 -1.9158790713093488 4.4408920984642368e-015 0.98480775301221291 -0.17364817766690338 F -6.3372987956536805e-017 F 0.10000000000081929 #
coedge $-1 -1 -1 $-1 $2586 $2754 $2847 $2848 forward $1887 $-1 #
coedge $-1 -1 -1 $-1 $2849 $2850 $2586 $2739 reversed $2851 $-1 #
edge $2852 -1 -1 $-1 $2853 0 $2744 0.21000000000000041 $2738 $2854 forward @7 unknown T -16.300000000000001 -75.504557674096318 -2.0720944533000707 -16.09 -75.504557674095992 -2.0720944532998633 #
coedge $-1 -1 -1 $-1 $2855 $2587 $2850 $2856 reversed $2742 $-1 #
coedge $-1 -1 -1 $-1 $2587 $2857 $2589 $2747 forward $2742 $-1 #
loop $-1 -1 -1 $-1 $-1 $2740 $2858 T -16.300000000000065 -75.9473499088285 -2.3199996285590476 -16.299999999999937 -75.488835203699963 -1.9655630750170667 unknown #
name_attrib-gen-attrib $-1 -1 $2859 $-1 $2588 2 1 1 1 1 1 1 1 1 1 1 1 1 1 0 1 1 1 @3 eif #
vertex $2860 -1 -1 $-1 $2739 $2861 #
straight-curve $-1 -1 -1 $-1 -16.300000000000001 -75.488835203700049 -1.98292789278399 0 -0.1736481776669018 -0.98480775301221313 F 0 F 0.090542098438276722 #
coedge $-1 -1 -1 $-1 $2590 $2589 $2609 $2771 forward $2591 $-1 #
edge $2862 -1 -1 $-1 $2863 0 $2593 0.10000000000082124 $2589 $2864 forward @7 unknown T -16.300000000000001 -75.587315979002028 -1.9829278927839449 -16.300000000000001 -75.488835203699963 -1.9655630750170667 #
face $2865 -1 -1 $-1 $2731 $2591 $5 $-1 $2866 reversed double out T -16.308738713261345 -75.587315979002042 -1.98292789278399 -16.300000000000001 -75.480074573336438 -1.9158790713077032 F #
integer_attrib-name_attrib-gen-attrib $-1 -1 $-1 $2592 $2395 2 1 1 1 1 1 1 1 1 1 1 1 1 1 0 1 1 1 @3 pid 235 #
integer_attrib-name_attrib-gen-attrib $-1 -1 $-1 $-1 $2593 2 1 1 1 1 1 1 1 1 1 1 1 1 1 0 1 1 1 @3 pid 152 #
point $-1 -1 -1 $-1 -16.300000000000001 -75.488835203700006 -1.9829278927839449 #
name_attrib-gen-attrib $-1 -1 $2867 $-1 $2595 2 1 1 1 1 1 1 1 1 1 1 1 1 1 0 1 1 1 @3 eif #
straight-curve $-1 -1 -1 $-1 -16.308738713260837 -75.480074573336665 -1.9332438890760704 3.608224830002126e-015 -0.98480775301221257 0.17364817766690466 F 3.9625337470170621e-017 F 0.10000000000082129 #
coedge $-1 -1 -1 $-1 $2737 $2599 $2868 $2869 forward $1887 $-1 #
coedge $-1 -1 -1 $-1 $2870 $2871 $2599 $2756 reversed $2872 $-1 #
edge $2873 -1 -1 $-1 $2761 -6.5095553907380536e-018 $2874 0.046524160858735286 $2755 $2875 forward @7 unknown T -15.910000000000016 -75.504557674096318 -2.0720944533001182 -15.909999999999897 -75.496478838345411 -2.0262770989840293 #
coedge $-1 -1 -1 $-1 $2876 $2600 $2603 $2765 forward $2759 $-1 #
coedge $-1 -1 -1 $-1 $2600 $2877 $2878 $2879 forward $2759 $-1 #
loop $-1 -1 -1 $-1 $-1 $2757 $2777 T -15.91 -76.10004053161154 -2.3199999999999998 -15.699959468388441 -75.504557674095992 -2.0199594683884396 unknown #
name_attrib-gen-attrib $-1 -1 $2880 $-1 $2601 2 1 1 1 1 1 1 1 1 1 1 1 1 1 0 1 1 1 @3 eif #
vertex $2881 -1 -1 $-1 $2882 $2883 #
straight-curve $-1 -1 -1 $-1 -15.700000000000001 -75.504557674095992 -2.0720944533000001 -1 0 0 F 1.1102230246251565e-016 F 0.20999999999999985 #
coedge $-1 -1 -1 $-1 $2884 $2602 $2769 $2885 forward $2604 $-1 #
coedge $-1 -1 -1 $-1 $2603 $2884 $2886 $2887 reversed $2604 $-1 #
edge $2888 -1 -1 $-1 $2606 0 $2889 1.9096854641711332 $2757 $2890 forward @7 unknown T -15.700000000000058 -75.947349908828542 -2.3199996285590481 -15.699999999999944 -75.504557674096247 -2.072094453299782 #
integer_attrib-name_attrib-gen-attrib $-1 -1 $-1 $2605 $2402 2 1 1 1 1 1 1 1 1 1 1 1 1 1 0 1 1 1 @3 pid 228 #
integer_attrib-name_attrib-gen-attrib $-1 -1 $-1 $-1 $2606 2 1 1 1 1 1 1 1 1 1 1 1 1 1 0 1 1 1 @3 pid 146 #
point $-1 -1 -1 $-1 -15.700000000000001 -75.504557674096276 -2.0720944532998633 #
coedge $-1 -1 -1 $-1 $2608 $2891 $2763 $2885 reversed $2418 $-1 #
coedge $-1 -1 -1 $-1 $2892 $2609 $2857 $2893 forward $2418 $-1 #
edge $2894 -1 -1 $-1 $2863 0 $2611 0.34302114538339395 $2609 $2895 forward @7 unknown T -16.30873871326131 -75.587315979002042 -1.965563075017112 -16.300000000000001 -75.578555348638474 -1.9158790713077032 #
integer_attrib-name_attrib-gen-attrib $-1 -1 $-1 $2610 $2405 2 1 1 1 1 1 1 1 1 1 1 1 1 1 0 1 1 1 @3 pid 262 #
integer_attrib-name_attrib-gen-attrib $-1 -1 $-1 $-1 $2611 2 1 1 1 1 1 1 1 1 1 1 1 1 1 0 1 1 1 @3 pid 168 #
point $-1 -1 -1 $-1 -16.30873871326131 -75.578555348638474 -1.9158790713077032 #
integer_attrib-name_attrib-gen-attrib $-1 -1 $2896 $2613 $2406 2 1 1 1 1 1 1 1 1 1 1 1 1 1 0 1 1 1 @3 pid 95 #
integer_attrib-name_attrib-gen-attrib $-1 -1 $2897 $-1 $2614 2 0 0 1 1 1 1 1 1 1 1 1 1 1 0 1 1 1 @3 fif 0 #
face $2898 -1 -1 $-1 $2899 $2759 $5 $-1 $2900 forward double out T -15.91 -76.10004053161154 -2.3199999999999998 -15.699959468388441 -75.504557674095992 -2.0199594683884396 F #
plane-surface $-1 -1 -1 $-1 -15.700000000000001 -75.543680957652981 -2.0060350959040001 -1 0 -0 0 0.1736481776669023 0.98480775301221313 forward_v I I I I #
name_attrib-gen-attrib $-1 -1 $2901 $-1 $2621 2 1 1 1 1 1 1 1 1 1 1 1 1 1 0 1 1 1 @3 eif #
vertex $2902 -1 -1 $-1 $2730 $2903 #
ellipse-curve $-1 -1 -1 $-1 -15.549998789760792 -75.587316015403886 -1.9655632814620934 -4.7222265950810669e-016 -0.98480775301221302 0.17364817766690246 -0.14126249697806603 0.0087606667653254977 0.049684210153927433 1 F 0 F 0.34302114538437367 #
string_attrib-name_attrib-gen-attrib $-1 -1 $-1 $2623 $2186 2 1 2 1 1 1 1 1 1 1 1 1 1 1 0 1 1 1 @15 ATTRIB_XACIS_ID @5 81829 #
name_attrib-gen-attrib $-1 -1 $2904 $-1 $2625 2 1 1 1 1 1 1 1 1 1 1 1 1 1 0 1 1 1 @3 eif #
ellipse-curve $-1 -1 -1 $-1 -16.449999330203632 -74.499999330203622 -0.89999999999999991 0 0 -1 -6.697963705476484e-007 -0.10000066979637046 0 1 F 0 F 1.5707829309572126 #
integer_attrib-name_attrib-gen-attrib $-1 -1 $-1 $2626 $2429 2 1 1 1 1 1 1 1 1 1 1 1 1 1 0 1 1 1 @3 pid 18 #
integer_attrib-name_attrib-gen-attrib $-1 -1 $-1 $-1 $2627 2 1 1 1 1 1 1 1 1 1 1 1 1 1 0 1 1 1 @3 pid 19 #
point $-1 -1 -1 $-1 -16.550000000000001 -74.499999999999986 -0.89999999999999991 #
name_attrib-gen-attrib $-1 -1 $2905 $-1 $2635 2 1 1 1 1 1 1 1 1 1 1 1 1 1 0 1 1 1 @3 eif #
ellipse-curve $-1 -1 -1 $-1 -16.450000427671963 -74.699999999999989 -0.99999999999999989 0 0 -1 4.2767196327397889e-007 0.099999999999997424 0 1 F 0 F 3.1415841001500415 #
edge $2906 -1 -1 $-1 $2650 0 $2638 0.099999999999998757 $2647 $2907 forward @7 unknown T -16.449999999999999 -74.59999999999998 -0.99999999999999956 -16.449999999999999 -74.59999999999998 -0.89999999999999991 #
integer_attrib-name_attrib-gen-attrib $-1 -1 $-1 $2637 $2447 2 1 1 1 1 1 1 1 1 1 1 1 1 1 0 1 1 1 @3 pid 76 #
integer_attrib-name_attrib-gen-attrib $-1 -1 $-1 $-1 $2638 2 1 1 1 1 1 1 1 1 1 1 1 1 1 0 1 1 1 @3 pid 59 #
point $-1 -1 -1 $-1 -16.449999999999999 -74.59999999999998 -0.99999999999999956 #
name_attrib-gen-attrib $-1 -1 $2908 $-1 $2640 2 1 1 1 1 1 1 1 1 1 1 1 1 1 0 1 1 1 @3 eif #
straight-curve $-1 -1 -1 $-1 -16.550000000000001 -74.499999999999986 -0.99999999999999911 0 0 1 F 0 F 0.099999999999998757 #
integer_attrib-name_attrib-gen-attrib $-1 -1 $-1 $2644 $2453 2 1 1 1 1 1 1 1 1 1 1 1 1 1 0 1 1 1 @3 pid 73 #
integer_attrib-name_attrib-gen-attrib $-1 -1 $-1 $2649 $2460 2 1 1 1 1 1 1 1 1 1 1 1 1 1 0 1 1 1 @3 pid 20 #
integer_attrib-name_attrib-gen-attrib $-1 -1 $-1 $-1 $2650 2 1 1 1 1 1 1 1 1 1 1 1 1 1 0 1 1 1 @3 pid 20 #
point $-1 -1 -1 $-1 -16.449999999999999 -74.59999999999998 -0.89999999999999991 #
name_attrib-gen-attrib $-1 -1 $2909 $-1 $2652 2 1 1 1 1 1 1 1 1 1 1 1 1 1 0 1 1 1 @3 eif #
straight-curve $-1 -1 -1 $-1 -16.449999999999999 -74.799999999999983 -0.89999999999999991 0 0 -1 F 0 F 0.099999999999999992 #
integer_attrib-name_attrib-gen-attrib $-1 -1 $-1 $2656 $2467 2 1 1 1 1 1 1 1 1 1 1 1 1 1 0 1 1 1 @3 pid 81 #
integer_attrib-name_attrib-gen-attrib $-1 -1 $2910 $2658 $2468 2 1 1 1 1 1 1 1 1 1 1 1 1 1 0 1 1 1 @3 pid 22 #
string_attrib-name_attrib-gen-attrib $-1 -1 $-1 $2661 $2234 2 1 2 1 1 1 1 1 1 1 1 1 1 1 0 1 1 1 @15 ATTRIB_XACIS_ID @5 81755 #
integer_attrib-name_attrib-gen-attrib $-1 -1 $2911 $2663 $2481 2 1 1 1 1 1 1 1 1 1 1 1 1 1 0 1 1 1 @3 pid 112 #
integer_attrib-name_attrib-gen-attrib $-1 -1 $-1 $2668 $2489 2 1 1 1 1 1 1 1 1 1 1 1 1 1 0 1 1 1 @3 pid 298 #
integer_attrib-name_attrib-gen-attrib $-1 -1 $2912 $2670 $2490 2 1 1 1 1 1 1 1 1 1 1 1 1 1 0 1 1 1 @3 pid 111 #
string_attrib-name_attrib-gen-attrib $-1 -1 $-1 $2674 $2282 2 1 2 1 1 1 1 1 1 1 1 1 1 1 0 1 1 1 @15 ATTRIB_XACIS_ID @5 81722 #
integer_attrib-name_attrib-gen-attrib $-1 -1 $2913 $2675 $2502 2 1 1 1 1 1 1 1 1 1 1 1 1 1 0 1 1 1 @3 pid 118 #
integer_attrib-name_attrib-gen-attrib $-1 -1 $2914 $-1 $2676 2 0 0 1 1 1 1 1 1 1 1 1 1 1 0 1 1 1 @3 fif 0 #
face $2915 -1 -1 $-1 $2916 $2917 $5 $-1 $2918 forward double out T -16.090000000000007 -76.129999999999995 -2.3500000000000001 -15.909999999999991 -75.475013441505965 -2.02 F #
loop $-1 -1 -1 $-1 $-1 $2919 $2676 T -16.27394306134126 -76.100000000003078 -2.0200000000000822 -15.726056938658763 -76.099999676815571 -1.799999999999939 unknown #
plane-surface $-1 -1 -1 $-1 -16.550000000000001 -76.09999999999998 -1.7999999999999998 0 -1 0 0 0 -1 forward_v I I I I #
tcoedge-coedge $-1 -1 -1 $-1 $2886 $2920 $2876 $2921 forward $2677 $2922 0 0.99999999999999989 F #
string_attrib-name_attrib-gen-attrib $-1 -1 $-1 $2680 $2287 2 1 2 1 1 1 1 1 1 1 1 1 1 1 0 1 1 1 @15 ATTRIB_XACIS_ID @5 81793 #
string_attrib-name_attrib-gen-attrib $-1 -1 $-1 $2682 $2293 2 1 2 1 1 1 1 1 1 1 1 1 1 1 0 1 1 1 @15 ATTRIB_XACIS_ID @5 81766 #
integer_attrib-name_attrib-gen-attrib $-1 -1 $2923 $2683 $2511 2 1 1 1 1 1 1 1 1 1 1 1 1 1 0 1 1 1 @3 pid 21 #
integer_attrib-name_attrib-gen-attrib $-1 -1 $-1 $2685 $2516 2 1 1 1 1 1 1 1 1 1 1 1 1 1 0 1 1 1 @3 pid 80 #
integer_attrib-name_attrib-gen-attrib $-1 -1 $-1 $-1 $2686 2 1 1 1 1 1 1 1 1 1 1 1 1 1 0 1 1 1 @3 pid 60 #
point $-1 -1 -1 $-1 -16.449999999999978 -74.799999999999983 -0.99999999999999989 #
string_attrib-name_attrib-gen-attrib $-1 -1 $-1 $2692 $2317 2 1 2 1 1 1 1 1 1 1 1 1 1 1 0 1 1 1 @15 ATTRIB_XACIS_ID @5 81756 #
string_attrib-name_attrib-gen-attrib $-1 -1 $-1 $2694 $2322 2 1 2 1 1 1 1 1 1 1 1 1 1 1 0 1 1 1 @15 ATTRIB_XACIS_ID @5 81777 #
integer_attrib-name_attrib-gen-attrib $-1 -1 $-1 $2697 $2538 2 1 1 1 1 1 1 1 1 1 1 1 1 1 0 1 1 1 @3 pid 286 #
edge $2924 -1 -1 $-1 $2710 0 $2724 0.099999999999999645 $2702 $2925 forward @7 unknown T -16.025000000000002 -76.359999999999985 -1.75 -16.025000000000002 -76.359999999999985 -1.6500000000000001 #
name_attrib-gen-attrib $-1 -1 $2926 $-1 $2703 2 1 1 1 1 1 1 1 1 1 1 1 1 1 0 1 1 1 @3 eif #
ellipse-curve $-1 -1 -1 $-1 -16.125000669796371 -76.360000669796349 -1.6499999999999999 0 0 -1 6.697963700896814e-007 0.10000066979637001 0 1 F 0 F 1.5707829309572203 #
name_attrib-gen-attrib $-1 -1 $2927 $-1 $2708 2 1 1 1 1 1 1 1 1 1 1 1 1 1 0 1 1 1 @3 eif #
straight-curve $-1 -1 -1 $-1 -16.025000000000002 -76.499999999999986 -1.75 0 1 0 F 0 F 0.14000000000000001 #
integer_attrib-name_attrib-gen-attrib $-1 -1 $-1 $2709 $2550 2 1 1 1 1 1 1 1 1 1 1 1 1 1 0 1 1 1 @3 pid 247 #
integer_attrib-name_attrib-gen-attrib $-1 -1 $-1 $-1 $2710 2 1 1 1 1 1 1 1 1 1 1 1 1 1 0 1 1 1 @3 pid 157 #
point $-1 -1 -1 $-1 -16.025000000000002 -76.359999999999985 -1.75 #
string_attrib-name_attrib-gen-attrib $-1 -1 $-1 $2713 $2347 2 1 2 1 1 1 1 1 1 1 1 1 1 1 0 1 1 1 @15 ATTRIB_XACIS_ID @5 81730 #
integer_attrib-name_attrib-gen-attrib $-1 -1 $2928 $2714 $2557 2 1 1 1 1 1 1 1 1 1 1 1 1 1 0 1 1 1 @3 pid 108 #
integer_attrib-name_attrib-gen-attrib $-1 -1 $-1 $2718 $2560 2 1 1 1 1 1 1 1 1 1 1 1 1 1 0 1 1 1 @3 pid 244 #
integer_attrib-name_attrib-gen-attrib $-1 -1 $-1 $-1 $2719 2 1 1 1 1 1 1 1 1 1 1 1 1 1 0 1 1 1 @3 pid 158 #
point $-1 -1 -1 $-1 -16.025000000000002 -76.499999999999986 -1.75 #
name_attrib-gen-attrib $-1 -1 $2929 $-1 $2722 2 1 1 1 1 1 1 1 1 1 1 1 1 1 0 1 1 1 @3 eif #
straight-curve $-1 -1 -1 $-1 -16.025000000000002 -76.499999999999986 -1.6500000000000004 0 0 -1 F 0 F 0.099999999999999645 #
integer_attrib-name_attrib-gen-attrib $-1 -1 $-1 $2723 $2569 2 1 1 1 1 1 1 1 1 1 1 1 1 1 0 1 1 1 @3 pid 288 #
integer_attrib-name_attrib-gen-attrib $-1 -1 $-1 $-1 $2724 2 1 1 1 1 1 1 1 1 1 1 1 1 1 0 1 1 1 @3 pid 183 #
point $-1 -1 -1 $-1 -16.025000000000002 -76.359999999999985 -1.6500000000000001 #
name_attrib-gen-attrib $-1 -1 $2930 $-1 $2730 2 1 1 1 1 1 1 1 1 1 1 1 1 1 0 1 1 1 @3 eif #
straight-curve $-1 -1 -1 $-1 -15.700000000000001 -75.488835203699992 -1.9829278927839997 0 -0.98480775301221324 0.17364817766690124 F 0 F 0.10000000000081936 #
integer_attrib-name_attrib-gen-attrib $-1 -1 $2931 $-1 $2731 2 0 0 1 1 1 1 1 1 1 1 1 1 1 0 1 1 1 @3 fif 0 #
cone-surface $-1 -1 -1 $-1 -15.550000000000001 -70.354187391137984 -2.8883048385740002 0 -0.98480775301221302 0.1736481776669023 -0.14126128673922389 0.0087606303632680876 0.049684003707601482 1 I I -0 1 0.15000000000000002 reversed I I I I #
integer_attrib-name_attrib-gen-attrib $-1 -1 $-1 $2735 $2582 2 1 1 1 1 1 1 1 1 1 1 1 1 1 0 1 1 1 @3 pid 261 #
coedge $-1 -1 -1 $-1 $2871 $2870 $2737 $2848 reversed $2872 $-1 #
edge $2932 -1 -1 $-1 $2933 -9.6488770035473833e-017 $2853 0.04652416085873512 $2847 $2934 forward @7 unknown T -16.090000000000224 -75.504557674096318 -2.0720944533001178 -16.089999999999986 -75.496478838345411 -2.026277098984048 #
coedge $-1 -1 -1 $-1 $2935 $2738 $2936 $2937 forward $2851 $-1 #
coedge $-1 -1 -1 $-1 $2738 $2938 $2740 $2856 forward $2851 $-1 #
loop $-1 -1 -1 $-1 $-1 $2849 $2939 T -16.30003347782883 -76.100033477828802 -2.3200000000000003 -16.09 -75.504557674095992 -2.0199665221711776 unknown #
name_attrib-gen-attrib $-1 -1 $2940 $-1 $2739 2 1 1 1 1 1 1 1 1 1 1 1 1 1 0 1 1 1 @3 eif #
vertex $2941 -1 -1 $-1 $2882 $2942 #
straight-curve $-1 -1 -1 $-1 -16.09 -75.504557674095992 -2.0720944533000001 -1 0 0 F 0 F 0.21000000000000041 #
coedge $-1 -1 -1 $-1 $2943 $2740 $2944 $2945 reversed $2742 $-1 #
edge $2946 -1 -1 $-1 $2947 0 $2744 1.9096854641711314 $2850 $2948 forward @7 unknown T -16.300000000000029 -75.9473499088285 -2.3199996285590476 -16.299999999999986 -75.504557674096247 -2.0720944532997825 #
coedge $-1 -1 -1 $-1 $2741 $2943 $2770 $2893 reversed $2742 $-1 #
face $2949 -1 -1 $-1 $2950 $2742 $5 $-1 $2951 reversed double out T -16.300000000000065 -75.9473499088285 -2.3199996285590476 -16.299999999999937 -75.488835203699963 -1.9655630750170667 F #
integer_attrib-name_attrib-gen-attrib $-1 -1 $-1 $2743 $2588 2 1 1 1 1 1 1 1 1 1 1 1 1 1 0 1 1 1 @3 pid 234 #
integer_attrib-name_attrib-gen-attrib $-1 -1 $-1 $-1 $2744 2 1 1 1 1 1 1 1 1 1 1 1 1 1 0 1 1 1 @3 pid 151 #
point $-1 -1 -1 $-1 -16.300000000000001 -75.504557674096276 -2.0720944532998633 #
name_attrib-gen-attrib $-1 -1 $2952 $-1 $2747 2 1 1 1 1 1 1 1 1 1 1 1 1 1 0 1 1 1 @3 eif #
vertex $2953 -1 -1 $-1 $2893 $2954 #
straight-curve $-1 -1 -1 $-1 -16.300000000000001 -75.587315979002 -1.9655630750170667 0 0.98480775301221257 -0.17364817766690466 F 0 F 0.10000000000082124 #
integer_attrib-name_attrib-gen-attrib $-1 -1 $2955 $-1 $2748 2 0 0 1 1 1 1 1 1 1 1 1 1 1 0 1 1 1 @3 fif 0 #
cone-surface $-1 -1 -1 $-1 -16.449999999999999 -70.671904582199986 -2.8322827255549998 0 -0.98480775301221302 0.1736481776669023 0.14999999999999999 0 0 1 I I -0 1 0.14999999999999999 reversed I I I I #
integer_attrib-name_attrib-gen-attrib $-1 -1 $-1 $2752 $2595 2 1 1 1 1 1 1 1 1 1 1 1 1 1 0 1 1 1 @3 pid 263 #
coedge $-1 -1 -1 $-1 $2956 $2956 $2754 $2869 reversed $2957 $-1 #
edge $2958 -1 -1 $-1 $2874 0 $2933 3.1416022294252821 $2868 $2959 forward @7 unknown T -16.090000000001254 -75.496478838345851 -2.0262770989846874 -15.909999999998746 -75.480850745802584 -1.9376439207259237 #
coedge $-1 -1 -1 $-1 $2847 $2755 $2960 $2882 forward $2872 $-1 #
coedge $-1 -1 -1 $-1 $2755 $2847 $2956 $2961 forward $2872 $-1 #
loop $-1 -1 -1 $-1 $-1 $2847 $2899 T -16.090000000000227 -75.504557674096333 -2.077303898630078 -15.90999999999978 -75.466934605755171 -2.0262770989840293 unknown #
name_attrib-gen-attrib $-1 -1 $2962 $-1 $2756 2 1 1 1 1 1 1 1 1 1 1 1 1 1 0 1 1 1 @3 eif #
vertex $2963 -1 -1 $-1 $2756 $2964 #
straight-curve $-1 -1 -1 $-1 -15.910000000000016 -75.504557674096006 -2.0720944533001182 0 0.17364817766690224 0.98480775301221302 F -6.5095553907380536e-018 F 0.046524160858735286 #
tcoedge-coedge $-1 -1 -1 $-1 $2877 $2757 $2814 $2921 reversed $2759 $2965 -0.99999999999999989 -0 F #
coedge $-1 -1 -1 $-1 $2758 $2876 $2966 $2967 reversed $2759 $-1 #
coedge $-1 -1 -1 $-1 $2968 $2960 $2758 $2879 reversed $2917 $-1 #
edge $2969 -1 -1 $-1 $2970 0 $2761 2.9670597283903888 $2878 $2971 forward @7 unknown T -15.91 -76.09999999999998 -2.3199999999999998 -15.91 -75.504557674096318 -2.02 #
integer_attrib-name_attrib-gen-attrib $-1 -1 $-1 $2760 $2601 2 1 1 1 1 1 1 1 1 1 1 1 1 1 0 1 1 1 @3 pid 229 #
integer_attrib-name_attrib-gen-attrib $-1 -1 $-1 $-1 $2761 2 1 1 1 1 1 1 1 1 1 1 1 1 1 0 1 1 1 @3 pid 147 #
edge $2972 -1 -1 $-1 $2761 3.3299462724270101e-014 $2853 1.2870022175865405 $2960 $2973 forward @7 unknown T -16.09 -75.504557674096333 -2.077303898630078 -15.91 -75.475013441505965 -2.0720944533000702 #
point $-1 -1 -1 $-1 -15.91 -75.504557674096318 -2.0720944533000707 #
coedge $-1 -1 -1 $-1 $2764 $2763 $2974 $2975 reversed $2604 $-1 #
edge $2976 -1 -1 $-1 $2780 0 $2977 0.090542098438276944 $2763 $2978 forward @7 unknown T -15.700000000000001 -75.603038449397985 -2.0547296355329996 -15.700000000000001 -75.587315979002028 -1.9655630750169897 #
coedge $-1 -1 -1 $-1 $2979 $2814 $2764 $2887 forward $2677 $2980 #
edge $2981 -1 -1 $-1 $2889 0 $2982 0.10000000000016036 $2886 $2983 forward @7 unknown T -15.70000000000034 -75.947349908828542 -2.2813197358950568 -15.699999999999651 -75.898233272551906 -2.1942131572628423 #
name_attrib-gen-attrib $-1 -1 $2984 $-1 $2765 2 1 1 1 1 1 1 1 1 1 1 1 1 1 0 1 1 1 @3 eif #
tvertex-vertex $2985 -1 -1 $-1 $2887 $2986 5.6774421727919261e-014 #
ellipse-curve $-1 -1 -1 $-1 -15.700000000000001 -75.800000486158694 -2.0199989711219146 -1 0 0 0 0.29544281206244905 -0.052095482177867414 1 F 0 F 1.9096854641711332 #
coedge $-1 -1 -1 $-1 $2769 $2987 $2988 $2989 forward $2418 $-1 #
coedge $-1 -1 -1 $-1 $2990 $2770 $2991 $2992 forward $2418 $-1 #
edge $2993 -1 -1 $-1 $2863 0 $2994 0.090542098438106719 $2770 $2995 forward @7 unknown T -16.300000000000001 -75.603038449397985 -2.0547296355330897 -16.300000000000001 -75.587315979002028 -1.965563075017112 #
name_attrib-gen-attrib $-1 -1 $2996 $-1 $2771 2 1 1 1 1 1 1 1 1 1 1 1 1 1 0 1 1 1 @3 eif #
ellipse-curve $-1 -1 -1 $-1 -16.450001210241073 -75.587316015403943 -1.9655632814624102 -9.7687222421422239e-016 -0.98480775301221313 0.1736481776669023 0.1500012102410721 3.6401897496318725e-008 2.0644542031433843e-007 1 F 0 F 0.34302114538339395 #
string_attrib-name_attrib-gen-attrib $-1 -1 $-1 $2775 $2406 2 1 2 1 1 1 1 1 1 1 1 1 1 1 0 1 1 1 @15 ATTRIB_XACIS_ID @5 81844 #
integer_attrib-name_attrib-gen-attrib $-1 -1 $2997 $2776 $2614 2 1 1 1 1 1 1 1 1 1 1 1 1 1 0 1 1 1 @3 pid 96 #
integer_attrib-name_attrib-gen-attrib $-1 -1 $2998 $-1 $2777 2 0 0 1 1 1 1 1 1 1 1 1 1 1 0 1 1 1 @3 fif 0 #
face $2999 -1 -1 $-1 $3000 $2872 $5 $-1 $3001 forward double out T -16.090000000000227 -75.504557674096333 -2.077303898630078 -15.90999999999978 -75.466934605755171 -2.0262770989840293 F #
cone-surface $-1 -1 -1 $-1 -16.550000000000001 -75.799999999999983 -2.02 1 0 0 0 -0.29999999999999999 0 1 I I -0 1 0.29999999999999999 reversed I I I I #
integer_attrib-name_attrib-gen-attrib $-1 -1 $-1 $2779 $2621 2 1 1 1 1 1 1 1 1 1 1 1 1 1 0 1 1 1 @3 pid 283 #
integer_attrib-name_attrib-gen-attrib $-1 -1 $-1 $-1 $2780 2 1 1 1 1 1 1 1 1 1 1 1 1 1 0 1 1 1 @3 pid 169 #
point $-1 -1 -1 $-1 -15.700000000000001 -75.587315979002028 -1.9655630750170785 #
integer_attrib-name_attrib-gen-attrib $-1 -1 $-1 $2783 $2625 2 1 1 1 1 1 1 1 1 1 1 1 1 1 0 1 1 1 @3 pid 19 #
integer_attrib-name_attrib-gen-attrib $-1 -1 $-1 $2788 $2635 2 1 1 1 1 1 1 1 1 1 1 1 1 1 0 1 1 1 @3 pid 78 #
name_attrib-gen-attrib $-1 -1 $3002 $-1 $2790 2 1 1 1 1 1 1 1 1 1 1 1 1 1 0 1 1 1 @3 eif #
straight-curve $-1 -1 -1 $-1 -16.449999999999999 -74.59999999999998 -0.90000000000000036 0 0 -1 F 0 F 0.099999999999998757 #
integer_attrib-name_attrib-gen-attrib $-1 -1 $-1 $2794 $2640 2 1 1 1 1 1 1 1 1 1 1 1 1 1 0 1 1 1 @3 pid 75 #
integer_attrib-name_attrib-gen-attrib $-1 -1 $-1 $2800 $2652 2 1 1 1 1 1 1 1 1 1 1 1 1 1 0 1 1 1 @3 pid 79 #
string_attrib-name_attrib-gen-attrib $-1 -1 $-1 $2803 $2468 2 1 2 1 1 1 1 1 1 1 1 1 1 1 0 1 1 1 @15 ATTRIB_XACIS_ID @5 81752 #
string_attrib-name_attrib-gen-attrib $-1 -1 $-1 $2805 $2481 2 1 2 1 1 1 1 1 1 1 1 1 1 1 0 1 1 1 @15 ATTRIB_XACIS_ID @5 81709 #
string_attrib-name_attrib-gen-attrib $-1 -1 $-1 $2807 $2490 2 1 2 1 1 1 1 1 1 1 1 1 1 1 0 1 1 1 @15 ATTRIB_XACIS_ID @5 81783 #
string_attrib-name_attrib-gen-attrib $-1 -1 $-1 $2809 $2502 2 1 2 1 1 1 1 1 1 1 1 1 1 1 0 1 1 1 @15 ATTRIB_XACIS_ID @5 81779 #
integer_attrib-name_attrib-gen-attrib $-1 -1 $3003 $2810 $2676 2 1 1 1 1 1 1 1 1 1 1 1 1 1 0 1 1 1 @3 pid 119 #
integer_attrib-name_attrib-gen-attrib $-1 -1 $3004 $-1 $2811 2 0 0 1 1 1 1 1 1 1 1 1 1 1 0 1 1 1 @3 fif 0 #
face $3005 -1 -1 $-1 $2858 $3006 $5 $-1 $3007 reversed double out T -16.300047440931699 -76.100942486725074 -2.2821407038352022 -16.273895620409501 -75.89818583162068 -2.019952559068301 T 0 0.99999999999924971 0.019230769231035345 0.98142272036411438 #
loop $-1 -1 -1 $-1 $-1 $2878 $2811 T -16.090000000000007 -76.129999999999995 -2.3200000000000003 -15.909999999999991 -75.475013441505965 -2.02 periphery $2918 F #
torus-surface $-1 -1 -1 $-1 -16 -75.799999999999983 -2.02 -1 0 0 0.18000000000000002 0.14999999999999999 0 0.98480775301221302 -0.1736481776669023 forward_v I I I I #
coedge $-1 -1 -1 $-1 $3008 $3009 $3010 $3011 forward $2812 $-1 #
coedge $-1 -1 -1 $-1 $2814 $2979 $3012 $3013 reversed $2677 $3014 #
tedge-edge $3015 -1 -1 $-1 $3016 0 $2889 0.99999999999999989 $2814 $3017 forward @7 unknown T -15.726097470270361 -76.10004053161154 -2.2813602675065603 -15.699959468388441 -75.947309377216925 -2.0199594683884396 4.0531611560584186e-005 #
pcurve $-1 -1 -1 $-1 0 forward { exppc nubs 3 open 7 
	0 3 0.16659022202093998 1 0.33326384234354212 1 0.49986134553792611 1 0.66648988839204115 1 
	0.83325577919688443 1 0.99999999999999989 3 
	0.99999999999925104 0.9724388606407437 
	0.94435385602860988 0.97305233395287083 
	0.83311407196345766 0.97461449309119441 
	0.66632892488176454 0.98017691659133011 
	0.50012826391528531 0.98231654058565065 
	0.33389738086886389 0.98018326936881117 
	0.16702014786419153 0.97461798636616992 
	0.055697854757818424 0.97305383851279725 
	3.1704395917207902e-013 0.97243886064123097 
	0.001 
	-1 
	spline forward { ref 128 } I I I I 
	} 0 0 #
string_attrib-name_attrib-gen-attrib $-1 -1 $-1 $2817 $2511 2 1 2 1 1 1 1 1 1 1 1 1 1 1 0 1 1 1 @15 ATTRIB_XACIS_ID @5 81832 #
name_attrib-gen-attrib $-1 -1 $3018 $-1 $2824 2 1 1 1 1 1 1 1 1 1 1 1 1 1 0 1 1 1 @3 eif #
straight-curve $-1 -1 -1 $-1 -16.025000000000002 -76.359999999999985 -1.75 0 0 1 F 0 F 0.099999999999999645 #
integer_attrib-name_attrib-gen-attrib $-1 -1 $-1 $2825 $2703 2 1 1 1 1 1 1 1 1 1 1 1 1 1 0 1 1 1 @3 pid 292 #
integer_attrib-name_attrib-gen-attrib $-1 -1 $-1 $2827 $2708 2 1 1 1 1 1 1 1 1 1 1 1 1 1 0 1 1 1 @3 pid 243 #
string_attrib-name_attrib-gen-attrib $-1 -1 $-1 $2833 $2557 2 1 2 1 1 1 1 1 1 1 1 1 1 1 0 1 1 1 @15 ATTRIB_XACIS_ID @5 81785 #
integer_attrib-name_attrib-gen-attrib $-1 -1 $-1 $2837 $2722 2 1 1 1 1 1 1 1 1 1 1 1 1 1 0 1 1 1 @3 pid 289 #
integer_attrib-name_attrib-gen-attrib $-1 -1 $-1 $2842 $2730 2 1 1 1 1 1 1 1 1 1 1 1 1 1 0 1 1 1 @3 pid 266 #
integer_attrib-name_attrib-gen-attrib $-1 -1 $3019 $2844 $2731 2 1 1 1 1 1 1 1 1 1 1 1 1 1 0 1 1 1 @3 pid 103 #
name_attrib-gen-attrib $-1 -1 $3020 $-1 $2848 2 1 1 1 1 1 1 1 1 1 1 1 1 1 0 1 1 1 @3 eif #
vertex $3021 -1 -1 $-1 $2961 $3022 #
straight-curve $-1 -1 -1 $-1 -16.089999999999986 -75.496478838345411 -2.026277098984048 0 -0.17364817766690308 -0.98480775301221291 F -9.6488770035473833e-017 F 0.04652416085873512 #
coedge $-1 -1 -1 $-1 $2938 $2849 $3009 $3023 reversed $2851 $-1 #
coedge $-1 -1 -1 $-1 $2960 $2968 $2849 $2937 reversed $2917 $-1 #
edge $3024 -1 -1 $-1 $2853 0 $3025 2.9670597283903888 $2936 $3026 forward @7 unknown T -16.09 -76.09999999999998 -2.3200000000000003 -16.09 -75.504557674096318 -2.02 #
tcoedge-coedge $-1 -1 -1 $-1 $2850 $2935 $3027 $3028 forward $2851 $3029 0 1 F #
face $3030 -1 -1 $-1 $2748 $2851 $5 $-1 $3031 forward double out T -16.30003347782883 -76.100033477828802 -2.3200000000000003 -16.09 -75.504557674095992 -2.0199665221711776 F #
integer_attrib-name_attrib-gen-attrib $-1 -1 $-1 $2852 $2739 2 1 1 1 1 1 1 1 1 1 1 1 1 1 0 1 1 1 @3 pid 233 #
integer_attrib-name_attrib-gen-attrib $-1 -1 $-1 $-1 $2853 2 1 1 1 1 1 1 1 1 1 1 1 1 1 0 1 1 1 @3 pid 150 #
point $-1 -1 -1 $-1 -16.09 -75.504557674096318 -2.0720944533000707 #
coedge $-1 -1 -1 $-1 $2857 $2855 $3032 $3033 reversed $2742 $-1 #
coedge $-1 -1 -1 $-1 $3027 $3034 $2855 $2945 forward $3006 $3035 #
edge $3036 -1 -1 $-1 $3037 6.9361152189085593e-015 $2947 0.10000000000001359 $2944 $3038 forward @7 unknown T -16.300000000000065 -75.9473499088285 -2.2813197358950337 -16.299999999999937 -75.898233272552304 -2.1942131572632286 #
name_attrib-gen-attrib $-1 -1 $3039 $-1 $2856 2 1 1 1 1 1 1 1 1 1 1 1 1 1 0 1 1 1 @3 eif #
tvertex-vertex $3040 -1 -1 $-1 $3028 $3041 2.2917451209202006e-014 #
ellipse-curve $-1 -1 -1 $-1 -16.300000000000001 -75.800000486158694 -2.0199989711219146 1 0 0 0 -0.14734942266979489 -0.26132076477308552 1 F 0 F 1.9096854641711314 #
integer_attrib-name_attrib-gen-attrib $-1 -1 $3042 $-1 $2858 2 0 0 1 1 1 1 1 1 1 1 1 1 1 0 1 1 1 @3 fif 0 #
face $3043 -1 -1 $-1 $3044 $3045 $5 $-1 $3046 reversed double out T -16.300047440931699 -76.000047440931681 -2.2199999999999847 -16.045825756949565 -75.603038449397459 -2.019952559068301 F #
plane-surface $-1 -1 -1 $-1 -16.300000000000001 -75.61352056606799 -2.4021151973929999 1 0 0 0 -0.1736481776669023 -0.98480775301221313 forward_v I I I I #
integer_attrib-name_attrib-gen-attrib $-1 -1 $-1 $2862 $2747 2 1 1 1 1 1 1 1 1 1 1 1 1 1 0 1 1 1 @3 pid 281 #
integer_attrib-name_attrib-gen-attrib $-1 -1 $-1 $-1 $2863 2 1 1 1 1 1 1 1 1 1 1 1 1 1 0 1 1 1 @3 pid 180 #
point $-1 -1 -1 $-1 -16.300000000000001 -75.587315979002028 -1.965563075017112 #
integer_attrib-name_attrib-gen-attrib $-1 -1 $3047 $2865 $2748 2 1 1 1 1 1 1 1 1 1 1 1 1 1 0 1 1 1 @3 pid 102 #
coedge $-1 -1 -1 $-1 $2868 $2868 $2871 $2961 reversed $2957 $-1 #
loop $-1 -1 -1 $-1 $-1 $2956 $3000 T -16.090000000001254 -75.496478838345851 -2.0314865443141397 -15.909999999998746 -75.466934605755171 -1.9376439207259237 periphery $3048 F #
name_attrib-gen-attrib $-1 -1 $3049 $-1 $2869 2 1 1 1 1 1 1 1 1 1 1 1 1 1 0 1 1 1 @3 eif #
ellipse-curve $-1 -1 -1 $-1 -16 -75.496478763518226 -2.0262766746180656 -2.0341468802418814e-011 -0.98480837656563436 0.17364464128259144 0.090000000000222347 -7.4827471774341348e-008 -4.2436604852369442e-007 1 F 0 F 3.1416022294252821 #
coedge $-1 -1 -1 $-1 $2878 $2936 $2870 $2882 reversed $2917 $-1 #
edge $3050 -1 -1 $-1 $2933 -0.6435011087951843 $2874 0.64350110879512323 $2871 $3051 forward @7 unknown T -16.090000000000227 -75.496478838345851 -2.0314865443141397 -15.90999999999978 -75.466934605755171 -2.0262770989840293 #
integer_attrib-name_attrib-gen-attrib $-1 -1 $-1 $2873 $2756 2 1 1 1 1 1 1 1 1 1 1 1 1 1 0 1 1 1 @3 pid 230 #
integer_attrib-name_attrib-gen-attrib $-1 -1 $-1 $-1 $2874 2 1 1 1 1 1 1 1 1 1 1 1 1 1 0 1 1 1 @3 pid 148 #
point $-1 -1 -1 $-1 -15.909999999999897 -75.496478838345851 -2.0262770989840293 #
pcurve $-1 -1 -1 $-1 0 forward { exppc nubs 1 open 2 
	-0.99999999999999989 1 -0 1 
	-2.8333333333333335 1.0573680720569363 
	-2.7464768711373333 0 
	0.001 
	4.2991372733856836e-005 
	cone -16.550000000000001 -75.799999999999983 -2.02 1 0 0 0 -0.29999999999999999 0 1 I I -0 1 0.29999999999999999 reversed I I I I 
	} 0 0 #
coedge $-1 -1 -1 $-1 $3052 $3053 $2877 $2967 forward $2812 $-1 #
edge $3054 -1 -1 $-1 $2970 0 $3016 0.18394306134119975 $2877 $3055 forward @7 unknown T -15.91 -76.100000000000009 -2.0200000000000489 -15.726056938658763 -76.099999999999952 -2.0199999999999911 #
coedge $-1 -1 -1 $-1 $2936 $2878 $3056 $3057 reversed $2917 $-1 #
name_attrib-gen-attrib $-1 -1 $3058 $-1 $2879 2 1 1 1 1 1 1 1 1 1 1 1 1 1 0 1 1 1 @3 eif #
vertex $3059 -1 -1 $-1 $3057 $3060 #
ellipse-curve $-1 -1 -1 $-1 -15.91 -75.799999999999983 -2.02 1 0 0 0 -0.29999999999999982 0 1 F 0 F 2.9670597283903888 #
name_attrib-gen-attrib $-1 -1 $3061 $-1 $2882 2 1 1 1 1 1 1 1 1 1 1 1 1 1 0 1 1 1 @3 eif #
ellipse-curve $-1 -1 -1 $-1 -16 -75.62273460445779 -2.0512566719800396 5.4932910072597311e-015 0.17364817766691903 0.98480775301221002 0.090000000000000982 0.11817693036146704 -0.020837781320031112 1 F 3.3299462724270101e-014 F 1.2870022175865405 #
coedge $-1 -1 -1 $-1 $2988 $3062 $2884 $2975 forward $3063 $-1 #
edge $3064 -1 -1 $-1 $2982 0 $2977 1.9096825066764065 $2974 $3065 forward @7 unknown T -15.70000000000034 -75.898233272552588 -2.2199996341014621 -15.699999999999651 -75.603038449397459 -2.0547296355329996 #
name_attrib-gen-attrib $-1 -1 $3066 $-1 $2885 2 1 1 1 1 1 1 1 1 1 1 1 1 1 0 1 1 1 @3 eif #
vertex $3067 -1 -1 $-1 $2885 $3068 #
straight-curve $-1 -1 -1 $-1 -15.700000000000001 -75.587315979002042 -1.9655630750169897 0 -0.17364817766690138 -0.98480775301221313 F 0 F 0.090542098438276944 #
tcoedge-coedge $-1 -1 -1 $-1 $2920 $2886 $3062 $3069 reversed $2677 $3070 -1 -0 F #
pcurve $-1 -1 -1 $-1 0 forward { exppc nubs 3 open 2 
	0 3 0.10000000000001366 3 
	3.1704395917207902e-013 0.97243886064123097 
	3.9070512084347348e-013 0.65470283017060471 
	4.6436628251486795e-013 0.33696679969997845 
	5.3802744418626247e-013 0.019230769229352233 
	0.001 
	-1 
	spline forward { ref 128 } I I I I 
	} 0 0 #
name_attrib-gen-attrib $-1 -1 $3071 $-1 $2887 2 1 1 1 1 1 1 1 1 1 1 1 1 1 0 1 1 1 @3 eif #
tvertex-vertex $3072 -1 -1 $-1 $3069 $3073 3.4472482124123685e-013 #
straight-curve $-1 -1 -1 $-1 -15.700000000000001 -75.947349908828485 -2.2813197358949999 0 0.49116636276160225 0.87106578631670417 F 0 F 0.10000000000016036 #
integer_attrib-name_attrib-gen-attrib $-1 -1 $-1 $2888 $2765 2 1 1 1 1 1 1 1 1 1 1 1 1 1 0 1 1 1 @3 pid 267 #
integer_attrib-name_attrib-gen-attrib $-1 -1 $-1 $-1 $2889 2 1 1 1 1 1 1 1 1 1 1 1 1 1 0 1 1 1 @3 pid 171 #
point $-1 -1 -1 $-1 -15.700000000000001 -75.947349908828485 -2.2813197358949999 #
coedge $-1 -1 -1 $-1 $2891 $3074 $3075 $3076 forward $2418 $-1 #
coedge $-1 -1 -1 $-1 $3077 $2974 $2891 $2989 reversed $3063 $-1 #
edge $3078 -1 -1 $-1 $3079 1.1102230246251565e-016 $2977 0.25417424305040026 $2988 $3080 forward @7 unknown T -15.954174243050435 -75.603038449397985 -2.054729635533378 -15.700000000000001 -75.603038449397559 -2.0547296355329996 #
coedge $-1 -1 -1 $-1 $3074 $2892 $3081 $3082 forward $2418 $-1 #
coedge $-1 -1 -1 $-1 $3032 $3083 $2892 $2992 reversed $3045 $-1 #
edge $3084 -1 -1 $-1 $2994 0 $3085 0.25417424305040004 $2991 $3086 forward @7 unknown T -16.300000000000001 -75.603038449397985 -2.054729635533378 -16.045825756949565 -75.603038449397474 -2.0547296355329996 #
name_attrib-gen-attrib $-1 -1 $3087 $-1 $2893 2 1 1 1 1 1 1 1 1 1 1 1 1 1 0 1 1 1 @3 eif #
vertex $3088 -1 -1 $-1 $2992 $3089 #
straight-curve $-1 -1 -1 $-1 -16.300000000000001 -75.587315979002071 -1.9655630750171573 0 -0.17364817766690169 -0.98480775301221313 F 0 F 0.090542098438106719 #
integer_attrib-name_attrib-gen-attrib $-1 -1 $-1 $2894 $2771 2 1 1 1 1 1 1 1 1 1 1 1 1 1 0 1 1 1 @3 pid 282 #
string_attrib-name_attrib-gen-attrib $-1 -1 $-1 $2897 $2614 2 1 2 1 1 1 1 1 1 1 1 1 1 1 0 1 1 1 @15 ATTRIB_XACIS_ID @5 81763 #
integer_attrib-name_attrib-gen-attrib $-1 -1 $3090 $2898 $2777 2 1 1 1 1 1 1 1 1 1 1 1 1 1 0 1 1 1 @3 pid 97 #
integer_attrib-name_attrib-gen-attrib $-1 -1 $3091 $-1 $2899 2 0 0 1 1 1 1 1 1 1 1 1 1 1 0 1 1 1 @3 fif 0 #
face $3092 -1 -1 $-1 $2939 $2957 $5 $-1 $3048 forward double out T -16.090000000001254 -75.496478838345851 -2.0314865443141397 -15.909999999998746 -75.464655768706976 -1.9376439207259237 F #
cone-surface $-1 -1 -1 $-1 -16 -75.07509615106099 1.0545553324950001 0 -0.17364817766690227 -0.98480775301221302 0 0.14772116295183196 -0.026047226650035345 1 I I -0 1 0.15000000000000002 reversed I I I I #
integer_attrib-name_attrib-gen-attrib $-1 -1 $-1 $2906 $2790 2 1 1 1 1 1 1 1 1 1 1 1 1 1 0 1 1 1 @3 pid 77 #
string_attrib-name_attrib-gen-attrib $-1 -1 $-1 $2914 $2676 2 1 2 1 1 1 1 1 1 1 1 1 1 1 0 1 1 1 @15 ATTRIB_XACIS_ID @5 81780 #
integer_attrib-name_attrib-gen-attrib $-1 -1 $3093 $2915 $2811 2 1 1 1 1 1 1 1 1 1 1 1 1 1 0 1 1 1 @3 pid 120 #
integer_attrib-name_attrib-gen-attrib $-1 -1 $3094 $-1 $2916 2 0 0 1 1 1 1 1 1 1 1 1 1 1 0 1 1 1 @3 fif 0 #
loop $-1 -1 -1 $-1 $-1 $3034 $2916 T -16.300047440931699 -76.100033477828802 -2.281353213723833 -16.273895620409501 -75.89818583162068 -2.019952559068301 unknown #
spline-surface $-1 -1 -1 $-1 forward { exactsur full nubs 3 1 open open none none 2 2 
	0 3 0.99999999999924971 3 
	0.019230769231035345 1 0.98142272036411438 1 
	-16.300000000000011 -75.898233272552275 -2.19421315726321 
	-16.291314353780415 -75.959635749293128 -2.1595902485932186 
	-16.282628707560839 -76.000000000000014 -2.0904912048038082 
	-16.273943061341217 -75.999999999999986 -2.0200000000001053 
	-16.300000000000011 -75.947812826605102 -2.2821407038352022 
	-16.291314353780415 -76.040205896812452 -2.2300431826711051 
	-16.282628707560839 -76.100942486725074 -2.1260689923297336 
	-16.273943061341217 -76.100942486725003 -2.0200000000000387 
	0 
	0 
	0 
	0 
	0 
	0 
	0 
	F 1 F 0 F 1 F 0 } I I I I #
coedge $-1 -1 -1 $-1 $3053 $2919 $3095 $3096 forward $2812 $-1 #
coedge $-1 -1 -1 $-1 $2919 $3097 $2935 $3023 forward $2812 $-1 #
coedge $-1 -1 -1 $-1 $3056 $3098 $2919 $3011 reversed $3099 $-1 #
edge $3100 -1 -1 $-1 $3025 0 $3101 0.065619449019000076 $3010 $3102 forward @7 unknown T -16.09 -76.09999999999998 -2.02 -16.09 -76.09999999999998 -1.9543805509809999 #
coedge $-1 -1 -1 $-1 $3103 $3104 $2920 $3013 forward $3105 $-1 #
edge $3106 -1 -1 $-1 $3016 8.8817841970012523e-016 $3107 0.10000000000008846 $2920 $3108 forward @7 unknown T -15.726056938658903 -76.100000000000009 -2.0200000000001648 -15.726056938658679 -75.999999999999787 -2.019999999999941 #
pcurve $-1 -1 -1 $-1 0 forward { exppc nubs 3 open 2 
	-0.10000000000000009 3 -0 3 
	0.99999999999917843 0.019230769231033767 
	0.99999999999920264 0.33696679970093707 
	0.99999999999922684 0.6547028301708403 
	0.99999999999925104 0.9724388606407437 
	0.001 
	-1 
	spline forward { ref 128 } I I I I 
	} 0 0 #
name_attrib-gen-attrib $-1 -1 $3109 $-1 $2921 2 1 1 1 1 1 1 1 1 1 1 1 1 1 0 1 1 1 @3 eif #
tvertex-vertex $3110 -1 -1 $-1 $3013 $3111 2.8921256517778649e-014 #
intcurve-curve $-1 -1 -1 $-1 forward { exactcur full nubs 3 open 7 
	0 3 0.16659022202093998 1 0.33326384234354212 1 0.49986134553792611 1 0.66648988839204115 1 
	0.83325577919688443 1 0.99999999999999989 3 
	-15.7260569386588 -76.09999999999998 -2.02 
	-15.724608247991116 -76.099976055312169 -2.0377947929904399 
	-15.721711350770757 -76.096899190947511 -2.0727688055291971 
	-15.717361862411728 -76.083028014956241 -2.1240905332694364 
	-15.713031808125155 -76.060401610523471 -2.1720662365322365 
	-15.708700979392486 -76.029731275723066 -2.2153559363818633 
	-15.704349082580642 -75.991826274240452 -2.2526751938428773 
	-15.701450036970403 -75.962853174066083 -2.2725503509241998 
	-15.700000000000001 -75.947349908828485 -2.2813197358949999 
	0 
	null_surface 
	null_surface 
	nullbs 
	nullbs 
	-1 
	-1 
	I I 
	0 
	0 
	5 0.16659022202093998 0.33326384234354212 0.49986134553792611 0.66648988839204115 0.83325577919688443 
	
	-1 
	none F F 1 F 0 } I I #
integer_attrib-name_attrib-gen-attrib $-1 -1 $-1 $2924 $2824 2 1 1 1 1 1 1 1 1 1 1 1 1 1 0 1 1 1 @3 pid 290 #
string_attrib-name_attrib-gen-attrib $-1 -1 $-1 $2931 $2731 2 1 2 1 1 1 1 1 1 1 1 1 1 1 0 1 1 1 @15 ATTRIB_XACIS_ID @5 81782 #
integer_attrib-name_attrib-gen-attrib $-1 -1 $-1 $2932 $2848 2 1 1 1 1 1 1 1 1 1 1 1 1 1 0 1 1 1 @3 pid 232 #
integer_attrib-name_attrib-gen-attrib $-1 -1 $-1 $-1 $2933 2 1 1 1 1 1 1 1 1 1 1 1 1 1 0 1 1 1 @3 pid 149 #
point $-1 -1 -1 $-1 -16.090000000000224 -75.496478838345695 -2.0262770989840515 #
edge $3112 -1 -1 $-1 $3113 0 $3025 0.18394306134120042 $2935 $3114 forward @7 unknown T -16.27394306134126 -76.100000000000023 -2.0200000000000822 -16.09 -76.099999999999937 -2.019999999999996 #
name_attrib-gen-attrib $-1 -1 $3115 $-1 $2937 2 1 1 1 1 1 1 1 1 1 1 1 1 1 0 1 1 1 @3 eif #
vertex $3116 -1 -1 $-1 $3057 $3117 #
ellipse-curve $-1 -1 -1 $-1 -16.09 -75.799999999999983 -2.02 -1 0 0 0 0.29544232590366404 -0.052094453300070676 1 F 0 F 2.9670597283903888 #
tcoedge-coedge $-1 -1 -1 $-1 $3118 $2944 $2938 $3028 reversed $3006 $3119 -1 -0 F #
tedge-edge $3120 -1 -1 $-1 $3113 0 $2947 1 $3027 $3121 forward @7 unknown T -16.30003347782883 -76.100033477828802 -2.281353213723833 -16.273909583512378 -75.947316430999649 -2.0199665221711776 3.3477828822355452e-005 #
pcurve $-1 -1 -1 $-1 0 forward { exppc nubs 1 open 2 
	0 1 1 1 
	-0.92018979552933333 0 
	-0.83333333333333337 1.0573680720569407 
	0.001 
	4.1418199719714388e-005 
	cone -16.550000000000001 -75.799999999999983 -2.02 1 0 0 0 -0.29999999999999999 0 1 I I -0 1 0.29999999999999999 reversed I I I I 
	} 0 0 #
integer_attrib-name_attrib-gen-attrib $-1 -1 $3122 $-1 $2939 2 0 0 1 1 1 1 1 1 1 1 1 1 1 0 1 1 1 @3 fif 0 #
cone-surface $-1 -1 -1 $-1 -16.550000000000001 -75.799999999999983 -2.02 1 0 0 0 -0.29999999999999999 0 1 I I -0 1 0.29999999999999999 reversed I I I I #
coedge $-1 -1 -1 $-1 $3123 $2991 $2943 $3033 forward $3045 $-1 #
edge $3124 -1 -1 $-1 $2994 0 $3037 1.9096825066765259 $3032 $3125 forward @7 unknown T -16.300000000000065 -75.898233272552446 -2.2199996341014669 -16.299999999999937 -75.603038449397459 -2.0547296355330897 #
tcoedge-coedge $-1 -1 -1 $-1 $2944 $3118 $3123 $3126 forward $3006 $3127 0 1 F #
pcurve $-1 -1 -1 $-1 0 forward { exppc nubs 3 open 2 
	1.9341545838640432e-016 3 0.10000000000001386 3 
	3.4150255792020142e-013 0.019230769232276155 
	2.7457517164699241e-013 0.33696679970192722 
	2.0764778537378342e-013 0.65470283017157838 
	1.4072039910057443e-013 0.97243886064122942 
	0.001 
	-1 
	spline forward { ref 132 } I I I I 
	} 0 0 #
name_attrib-gen-attrib $-1 -1 $3128 $-1 $2945 2 1 1 1 1 1 1 1 1 1 1 1 1 1 0 1 1 1 @3 eif #
tvertex-vertex $3129 -1 -1 $-1 $3126 $3130 6.4055545095325997e-014 #
straight-curve $-1 -1 -1 $-1 -16.300000000000001 -75.898233272552318 -2.1942131572633174 0 -0.49116636276160225 -0.87106578631670417 F 6.9361152189085593e-015 F 0.10000000000001359 #
integer_attrib-name_attrib-gen-attrib $-1 -1 $-1 $2946 $2856 2 1 1 1 1 1 1 1 1 1 1 1 1 1 0 1 1 1 @3 pid 278 #
integer_attrib-name_attrib-gen-attrib $-1 -1 $-1 $-1 $2947 2 1 1 1 1 1 1 1 1 1 1 1 1 1 0 1 1 1 @3 pid 178 #
point $-1 -1 -1 $-1 -16.300000000000008 -75.947349908828471 -2.2813197358950106 #
integer_attrib-name_attrib-gen-attrib $-1 -1 $3131 $2949 $2858 2 1 1 1 1 1 1 1 1 1 1 1 1 1 0 1 1 1 @3 pid 122 #
integer_attrib-name_attrib-gen-attrib $-1 -1 $3132 $-1 $2950 2 0 0 1 1 1 1 1 1 1 1 1 1 1 0 1 1 1 @3 fif 0 #
face $3133 -1 -1 $-1 $3134 $3135 $5 $-1 $3136 reversed double out T -16.045825756949611 -75.603038449398042 -2.0599390808633875 -15.954174243050396 -75.565415381056937 -2.0089122812172153 F #
loop $-1 -1 -1 $-1 $-1 $3032 $2950 T -16.300047440931699 -76.000047440931681 -2.2199999999999847 -16.045825756949565 -75.603038449397459 -2.019952559068301 unknown #
cone-surface $-1 -1 -1 $-1 -16.550000000000001 -75.799999999999983 -2.02 1 0 0 0 -0.19999999999999998 0 1 I I -0 1 0.19999999999999998 reversed I I I I #
string_attrib-name_attrib-gen-attrib $-1 -1 $-1 $2955 $2748 2 1 2 1 1 1 1 1 1 1 1 1 1 1 0 1 1 1 @15 ATTRIB_XACIS_ID @5 81723 #
sphere-surface $-1 -1 -1 $-1 -16 -75.614655768706982 -2.005439317664 0.14999999999999999 0.79999999999888793 0.59088465180866545 -0.10418890660109494 -0.60000000000148279 0.7878462024086138 -0.13891854213367674 forward_v I I I I #
integer_attrib-name_attrib-gen-attrib $-1 -1 $-1 $2958 $2869 2 1 1 1 1 1 1 1 1 1 1 1 1 1 0 1 1 1 @3 pid 231 #
name_attrib-gen-attrib $-1 -1 $3137 $-1 $2961 2 1 1 1 1 1 1 1 1 1 1 1 1 1 0 1 1 1 @3 eif #
ellipse-curve $-1 -1 -1 $-1 -16 -75.614655768706982 -2.005439317664 -3.5355439519682028e-013 -0.17364817766759796 -0.98480775301209045 -1.1102230246251565e-016 0.14772116295181359 -0.026047226650139699 1 F -0.6435011087951843 F 0.64350110879512323 #
coedge $-1 -1 -1 $-1 $3138 $2966 $3104 $3139 reversed $2812 $-1 #
coedge $-1 -1 -1 $-1 $2966 $3008 $3140 $3141 forward $2812 $-1 #
name_attrib-gen-attrib $-1 -1 $3142 $-1 $2967 2 1 1 1 1 1 1 1 1 1 1 1 1 1 0 1 1 1 @3 eif #
straight-curve $-1 -1 -1 $-1 -15.91 -76.09999999999998 -2.02 1 0 0 F 0 F 0.18394306134119975 #
coedge $-1 -1 -1 $-1 $3140 $3010 $2968 $3057 forward $3099 $-1 #
edge $3143 -1 -1 $-1 $3025 -0.64350110879334199 $2970 0.64350110879334999 $3056 $3144 forward @7 unknown T -16.090000000000007 -76.129999999999995 -2.02 -15.909999999999991 -76.09999999999998 -2.02 #
integer_attrib-name_attrib-gen-attrib $-1 -1 $-1 $2969 $2879 2 1 1 1 1 1 1 1 1 1 1 1 1 1 0 1 1 1 @3 pid 270 #
integer_attrib-name_attrib-gen-attrib $-1 -1 $-1 $-1 $2970 2 1 1 1 1 1 1 1 1 1 1 1 1 1 0 1 1 1 @3 pid 173 #
point $-1 -1 -1 $-1 -15.91 -76.09999999999998 -2.02 #
integer_attrib-name_attrib-gen-attrib $-1 -1 $-1 $2972 $2882 2 1 1 1 1 1 1 1 1 1 1 1 1 1 0 1 1 1 @3 pid 273 #
tcoedge-coedge $-1 -1 -1 $-1 $2974 $3145 $2979 $3069 forward $3063 $3146 0 1 F #
loop $-1 -1 -1 $-1 $-1 $3077 $3147 T -15.954174243050435 -76.000043503271968 -2.2199999999999847 -15.69995649672801 -75.603038449397459 -2.0199564967280139 unknown #
name_attrib-gen-attrib $-1 -1 $3148 $-1 $2975 2 1 1 1 1 1 1 1 1 1 1 1 1 1 0 1 1 1 @3 eif #
ellipse-curve $-1 -1 -1 $-1 -15.700000000000001 -75.800000478905389 -2.0199989864723507 1 0 0 0 -0.098232793646926941 -0.17421417079096724 1 F 0 F 1.9096825066764065 #
integer_attrib-name_attrib-gen-attrib $-1 -1 $-1 $2976 $2885 2 1 1 1 1 1 1 1 1 1 1 1 1 1 0 1 1 1 @3 pid 264 #
integer_attrib-name_attrib-gen-attrib $-1 -1 $-1 $-1 $2977 2 1 1 1 1 1 1 1 1 1 1 1 1 1 0 1 1 1 @3 pid 170 #
point $-1 -1 -1 $-1 -15.700000000000001 -75.603038449397985 -2.0547296355329996 #
tedge-edge $3149 -1 -1 $-1 $3107 0 $2982 1 $2979 $3150 forward @7 unknown T -15.726100441930786 -76.000043503271968 -2.1942566605352525 -15.69995649672801 -75.898189769280265 -2.0199564967280139 4.3503271986307303e-005 #
pcurve $-1 -1 -1 $-1 0 forward { exppc nubs 3 open 6 
	-1 3 -0.80130142830348661 1 -0.60054730503248754 1 -0.39918461187642379 1 -0.19851982134904461 1 
	-0 3 
	5.3802744418626247e-013 0.019230769229352233 
	0.066393674666833005 0.019869008969667378 
	0.19973056993624108 0.021189877128907356 
	0.40000056387544569 0.025502750504933541 
	0.60023816137895658 0.025500118577766764 
	0.80041950366846715 0.021186560525792295 
	0.93366643670121285 0.019867409117154386 
	0.99999999999917843 0.019230769231033767 
	0.001 
	-1 
	spline forward { ref 128 } I I I I 
	} 0 0 #
integer_attrib-name_attrib-gen-attrib $-1 -1 $-1 $2981 $2887 2 1 1 1 1 1 1 1 1 1 1 1 1 1 0 1 1 1 @3 pid 308 #
integer_attrib-name_attrib-gen-attrib $-1 -1 $-1 $-1 $2982 2 1 1 1 1 1 1 1 1 1 1 1 1 1 0 1 1 1 @3 pid 193 #
point $-1 -1 -1 $-1 -15.699999999999996 -75.898233272552247 -2.1942131572631869 #
coedge $-1 -1 -1 $-1 $2987 $2990 $3151 $3152 reversed $2418 $-1 #
coedge $-1 -1 -1 $-1 $3153 $3154 $2987 $3076 reversed $3135 $-1 #
edge $3155 -1 -1 $-1 $3156 -9.6971043204501585e-017 $3079 0.046524160858734717 $3075 $3157 forward @7 unknown T -15.954174243050572 -75.603038449398028 -2.054729635533378 -15.954174243050398 -75.59495961364739 -2.0089122812172153 #
coedge $-1 -1 -1 $-1 $3145 $2988 $3158 $3159 forward $3063 $-1 #
name_attrib-gen-attrib $-1 -1 $3160 $-1 $2989 2 1 1 1 1 1 1 1 1 1 1 1 1 1 0 1 1 1 @3 eif #
vertex $3161 -1 -1 $-1 $3162 $3163 #
straight-curve $-1 -1 -1 $-1 -15.954174243050401 -75.603038449397985 -2.0547296355329996 1 0 0 F 1.1102230246251565e-016 F 0.25417424305040026 #
coedge $-1 -1 -1 $-1 $3154 $3164 $2990 $3082 reversed $3135 $-1 #
edge $3165 -1 -1 $-1 $3085 9.6971043204072445e-017 $3166 0.046524160858734911 $3081 $3167 forward @7 unknown T -16.045825756949565 -75.603038449398042 -2.054729635533378 -16.04582575694943 -75.594959613646964 -2.0089122812172153 #
coedge $-1 -1 -1 $-1 $2991 $3168 $3169 $3170 forward $3045 $-1 #
name_attrib-gen-attrib $-1 -1 $3171 $-1 $2992 2 1 1 1 1 1 1 1 1 1 1 1 1 1 0 1 1 1 @3 eif #
vertex $3172 -1 -1 $-1 $3162 $3173 #
straight-curve $-1 -1 -1 $-1 -16.300000000000001 -75.603038449397985 -2.0547296355329996 1 0 0 F 0 F 0.25417424305040004 #
integer_attrib-name_attrib-gen-attrib $-1 -1 $-1 $2993 $2893 2 1 1 1 1 1 1 1 1 1 1 1 1 1 0 1 1 1 @3 pid 280 #
integer_attrib-name_attrib-gen-attrib $-1 -1 $-1 $-1 $2994 2 1 1 1 1 1 1 1 1 1 1 1 1 1 0 1 1 1 @3 pid 179 #
point $-1 -1 -1 $-1 -16.300000000000001 -75.603038449397474 -2.0547296355330897 #
string_attrib-name_attrib-gen-attrib $-1 -1 $-1 $2998 $2777 2 1 2 1 1 1 1 1 1 1 1 1 1 1 0 1 1 1 @15 ATTRIB_XACIS_ID @5 81772 #
integer_attrib-name_attrib-gen-attrib $-1 -1 $3174 $2999 $2899 2 1 1 1 1 1 1 1 1 1 1 1 1 1 0 1 1 1 @3 pid 98 #
integer_attrib-name_attrib-gen-attrib $-1 -1 $3175 $-1 $3000 2 0 0 1 1 1 1 1 1 1 1 1 1 1 0 1 1 1 @3 fif 0 #
string_attrib-name_attrib-gen-attrib $-1 -1 $-1 $3004 $2811 2 1 2 1 1 1 1 1 1 1 1 1 1 1 0 1 1 1 @15 ATTRIB_XACIS_ID @5 81830 #
integer_attrib-name_attrib-gen-attrib $-1 -1 $3176 $3005 $2916 2 1 1 1 1 1 1 1 1 1 1 1 1 1 0 1 1 1 @3 pid 121 #
coedge $-1 -1 -1 $-1 $3177 $3177 $3008 $3096 reversed $3178 $-1 #
edge $3179 -1 -1 $-1 $3101 0 $3180 3.1416022294241506 $3095 $3181 forward @7 unknown T -16.090000000001034 -76.100000000003078 -1.9543805509809999 -15.90999999999897 -76.099999676815571 -1.8643801200680026 #
coedge $-1 -1 -1 $-1 $3009 $3138 $3182 $3183 reversed $2812 $-1 #
coedge $-1 -1 -1 $-1 $3010 $3140 $3177 $3184 forward $3099 $-1 #
loop $-1 -1 -1 $-1 $-1 $3140 $3185 T -16.090000000000007 -76.129999999999995 -2.02 -15.909999999999991 -76.09999999999998 -1.9543805509809999 unknown #
name_attrib-gen-attrib $-1 -1 $3186 $-1 $3011 2 1 1 1 1 1 1 1 1 1 1 1 1 1 0 1 1 1 @3 eif #
vertex $3187 -1 -1 $-1 $3011 $3188 #
straight-curve $-1 -1 -1 $-1 -16.09 -76.09999999999998 -2.02 0 0 1 F 0 F 0.065619449019000076 #
coedge $-1 -1 -1 $-1 $3189 $3012 $3190 $3191 forward $3105 $-1 #
coedge $-1 -1 -1 $-1 $3012 $3189 $3052 $3139 forward $3105 $-1 #
loop $-1 -1 -1 $-1 $-1 $3103 $3192 T -15.749442531913873 -76.100000000000037 -2.0200000000001648 -15.726056938658679 -75.999999999999787 -1.7999999999999272 unknown #
name_attrib-gen-attrib $-1 -1 $3193 $-1 $3013 2 1 1 1 1 1 1 1 1 1 1 1 1 1 0 1 1 1 @3 eif #
tvertex-vertex $3194 -1 -1 $-1 $3195 $3196 1.1194935396485994e-013 #
straight-curve $-1 -1 -1 $-1 -15.726056938658774 -76.09999999999998 -2.0199999999999969 0 1 0 F 8.8817841970012523e-016 F 0.10000000000008846 #
integer_attrib-name_attrib-gen-attrib $-1 -1 $-1 $3015 $2921 2 1 1 1 1 1 1 1 1 1 1 1 1 1 0 1 1 1 @3 pid 268 #
integer_attrib-name_attrib-gen-attrib $-1 -1 $-1 $-1 $3016 2 1 1 1 1 1 1 1 1 1 1 1 1 1 0 1 1 1 @3 pid 172 #
point $-1 -1 -1 $-1 -15.726056938658791 -76.09999999999998 -2.02000000000002 #
name_attrib-gen-attrib $-1 -1 $3197 $-1 $3023 2 1 1 1 1 1 1 1 1 1 1 1 1 1 0 1 1 1 @3 eif #
tvertex-vertex $3198 -1 -1 $-1 $3199 $3200 4.3184000920233627e-014 #
straight-curve $-1 -1 -1 $-1 -16.2739430613412 -76.09999999999998 -2.02 1 0 0 F 0 F 0.18394306134120042 #
integer_attrib-name_attrib-gen-attrib $-1 -1 $-1 $3024 $2937 2 1 1 1 1 1 1 1 1 1 1 1 1 1 0 1 1 1 @3 pid 275 #
integer_attrib-name_attrib-gen-attrib $-1 -1 $-1 $-1 $3025 2 1 1 1 1 1 1 1 1 1 1 1 1 1 0 1 1 1 @3 pid 176 #
point $-1 -1 -1 $-1 -16.09 -76.09999999999998 -2.02 #
coedge $-1 -1 -1 $-1 $3034 $3027 $3201 $3199 reversed $3006 $3202 #
pcurve $-1 -1 -1 $-1 0 forward { exppc nubs 3 open 7 
	-1 3 -0.83485488691358811 1 -0.66776926187691421 1 -0.4998619077572426 1 -0.33198509631766371 1 
	-0.16499173525834476 1 -0 3 
	1.4072039910057443e-013 0.97243886064122942 
	0.055160562743368842 0.97297758004623547 
	0.16605254689034482 0.97441825018372219 
	0.33293638257878627 0.98026609867503278 
	0.50012786107033236 0.98200405204367136 
	0.66728912706068277 0.9802599153538315 
	0.83408124149227292 0.97441480247843493 
	0.94489093234068799 0.9729761042881242 
	0.99999999999924971 0.97243886064074292 
	0.001 
	-1 
	spline forward { ref 132 } I I I I 
	} 0 0 #
name_attrib-gen-attrib $-1 -1 $3203 $-1 $3028 2 1 1 1 1 1 1 1 1 1 1 1 1 1 0 1 1 1 @3 eif #
intcurve-curve $-1 -1 -1 $-1 forward { exactcur full nubs 3 open 7 
	0 3 0.16499173525834476 1 0.33198509631766371 1 0.4998619077572426 1 0.66776926187691421 1 
	0.83485488691358811 1 1 3 
	-16.2739430613412 -76.09999999999998 -2.02 
	-16.275379034936748 -76.099976844181342 -2.0376208887314302 
	-16.278266396254022 -76.096941138714257 -2.0724637022520653 
	-16.282612488148523 -76.08314815428308 -2.1238071588454535 
	-16.286968199002562 -76.060422346431807 -2.1720784947131153 
	-16.291324697101881 -76.029543338931376 -2.2156000099191075 
	-16.295673178971558 -75.991581020608308 -2.252861700891164 
	-16.298562684600221 -75.962702014122385 -2.2726364935741916 
	-16.300000000000001 -75.947349908828485 -2.2813197358950004 
	0 
	null_surface 
	null_surface 
	nullbs 
	nullbs 
	-1 
	-1 
	I I 
	0 
	0 
	5 0.16499173525834476 0.33198509631766371 0.4998619077572426 0.66776926187691421 0.83485488691358811 
	
	-1 
	none F F 1 F 0 } I I #
integer_attrib-name_attrib-gen-attrib $-1 -1 $3204 $3030 $2939 2 1 1 1 1 1 1 1 1 1 1 1 1 1 0 1 1 1 @3 pid 100 #
tcoedge-coedge $-1 -1 -1 $-1 $3168 $3032 $3034 $3126 reversed $3045 $3205 -1 -0 F #
name_attrib-gen-attrib $-1 -1 $3206 $-1 $3033 2 1 1 1 1 1 1 1 1 1 1 1 1 1 0 1 1 1 @3 eif #
ellipse-curve $-1 -1 -1 $-1 -16.300000000000001 -75.800000478905389 -2.019998986472364 -1 0 0 0 0.19696202950792618 -0.034730649060728647 1 F 0 F 1.9096825066765259 #
tedge-edge $3207 -1 -1 $-1 $3208 0 $3037 1 $3123 $3209 forward @7 unknown T -16.300047440931699 -76.000047440931681 -2.1942605981949916 -16.273895620409501 -75.89818583162068 -2.019952559068301 4.7440931698942348e-005 #
pcurve $-1 -1 -1 $-1 0 forward { exppc nubs 3 open 6 
	0 3 0.19991462379656996 1 0.39988103010817816 1 0.59985214713741553 1 0.79990747420669017 1 
	1 3 
	0.99999999999917644 0.019230769231035345 
	0.93319662806931536 0.019908552463889791 
	0.79971345512774328 0.02128149910862457 
	0.59977268118606208 0.025552122441501953 
	0.40046492915231541 0.025555375875710908 
	0.200435923238696 0.021284567266028828 
	0.066863206018690488 0.019910079547950439 
	3.4150255792020142e-013 0.019230769232276155 
	0.001 
	-1 
	spline forward { ref 132 } I I I I 
	} 0 0 #
integer_attrib-name_attrib-gen-attrib $-1 -1 $-1 $3036 $2945 2 1 1 1 1 1 1 1 1 1 1 1 1 1 0 1 1 1 @3 pid 320 #
integer_attrib-name_attrib-gen-attrib $-1 -1 $-1 $-1 $3037 2 1 1 1 1 1 1 1 1 1 1 1 1 1 0 1 1 1 @3 pid 201 #
point $-1 -1 -1 $-1 -16.300000000000001 -75.898233272552375 -2.1942131572632926 #
string_attrib-name_attrib-gen-attrib $-1 -1 $-1 $3042 $2858 2 1 2 1 1 1 1 1 1 1 1 1 1 1 0 1 1 1 @15 ATTRIB_XACIS_ID @5 81803 #
integer_attrib-name_attrib-gen-attrib $-1 -1 $3210 $3043 $2950 2 1 1 1 1 1 1 1 1 1 1 1 1 1 0 1 1 1 @3 pid 123 #
integer_attrib-name_attrib-gen-attrib $-1 -1 $3211 $-1 $3044 2 0 0 1 1 1 1 1 1 1 1 1 1 1 0 1 1 1 @3 fif 0 #
face $3212 -1 -1 $-1 $3147 $3213 $5 $-1 $3214 reversed double out T -16.045825756949611 -75.594959613647603 -2.0141217265506204 -15.954174243050396 -75.564655768706984 -1.9637832463443921 F #
loop $-1 -1 -1 $-1 $-1 $3075 $3044 T -16.045825756949611 -75.603038449398042 -2.0599390808633875 -15.954174243050396 -75.565415381056937 -2.0089122812172153 unknown #
cone-surface $-1 -1 -1 $-1 -16 -75.07509615106099 1.0545553324950001 0 -0.1736481776669023 -0.98480775301221302 0 0.049240387650610652 -0.0086824088833451149 1 I I -0 1 0.050000000000000003 reversed I I I I #
integer_attrib-name_attrib-gen-attrib $-1 -1 $-1 $3050 $2961 2 1 1 1 1 1 1 1 1 1 1 1 1 1 0 1 1 1 @3 pid 272 #
coedge $-1 -1 -1 $-1 $3097 $3052 $3215 $3216 forward $2812 $-1 #
edge $3217 -1 -1 $-1 $3218 4.7524068246201761e-018 $3016 0.22123943132247237 $3052 $3219 forward @7 unknown T -15.749442531913861 -76.100000000000037 -2.0200000000000489 -15.726056938658763 -76.099999999999923 -1.799999999999939 #
coedge $-1 -1 -1 $-1 $3098 $3056 $3053 $3141 reversed $3099 $-1 #
edge $3220 -1 -1 $-1 $3180 0 $2970 0.065619449019000076 $3140 $3221 forward @7 unknown T -15.910000000000002 -76.09999999999998 -2.02 -15.91 -76.09999999999998 -1.9543805509809999 #
integer_attrib-name_attrib-gen-attrib $-1 -1 $-1 $3054 $2967 2 1 1 1 1 1 1 1 1 1 1 1 1 1 0 1 1 1 @3 pid 269 #
name_attrib-gen-attrib $-1 -1 $3222 $-1 $3057 2 1 1 1 1 1 1 1 1 1 1 1 1 1 0 1 1 1 @3 eif #
ellipse-curve $-1 -1 -1 $-1 -16 -75.97999999999999 -2.02 0 0 1 1.1102230246251565e-016 -0.15000000000000013 0 1 F -0.64350110879334199 F 0.64350110879334999 #
coedge $-1 -1 -1 $-1 $3062 $3077 $3223 $3195 reversed $3063 $-1 #
pcurve $-1 -1 -1 $-1 0 forward { exppc nubs 1 open 2 
	0 1 1 1 
	-4.1197153067060004 0 
	-4.25 1.0573680720562577 
	0.001 
	8.5437095121515538e-005 
	cone -16.550000000000001 -75.799999999999983 -2.02 1 0 0 0 -0.19999999999999998 0 1 I I 0 -1 0.19999999999999998 reversed I I I I 
	} 0 0 #
face $3224 -1 -1 $-1 $3192 $3063 $5 $-1 $3225 reversed double out T -15.954174243050435 -76.000043503271968 -2.2199999999999847 -15.69995649672801 -75.603038449397459 -2.0199564967280139 F #
integer_attrib-name_attrib-gen-attrib $-1 -1 $-1 $3064 $2975 2 1 1 1 1 1 1 1 1 1 1 1 1 1 0 1 1 1 @3 pid 307 #
name_attrib-gen-attrib $-1 -1 $3226 $-1 $3069 2 1 1 1 1 1 1 1 1 1 1 1 1 1 0 1 1 1 @3 eif #
intcurve-curve $-1 -1 -1 $-1 forward { exactcur full nubs 3 open 6 
	0 3 0.19851982134904461 1 0.39918461187642379 1 0.60054730503248754 1 0.80130142830348661 1 
	1 3 
	-15.7260569386588 -75.999999999999986 -2.02 
	-15.724328489068901 -75.99996779331056 -2.0341961712450969 
	-15.720856481908358 -75.997053056421478 -2.0620330698467586 
	-15.715640368951698 -75.983797412694244 -2.1026253831289248 
	-15.710422790156365 -75.96227809577627 -2.1394761117849215 
	-15.705204367209102 -75.933424507719877 -2.1709814372615144 
	-15.701730015908113 -75.910594658877343 -2.1872058650328023 
	-15.700000000000001 -75.898233272552432 -2.1942131572632664 
	0 
	null_surface 
	null_surface 
	nullbs 
	nullbs 
	-1 
	-1 
	I I 
	0 
	0 
	4 0.19851982134904461 0.39918461187642379 0.60054730503248754 0.80130142830348661 
	
	-1 
	none F F 1 F 0 } I I #
coedge $-1 -1 -1 $-1 $3227 $3228 $3074 $3152 forward $3213 $-1 #
edge $3229 -1 -1 $-1 $3156 0 $3166 3.1415693490894694 $3074 $3230 forward @7 unknown T -16.045825756949601 -75.594959613647603 -2.0089122812187008 -15.954174243050398 -75.587002147186027 -1.9637832463443921 #
coedge $-1 -1 -1 $-1 $3164 $3075 $3228 $3231 forward $3135 $-1 #
coedge $-1 -1 -1 $-1 $3075 $3081 $3232 $3162 forward $3135 $-1 #
name_attrib-gen-attrib $-1 -1 $3233 $-1 $3076 2 1 1 1 1 1 1 1 1 1 1 1 1 1 0 1 1 1 @3 eif #
vertex $3234 -1 -1 $-1 $3231 $3235 #
straight-curve $-1 -1 -1 $-1 -15.954174243050572 -75.594959613647433 -2.0089122812172153 0 -0.17364817766689927 -0.98480775301221357 F -9.6971043204501585e-017 F 0.046524160858734717 #
coedge $-1 -1 -1 $-1 $3232 $3236 $3077 $3159 reversed $3237 $-1 #
edge $3238 -1 -1 $-1 $3079 0 $3239 2.9670597283903883 $3158 $3240 forward @7 unknown T -15.954174243050435 -75.999999999999972 -2.2199999999999847 -15.954174243050435 -75.603038449397559 -2.02 #
integer_attrib-name_attrib-gen-attrib $-1 -1 $-1 $3078 $2989 2 1 1 1 1 1 1 1 1 1 1 1 1 1 0 1 1 1 @3 pid 306 #
integer_attrib-name_attrib-gen-attrib $-1 -1 $-1 $-1 $3079 2 1 1 1 1 1 1 1 1 1 1 1 1 1 0 1 1 1 @3 pid 192 #
edge $3241 -1 -1 $-1 $3085 3.5796289977324245e-014 $3079 2.3185589614554374 $3232 $3242 forward @7 unknown T -16.045825756949565 -75.603038449397559 -2.0599390808633875 -15.954174243050435 -75.573494216807191 -2.054729635533378 #
point $-1 -1 -1 $-1 -15.954174243050435 -75.603038449397559 -2.054729635533378 #
coedge $-1 -1 -1 $-1 $3081 $3153 $3227 $3243 forward $3135 $-1 #
name_attrib-gen-attrib $-1 -1 $3244 $-1 $3082 2 1 1 1 1 1 1 1 1 1 1 1 1 1 0 1 1 1 @3 eif #
vertex $3245 -1 -1 $-1 $3082 $3246 #
straight-curve $-1 -1 -1 $-1 -16.04582575694943 -75.603038449398042 -2.0547296355332847 0 0.17364817766689844 0.98480775301221368 F 9.6971043204072445e-017 F 0.046524160858734911 #
coedge $-1 -1 -1 $-1 $3083 $3123 $3247 $3248 reversed $3045 $-1 #
coedge $-1 -1 -1 $-1 $3236 $3232 $3083 $3170 reversed $3237 $-1 #
edge $3249 -1 -1 $-1 $3250 0 $3085 2.9670597283903883 $3169 $3251 forward @7 unknown T -16.045825756949565 -75.999999999999972 -2.2199999999999847 -16.045825756949565 -75.603038449397559 -2.02 #
integer_attrib-name_attrib-gen-attrib $-1 -1 $-1 $3084 $2992 2 1 1 1 1 1 1 1 1 1 1 1 1 1 0 1 1 1 @3 pid 302 #
integer_attrib-name_attrib-gen-attrib $-1 -1 $-1 $-1 $3085 2 1 1 1 1 1 1 1 1 1 1 1 1 1 0 1 1 1 @3 pid 189 #
point $-1 -1 -1 $-1 -16.045825756949565 -75.603038449397559 -2.054729635533378 #
string_attrib-name_attrib-gen-attrib $-1 -1 $-1 $3091 $2899 2 1 2 1 1 1 1 1 1 1 1 1 1 1 0 1 1 1 @15 ATTRIB_XACIS_ID @5 81819 #
integer_attrib-name_attrib-gen-attrib $-1 -1 $3252 $3092 $3000 2 1 1 1 1 1 1 1 1 1 1 1 1 1 0 1 1 1 @3 pid 99 #
string_attrib-name_attrib-gen-attrib $-1 -1 $-1 $3094 $2916 2 1 2 1 1 1 1 1 1 1 1 1 1 1 0 1 1 1 @15 ATTRIB_XACIS_ID @5 81835 #
coedge $-1 -1 -1 $-1 $3095 $3095 $3098 $3184 reversed $3178 $-1 #
loop $-1 -1 -1 $-1 $-1 $3177 $3253 T -16.090000000001034 -76.129999999999995 -1.9543805509809999 -15.90999999999897 -76.099999676815571 -1.8643801200680026 periphery $3254 F #
name_attrib-gen-attrib $-1 -1 $3255 $-1 $3096 2 1 1 1 1 1 1 1 1 1 1 1 1 1 0 1 1 1 @3 eif #
vertex $3256 -1 -1 $-1 $3184 $3257 #
ellipse-curve $-1 -1 -1 $-1 -16 -76.09999999999998 -1.9543801200684539 1.7194346769834451e-011 0.9999999999935526 -3.5909378852469286e-006 -0.089999999999999969 1.1102230246251565e-016 -4.309125460899566e-007 1 F 0 F 3.1416022294241506 #
coedge $-1 -1 -1 $-1 $3258 $3201 $3097 $3183 forward $3259 $-1 #
edge $3260 -1 -1 $-1 $3113 -1.0620082383428592e-017 $3261 0.22123943132247237 $3182 $3262 forward @7 unknown T -16.27394306134126 -76.100000000000023 -2.0200000000000822 -16.250557468086139 -76.099999999999937 -1.7999999999999698 #
edge $3263 -1 -1 $-1 $3180 -0.64350110879335065 $3101 0.6435011087933411 $3098 $3264 forward @7 unknown T -16.090000000000007 -76.129999999999995 -1.9543805509809999 -15.909999999999991 -76.09999999999998 -1.9543805509809999 #
face $3265 -1 -1 $-1 $3253 $3099 $5 $-1 $3266 forward double out T -16.090000000000007 -76.129999999999995 -2.02 -15.909999999999991 -76.09999999999998 -1.9543805509809999 F #
integer_attrib-name_attrib-gen-attrib $-1 -1 $-1 $3100 $3011 2 1 1 1 1 1 1 1 1 1 1 1 1 1 0 1 1 1 @3 pid 311 #
integer_attrib-name_attrib-gen-attrib $-1 -1 $-1 $-1 $3101 2 1 1 1 1 1 1 1 1 1 1 1 1 1 0 1 1 1 @3 pid 195 #
point $-1 -1 -1 $-1 -16.09 -76.09999999999998 -1.9543805509809999 #
coedge $-1 -1 -1 $-1 $3104 $3103 $3267 $3268 forward $3105 $-1 #
coedge $-1 -1 -1 $-1 $3223 $3269 $3103 $3191 reversed $3270 $-1 #
edge $3271 -1 -1 $-1 $3107 -1.6487757942223598e-017 $3272 0.22123943132247237 $3190 $3273 forward @7 unknown T -15.749442531913873 -76.000000000000057 -2.0200000000001648 -15.726056938658679 -75.999999999999787 -1.7999999999999272 #
face $3274 -1 -1 $-1 $3185 $3105 $5 $-1 $3275 reversed double out T -15.749442531913873 -76.100000000000037 -2.0200000000001648 -15.726056938658679 -75.999999999999787 -1.7999999999999272 F #
integer_attrib-name_attrib-gen-attrib $-1 -1 $-1 $3106 $3013 2 1 1 1 1 1 1 1 1 1 1 1 1 1 0 1 1 1 @3 pid 310 #
integer_attrib-name_attrib-gen-attrib $-1 -1 $-1 $-1 $3107 2 1 1 1 1 1 1 1 1 1 1 1 1 1 0 1 1 1 @3 pid 194 #
edge $3276 -1 -1 $-1 $3107 0 $3239 0.22811730439160016 $3223 $3277 forward @7 unknown T -15.954174243050435 -76.000000000000014 -2.0200000000001648 -15.726056938658679 -75.999999999999787 -2.019999999999941 #
point $-1 -1 -1 $-1 -15.726056938658791 -75.999999999999901 -2.0200000000000529 #
integer_attrib-name_attrib-gen-attrib $-1 -1 $-1 $3112 $3023 2 1 1 1 1 1 1 1 1 1 1 1 1 1 0 1 1 1 @3 pid 276 #
integer_attrib-name_attrib-gen-attrib $-1 -1 $-1 $-1 $3113 2 1 1 1 1 1 1 1 1 1 1 1 1 1 0 1 1 1 @3 pid 177 #
edge $3278 -1 -1 $-1 $3208 0 $3113 0.099999999999999978 $3201 $3279 forward @7 unknown T -16.273943061341278 -76.100000000000023 -2.0200000000001217 -16.273943061341143 -75.999999999999915 -2.019999999999984 #
point $-1 -1 -1 $-1 -16.273943061341217 -76.09999999999998 -2.0200000000000391 #
coedge $-1 -1 -1 $-1 $3182 $3280 $3118 $3199 forward $3259 $-1 #
pcurve $-1 -1 -1 $-1 0 forward { exppc nubs 3 open 2 
	-0.10000000000000009 3 -0 3 
	0.99999999999924971 0.97243886064074292 
	0.99999999999922529 0.6547028301708403 
	0.99999999999920086 0.33696679970093785 
	0.99999999999917644 0.019230769231035345 
	0.001 
	-1 
	spline forward { ref 132 } I I I I 
	} 0 0 #
integer_attrib-name_attrib-gen-attrib $-1 -1 $-1 $3120 $3028 2 1 1 1 1 1 1 1 1 1 1 1 1 1 0 1 1 1 @3 pid 277 #
string_attrib-name_attrib-gen-attrib $-1 -1 $-1 $3122 $2939 2 1 2 1 1 1 1 1 1 1 1 1 1 1 0 1 1 1 @15 ATTRIB_XACIS_ID @5 81794 #
pcurve $-1 -1 -1 $-1 0 forward { exppc nubs 1 open 2 
	-1 1 -0 1 
	-1.25 1.0573680720562666 
	-1.3802846932940001 0 
	0.001 
	9.1816404501349723e-005 
	cone -16.550000000000001 -75.799999999999983 -2.02 1 0 0 0 -0.19999999999999998 0 1 I I 0 -1 0.19999999999999998 reversed I I I I 
	} 0 0 #
integer_attrib-name_attrib-gen-attrib $-1 -1 $-1 $3124 $3033 2 1 1 1 1 1 1 1 1 1 1 1 1 1 0 1 1 1 @3 pid 322 #
name_attrib-gen-attrib $-1 -1 $3281 $-1 $3126 2 1 1 1 1 1 1 1 1 1 1 1 1 1 0 1 1 1 @3 eif #
tvertex-vertex $3282 -1 -1 $-1 $3199 $3283 6.8837878826236331e-014 #
intcurve-curve $-1 -1 -1 $-1 forward { exactcur full nubs 3 open 6 
	0 3 0.19991462379656996 1 0.39988103010817816 1 0.59985214713741553 1 0.79990747420669017 1 
	1 3 
	-16.2739430613412 -75.999999999999986 -2.02 
	-16.275682404885579 -75.999967017160358 -2.0342984783262787 
	-16.279158657928818 -75.997026625906045 -2.0621817526223518 
	-16.284373672093764 -75.98374198246492 -2.102709925791558 
	-16.289563198800487 -75.962324343158741 -2.1393864803688691 
	-16.294780510121779 -75.933540912177421 -2.1708854602089862 
	-16.298259097056572 -75.910683344518731 -2.187154965443586 
	-16.300000000000001 -75.898233272552432 -2.1942131572632673 
	0 
	null_surface 
	null_surface 
	nullbs 
	nullbs 
	-1 
	-1 
	I I 
	0 
	0 
	4 0.19991462379656996 0.39988103010817816 0.59985214713741553 0.79990747420669017 
	
	-1 
	none F F 1 F 0 } I I #
string_attrib-name_attrib-gen-attrib $-1 -1 $-1 $3132 $2950 2 1 2 1 1 1 1 1 1 1 1 1 1 1 0 1 1 1 @15 ATTRIB_XACIS_ID @5 81845 #
integer_attrib-name_attrib-gen-attrib $-1 -1 $3284 $3133 $3044 2 1 1 1 1 1 1 1 1 1 1 1 1 1 0 1 1 1 @3 pid 124 #
integer_attrib-name_attrib-gen-attrib $-1 -1 $3285 $-1 $3134 2 0 0 1 1 1 1 1 1 1 1 1 1 1 0 1 1 1 @3 fif 0 #
loop $-1 -1 -1 $-1 $-1 $3227 $3134 T -16.045825756949611 -75.594959613647603 -2.0141217265506204 -15.954174243050396 -75.565415381056937 -1.9637832463443921 periphery $3214 T #
sphere-surface $-1 -1 -1 $-1 -16 -75.614655768706982 -2.005439317664 0.049999999999999996 0.39999999999758634 0.90259121462105529 -0.15915118375563267 -0.91651513899222148 0.39392310120009749 -0.069459271080013651 forward_v I I I I #
coedge $-1 -1 -1 $-1 $3286 $3287 $3138 $3216 reversed $3288 $-1 #
edge $3289 -1 -1 $-1 $3218 0 $3261 0.50111493617239999 $3215 $3290 forward @7 unknown T -16.250557468086203 -76.100000000000037 -1.8000000000000607 -15.74944253191374 -76.099999999999923 -1.799999999999939 #
name_attrib-gen-attrib $-1 -1 $3291 $-1 $3139 2 1 1 1 1 1 1 1 1 1 1 1 1 1 0 1 1 1 @3 eif #
tvertex-vertex $3292 -1 -1 $-1 $3293 $3294 6.0767040782288122e-014 #
straight-curve $-1 -1 -1 $-1 -15.749442531913829 -76.09999999999998 -1.8000000000000027 0.10570264584060013 0 -0.9943977829130034 F 4.7524068246201761e-018 F 0.22123943132247237 #
name_attrib-gen-attrib $-1 -1 $3295 $-1 $3141 2 1 1 1 1 1 1 1 1 1 1 1 1 1 0 1 1 1 @3 eif #
straight-curve $-1 -1 -1 $-1 -15.910000000000002 -76.09999999999998 -1.9543805509809999 0 0 -1 F 0 F 0.065619449019000076 #
integer_attrib-name_attrib-gen-attrib $-1 -1 $-1 $3143 $3057 2 1 1 1 1 1 1 1 1 1 1 1 1 1 0 1 1 1 @3 pid 317 #
coedge $-1 -1 -1 $-1 $3296 $3190 $3145 $3195 forward $3270 $-1 #
integer_attrib-name_attrib-gen-attrib $-1 -1 $3297 $-1 $3147 2 0 0 1 1 1 1 1 1 1 1 1 1 1 0 1 1 1 @3 fif 0 #
cone-surface $-1 -1 -1 $-1 -16.550000000000001 -75.799999999999983 -2.02 1 0 0 0 -0.19999999999999998 0 1 I I -0 1 0.19999999999999998 reversed I I I I #
integer_attrib-name_attrib-gen-attrib $-1 -1 $-1 $3149 $3069 2 1 1 1 1 1 1 1 1 1 1 1 1 1 0 1 1 1 @3 pid 309 #
coedge $-1 -1 -1 $-1 $3228 $3151 $3164 $3243 reversed $3213 $-1 #
coedge $-1 -1 -1 $-1 $3151 $3227 $3153 $3231 reversed $3213 $-1 #
name_attrib-gen-attrib $-1 -1 $3298 $-1 $3152 2 1 1 1 1 1 1 1 1 1 1 1 1 1 0 1 1 1 @3 eif #
ellipse-curve $-1 -1 -1 $-1 -16 -75.594959706371071 -2.0089128070790752 1.0233366472909365e-015 -0.98480775301221302 0.17364817766690221 0.045825756949599894 9.2723470013211808e-008 5.2586092946782514e-007 1 F 0 F 3.1415693490894694 #
edge $3299 -1 -1 $-1 $3156 0 $3300 1.1592794807297242 $3153 $3301 forward @7 unknown T -16 -75.59495961364739 -2.0141217265506204 -15.954174243050396 -75.565415381056937 -2.0089122812187008 #
coedge $-1 -1 -1 $-1 $3169 $3158 $3154 $3162 reversed $3237 $-1 #
integer_attrib-name_attrib-gen-attrib $-1 -1 $-1 $3155 $3076 2 1 1 1 1 1 1 1 1 1 1 1 1 1 0 1 1 1 @3 pid 305 #
integer_attrib-name_attrib-gen-attrib $-1 -1 $-1 $-1 $3156 2 1 1 1 1 1 1 1 1 1 1 1 1 1 0 1 1 1 @3 pid 191 #
point $-1 -1 -1 $-1 -15.954174243050398 -75.59495961364739 -2.0089122812187008 #
coedge $-1 -1 -1 $-1 $3158 $3169 $3302 $3303 reversed $3237 $-1 #
loop $-1 -1 -1 $-1 $-1 $3169 $3304 T -16.045825756949565 -76.029999999999987 -2.2199999999999847 -15.954174243050433 -75.573494216807191 -2.02 periphery $3305 T #
name_attrib-gen-attrib $-1 -1 $3306 $-1 $3159 2 1 1 1 1 1 1 1 1 1 1 1 1 1 0 1 1 1 @3 eif #
vertex $3307 -1 -1 $-1 $3159 $3308 #
ellipse-curve $-1 -1 -1 $-1 -15.954174243050435 -75.799999999999983 -2.02 -1 0 0 0 0.19696155060242759 -0.034729635533377934 1 F 0 F 2.9670597283903883 #
name_attrib-gen-attrib $-1 -1 $3309 $-1 $3162 2 1 1 1 1 1 1 1 1 1 1 1 1 1 0 1 1 1 @3 eif #
ellipse-curve $-1 -1 -1 $-1 -16 -75.62273460445779 -2.0512566719800427 -4.5536491244391758e-016 -0.1736481776668985 -0.98480775301221368 -0.045825756949564811 0.019696155060229037 -0.0034729635533352625 1 F 3.5796289977324245e-014 F 2.3185589614554374 #
edge $3310 -1 -1 $-1 $3300 0 $3166 1.1592794807300439 $3164 $3311 forward @7 unknown T -16.045825756949611 -75.594959613646978 -2.0141217265506204 -16 -75.565415381056951 -2.0089122812176519 #
integer_attrib-name_attrib-gen-attrib $-1 -1 $-1 $3165 $3082 2 1 1 1 1 1 1 1 1 1 1 1 1 1 0 1 1 1 @3 pid 303 #
integer_attrib-name_attrib-gen-attrib $-1 -1 $-1 $-1 $3166 2 1 1 1 1 1 1 1 1 1 1 1 1 1 0 1 1 1 @3 pid 190 #
point $-1 -1 -1 $-1 -16.045825756949522 -75.594959613646964 -2.0089122812176519 #
coedge $-1 -1 -1 $-1 $3312 $3313 $3168 $3248 forward $3270 $-1 #
edge $3314 -1 -1 $-1 $3250 0 $3208 0.22811730439160005 $3247 $3315 forward @7 unknown T -16.273943061341278 -76.000000000000057 -2.0200000000001217 -16.045825756949565 -75.999999999999915 -2.019999999999984 #
name_attrib-gen-attrib $-1 -1 $3316 $-1 $3170 2 1 1 1 1 1 1 1 1 1 1 1 1 1 0 1 1 1 @3 eif #
vertex $3317 -1 -1 $-1 $3303 $3318 #
ellipse-curve $-1 -1 -1 $-1 -16.045825756949565 -75.799999999999983 -2.02 1 0 0 0 -0.19999999999998486 0 1 F 0 F 2.9670597283903883 #
string_attrib-name_attrib-gen-attrib $-1 -1 $-1 $3175 $3000 2 1 2 1 1 1 1 1 1 1 1 1 1 1 0 1 1 1 @15 ATTRIB_XACIS_ID @5 81715 #
face $3319 -1 -1 $-1 $3320 $3178 $5 $-1 $3254 forward double out T -16.090000000001034 -76.129999999999995 -1.9543805509809999 -15.90999999999897 -76.099999676815571 -1.8643801200680026 F #
sphere-surface $-1 -1 -1 $-1 -16 -75.97999999999999 -1.9543805509809999 0.14999999999999999 -0.79999999999999993 -0.59999999999999998 0 0.59999999999999998 -0.79999999999999993 0 forward_v I I I I #
integer_attrib-name_attrib-gen-attrib $-1 -1 $-1 $3179 $3096 2 1 1 1 1 1 1 1 1 1 1 1 1 1 0 1 1 1 @3 pid 312 #
integer_attrib-name_attrib-gen-attrib $-1 -1 $-1 $-1 $3180 2 1 1 1 1 1 1 1 1 1 1 1 1 1 0 1 1 1 @3 pid 196 #
point $-1 -1 -1 $-1 -15.91 -76.09999999999998 -1.9543805509809999 #
coedge $-1 -1 -1 $-1 $3280 $3182 $3321 $3322 forward $3259 $-1 #
loop $-1 -1 -1 $-1 $-1 $3182 $3323 T -16.273943061341278 -76.100000000000023 -2.0200000000001217 -16.250557468086139 -75.999999999999915 -1.799999999999941 unknown #
name_attrib-gen-attrib $-1 -1 $3324 $-1 $3183 2 1 1 1 1 1 1 1 1 1 1 1 1 1 0 1 1 1 @3 eif #
tvertex-vertex $3325 -1 -1 $-1 $3322 $3326 3.0788628373792269e-014 #
straight-curve $-1 -1 -1 $-1 -16.273943061341228 -76.09999999999998 -2.0200000000000031 0.10570264584060038 0 0.9943977829130034 F -1.0620082383428592e-017 F 0.22123943132247237 #
name_attrib-gen-attrib $-1 -1 $3327 $-1 $3184 2 1 1 1 1 1 1 1 1 1 1 1 1 1 0 1 1 1 @3 eif #
ellipse-curve $-1 -1 -1 $-1 -16 -75.97999999999999 -1.9543805509809999 0 0 -1 0 -0.15000000000000002 0 1 F -0.64350110879335065 F 0.6435011087933411 #
integer_attrib-name_attrib-gen-attrib $-1 -1 $3328 $-1 $3185 2 0 0 1 1 1 1 1 1 1 1 1 1 1 0 1 1 1 @3 fif 0 #
cone-surface $-1 -1 -1 $-1 -16 -75.97999999999999 -5.8615805509809995 0 0 1 0 -0.14999999999999999 0 1 I I -0 1 0.14999999999999999 reversed I I I I #
coedge $-1 -1 -1 $-1 $3329 $3330 $3189 $3268 reversed $3331 $3332 #
edge $3333 -1 -1 $-1 $3272 0 $3218 0.099999999999999978 $3267 $3334 forward @7 unknown T -15.749442531913873 -76.100000000000037 -1.8000000000000724 -15.749442531913727 -75.999999999999915 -1.7999999999999272 #
coedge $-1 -1 -1 $-1 $3190 $3312 $3335 $3336 forward $3270 $-1 #
loop $-1 -1 -1 $-1 $-1 $3312 $3337 T -16.273943061341278 -76.000000000000057 -2.0200000000001648 -15.726056938658679 -75.999999999999787 -1.7999999999999272 unknown #
name_attrib-gen-attrib $-1 -1 $3338 $-1 $3191 2 1 1 1 1 1 1 1 1 1 1 1 1 1 0 1 1 1 @3 eif #
tvertex-vertex $3339 -1 -1 $-1 $3191 $3340 7.2660513456792841e-014 #
straight-curve $-1 -1 -1 $-1 -15.726056938658774 -75.999999999999986 -2.0200000000000031 -0.10570264584060013 -0 0.9943977829130034 F -1.6487757942223598e-017 F 0.22123943132247237 #
integer_attrib-name_attrib-gen-attrib $-1 -1 $3341 $-1 $3192 2 0 0 1 1 1 1 1 1 1 1 1 1 1 0 1 1 1 @3 fif 0 #
plane-surface $-1 -1 -1 $-1 -15.7377497352863 -76.049999999999983 -1.9099999999999999 -0.9943977829130034 0 -0.10570264584060036 0.10570264584060036 0 -0.9943977829130034 forward_v I I I I #
name_attrib-gen-attrib $-1 -1 $3342 $-1 $3195 2 1 1 1 1 1 1 1 1 1 1 1 1 1 0 1 1 1 @3 eif #
straight-curve $-1 -1 -1 $-1 -15.7260569386588 -75.999999999999986 -2.02 -1 0 0 F 0 F 0.22811730439160016 #
name_attrib-gen-attrib $-1 -1 $3343 $-1 $3199 2 1 1 1 1 1 1 1 1 1 1 1 1 1 0 1 1 1 @3 eif #
straight-curve $-1 -1 -1 $-1 -16.273943061341228 -75.999999999999986 -2.0199999999999969 0 -1 0 F 0 F 0.099999999999999978 #
coedge $-1 -1 -1 $-1 $3201 $3258 $3312 $3344 forward $3259 $-1 #
integer_attrib-name_attrib-gen-attrib $-1 -1 $-1 $3207 $3126 2 1 1 1 1 1 1 1 1 1 1 1 1 1 0 1 1 1 @3 pid 319 #
integer_attrib-name_attrib-gen-attrib $-1 -1 $-1 $-1 $3208 2 1 1 1 1 1 1 1 1 1 1 1 1 1 0 1 1 1 @3 pid 200 #
point $-1 -1 -1 $-1 -16.27394306134121 -75.999999999999986 -2.0200000000000529 #
string_attrib-name_attrib-gen-attrib $-1 -1 $-1 $3211 $3044 2 1 2 1 1 1 1 1 1 1 1 1 1 1 0 1 1 1 @15 ATTRIB_XACIS_ID @5 81846 #
integer_attrib-name_attrib-gen-attrib $-1 -1 $3345 $3212 $3134 2 1 1 1 1 1 1 1 1 1 1 1 1 1 0 1 1 1 @3 pid 125 #
tcoedge-coedge $-1 -1 -1 $-1 $3346 $3215 $3330 $3293 reversed $3288 $3347 -1 -0 F #
tcoedge-coedge $-1 -1 -1 $-1 $3215 $3346 $3348 $3349 reversed $3288 $3350 -0.99999999999999989 -0 F #
loop $-1 -1 -1 $-1 $-1 $3287 $3320 T -16.250718899302772 -76.250161431216554 -1.8001614312165741 -15.749281100697232 -76.099838568783412 -1.6498385687834265 unknown #
name_attrib-gen-attrib $-1 -1 $3351 $-1 $3216 2 1 1 1 1 1 1 1 1 1 1 1 1 1 0 1 1 1 @3 eif #
straight-curve $-1 -1 -1 $-1 -15.7494425319138 -76.09999999999998 -1.7999999999999998 -1 0 0 F 0 F 0.50111493617239999 #
integer_attrib-name_attrib-gen-attrib $-1 -1 $-1 $3217 $3139 2 1 1 1 1 1 1 1 1 1 1 1 1 1 0 1 1 1 @3 pid 314 #
integer_attrib-name_attrib-gen-attrib $-1 -1 $-1 $-1 $3218 2 1 1 1 1 1 1 1 1 1 1 1 1 1 0 1 1 1 @3 pid 197 #
tedge-edge $3352 -1 -1 $-1 $3353 0 $3218 1 $3286 $3354 forward @7 unknown T -15.779964782496268 -76.250161431216554 -1.8001614312165686 -15.749281100697232 -76.099838568783412 -1.6498385687834312 0.00016143121656881715 #
point $-1 -1 -1 $-1 -15.7494425319138 -76.09999999999998 -1.7999999999999998 #
integer_attrib-name_attrib-gen-attrib $-1 -1 $-1 $3220 $3141 2 1 1 1 1 1 1 1 1 1 1 1 1 1 0 1 1 1 @3 pid 313 #
coedge $-1 -1 -1 $-1 $3355 $3223 $3356 $3357 forward $3270 $-1 #
integer_attrib-name_attrib-gen-attrib $-1 -1 $3358 $3224 $3147 2 1 1 1 1 1 1 1 1 1 1 1 1 1 0 1 1 1 @3 pid 126 #
integer_attrib-name_attrib-gen-attrib $-1 -1 $-1 $3229 $3152 2 1 1 1 1 1 1 1 1 1 1 1 1 1 0 1 1 1 @3 pid 304 #
name_attrib-gen-attrib $-1 -1 $3359 $-1 $3231 2 1 1 1 1 1 1 1 1 1 1 1 1 1 0 1 1 1 @3 eif #
vertex $3360 -1 -1 $-1 $3243 $3361 #
ellipse-curve $-1 -1 -1 $-1 -16 -75.614655768706982 -2.005439317664 1.388268840163412e-011 0.17364817773240404 0.98480775300066337 0.045825756949604668 0.01969615505979827 -0.00347296355525617 1 F 0 F 1.1592794807297242 #
coedge $-1 -1 -1 $-1 $3362 $3356 $3236 $3303 forward $3363 $-1 #
edge $3364 -1 -1 $-1 $3239 -6.8001160258290434e-014 $3250 2.318558961455536 $3236 $3365 forward @7 unknown T -16.045825756949565 -76.029999999999987 -2.02 -15.954174243050433 -75.999999999999972 -2.02 #
face $3366 -1 -1 $-1 $3367 $3237 $5 $-1 $3305 reversed double out T -16.045825756949565 -76.029999999999987 -2.25 -15.954174243050433 -75.573494216807191 -2.02 F #
torus-surface $-1 -1 -1 $-1 -16 -75.799999999999983 -2.02 -1 0 0 0.18000000000000002 0.049999999999999996 0 0.98480775301221302 -0.1736481776669023 forward_v I I I I #
integer_attrib-name_attrib-gen-attrib $-1 -1 $-1 $3238 $3159 2 1 1 1 1 1 1 1 1 1 1 1 1 1 0 1 1 1 @3 pid 329 #
integer_attrib-name_attrib-gen-attrib $-1 -1 $-1 $-1 $3239 2 1 1 1 1 1 1 1 1 1 1 1 1 1 0 1 1 1 @3 pid 205 #
point $-1 -1 -1 $-1 -15.954174243050435 -75.999999999999972 -2.02 #
integer_attrib-name_attrib-gen-attrib $-1 -1 $-1 $3241 $3162 2 1 1 1 1 1 1 1 1 1 1 1 1 1 0 1 1 1 @3 pid 327 #
name_attrib-gen-attrib $-1 -1 $3368 $-1 $3243 2 1 1 1 1 1 1 1 1 1 1 1 1 1 0 1 1 1 @3 eif #
ellipse-curve $-1 -1 -1 $-1 -16 -75.614655768706982 -2.005439317664 1.3886316710160254e-011 0.17364817773240834 0.98480775300066259 0 0.049240387650033135 -0.0086824088866204185 1 F 0 F 1.1592794807300439 #
coedge $-1 -1 -1 $-1 $3269 $3247 $3280 $3344 reversed $3270 $-1 #
coedge $-1 -1 -1 $-1 $3247 $3355 $3362 $3369 forward $3270 $-1 #
name_attrib-gen-attrib $-1 -1 $3370 $-1 $3248 2 1 1 1 1 1 1 1 1 1 1 1 1 1 0 1 1 1 @3 eif #
straight-curve $-1 -1 -1 $-1 -16.045825756949601 -75.999999999999986 -2.02 -1 0 0 F 0 F 0.22811730439160005 #
integer_attrib-name_attrib-gen-attrib $-1 -1 $-1 $3249 $3170 2 1 1 1 1 1 1 1 1 1 1 1 1 1 0 1 1 1 @3 pid 324 #
integer_attrib-name_attrib-gen-attrib $-1 -1 $-1 $-1 $3250 2 1 1 1 1 1 1 1 1 1 1 1 1 1 0 1 1 1 @3 pid 202 #
point $-1 -1 -1 $-1 -16.045825756949565 -75.999999999999972 -2.02 #
integer_attrib-name_attrib-gen-attrib $-1 -1 $3371 $-1 $3253 2 0 0 1 1 1 1 1 1 1 1 1 1 1 0 1 1 1 @3 fif 0 #
face $3372 -1 -1 $-1 $3323 $3288 $5 $-1 $3373 reversed double out T -16.250718899302772 -76.250161431216554 -1.8001614312165741 -15.749281100697232 -76.099838568783412 -1.6498385687834265 F #
coedge $-1 -1 -1 $-1 $3348 $3374 $3258 $3322 reversed $3375 $3376 #
edge $3377 -1 -1 $-1 $3261 9.7699626167013776e-015 $3378 0.10000000000000009 $3258 $3379 forward @7 unknown T -16.25055746808626 -76.100000000000009 -1.8000000000000587 -16.250557468086139 -75.999999999999929 -1.799999999999941 #
face $3380 -1 -1 $-1 $3337 $3259 $5 $-1 $3381 forward double out T -16.273943061341278 -76.100000000000023 -2.0200000000001217 -16.250557468086139 -75.999999999999915 -1.799999999999941 F #
integer_attrib-name_attrib-gen-attrib $-1 -1 $-1 $3260 $3183 2 1 1 1 1 1 1 1 1 1 1 1 1 1 0 1 1 1 @3 pid 316 #
integer_attrib-name_attrib-gen-attrib $-1 -1 $-1 $-1 $3261 2 1 1 1 1 1 1 1 1 1 1 1 1 1 0 1 1 1 @3 pid 198 #
point $-1 -1 -1 $-1 -16.250557468086171 -76.09999999999998 -1.8000000000000007 #
integer_attrib-name_attrib-gen-attrib $-1 -1 $-1 $3263 $3184 2 1 1 1 1 1 1 1 1 1 1 1 1 1 0 1 1 1 @3 pid 334 #
integer_attrib-name_attrib-gen-attrib $-1 -1 $3382 $3265 $3185 2 1 1 1 1 1 1 1 1 1 1 1 1 1 0 1 1 1 @3 pid 128 #
tcoedge-coedge $-1 -1 -1 $-1 $3383 $3267 $3384 $3385 forward $3331 $3386 0 1 F #
tcoedge-coedge $-1 -1 -1 $-1 $3267 $3383 $3286 $3293 forward $3331 $3387 0 1 F #
loop $-1 -1 -1 $-1 $-1 $3267 $3367 T -15.780077664859535 -76.250274313579823 -1.8002743135798349 -15.749168218333965 -75.999725686420149 -1.5497256864201647 unknown #
pcurve $-1 -1 -1 $-1 0 forward { exppc nubs 3 open 2 
	-0.10000000000000009 3 -0 3 
	3.409359522155089e-015 0.98076923076892819 
	-1.1376325586486456e-014 0.66105974907044418 
	-2.6162010695128004e-014 0.34135026737196011 
	-4.0947695803769553e-014 0.021640785673476059 
	0.001 
	-1 
	spline forward { exactsur full nubs 3 1 open open none none 3 2 
	0 3 0.5 1 0.99999999999984346 3 
	0.021640785673476059 1 0.98076923076892819 1 
	-15.749442531913857 -75.999999999999943 -1.7999999999999883 
	-15.754502668474856 -75.999999999999943 -1.7345501530501946 
	-15.764622941596802 -76.054171532881625 -1.6041715328816424 
	-15.77474321471878 -76.184550153050225 -1.5499999999999787 
	-15.779803351279766 -76.25 -1.5499999999999821 
	-15.749442531913857 -76.099999999999966 -1.8000000000000083 
	-15.754502668474856 -76.09999999999998 -1.7607300918301449 
	-15.764622941596802 -76.132502919728978 -1.6825029197289947 
	-15.77474321471878 -76.210730091830143 -1.6499999999999884 
	-15.779803351279766 -76.250000000000014 -1.6499999999999719 
	0 
	0 
	0 
	1 0.5 
	0 
	0 
	0 
	F 1 F 0 F 1 F 0 } I I I I 
	} 0 0 #
name_attrib-gen-attrib $-1 -1 $3388 $-1 $3268 2 1 1 1 1 1 1 1 1 1 1 1 1 1 0 1 1 1 @3 eif #
straight-curve $-1 -1 -1 $-1 -15.749442531913829 -75.999999999999986 -1.8000000000000029 0 -1 0 F 0 F 0.099999999999999978 #
coedge $-1 -1 -1 $-1 $3389 $3384 $3269 $3336 reversed $3390 $-1 #
edge $3391 -1 -1 $-1 $3378 0 $3272 0.50111493617239999 $3269 $3392 forward @7 unknown T -16.25055746808626 -76.000000000000057 -1.8000000000000724 -15.749442531913727 -75.999999999999915 -1.7999999999999272 #
face $3393 -1 -1 $-1 $3304 $3270 $5 $-1 $3394 reversed double out T -16.273943061341278 -76.000000000000057 -2.0200000000001648 -15.726056938658679 -75.999999999999787 -1.7999999999999272 F #
integer_attrib-name_attrib-gen-attrib $-1 -1 $-1 $3271 $3191 2 1 1 1 1 1 1 1 1 1 1 1 1 1 0 1 1 1 @3 pid 331 #
integer_attrib-name_attrib-gen-attrib $-1 -1 $-1 $-1 $3272 2 1 1 1 1 1 1 1 1 1 1 1 1 1 0 1 1 1 @3 pid 206 #
point $-1 -1 -1 $-1 -15.7494425319138 -75.999999999999986 -1.7999999999999998 #
integer_attrib-name_attrib-gen-attrib $-1 -1 $3395 $3274 $3192 2 1 1 1 1 1 1 1 1 1 1 1 1 1 0 1 1 1 @3 pid 127 #
integer_attrib-name_attrib-gen-attrib $-1 -1 $-1 $3276 $3195 2 1 1 1 1 1 1 1 1 1 1 1 1 1 0 1 1 1 @3 pid 330 #
integer_attrib-name_attrib-gen-attrib $-1 -1 $-1 $3278 $3199 2 1 1 1 1 1 1 1 1 1 1 1 1 1 0 1 1 1 @3 pid 321 #
edge $3396 -1 -1 $-1 $3378 1.0620082383428592e-017 $3208 0.2212394313224724 $3280 $3397 forward @7 unknown T -16.273943061341278 -76.000000000000057 -2.0200000000001217 -16.250557468086139 -75.999999999999915 -1.799999999999941 #
string_attrib-name_attrib-gen-attrib $-1 -1 $-1 $3285 $3134 2 1 2 1 1 1 1 1 1 1 1 1 1 1 0 1 1 1 @15 ATTRIB_XACIS_ID @5 81827 #
coedge $-1 -1 -1 $-1 $3287 $3286 $3398 $3399 reversed $3288 $-1 #
pcurve $-1 -1 -1 $-1 0 forward { exppc nubs 1 open 2 
	-1 1 -0 1 
	-5.3370497872413338 -3.1415926535897931 
	-5.1346443248020002 -1.5707963267948966 
	0.001 
	0.00017559957129234527 
	cone -16.550000000000001 -76.249999999999986 -1.7999999999999998 1 0 0 0 -0.14999999999999999 0 1 I I 0 -1 0.14999999999999999 reversed I I I I 
	} 0 0 #
tcoedge-coedge $-1 -1 -1 $-1 $3400 $3321 $3287 $3349 forward $3375 $3401 0 0.99999999999999989 F #
tedge-edge $3402 -1 -1 $-1 $3261 0 $3403 0.99999999999999989 $3287 $3404 forward @7 unknown T -16.250718899302772 -76.250161431216554 -1.8001614312165741 -16.220035217503728 -76.099838568783412 -1.6498385687834265 0.00016143121657341265 #
pcurve $-1 -1 -1 $-1 0 forward { exppc nubs 1 open 2 
	-0.99999999999999989 1 -0 1 
	-2.1986890085313333 -1.5707963267948966 
	-1.9962835460920001 -3.1415926535897931 
	0.001 
	0.00017559957128146508 
	cone -16.550000000000001 -76.249999999999986 -1.7999999999999998 1 0 0 0 -0.14999999999999999 0 1 I I 0 -1 0.14999999999999999 reversed I I I I 
	} 0 0 #
integer_attrib-name_attrib-gen-attrib $-1 -1 $-1 $3289 $3216 2 1 1 1 1 1 1 1 1 1 1 1 1 1 0 1 1 1 @3 pid 315 #
name_attrib-gen-attrib $-1 -1 $3405 $-1 $3293 2 1 1 1 1 1 1 1 1 1 1 1 1 1 0 1 1 1 @3 eif #
tvertex-vertex $3406 -1 -1 $-1 $3399 $3407 7.5601887982114417e-014 #
intcurve-curve $-1 -1 -1 $-1 forward { exactcur full nubs 3 open 8 
	0 3 0.14299872254878365 1 0.28602085725780385 1 0.42891385686101746 1 0.57151705523169305 1 
	0.71433860776654312 1 0.85721689477927387 1 1 3 
	-15.7798033512797 -76.249999999999986 -1.6499999999999999 
	-15.778355423697457 -76.238583358557705 -1.6500315052394274 
	-15.775460509681555 -76.216391602207636 -1.6525187622755706 
	-15.771129140236397 -76.184287192634415 -1.6637461796991302 
	-15.766792753410087 -76.155649043049266 -1.6817733547918923 
	-15.762440677738603 -76.131713240897525 -1.7057254213747868 
	-15.75810654315938 -76.113713129753137 -1.7343602535480216 
	-15.753779525426575 -76.102511769009183 -1.7664366650897474 
	-15.750888268052822 -76.100031323429874 -1.7886011606153311 
	-15.7494425319138 -76.09999999999998 -1.7999999999999998 
	0 
	null_surface 
	null_surface 
	nullbs 
	nullbs 
	-1 
	-1 
	I I 
	0 
	0 
	6 0.14299872254878365 0.28602085725780385 0.42891385686101746 0.57151705523169305 0.71433860776654312 0.85721689477927387 
	
	-1 
	none F F 1 F 0 } I I #
coedge $-1 -1 -1 $-1 $3313 $3296 $3408 $3409 reversed $3270 $-1 #
coedge $-1 -1 -1 $-1 $3302 $3410 $3296 $3357 reversed $3363 $-1 #
edge $3411 -1 -1 $-1 $3239 0 $3412 0.065619449019000076 $3296 $3413 forward @7 unknown T -15.954174243050437 -75.999999999999986 -2.02 -15.954174243050419 -75.999999999999972 -1.9543805509809999 #
string_attrib-name_attrib-gen-attrib $-1 -1 $-1 $3297 $3147 2 1 2 1 1 1 1 1 1 1 1 1 1 1 0 1 1 1 @15 ATTRIB_XACIS_ID @5 81746 #
integer_attrib-name_attrib-gen-attrib $-1 -1 $-1 $3299 $3231 2 1 1 1 1 1 1 1 1 1 1 1 1 1 0 1 1 1 @3 pid 325 #
integer_attrib-name_attrib-gen-attrib $-1 -1 $-1 $-1 $3300 2 1 1 1 1 1 1 1 1 1 1 1 1 1 0 1 1 1 @3 pid 203 #
point $-1 -1 -1 $-1 -16 -75.565415381056951 -2.0141217265506204 #
coedge $-1 -1 -1 $-1 $3410 $3302 $3313 $3369 reversed $3363 $-1 #
loop $-1 -1 -1 $-1 $-1 $3362 $3414 T -16.045825756949583 -76.029999999999987 -2.02 -15.954174243050419 -75.999999999999972 -1.9543805509809999 unknown #
name_attrib-gen-attrib $-1 -1 $3415 $-1 $3303 2 1 1 1 1 1 1 1 1 1 1 1 1 1 0 1 1 1 @3 eif #
ellipse-curve $-1 -1 -1 $-1 -16 -75.97999999999999 -2.02 0 0 -1 0.045825756949564922 -0.019999999999984697 0 1 F -6.8001160258290434e-014 F 2.318558961455536 #
integer_attrib-name_attrib-gen-attrib $-1 -1 $3416 $-1 $3304 2 0 0 1 1 1 1 1 1 1 1 1 1 1 0 1 1 1 @3 fif 0 #
face $3417 -1 -1 $-1 $3418 $3331 $5 $-1 $3419 forward double out T -15.780077664859535 -76.250274313579823 -1.8002743135798349 -15.749168218333965 -75.999725686420149 -1.5497256864201647 T 0 0.99999999999984346 0.021640785673476059 0.98076923076892819 #
integer_attrib-name_attrib-gen-attrib $-1 -1 $-1 $3310 $3243 2 1 1 1 1 1 1 1 1 1 1 1 1 1 0 1 1 1 @3 pid 326 #
edge $3420 -1 -1 $-1 $3421 0 $3250 0.065619449019000076 $3313 $3422 forward @7 unknown T -16.045825756949583 -75.999999999999986 -2.02 -16.045825756949565 -75.999999999999972 -1.9543805509809999 #
integer_attrib-name_attrib-gen-attrib $-1 -1 $-1 $3314 $3248 2 1 1 1 1 1 1 1 1 1 1 1 1 1 0 1 1 1 @3 pid 323 #
integer_attrib-name_attrib-gen-attrib $-1 -1 $3423 $3319 $3253 2 1 1 1 1 1 1 1 1 1 1 1 1 1 0 1 1 1 @3 pid 129 #
integer_attrib-name_attrib-gen-attrib $-1 -1 $3424 $-1 $3320 2 0 0 1 1 1 1 1 1 1 1 1 1 1 0 1 1 1 @3 fif 0 #
cone-surface $-1 -1 -1 $-1 -16.550000000000001 -76.249999999999986 -1.7999999999999998 1 0 0 0 -0.14999999999999999 0 1 I I -0 1 0.14999999999999999 reversed I I I I #
tcoedge-coedge $-1 -1 -1 $-1 $3321 $3400 $3389 $3425 forward $3375 $3426 0 1 F #
loop $-1 -1 -1 $-1 $-1 $3400 $3418 T -16.250831781666008 -76.250274313579794 -1.8002743135798092 -16.21992233514046 -75.999725686420177 -1.5497256864201816 unknown #
pcurve $-1 -1 -1 $-1 0 forward { exppc nubs 3 open 2 
	-0.10000000000000009 3 -0 3 
	3.0668997415645971e-014 0.021640785673877071 
	1.2573381155605282e-014 0.34135026737222662 
	-5.522235104435408e-015 0.66105974907057619 
	-2.3617851364476098e-014 0.98076923076892575 
	0.001 
	-1 
	spline forward { exactsur full nubs 3 1 open open none none 3 2 
	0 3 0.5 1 0.99999999999997014 3 
	0.021640785673459527 1 0.98076923076892841 1 
	-16.250557468086143 -75.999999999999943 -1.8000000000000131 
	-16.245497331525144 -75.999999999999943 -1.7345501530501886 
	-16.235377058403202 -76.054171532881625 -1.6041715328816424 
	-16.225256785281221 -76.184550153050225 -1.5499999999999794 
	-16.220196648720236 -76.249999999999986 -1.5499999999999821 
	-16.250557468086143 -76.099999999999966 -1.8000000000000018 
	-16.245497331525144 -76.09999999999998 -1.7607300918301414 
	-16.235377058403202 -76.132502919728978 -1.6825029197289945 
	-16.225256785281221 -76.210730091830143 -1.6499999999999886 
	-16.220196648720236 -76.250000000000014 -1.6499999999999719 
	0 
	0 
	0 
	1 0.5 
	0 
	0 
	0 
	F 1 F 0 F 1 F 0 } I I I I 
	} 0 0 #
name_attrib-gen-attrib $-1 -1 $3427 $-1 $3322 2 1 1 1 1 1 1 1 1 1 1 1 1 1 0 1 1 1 @3 eif #
tvertex-vertex $3428 -1 -1 $-1 $3344 $3429 5.8852109916048282e-014 #
straight-curve $-1 -1 -1 $-1 -16.250557468086175 -76.09999999999998 -1.8000000000000029 0 1 0 F 9.7699626167013776e-015 F 0.10000000000000009 #
integer_attrib-name_attrib-gen-attrib $-1 -1 $3430 $-1 $3323 2 0 0 1 1 1 1 1 1 1 1 1 1 1 0 1 1 1 @3 fif 0 #
plane-surface $-1 -1 -1 $-1 -16.2622502647137 -76.049999999999983 -1.9099999999999999 -0.9943977829130034 -0 0.10570264584060036 -0.10570264584060036 0 -0.9943977829130034 forward_v I I I I #
string_attrib-name_attrib-gen-attrib $-1 -1 $-1 $3328 $3185 2 1 2 1 1 1 1 1 1 1 1 1 1 1 0 1 1 1 @15 ATTRIB_XACIS_ID @5 81717 #
coedge $-1 -1 -1 $-1 $3330 $3329 $3431 $3432 reversed $3331 $3433 #
tcoedge-coedge $-1 -1 -1 $-1 $3335 $3434 $3329 $3385 reversed $3390 $3435 -1 -0 F #
tedge-edge $3436 -1 -1 $-1 $3272 0 $3437 1 $3329 $3438 forward @7 unknown T -15.780077664859535 -76.250274313579823 -1.8002743135798349 -15.749168218333965 -75.999725686420149 -1.5497256864201647 0.0002743135798350362 #
pcurve $-1 -1 -1 $-1 0 forward { exppc nubs 3 open 9 
	0 3 0.12512726797520704 1 0.25028617104317619 1 0.37536339066328822 1 0.50022204658475877 1 
	0.62505399001985928 1 0.75004769964383033 1 0.87506731893657175 1 1 3 
	-4.0947695803769553e-014 0.021640785673476059 
	0.041734177856723981 0.021640785673467829 
	0.12516888540055193 0.02164078567345384 
	0.25007416545218231 0.021640785673435851 
	0.37494186423769521 0.021640785673434252 
	0.50021481799629042 0.021640785673443543 
	0.62545803164521441 0.021640785673455041 
	0.75024146983027884 0.021640785673479358 
	0.87500792681574946 0.021640785673447942 
	0.95833093410197645 0.021640785673544112 
	0.99999999999989464 0.021640785673608585 
	0.001 
	-1 
	spline forward { ref 147 } I I I I 
	} 0 0 #
pcurve $-1 -1 -1 $-1 0 forward { exppc nubs 3 open 8 
	0 3 0.14299872254878365 1 0.28602085725780385 1 0.42891385686101746 1 0.57151705523169305 1 
	0.71433860776654312 1 0.85721689477927387 1 1 3 
	0.99999999999984346 0.98076923076892963 
	0.95231050202870959 0.98076923076893374 
	0.85696188006122254 0.98076923076893663 
	0.71429488099502569 0.98076923076892686 
	0.57146984599706907 0.98076923076890965 
	0.4281200814780462 0.98076923076888844 
	0.28536912757290395 0.980769230768889 
	0.14284550603550866 0.98076923076889932 
	0.047617318443593702 0.98076923076891687 
	3.409359522155089e-015 0.98076923076892819 
	0.001 
	-1 
	spline forward { ref 147 } I I I I 
	} 0 0 #
integer_attrib-name_attrib-gen-attrib $-1 -1 $-1 $3333 $3268 2 1 1 1 1 1 1 1 1 1 1 1 1 1 0 1 1 1 @3 pid 332 #
tcoedge-coedge $-1 -1 -1 $-1 $3434 $3335 $3374 $3425 reversed $3390 $3439 -1 -0 F #
loop $-1 -1 -1 $-1 $-1 $3384 $3440 T -16.250831781666008 -76.250274313579823 -1.8002743135798349 -15.749168218333965 -75.999725686420149 -1.5497256864201647 unknown #
name_attrib-gen-attrib $-1 -1 $3441 $-1 $3336 2 1 1 1 1 1 1 1 1 1 1 1 1 1 0 1 1 1 @3 eif #
straight-curve $-1 -1 -1 $-1 -16.2505574680862 -75.999999999999986 -1.7999999999999998 1 0 0 F 0 F 0.50111493617239999 #
integer_attrib-name_attrib-gen-attrib $-1 -1 $3442 $-1 $3337 2 0 0 1 1 1 1 1 1 1 1 1 1 1 0 1 1 1 @3 fif 0 #
plane-surface $-1 -1 -1 $-1 -16.550000000000001 -75.999999999999986 -1.7999999999999998 0 -1 0 0 0 -1 forward_v I I I I #
string_attrib-name_attrib-gen-attrib $-1 -1 $-1 $3341 $3192 2 1 2 1 1 1 1 1 1 1 1 1 1 1 0 1 1 1 @15 ATTRIB_XACIS_ID @5 81737 #
name_attrib-gen-attrib $-1 -1 $3443 $-1 $3344 2 1 1 1 1 1 1 1 1 1 1 1 1 1 0 1 1 1 @3 eif #
straight-curve $-1 -1 -1 $-1 -16.250557468086175 -75.999999999999986 -1.8000000000000027 -0.10570264584060038 0 -0.9943977829130034 F 1.0620082383428592e-017 F 0.2212394313224724 #
coedge $-1 -1 -1 $-1 $3444 $3445 $3346 $3399 forward $3446 $-1 #
edge $3447 -1 -1 $-1 $3403 0 $3353 0.44039329744060002 $3346 $3448 forward @7 unknown T -16.220196648720368 -76.250000000000057 -1.6500000000000754 -15.779803351279623 -76.249999999999915 -1.6499999999999244 #
coedge $-1 -1 -1 $-1 $3374 $3348 $3449 $3450 reversed $3375 $3451 #
pcurve $-1 -1 -1 $-1 0 forward { exppc nubs 3 open 8 
	0 3 0.14299872254879098 1 0.28602085725782223 1 0.42891385686104633 1 0.57151705523172325 1 
	0.71433860776656477 1 0.85721689477928553 1 0.99999999999999989 3 
	-2.3617851364476098e-014 0.98076923076892575 
	0.04768949797113417 0.98076923076891753 
	0.14303811993866578 0.98076923076890477 
	0.28570511900492246 0.98076923076889289 
	0.42853015400291511 0.9807692307688971 
	0.57187991852194664 0.98076923076890965 
	0.71463087242705858 0.98076923076892619 
	0.85715449396440502 0.9807692307689343 
	0.95238268155627781 0.98076923076893174 
	0.99999999999984446 0.98076923076892841 
	0.001 
	-1 
	spline forward { ref 152 } I I I I 
	} 0 0 #
name_attrib-gen-attrib $-1 -1 $3452 $-1 $3349 2 1 1 1 1 1 1 1 1 1 1 1 1 1 0 1 1 1 @3 eif #
tvertex-vertex $3453 -1 -1 $-1 $3454 $3455 6.6413820651388196e-014 #
intcurve-curve $-1 -1 -1 $-1 forward { exactcur full nubs 3 open 8 
	0 3 0.14299872254879098 1 0.28602085725782223 1 0.42891385686104633 1 0.57151705523172325 1 
	0.71433860776656477 1 0.85721689477928553 1 0.99999999999999989 3 
	-16.2505574680862 -76.09999999999998 -1.7999999999999998 
	-16.249109540503955 -76.100031505239414 -1.7885833585577162 
	-16.246214626488047 -76.102518762275551 -1.7663916022076478 
	-16.241883257042865 -76.11374617969912 -1.734287192634429 
	-16.237546870216537 -76.131773354791875 -1.7056490430492746 
	-16.233194794545053 -76.155725421374768 -1.6817132408975364 
	-16.228860659965846 -76.184360253548007 -1.6637131297531513 
	-16.224533642233066 -76.216436665089731 -1.6525117690091999 
	-16.221642384859322 -76.238601160615318 -1.6500313234298849 
	-16.2201966487203 -76.249999999999986 -1.6499999999999999 
	0 
	null_surface 
	null_surface 
	nullbs 
	nullbs 
	-1 
	-1 
	I I 
	0 
	0 
	6 0.14299872254879098 0.28602085725782223 0.42891385686104633 0.57151705523172325 0.71433860776656477 0.85721689477928553 
	
	-1 
	none F F 1 F 0 } I I #
integer_attrib-name_attrib-gen-attrib $-1 -1 $-1 $3352 $3293 2 1 1 1 1 1 1 1 1 1 1 1 1 1 0 1 1 1 @3 pid 336 #
integer_attrib-name_attrib-gen-attrib $-1 -1 $-1 $-1 $3353 2 1 1 1 1 1 1 1 1 1 1 1 1 1 0 1 1 1 @3 pid 209 #
point $-1 -1 -1 $-1 -15.7798033512797 -76.249999999999986 -1.6499999999999999 #
coedge $-1 -1 -1 $-1 $3456 $3456 $3355 $3409 forward $3457 $-1 #
edge $3458 -1 -1 $-1 $3421 0 $3412 3.1415693490894729 $3408 $3459 forward @7 unknown T -16.045825756949601 -75.999999999999986 -1.95438055098125 -15.954174243050401 -75.999999999999986 -1.9085553280017209 #
coedge $-1 -1 -1 $-1 $3356 $3362 $3456 $3460 forward $3363 $-1 #
name_attrib-gen-attrib $-1 -1 $3461 $-1 $3357 2 1 1 1 1 1 1 1 1 1 1 1 1 1 0 1 1 1 @3 eif #
vertex $3462 -1 -1 $-1 $3409 $3463 #
straight-curve $-1 -1 -1 $-1 -15.954174243050437 -75.999999999999986 -2.02 0 0 1 F 0 F 0.065619449019000076 #
face $3464 -1 -1 $-1 $3465 $3363 $5 $-1 $3466 reversed double out T -16.045825756949583 -76.029999999999987 -2.02 -15.954174243050419 -75.999999999999972 -1.9543805509809999 F #
integer_attrib-name_attrib-gen-attrib $-1 -1 $-1 $3364 $3303 2 1 1 1 1 1 1 1 1 1 1 1 1 1 0 1 1 1 @3 pid 345 #
integer_attrib-name_attrib-gen-attrib $-1 -1 $3467 $3366 $3304 2 1 1 1 1 1 1 1 1 1 1 1 1 1 0 1 1 1 @3 pid 133 #
integer_attrib-name_attrib-gen-attrib $-1 -1 $3468 $-1 $3367 2 0 0 1 1 1 1 1 1 1 1 1 1 1 0 1 1 1 @3 fif 0 #
face $3469 -1 -1 $-1 $3470 $3375 $5 $-1 $3471 reversed double out T -16.250831781666008 -76.250274313579794 -1.8002743135798092 -16.21992233514046 -75.999725686420177 -1.5497256864201816 T 0 0.99999999999997014 0.021640785673459527 0.98076923076892841 #
spline-surface $-1 -1 -1 $-1 forward { ref 147 } I I I I #
name_attrib-gen-attrib $-1 -1 $3472 $-1 $3369 2 1 1 1 1 1 1 1 1 1 1 1 1 1 0 1 1 1 @3 eif #
vertex $3473 -1 -1 $-1 $3409 $3474 #
straight-curve $-1 -1 -1 $-1 -16.045825756949565 -75.999999999999986 -1.9543805509809999 0 0 -1 F 0 F 0.065619449019000076 #
string_attrib-name_attrib-gen-attrib $-1 -1 $-1 $3371 $3253 2 1 2 1 1 1 1 1 1 1 1 1 1 1 0 1 1 1 @15 ATTRIB_XACIS_ID @5 81725 #
integer_attrib-name_attrib-gen-attrib $-1 -1 $3475 $3372 $3320 2 1 1 1 1 1 1 1 1 1 1 1 1 1 0 1 1 1 @3 pid 130 #
tedge-edge $3476 -1 -1 $-1 $3477 0 $3378 1 $3374 $3478 forward @7 unknown T -16.250831781666008 -76.250274313579794 -1.8002743135798092 -16.21992233514046 -75.999725686420177 -1.5497256864201816 0.00027431357980938864 #
pcurve $-1 -1 -1 $-1 0 forward { exppc nubs 3 open 9 
	0 3 0.12512726797520443 1 0.2502861710431698 1 0.37536339066327729 1 0.50022204658474467 1 
	0.62505399001984752 1 0.75004769964382112 1 0.87506731893656675 1 1 3 
	0.99999999999997014 0.021640785673459527 
	0.95826582214320788 0.02164078567346327 
	0.87483111459939034 0.021640785673467611 
	0.74992583454779882 0.021640785673462868 
	0.62505813576231872 0.021640785673452328 
	0.49978518200373684 0.021640785673443769 
	0.37454196835479453 0.021640785673427511 
	0.24975853016968966 0.021640785673465092 
	0.12499207318422267 0.021640785673355648 
	0.041669065897966477 0.021640785673666171 
	3.0668997415645971e-014 0.021640785673877071 
	0.001 
	-1 
	spline forward { ref 152 } I I I I 
	} 0 0 #
integer_attrib-name_attrib-gen-attrib $-1 -1 $-1 $3377 $3322 2 1 1 1 1 1 1 1 1 1 1 1 1 1 0 1 1 1 @3 pid 338 #
integer_attrib-name_attrib-gen-attrib $-1 -1 $-1 $-1 $3378 2 1 1 1 1 1 1 1 1 1 1 1 1 1 0 1 1 1 @3 pid 210 #
point $-1 -1 -1 $-1 -16.2505574680862 -75.999999999999986 -1.7999999999999998 #
integer_attrib-name_attrib-gen-attrib $-1 -1 $3479 $3380 $3323 2 1 1 1 1 1 1 1 1 1 1 1 1 1 0 1 1 1 @3 pid 131 #
coedge $-1 -1 -1 $-1 $3480 $3481 $3383 $3432 forward $3482 $-1 #
edge $3483 -1 -1 $-1 $3353 7.7715611723760958e-016 $3437 0.10000000000000075 $3431 $3484 forward @7 unknown T -15.779803351279776 -76.250000000000057 -1.6500000000000754 -15.779803351279623 -76.249999999999915 -1.5499999999999283 #
pcurve $-1 -1 -1 $-1 0 forward { exppc nubs 3 open 2 
	-0.10000000000000075 3 -0 3 
	0.99999999999989464 0.021640785673608585 
	0.99999999999987743 0.34135026737204888 
	0.99999999999986044 0.66105974907048926 
	0.99999999999984346 0.98076923076892963 
	0.001 
	-1 
	spline forward { ref 147 } I I I I 
	} 0 0 #
coedge $-1 -1 -1 $-1 $3384 $3389 $3485 $3486 reversed $3390 $-1 #
pcurve $-1 -1 -1 $-1 0 forward { exppc nubs 1 open 2 
	-1 1 -0 1 
	-3.0807865948812001 -1.5707963267948966 
	-3.2022298723447999 -3.1415926535897931 
	0.001 
	3.5454095133308217e-005 
	cone -16.550000000000001 -76.249999999999986 -1.7999999999999998 1 0 0 0 -0.25 0 1 I I -0 1 0.25 reversed I I I I 
	} 0 0 #
name_attrib-gen-attrib $-1 -1 $3487 $-1 $3385 2 1 1 1 1 1 1 1 1 1 1 1 1 1 0 1 1 1 @3 eif #
tvertex-vertex $3488 -1 -1 $-1 $3486 $3489 7.1399102180657971e-014 #
intcurve-curve $-1 -1 -1 $-1 forward { exactcur full nubs 3 open 9 
	0 3 0.12512726797520704 1 0.25028617104317619 1 0.37536339066328822 1 0.50022204658475877 1 
	0.62505399001985928 1 0.75004769964383033 1 0.87506731893657175 1 1 3 
	-15.7494425319138 -75.999999999999986 -1.7999999999999998 
	-15.750709642175869 -76.000030871592571 -1.7834127821629322 
	-15.753242819551758 -76.003215781988871 -1.7509555001535584 
	-15.757035019241693 -76.017581587511913 -1.7035900026171227 
	-15.760826031650756 -76.040857494744188 -1.6601226833774394 
	-15.76462946459621 -76.072144885849752 -1.6220253147245698 
	-15.768431993009775 -76.110254874702562 -1.5907708506437443 
	-15.772220446147694 -76.15370675915986 -1.5675363509054487 
	-15.776008431889602 -76.201024543810746 -1.5532064654221975 
	-15.778538217904062 -76.233439264635706 -1.5500306867678 
	-15.7798033512797 -76.249999999999986 -1.5499999999999998 
	0 
	null_surface 
	null_surface 
	nullbs 
	nullbs 
	-1 
	-1 
	I I 
	0 
	0 
	7 0.12512726797520704 0.25028617104317619 0.37536339066328822 0.50022204658475877 0.62505399001985928 0.75004769964383033 0.87506731893657175 
	
	-1 
	none F F 1 F 0 } I I #
pcurve $-1 -1 -1 $-1 0 forward { exppc nubs 1 open 2 
	-1 1 -0 1 
	-1.1977701276552 -3.1415926535897931 
	-1.3192134051188 -1.5707963267948966 
	0.001 
	3.5454095310624711e-005 
	cone -16.550000000000001 -76.249999999999986 -1.7999999999999998 1 0 0 0 -0.25 0 1 I I -0 1 0.25 reversed I I I I 
	} 0 0 #
face $3490 -1 -1 $-1 $3414 $3390 $5 $-1 $3491 forward double out T -16.250831781666008 -76.250274313579823 -1.8002743135798349 -15.749168218333965 -75.999725686420149 -1.5497256864201647 F #
integer_attrib-name_attrib-gen-attrib $-1 -1 $-1 $3391 $3336 2 1 1 1 1 1 1 1 1 1 1 1 1 1 0 1 1 1 @3 pid 340 #
integer_attrib-name_attrib-gen-attrib $-1 -1 $3492 $3393 $3337 2 1 1 1 1 1 1 1 1 1 1 1 1 1 0 1 1 1 @3 pid 132 #
integer_attrib-name_attrib-gen-attrib $-1 -1 $-1 $3396 $3344 2 1 1 1 1 1 1 1 1 1 1 1 1 1 0 1 1 1 @3 pid 339 #
coedge $-1 -1 -1 $-1 $3493 $3398 $3481 $3494 reversed $3446 $-1 #
coedge $-1 -1 -1 $-1 $3398 $3495 $3496 $3454 reversed $3446 $-1 #
loop $-1 -1 -1 $-1 $-1 $3497 $3470 T -16.220196648720368 -76.439999999999998 -1.6500000000000916 -15.779803351279623 -76.249999999999915 -1.6499999999999082 unknown #
name_attrib-gen-attrib $-1 -1 $3498 $-1 $3399 2 1 1 1 1 1 1 1 1 1 1 1 1 1 0 1 1 1 @3 eif #
straight-curve $-1 -1 -1 $-1 -16.2201966487203 -76.249999999999986 -1.6499999999999999 1 0 0 F 0 F 0.44039329744060002 #
coedge $-1 -1 -1 $-1 $3496 $3499 $3400 $3450 forward $3500 $-1 #
edge $3501 -1 -1 $-1 $3477 -8.8817841970012523e-015 $3403 0.10000000000000009 $3449 $3502 forward @7 unknown T -16.220196648720368 -76.250000000000057 -1.6500000000000663 -16.220196648720233 -76.249999999999915 -1.5499999999999576 #
pcurve $-1 -1 -1 $-1 0 forward { exppc nubs 3 open 2 
	-0.10000000000000075 3 -0 3 
	0.99999999999984446 0.98076923076892841 
	0.99999999999988631 0.66105974907043885 
	0.99999999999992828 0.34135026737194912 
	0.99999999999997014 0.021640785673459527 
	0.001 
	-1 
	spline forward { ref 152 } I I I I 
	} 0 0 #
integer_attrib-name_attrib-gen-attrib $-1 -1 $-1 $3402 $3349 2 1 1 1 1 1 1 1 1 1 1 1 1 1 0 1 1 1 @3 pid 335 #
integer_attrib-name_attrib-gen-attrib $-1 -1 $-1 $-1 $3403 2 1 1 1 1 1 1 1 1 1 1 1 1 1 0 1 1 1 @3 pid 208 #
edge $3503 -1 -1 $-1 $3403 -2.2971018570304261e-017 $3504 0.1011368552023736 $3496 $3505 forward @7 unknown T -16.220196648720368 -76.350570264584078 -1.6500000000000663 -16.209506215533352 -76.249999999999915 -1.6499999999999335 #
point $-1 -1 -1 $-1 -16.2201966487203 -76.249999999999986 -1.6499999999999999 #
coedge $-1 -1 -1 $-1 $3408 $3408 $3410 $3460 reversed $3457 $-1 #
loop $-1 -1 -1 $-1 $-1 $3456 $3465 T -16.045825756949601 -76.029999999999987 -1.95438055098125 -15.954174243050401 -75.999999999999972 -1.9085553280017209 periphery $3506 T #
name_attrib-gen-attrib $-1 -1 $3507 $-1 $3409 2 1 1 1 1 1 1 1 1 1 1 1 1 1 0 1 1 1 @3 eif #
ellipse-curve $-1 -1 -1 $-1 -16 -75.999999999999986 -1.9543810849544314 0 1 0 -0.045825756949599672 -0 5.3397318144909889e-007 1 F 0 F 3.1415693490894729 #
edge $3508 -1 -1 $-1 $3421 -3.7218492177083275e-013 $3412 2.3185589614552038 $3456 $3509 forward @7 unknown T -16.045825756949583 -76.029999999999987 -1.954380550981125 -15.954174243050419 -75.999999999999972 -1.9543805509809999 #
integer_attrib-name_attrib-gen-attrib $-1 -1 $-1 $3411 $3357 2 1 1 1 1 1 1 1 1 1 1 1 1 1 0 1 1 1 @3 pid 341 #
integer_attrib-name_attrib-gen-attrib $-1 -1 $-1 $-1 $3412 2 1 1 1 1 1 1 1 1 1 1 1 1 1 0 1 1 1 @3 pid 211 #
point $-1 -1 -1 $-1 -15.954174243050419 -75.999999999999986 -1.9543805509811225 #
integer_attrib-name_attrib-gen-attrib $-1 -1 $3510 $-1 $3414 2 0 0 1 1 1 1 1 1 1 1 1 1 1 0 1 1 1 @3 fif 0 #
face $3511 -1 -1 $-1 $3512 $3457 $5 $-1 $3506 reversed double out T -16.045825756949601 -76.029999999999987 -1.95438055098125 -15.954174243050401 -75.999999999999972 -1.9085553280017209 F #
cone-surface $-1 -1 -1 $-1 -16 -75.97999999999999 -5.8615805509809995 0 0 1 0 -0.049999999999999996 0 1 I I -0 1 0.049999999999999996 reversed I I I I #
string_attrib-name_attrib-gen-attrib $-1 -1 $-1 $3416 $3304 2 1 2 1 1 1 1 1 1 1 1 1 1 1 0 1 1 1 @15 ATTRIB_XACIS_ID @5 81710 #
integer_attrib-name_attrib-gen-attrib $-1 -1 $3513 $3417 $3367 2 1 1 1 1 1 1 1 1 1 1 1 1 1 0 1 1 1 @3 pid 134 #
integer_attrib-name_attrib-gen-attrib $-1 -1 $3514 $-1 $3418 2 0 0 1 1 1 1 1 1 1 1 1 1 1 0 1 1 1 @3 fif 0 #
face $3515 -1 -1 $-1 $3440 $3446 $5 $-1 $3516 forward double out T -16.220196648720368 -76.439999999999998 -1.6500000000000916 -15.779803351279623 -76.249999999999915 -1.6499999999999082 F #
spline-surface $-1 -1 -1 $-1 forward { ref 152 } I I I I #
integer_attrib-name_attrib-gen-attrib $-1 -1 $-1 $3420 $3369 2 1 1 1 1 1 1 1 1 1 1 1 1 1 0 1 1 1 @3 pid 343 #
integer_attrib-name_attrib-gen-attrib $-1 -1 $-1 $-1 $3421 2 1 1 1 1 1 1 1 1 1 1 1 1 1 0 1 1 1 @3 pid 212 #
point $-1 -1 -1 $-1 -16.045825756949583 -75.999999999999986 -1.954380550981125 #
string_attrib-name_attrib-gen-attrib $-1 -1 $-1 $3424 $3320 2 1 2 1 1 1 1 1 1 1 1 1 1 1 0 1 1 1 @15 ATTRIB_XACIS_ID @5 81764 #
name_attrib-gen-attrib $-1 -1 $3517 $-1 $3425 2 1 1 1 1 1 1 1 1 1 1 1 1 1 0 1 1 1 @3 eif #
tvertex-vertex $3518 -1 -1 $-1 $3450 $3519 3.3416283736823536e-014 #
intcurve-curve $-1 -1 -1 $-1 forward { exactcur full nubs 3 open 9 
	0 3 0.12512726797520443 1 0.2502861710431698 1 0.37536339066327729 1 0.50022204658474467 1 
	0.62505399001984752 1 0.75004769964382112 1 0.87506731893656675 1 1 3 
	-16.2201966487203 -76.249999999999986 -1.5499999999999998 
	-16.221463758982367 -76.233412782162915 -1.5500308715925843 
	-16.223996936358251 -76.20095550015354 -1.5532157819888783 
	-16.227789136048166 -76.153590002617108 -1.5675815875119254 
	-16.231580148457212 -76.110122683377426 -1.5908574947442071 
	-16.235383581402655 -76.072025314724556 -1.6221448858497629 
	-16.239186109816231 -76.040770850643725 -1.6602548747025772 
	-16.242974562954167 -76.017536350905431 -1.7037067591598658 
	-16.246762548696097 -76.003206465422181 -1.7510245438107535 
	-16.24929233471056 -76.000030686767786 -1.7834392646357151 
	-16.2505574680862 -75.999999999999986 -1.7999999999999998 
	0 
	null_surface 
	null_surface 
	nullbs 
	nullbs 
	-1 
	-1 
	I I 
	0 
	0 
	7 0.12512726797520443 0.2502861710431698 0.37536339066327729 0.50022204658474467 0.62505399001984752 0.75004769964382112 0.87506731893656675 
	
	-1 
	none F F 1 F 0 } I I #
string_attrib-name_attrib-gen-attrib $-1 -1 $-1 $3430 $3323 2 1 2 1 1 1 1 1 1 1 1 1 1 1 0 1 1 1 @15 ATTRIB_XACIS_ID @5 81720 #
coedge $-1 -1 -1 $-1 $3520 $3431 $3521 $3522 forward $3482 $-1 #
coedge $-1 -1 -1 $-1 $3431 $3520 $3444 $3494 forward $3482 $-1 #
loop $-1 -1 -1 $-1 $-1 $3481 $3512 T -15.79255613190845 -76.350710994291973 -1.6501407297079282 -15.779803351279623 -76.249999999999915 -1.5473758527669268 unknown #
name_attrib-gen-attrib $-1 -1 $3523 $-1 $3432 2 1 1 1 1 1 1 1 1 1 1 1 1 1 0 1 1 1 @3 eif #
straight-curve $-1 -1 -1 $-1 -15.779803351279762 -76.249999999999986 -1.6500000000000006 0 0 1 F 7.7715611723760958e-016 F 0.10000000000000075 #
coedge $-1 -1 -1 $-1 $3524 $3521 $3434 $3486 forward $3525 $-1 #
edge $3526 -1 -1 $-1 $3437 0 $3477 0.44039329744060002 $3485 $3527 forward @7 unknown T -16.2201966487203 -76.250000000000057 -1.5500000000000713 -15.779803351279629 -76.249999999999915 -1.5499999999999283 #
integer_attrib-name_attrib-gen-attrib $-1 -1 $-1 $3436 $3385 2 1 1 1 1 1 1 1 1 1 1 1 1 1 0 1 1 1 @3 pid 346 #
integer_attrib-name_attrib-gen-attrib $-1 -1 $-1 $-1 $3437 2 1 1 1 1 1 1 1 1 1 1 1 1 1 0 1 1 1 @3 pid 214 #
point $-1 -1 -1 $-1 -15.7798033512797 -76.249999999999986 -1.5499999999999998 #
integer_attrib-name_attrib-gen-attrib $-1 -1 $3528 $-1 $3440 2 0 0 1 1 1 1 1 1 1 1 1 1 1 0 1 1 1 @3 fif 0 #
cone-surface $-1 -1 -1 $-1 -16.550000000000001 -76.249999999999986 -1.7999999999999998 1 0 0 0 -0.25 0 1 I I -0 1 0.25 reversed I I I I #
string_attrib-name_attrib-gen-attrib $-1 -1 $-1 $3442 $3337 2 1 2 1 1 1 1 1 1 1 1 1 1 1 0 1 1 1 @15 ATTRIB_XACIS_ID @5 81751 #
coedge $-1 -1 -1 $-1 $3497 $3444 $3529 $3530 reversed $3446 $-1 #
edge $3531 -1 -1 $-1 $3532 2.2971018570312149e-017 $3353 0.10113685520233362 $3481 $3533 forward @7 unknown T -15.790493784466678 -76.350570264584064 -1.6500000000000916 -15.779803351279623 -76.249999999999915 -1.6499999999999082 #
coedge $-1 -1 -1 $-1 $3445 $3497 $3534 $3535 reversed $3446 $-1 #
coedge $-1 -1 -1 $-1 $3536 $3449 $3445 $3454 forward $3500 $-1 #
coedge $-1 -1 -1 $-1 $3495 $3493 $3537 $3538 forward $3446 $-1 #
integer_attrib-name_attrib-gen-attrib $-1 -1 $-1 $3447 $3399 2 1 1 1 1 1 1 1 1 1 1 1 1 1 0 1 1 1 @3 pid 337 #
coedge $-1 -1 -1 $-1 $3449 $3536 $3524 $3539 forward $3500 $-1 #
loop $-1 -1 -1 $-1 $-1 $3499 $3540 T -16.220196648720368 -76.350710994242888 -1.6501407296588668 -16.207410814775876 -76.249999999999915 -1.5499858877524222 unknown #
name_attrib-gen-attrib $-1 -1 $3541 $-1 $3450 2 1 1 1 1 1 1 1 1 1 1 1 1 1 0 1 1 1 @3 eif #
straight-curve $-1 -1 -1 $-1 -16.22019664872024 -76.249999999999986 -1.5499999999999998 0 0 -1 F -8.8817841970012523e-015 F 0.10000000000000009 #
name_attrib-gen-attrib $-1 -1 $3542 $-1 $3454 2 1 1 1 1 1 1 1 1 1 1 1 1 1 0 1 1 1 @3 eif #
tvertex-vertex $3543 -1 -1 $-1 $3544 $3545 5.8047626239272015e-014 #
straight-curve $-1 -1 -1 $-1 -16.22019664872024 -76.249999999999986 -1.6499999999999999 0.10570264584060016 -0.9943977829130034 0 F -2.2971018570304261e-017 F 0.1011368552023736 #
sphere-surface $-1 -1 -1 $-1 -16 -75.97999999999999 -1.9543805509809999 0.049999999999999996 -0.3999999999996951 -0.9165151389913011 0 0.9165151389913011 -0.3999999999996951 0 forward_v I I I I #
integer_attrib-name_attrib-gen-attrib $-1 -1 $-1 $3458 $3409 2 1 1 1 1 1 1 1 1 1 1 1 1 1 0 1 1 1 @3 pid 342 #
name_attrib-gen-attrib $-1 -1 $3546 $-1 $3460 2 1 1 1 1 1 1 1 1 1 1 1 1 1 0 1 1 1 @3 eif #
ellipse-curve $-1 -1 -1 $-1 -16 -75.97999999999999 -1.9543805509809999 0 0 1 -0.045825756949558705 -0.019999999999999352 0 1 F -3.7218492177083275e-013 F 2.3185589614552038 #
integer_attrib-name_attrib-gen-attrib $-1 -1 $3547 $3464 $3414 2 1 1 1 1 1 1 1 1 1 1 1 1 1 0 1 1 1 @3 pid 138 #
integer_attrib-name_attrib-gen-attrib $-1 -1 $3548 $-1 $3465 2 0 0 1 1 1 1 1 1 1 1 1 1 1 0 1 1 1 @3 fif 0 #
face $3549 -1 -1 $-1 $3540 $3482 $5 $-1 $3550 forward double out T -15.79255613190845 -76.350710994291973 -1.6501407297079282 -15.779803351279623 -76.249999999999915 -1.5473758527669268 F #
string_attrib-name_attrib-gen-attrib $-1 -1 $-1 $3468 $3367 2 1 2 1 1 1 1 1 1 1 1 1 1 1 0 1 1 1 @15 ATTRIB_XACIS_ID @5 81726 #
integer_attrib-name_attrib-gen-attrib $-1 -1 $3551 $3469 $3418 2 1 1 1 1 1 1 1 1 1 1 1 1 1 0 1 1 1 @3 pid 135 #
integer_attrib-name_attrib-gen-attrib $-1 -1 $3552 $-1 $3470 2 0 0 1 1 1 1 1 1 1 1 1 1 1 0 1 1 1 @3 fif 0 #
plane-surface $-1 -1 -1 $-1 -16.550000000000001 -76.439999999999984 -1.6499999999999999 0 0 -1 0 1 0 forward_v I I I I #
integer_attrib-name_attrib-gen-attrib $-1 -1 $-1 $3476 $3425 2 1 1 1 1 1 1 1 1 1 1 1 1 1 0 1 1 1 @3 pid 349 #
integer_attrib-name_attrib-gen-attrib $-1 -1 $-1 $-1 $3477 2 1 1 1 1 1 1 1 1 1 1 1 1 1 0 1 1 1 @3 pid 215 #
point $-1 -1 -1 $-1 -16.220196648720268 -76.249999999999986 -1.5499999999999909 #
tcoedge-coedge $-1 -1 -1 $-1 $3481 $3480 $3553 $3554 forward $3482 $3555 0 1 F #
coedge $-1 -1 -1 $-1 $3485 $3556 $3480 $3522 reversed $3525 $-1 #
edge $3557 -1 -1 $-1 $3437 0 $3558 0.095821947644402758 $3521 $3559 forward @7 unknown T -15.79255613190845 -76.347909279525069 -1.5526241472330728 -15.779803351279629 -76.249999999999915 -1.5473758527669268 #
integer_attrib-name_attrib-gen-attrib $-1 -1 $-1 $3483 $3432 2 1 1 1 1 1 1 1 1 1 1 1 1 1 0 1 1 1 @3 pid 347 #
coedge $-1 -1 -1 $-1 $3556 $3485 $3499 $3539 reversed $3525 $-1 #
loop $-1 -1 -1 $-1 $-1 $3521 $3560 T -16.2201966487203 -76.347909279525069 -1.5550127656810044 -15.779803351279629 -76.249999999999915 -1.5473758527669268 unknown #
name_attrib-gen-attrib $-1 -1 $3561 $-1 $3486 2 1 1 1 1 1 1 1 1 1 1 1 1 1 0 1 1 1 @3 eif #
straight-curve $-1 -1 -1 $-1 -15.7798033512797 -76.249999999999986 -1.5499999999999998 -1 0 0 F 0 F 0.44039329744060002 #
integer_attrib-name_attrib-gen-attrib $-1 -1 $3562 $3490 $3440 2 1 1 1 1 1 1 1 1 1 1 1 1 1 0 1 1 1 @3 pid 137 #
coedge $-1 -1 -1 $-1 $3553 $3563 $3493 $3530 forward $3564 $-1 #
edge $3565 -1 -1 $-1 $3566 0 $3532 1.4648761625433606 $3529 $3567 forward @7 unknown T -15.8899335627579 -76.439999999999984 -1.6500000000000916 -15.790493784466493 -76.350570264583894 -1.6499999999999082 #
name_attrib-gen-attrib $-1 -1 $3568 $-1 $3494 2 1 1 1 1 1 1 1 1 1 1 1 1 1 0 1 1 1 @3 eif #
tvertex-vertex $3569 -1 -1 $-1 $3530 $3570 9.1620865022709179e-014 #
straight-curve $-1 -1 -1 $-1 -15.790493784466648 -76.350570264583979 -1.6499999999999999 0.10570264584060028 0.9943977829130034 0 F 2.2971018570312149e-017 F 0.10113685520233362 #
coedge $-1 -1 -1 $-1 $3571 $3572 $3495 $3535 forward $3573 $-1 #
edge $3574 -1 -1 $-1 $3504 0 $3575 1.464876162542966 $3534 $3576 forward @7 unknown T -16.209506215533466 -76.439999999999998 -1.6500000000000579 -16.110066437242097 -76.350570264583965 -1.649999999999942 #
tcoedge-coedge $-1 -1 -1 $-1 $3499 $3496 $3572 $3544 forward $3500 $3577 0 0.99999999999999989 F #
coedge $-1 -1 -1 $-1 $3578 $3579 $3497 $3538 reversed $3580 $-1 #
edge $3581 -1 -1 $-1 $3566 0 $3575 0.22013287448419999 $3537 $3582 forward @7 unknown T -16.1100664372421 -76.439999999999984 -1.6499999999999999 -15.8899335627579 -76.439999999999984 -1.6499999999999999 #
edge $3583 -1 -1 $-1 $3584 0.00024928652107471738 $3477 0.095821947644402536 $3499 $3585 forward @7 unknown T -16.2201966487203 -76.347532598719454 -1.5550127656810044 -16.207410814775876 -76.249999999999957 -1.5499858877524222 #
face $3586 -1 -1 $-1 $3587 $3500 $5 $-1 $3588 reversed double out T -16.220196648720368 -76.350710994242888 -1.6501407296588668 -16.207410814775876 -76.249999999999915 -1.5499858877524222 F #
integer_attrib-name_attrib-gen-attrib $-1 -1 $-1 $3501 $3450 2 1 1 1 1 1 1 1 1 1 1 1 1 1 0 1 1 1 @3 pid 348 #
integer_attrib-name_attrib-gen-attrib $-1 -1 $-1 $3503 $3454 2 1 1 1 1 1 1 1 1 1 1 1 1 1 0 1 1 1 @3 pid 352 #
integer_attrib-name_attrib-gen-attrib $-1 -1 $-1 $-1 $3504 2 1 1 1 1 1 1 1 1 1 1 1 1 1 0 1 1 1 @3 pid 218 #
tedge-edge $3589 -1 -1 $-1 $3504 0 $3584 0.99999999999999989 $3536 $3590 forward @7 unknown T -16.212437692704455 -76.350710994242888 -1.6501407296588668 -16.207410814775876 -76.342505720790882 -1.5499858877524222 0.00014072965886694562 #
point $-1 -1 -1 $-1 -16.209506215533409 -76.350570264584022 -1.6499999999999999 #
integer_attrib-name_attrib-gen-attrib $-1 -1 $-1 $3508 $3460 2 1 1 1 1 1 1 1 1 1 1 1 1 1 0 1 1 1 @3 pid 356 #
string_attrib-name_attrib-gen-attrib $-1 -1 $-1 $3510 $3414 2 1 2 1 1 1 1 1 1 1 1 1 1 1 0 1 1 1 @15 ATTRIB_XACIS_ID @5 81836 #
integer_attrib-name_attrib-gen-attrib $-1 -1 $3591 $3511 $3465 2 1 1 1 1 1 1 1 1 1 1 1 1 1 0 1 1 1 @3 pid 139 #
integer_attrib-name_attrib-gen-attrib $-1 -1 $3592 $-1 $3512 2 0 0 1 1 1 1 1 1 1 1 1 1 1 0 1 1 1 @3 fif 0 #
plane-surface $-1 -1 -1 $-1 -15.7899016756399 -76.344999999999985 -1.5999999999999999 0.9943977829130034 -0.10570264584060036 0 -0.10570264584060036 -0.9943977829130034 0 forward_v I I I I #
string_attrib-name_attrib-gen-attrib $-1 -1 $-1 $3514 $3418 2 1 2 1 1 1 1 1 1 1 1 1 1 1 0 1 1 1 @15 ATTRIB_XACIS_ID @5 81744 #
integer_attrib-name_attrib-gen-attrib $-1 -1 $3593 $3515 $3470 2 1 1 1 1 1 1 1 1 1 1 1 1 1 0 1 1 1 @3 pid 136 #
tcoedge-coedge $-1 -1 -1 $-1 $3594 $3529 $3520 $3554 reversed $3564 $3595 -1 -0 F #
tedge-edge $3596 -1 -1 $-1 $3558 0 $3532 1 $3553 $3597 forward @7 unknown T -15.79255613190845 -76.350710994291973 -1.6501407297079282 -15.787307837442304 -76.342660985058913 -1.5473758527669268 0.00014072970792822396 #
pcurve $-1 -1 -1 $-1 0 forward { exppc nubs 1 open 2 
	0 1 1 1 
	0.00029824582124089732 -0.047379654307244001 
	0.0056016462222358869 0.050000000000000044 
	0.001 
	9.4721450518478727e-006 
	plane -15.7899016756399 -76.344999999999985 -1.5999999999999999 0.9943977829130034 -0.10570264584060036 0 -0.10570264584060036 -0.9943977829130034 0 forward_v I I I I 
	} 0 0 #
coedge $-1 -1 -1 $-1 $3521 $3524 $-1 $3598 reversed $3525 $-1 #
name_attrib-gen-attrib $-1 -1 $3599 $-1 $3522 2 1 1 1 1 1 1 1 1 1 1 1 1 1 0 1 1 1 @3 eif #
tvertex-vertex $3600 -1 -1 $-1 $3598 $3601 0.0026241472330729614 #
straight-curve $-1 -1 -1 $-1 -15.779803351279764 -76.249999999999986 -1.5499999999999998 -0.10570264584060057 -0.9943977829130034 0 F 0 F 0.095821947644402758 #
face $3602 -1 -1 $-1 $3603 $3525 $5 $-1 $3604 reversed double out T -16.2201966487203 -76.347909279525069 -1.5550127656810044 -15.779803351279629 -76.249999999999915 -1.5473758527669268 F #
integer_attrib-name_attrib-gen-attrib $-1 -1 $-1 $3526 $3486 2 1 1 1 1 1 1 1 1 1 1 1 1 1 0 1 1 1 @3 pid 355 #
string_attrib-name_attrib-gen-attrib $-1 -1 $-1 $3528 $3440 2 1 2 1 1 1 1 1 1 1 1 1 1 1 0 1 1 1 @15 ATTRIB_XACIS_ID @5 81811 #
coedge $-1 -1 -1 $-1 $3529 $3594 $3578 $3605 reversed $3564 $-1 #
loop $-1 -1 -1 $-1 $-1 $3553 $3606 T -15.889954595445815 -76.440031520861481 -1.6501407297079282 -15.787307837442304 -76.342660985058913 -1.5473758527669268 unknown #
name_attrib-gen-attrib $-1 -1 $3607 $-1 $3530 2 1 1 1 1 1 1 1 1 1 1 1 1 1 0 1 1 1 @3 eif #
vertex $3608 -1 -1 $-1 $3530 $3609 #
ellipse-curve $-1 -1 -1 $-1 -15.889934547033469 -76.339998905552548 -1.6499999999999999 0 0 1 9.8427556938229799e-007 -0.10000109444744215 0 1 F 0 F 1.4648761625433606 #
integer_attrib-name_attrib-gen-attrib $-1 -1 $-1 $3531 $3494 2 1 1 1 1 1 1 1 1 1 1 1 1 1 0 1 1 1 @3 pid 353 #
integer_attrib-name_attrib-gen-attrib $-1 -1 $-1 $-1 $3532 2 1 1 1 1 1 1 1 1 1 1 1 1 1 0 1 1 1 @3 pid 219 #
point $-1 -1 -1 $-1 -15.790493784466586 -76.350570264583979 -1.6499999999999999 #
coedge $-1 -1 -1 $-1 $3610 $3534 $3579 $3611 reversed $3573 $-1 #
tcoedge-coedge $-1 -1 -1 $-1 $3534 $3610 $3536 $3544 reversed $3573 $3612 -0.99999999999999989 -0 F #
loop $-1 -1 -1 $-1 $-1 $3571 $3613 T -16.212437692704455 -76.440031143441203 -1.6501407296588668 -16.110044258748808 -76.342505720790882 -1.5499858877524222 unknown #
name_attrib-gen-attrib $-1 -1 $3614 $-1 $3535 2 1 1 1 1 1 1 1 1 1 1 1 1 1 0 1 1 1 @3 eif #
vertex $3615 -1 -1 $-1 $3538 $3616 #
ellipse-curve $-1 -1 -1 $-1 -16.110065452966531 -76.339998905552548 -1.6499999999999999 0 0 1 -0.099440762566880059 -0.010571359031475602 0 1 F 0 F 1.464876162542966 #
pcurve $-1 -1 -1 $-1 0 forward { exppc nubs 1 open 2 
	0 1 0.99999999999999989 1 
	0.005601646222212665 0.050000000000000044 
	0.0002982467450407839 -0.047379656097971123 
	0.001 
	9.4720370989375899e-006 
	plane -16.2100983243601 -76.344999999999985 -1.5999999999999999 -0.9943977829130034 -0.10570264584060036 0 0.10570264584060036 -0.9943977829130034 0 reverse_v I I I I 
	} 0 0 #
coedge $-1 -1 -1 $-1 $3617 $3537 $3563 $3605 forward $3580 $-1 #
coedge $-1 -1 -1 $-1 $3537 $3617 $3571 $3611 forward $3580 $-1 #
loop $-1 -1 -1 $-1 $-1 $3617 $3587 T -16.11008436713794 -76.44001048817357 -1.6499999999999999 -15.88991258641073 -76.439989511826397 -1.5999895118264169 unknown #
name_attrib-gen-attrib $-1 -1 $3618 $-1 $3538 2 1 1 1 1 1 1 1 1 1 1 1 1 1 0 1 1 1 @3 eif #
straight-curve $-1 -1 -1 $-1 -15.8899335627579 -76.439999999999984 -1.6499999999999999 -1 0 0 F 0 F 0.22013287448419999 #
name_attrib-gen-attrib $-1 -1 $3619 $-1 $3539 2 1 1 1 1 1 1 1 1 1 1 1 1 1 0 1 1 1 @3 eif #
tvertex-vertex $3620 -1 -1 $-1 $3539 $3621 0.0025134389642910591 #
straight-curve $-1 -1 -1 $-1 -16.210068015324627 -76.345285132291991 -1.5499999999999998 -0.10570264584059999 0.9943977829130034 -0 F 0.00024928652107471738 F 0.095821947644402536 #
integer_attrib-name_attrib-gen-attrib $-1 -1 $3622 $-1 $3540 2 0 0 1 1 1 1 1 1 1 1 1 1 1 0 1 1 1 @3 fif 0 #
face $3623 -1 -1 $-1 $3613 $3580 $5 $-1 $3624 reversed double out T -16.11008436713794 -76.44001048817357 -1.6499999999999999 -15.88991258641073 -76.439989511826397 -1.5999895118264169 F #
plane-surface $-1 -1 -1 $-1 -16.2100983243601 -76.344999999999985 -1.5999999999999999 0.9943977829130034 0.10570264584060036 0 0.10570264584060036 -0.9943977829130034 0 forward_v I I I I #
name_attrib-gen-attrib $-1 -1 $3625 $-1 $3544 2 1 1 1 1 1 1 1 1 1 1 1 1 1 0 1 1 1 @3 eif #
intcurve-curve $-1 -1 -1 $-1 forward { exactcur full nubs 3 open 4 
	0 3 0.33659167637360415 1 0.67436632047403511 1 0.99999999999999989 3 
	-16.209506215533402 -76.350570264584022 -1.6499999999999999 
	-16.209569246796882 -76.349976764754913 -1.6390743522406122 
	-16.209684841499179 -76.348787913544967 -1.617184596536239 
	-16.20982329526996 -76.347042940782885 -1.584723713801734 
	-16.209895985515676 -76.345863293213242 -1.5631900252882125 
	-16.209926858032233 -76.345281700447558 -1.5526203439020287 
	0 
	null_surface 
	null_surface 
	nullbs 
	nullbs 
	-1 
	-1 
	I I 
	0 
	0 
	2 0.33659167637360415 0.67436632047403511 
	
	-1 
	none F F 1 F 0 } I I #
string_attrib-name_attrib-gen-attrib $-1 -1 $-1 $3548 $3465 2 1 2 1 1 1 1 1 1 1 1 1 1 1 0 1 1 1 @15 ATTRIB_XACIS_ID @5 81800 #
integer_attrib-name_attrib-gen-attrib $-1 -1 $3626 $3549 $3512 2 1 1 1 1 1 1 1 1 1 1 1 1 1 0 1 1 1 @3 pid 140 #
string_attrib-name_attrib-gen-attrib $-1 -1 $-1 $3552 $3470 2 1 2 1 1 1 1 1 1 1 1 1 1 1 0 1 1 1 @15 ATTRIB_XACIS_ID @5 81831 #
tcoedge-coedge $-1 -1 -1 $-1 $3563 $3553 $3627 $3628 forward $3564 $3629 0 1 F #
pcurve $-1 -1 -1 $-1 0 forward { exppc nubs 1 open 2 
	-1 1 -0 1 
	-30.025807737339996 -1.9081958235744878e-016 
	-29.052011194267553 -0.05305889615074931 
	0.001 
	0.00010353230676989067 
	cone -15.8899335627579 -76.339999999999989 1.3525807737340001 0 0 -1 0.099439778291300351 -0.010570264584060038 0 1 I I -0 1 0.10000000000000002 reversed I I I I 
	} 0 0 #
name_attrib-gen-attrib $-1 -1 $3630 $-1 $3554 2 1 1 1 1 1 1 1 1 1 1 1 1 1 0 1 1 1 @3 eif #
intcurve-curve $-1 -1 -1 $-1 forward { exactcur full nubs 3 open 4 
	0 3 0.32563366862067827 1 0.66340831886087404 1 1 3 
	-15.790073141918908 -76.345281699523753 -1.5526203456927559 
	-15.790104014439338 -76.345863292440129 -1.5631900265267225 
	-15.79017670469425 -76.347042940298934 -1.5847237144843966 
	-15.79031515846297 -76.34878791313136 -1.6171845966351546 
	-15.790430753188627 -76.349976764610048 -1.6390743522886573 
	-15.7904937844666 -76.35057026458405 -1.6499999999999999 
	0 
	null_surface 
	null_surface 
	nullbs 
	nullbs 
	-1 
	-1 
	I I 
	0 
	0 
	2 0.32563366862067827 0.66340831886087404 
	
	-1 
	none F F 1 F 0 } I I #
edge $3631 -1 -1 $-1 $3558 0 $3584 0.41999226906478826 $3556 $3632 forward @7 unknown T -16.212437692704455 -76.347909279525069 -1.5550127656810044 -15.787307837442304 -76.342505720790882 -1.5473758527669268 #
integer_attrib-name_attrib-gen-attrib $-1 -1 $-1 $3557 $3522 2 1 1 1 1 1 1 1 1 1 1 1 1 1 0 1 1 1 @3 pid 358 #
integer_attrib-name_attrib-gen-attrib $-1 -1 $-1 $-1 $3558 2 1 1 1 1 1 1 1 1 1 1 1 1 1 0 1 1 1 @3 pid 221 #
point $-1 -1 -1 $-1 -15.789931984675377 -76.345285132291991 -1.5499999999999998 #
integer_attrib-name_attrib-gen-attrib $-1 -1 $3633 $-1 $3560 2 0 0 1 1 1 1 1 1 1 1 1 1 1 0 1 1 1 @3 fif 0 #
face $3634 -1 -1 $-1 $-1 $3635 $5 $-1 $3636 forward double out T -16.212437692704455 -76.440031520861481 -1.600031520861501 -15.787307837442304 -76.342505720790882 -1.5473758527669268 F #
plane-surface $-1 -1 -1 $-1 -16.550000000000001 -76.439999999999984 -1.5499999999999998 0 0 -1 0 1 0 forward_v I I I I #
edge $3637 -1 -1 $-1 $3566 0 $3638 0.049999999999997824 $3563 $3639 forward @7 unknown T -15.8899335627579 -76.44001048817357 -1.6499999999999999 -15.88991258641073 -76.439989511826397 -1.5999895118264169 #
face $3640 -1 -1 $-1 $3560 $3564 $5 $-1 $3641 forward double out T -15.889954595445815 -76.440031520861481 -1.6501407297079282 -15.787307837442304 -76.342660985058913 -1.5473758527669268 F #
integer_attrib-name_attrib-gen-attrib $-1 -1 $-1 $3565 $3530 2 1 1 1 1 1 1 1 1 1 1 1 1 1 0 1 1 1 @3 pid 354 #
integer_attrib-name_attrib-gen-attrib $-1 -1 $-1 $-1 $3566 2 1 1 1 1 1 1 1 1 1 1 1 1 1 0 1 1 1 @3 pid 216 #
point $-1 -1 -1 $-1 -15.8899335627579 -76.439999999999984 -1.6499999999999999 #
tcoedge-coedge $-1 -1 -1 $-1 $3572 $3571 $3642 $3643 forward $3573 $3644 0 0.99823445857530979 F #
edge $3645 -1 -1 $-1 $3646 3.1076081048464488e-006 $3575 0.05000310760810267 $3579 $3647 forward @7 unknown T -16.11008436713794 -76.440008964947907 -1.6499999999999999 -16.1100664372421 -76.43999103505206 -1.5999910350520836 #
pcurve $-1 -1 -1 $-1 0 forward { exppc nubs 1 open 2 
	-0.99999999999999989 1 -0 1 
	-29.052011176360288 1.5179547347384483 
	-30.025807737339999 1.4648958478389491 
	0.001 
	0.00010353122197826782 
	cone -16.1100664372421 -76.339999999999989 1.3525807737340001 0 0 -1 0 -0.10000000000000001 0 1 I I -0 1 0.10000000000000001 reversed I I I I 
	} 0 0 #
face $3648 -1 -1 $-1 $3606 $3573 $5 $-1 $3649 forward double out T -16.212437692704455 -76.440031143441203 -1.6501407296588668 -16.110044258748808 -76.342505720790882 -1.5499858877524222 F #
integer_attrib-name_attrib-gen-attrib $-1 -1 $-1 $3574 $3535 2 1 1 1 1 1 1 1 1 1 1 1 1 1 0 1 1 1 @3 pid 351 #
integer_attrib-name_attrib-gen-attrib $-1 -1 $-1 $-1 $3575 2 1 1 1 1 1 1 1 1 1 1 1 1 1 0 1 1 1 @3 pid 217 #
point $-1 -1 -1 $-1 -16.1100664372421 -76.439999999999984 -1.6499999999999999 #
coedge $-1 -1 -1 $-1 $3579 $3578 $3650 $3651 forward $3580 $-1 #
integer_attrib-name_attrib-gen-attrib $-1 -1 $-1 $3581 $3538 2 1 1 1 1 1 1 1 1 1 1 1 1 1 0 1 1 1 @3 pid 350 #
integer_attrib-name_attrib-gen-attrib $-1 -1 $-1 $3583 $3539 2 1 1 1 1 1 1 1 1 1 1 1 1 1 0 1 1 1 @3 pid 360 #
integer_attrib-name_attrib-gen-attrib $-1 -1 $-1 $-1 $3584 2 1 1 1 1 1 1 1 1 1 1 1 1 1 0 1 1 1 @3 pid 222 #
point $-1 -1 -1 $-1 -16.209924253740166 -76.345019159755168 -1.5524993267167133 #
integer_attrib-name_attrib-gen-attrib $-1 -1 $3652 $3586 $3540 2 1 1 1 1 1 1 1 1 1 1 1 1 1 0 1 1 1 @3 pid 141 #
integer_attrib-name_attrib-gen-attrib $-1 -1 $3653 $-1 $3587 2 0 0 1 1 1 1 1 1 1 1 1 1 1 0 1 1 1 @3 fif 0 #
plane-surface $-1 -1 -1 $-1 -16 -76.439999999999984 -1.5999999999999999 0 1 0 1 0 0 forward_v I I I I #
integer_attrib-name_attrib-gen-attrib $-1 -1 $-1 $3589 $3544 2 1 1 1 1 1 1 1 1 1 1 1 1 1 0 1 1 1 @3 pid 361 #
string_attrib-name_attrib-gen-attrib $-1 -1 $-1 $3592 $3512 2 1 2 1 1 1 1 1 1 1 1 1 1 1 0 1 1 1 @15 ATTRIB_XACIS_ID @5 81821 #
tcoedge-coedge $-1 -1 -1 $-1 $3654 $3650 $3594 $3628 reversed $3635 $3655 -1 -0 F #
tedge-edge $3656 -1 -1 $-1 $3558 0 $3638 1 $3627 $3657 forward @7 unknown T -15.889954595445815 -76.440031520861481 -1.600031520861501 -15.787307837442304 -76.342660985058913 -1.5473758527669268 3.1520861499028876e-005 #
pcurve $-1 -1 -1 $-1 0 forward { exppc nubs 2 open 7 
	0 2 0.16666666666666666 2 0.33333333333333331 2 0.5 2 0.66666666666666663 2 
	0.83333333333333337 2 1 2 
	-29.049590832653973 -0.058301318746654313 
	-29.124074379785924 0.090823457608665462 
	-29.168087071843324 0.18264890641489606 
	-29.23220915939433 0.3164293954630284 
	-29.279792272013278 0.42689528265997556 
	-29.336452322860406 0.55843360457631008 
	-29.378342270013952 0.67663762739956446 
	-29.425366784803231 0.80933024692065414 
	-29.456802021941279 0.93337876262122865 
	-29.490781795382848 1.067468428964683 
	-29.507964127461438 1.1971245630175291 
	-29.52551866659109 1.3295893337028866 
	-29.525807737340017 1.4647909661032497 
	0.001 
	0.015608277608274573 
	cone -15.8899335627579 -76.339999999999989 1.3525807737340001 0 0 -1 0.099439778291300351 -0.010570264584060038 0 1 I I -0 1 0.10000000000000002 reversed I I I I 
	} 0 0 #
integer_attrib-name_attrib-gen-attrib $-1 -1 $-1 $3596 $3554 2 1 1 1 1 1 1 1 1 1 1 1 1 1 0 1 1 1 @3 pid 359 #
name_attrib-gen-attrib $-1 -1 $3658 $-1 $3598 2 1 1 1 1 1 1 1 1 1 1 1 1 1 0 1 1 1 @3 eif #
straight-curve $-1 -1 -1 $-1 -15.789931984675377 -76.345285132291991 -1.5499999999999998 -1 0 0 F 0 F 0.41999226906478826 #
integer_attrib-name_attrib-gen-attrib $-1 -1 $3659 $3602 $3560 2 1 1 1 1 1 1 1 1 1 1 1 1 1 0 1 1 1 @3 pid 145 #
integer_attrib-name_attrib-gen-attrib $-1 -1 $3660 $-1 $3603 2 0 0 1 1 1 1 1 1 1 1 1 1 1 0 1 1 1 @3 fif 0 #
loop $-1 -1 -1 $-1 $-1 $3654 $3603 T -16.212437692704455 -76.440031520861481 -1.600031520861501 -15.787307837442304 -76.342505720790882 -1.5473758527669268 unknown #
plane-surface $-1 -1 -1 $-1 -16 -76.389999999999986 -1.5749999999999997 0 -0.44721359549999801 0.89442719099989598 0 -0.89442719099989598 -0.44721359549999801 forward_v I I I I #
name_attrib-gen-attrib $-1 -1 $3661 $-1 $3605 2 1 1 1 1 1 1 1 1 1 1 1 1 1 0 1 1 1 @3 eif #
tvertex-vertex $3662 -1 -1 $-1 $3628 $3663 1.0488173585176952e-005 #
straight-curve $-1 -1 -1 $-1 -15.8899335627579 -76.439999999999984 -1.6499999999999999 0 0 1 F 0 F 0.049999999999997824 #
integer_attrib-name_attrib-gen-attrib $-1 -1 $3664 $-1 $3606 2 0 0 1 1 1 1 1 1 1 1 1 1 1 0 1 1 1 @3 fif 0 #
cone-surface $-1 -1 -1 $-1 -15.8899335627579 -76.339999999999989 1.3525807737340001 0 0 -1 0.099439778291300351 -0.010570264584060038 0 1 I I -0 1 0.10000000000000002 reversed I I I I #
tcoedge-coedge $-1 -1 -1 $-1 $3650 $3654 $3610 $3643 reversed $3635 $3665 -0.99823445857530979 -0 F #
tedge-edge $3666 -1 -1 $-1 $3646 0 $3584 0.99823445857530979 $3642 $3667 forward @7 unknown T -16.212437692704455 -76.440031143441203 -1.600031143441216 -16.110044258748808 -76.342505720790882 -1.5499858877524222 3.1143441214003853e-005 #
pcurve $-1 -1 -1 $-1 0 forward { exppc nubs 2 open 7 
	0 2 0.16637240976255163 2 0.33274481952510326 2 0.4991172292876549 2 0.66548963905020653 2 
	0.83186204881275816 2 0.99823445857530979 2 
	-29.525807737340024 8.964947894447991e-005 
	-29.525520319142899 0.13506409231629557 
	-29.508028234898561 0.26728901968294017 
	-29.490903902162287 0.39673406583224491 
	-29.45703731632744 0.530588069447816 
	-29.425698593095561 0.65445097057531076 
	-29.378819790049484 0.78690986658380213 
	-29.337040631383765 0.90495940866757807 
	-29.280544768933201 1.0362528259730968 
	-29.233056593852073 1.1466128508945646 
	-29.169109356048953 1.2801134478481515 
	-29.124982607457973 1.3722354453088315 
	-29.050880154306089 1.520614813256965 
	0.001 
	0.015345067218404914 
	cone -16.1100664372421 -76.339999999999989 1.3525807737340001 0 0 -1 0 -0.10000000000000001 0 1 I I -0 1 0.10000000000000001 reversed I I I I 
	} 0 0 #
name_attrib-gen-attrib $-1 -1 $3668 $-1 $3611 2 1 1 1 1 1 1 1 1 1 1 1 1 1 0 1 1 1 @3 eif #
tvertex-vertex $3669 -1 -1 $-1 $3651 $3670 8.9649479184661374e-006 #
straight-curve $-1 -1 -1 $-1 -16.1100664372421 -76.439999999999984 -1.5999968923918972 0 0 -1 F 3.1076081048464488e-006 F 0.05000310760810267 #
integer_attrib-name_attrib-gen-attrib $-1 -1 $3671 $-1 $3613 2 0 0 1 1 1 1 1 1 1 1 1 1 1 0 1 1 1 @3 fif 0 #
cone-surface $-1 -1 -1 $-1 -16.1100664372421 -76.339999999999989 1.3525807737340001 0 0 -1 0 -0.10000000000000001 0 1 I I -0 1 0.10000000000000001 reversed I I I I #
coedge $-1 -1 -1 $-1 $3627 $3642 $3617 $3651 reversed $3635 $-1 #
edge $3672 -1 -1 $-1 $3638 0 $3646 0.22015232760570363 $3650 $3673 forward @7 unknown T -16.11008436713794 -76.44001048817357 -1.6000104881735873 -15.88991258641073 -76.439989511826397 -1.5999895118264169 #
string_attrib-name_attrib-gen-attrib $-1 -1 $-1 $3622 $3540 2 1 2 1 1 1 1 1 1 1 1 1 1 1 0 1 1 1 @15 ATTRIB_XACIS_ID @5 81812 #
integer_attrib-name_attrib-gen-attrib $-1 -1 $3674 $3623 $3587 2 1 1 1 1 1 1 1 1 1 1 1 1 1 0 1 1 1 @3 pid 142 #
coedge $-1 -1 -1 $-1 $3642 $3627 $-1 $3675 reversed $3635 $-1 #
pcurve $-1 -1 -1 $-1 0 forward { exppc nubs 3 open 8 
	-1 3 -0.87338091895870529 1 -0.74352654578190847 1 -0.60837450488764977 1 -0.46612919489064092 1 
	-0.31620021447494279 1 -0.15957415865591887 1 -0 3 
	0.055901699437494679 0.11007692541568526 
	0.055868640031518479 0.11699185303835036 
	0.054328228875625051 0.13060279584203249 
	0.047191213283732603 0.15061437339992656 
	0.035355591680237164 0.16915103442963475 
	0.018965691465471557 0.1854290995429998 
	-0.001488123179271883 0.19841354086013052 
	-0.025181548478078131 0.20712496308287931 
	-0.041895130431218064 0.20956382247042582 
	-0.050583637653748736 0.20992169043384978 
	0 
	0 
	plane -16 -76.389999999999986 -1.5749999999999997 0 -0.44721359549999801 0.89442719099989598 0 -0.89442719099989598 -0.44721359549999801 forward_v I I I I 
	} 0 0 #
name_attrib-gen-attrib $-1 -1 $3676 $-1 $3628 2 1 1 1 1 1 1 1 1 1 1 1 1 1 0 1 1 1 @3 eif #
intcurve-curve $-1 -1 -1 $-1 forward { exactcur full nubs 3 open 8 
	0 3 0.15957415865591887 1 0.31620021447494279 1 0.46612919489064092 1 0.60837450488764977 1 
	0.74352654578190847 1 0.87338091895870529 1 1 3 
	-15.790078309566152 -76.344756619062792 -1.5523783095313979 
	-15.790436177529575 -76.352527856171818 -1.5562639280859134 
	-15.79287503691712 -76.367476938329716 -1.563738469164861 
	-15.80158645913987 -76.388668982164887 -1.5743344910824508 
	-15.814570900457001 -76.406963430142824 -1.5834817150714171 
	-15.830848965570366 -76.421623002552678 -1.5908115012763484 
	-15.849385626600075 -76.432209104337232 -1.596104552168625 
	-15.869397204157968 -76.438592645145206 -1.5992963225726149 
	-15.88300814696165 -76.439970430768355 -1.5999852153841905 
	-15.889923074584315 -76.439999999999984 -1.6000000000000021 
	0 
	null_surface 
	null_surface 
	nullbs 
	nullbs 
	-1 
	-1 
	I I 
	0 
	0 
	6 0.15957415865591887 0.31620021447494279 0.46612919489064092 0.60837450488764977 0.74352654578190847 0.87338091895870529 
	
	-1 
	none F F 1 F 0 } I I #
integer_attrib-name_attrib-gen-attrib $-1 -1 $-1 $3631 $3598 2 1 1 1 1 1 1 1 1 1 1 1 1 1 0 1 1 1 @3 pid 367 #
string_attrib-name_attrib-gen-attrib $-1 -1 $-1 $3633 $3560 2 1 2 1 1 1 1 1 1 1 1 1 1 1 0 1 1 1 @15 ATTRIB_XACIS_ID @5 81841 #
integer_attrib-name_attrib-gen-attrib $-1 -1 $3677 $3634 $3603 2 1 1 1 1 1 1 1 1 1 1 1 1 1 0 1 1 1 @3 pid 146 #
integer_attrib-name_attrib-gen-attrib $-1 -1 $-1 $3637 $3605 2 1 1 1 1 1 1 1 1 1 1 1 1 1 0 1 1 1 @3 pid 364 #
integer_attrib-name_attrib-gen-attrib $-1 -1 $-1 $-1 $3638 2 1 1 1 1 1 1 1 1 1 1 1 1 1 0 1 1 1 @3 pid 223 #
point $-1 -1 -1 $-1 -15.889923074584315 -76.439999999999984 -1.6000000000000021 #
integer_attrib-name_attrib-gen-attrib $-1 -1 $3678 $3640 $3606 2 1 1 1 1 1 1 1 1 1 1 1 1 1 0 1 1 1 @3 pid 144 #
pcurve $-1 -1 -1 $-1 0 forward { exppc nubs 3 open 8 
	-0.99823445857530979 3 -0.84042256396209458 1 -0.68379853799682078 1 -0.5338753822425375 1 -0.39164142338357771 1 
	-0.25650017362509803 1 -0.12664592442185113 1 -0 3 
	-0.050295336567850013 -0.20990945117436927 
	-0.04170823141442298 -0.20953645330338694 
	-0.025091310306646852 -0.20709189417323054 
	-0.0014876934427001665 -0.19841329984789452 
	0.018965394060107943 -0.18542923712942988 
	0.035354474359821697 -0.16915221780439665 
	0.047190031093675533 -0.15061673757058941 
	0.054328116563990447 -0.13060438559554877 
	0.055868766163305272 -0.11699191246150814 
	0.055901699437494679 -0.11007540219001838 
	0 
	0 
	plane -16 -76.389999999999986 -1.5749999999999997 0 -0.44721359549999801 0.89442719099989598 0 -0.89442719099989598 -0.44721359549999801 forward_v I I I I 
	} 0 0 #
name_attrib-gen-attrib $-1 -1 $3679 $-1 $3643 2 1 1 1 1 1 1 1 1 1 1 1 1 1 0 1 1 1 @3 eif #
intcurve-curve $-1 -1 -1 $-1 forward { exactcur full nubs 3 open 8 
	0 3 0.12664592442185113 1 0.25650017362509803 1 0.39164142338357771 1 0.5338753822425375 1 
	0.68379853799682078 1 0.84042256396209458 1 1 3 
	-16.11007540219002 -76.439999999999984 -1.6000000000000021 
	-16.116991912461508 -76.439970543584067 -1.5999852717920402 
	-16.13060438559555 -76.438592544690636 -1.599296272345325 
	-16.150616737570591 -76.432208046954301 -1.5961040234771589 
	-16.169152217804399 -76.421622003190919 -1.5908110015954684 
	-16.18542923712943 -76.406963164135377 -1.5834815820676951 
	-16.198413299847896 -76.388669366532966 -1.5743346832664882 
	-16.207124891089993 -76.367477380864784 -1.5637386904323942 
	-16.209563797244659 -76.352528100104038 -1.5562640500520213 
	-16.209921649448098 -76.344756619062792 -1.5523783095313979 
	0 
	null_surface 
	null_surface 
	nullbs 
	nullbs 
	-1 
	-1 
	I I 
	0 
	0 
	6 0.12664592442185113 0.25650017362509803 0.39164142338357771 0.5338753822425375 0.68379853799682078 0.84042256396209458 
	
	-1 
	none F F 1 F 0 } F 0 F 0.99823445857530979 #
integer_attrib-name_attrib-gen-attrib $-1 -1 $-1 $3645 $3611 2 1 1 1 1 1 1 1 1 1 1 1 1 1 0 1 1 1 @3 pid 363 #
integer_attrib-name_attrib-gen-attrib $-1 -1 $-1 $-1 $3646 2 1 1 1 1 1 1 1 1 1 1 1 1 1 0 1 1 1 @3 pid 224 #
point $-1 -1 -1 $-1 -16.11007540219002 -76.439999999999984 -1.6000000000000021 #
integer_attrib-name_attrib-gen-attrib $-1 -1 $3680 $3648 $3613 2 1 1 1 1 1 1 1 1 1 1 1 1 1 0 1 1 1 @3 pid 143 #
name_attrib-gen-attrib $-1 -1 $3681 $-1 $3651 2 1 1 1 1 1 1 1 1 1 1 1 1 1 0 1 1 1 @3 eif #
straight-curve $-1 -1 -1 $-1 -15.889923074584315 -76.439999999999984 -1.6000000000000025 -1 0 0 F 0 F 0.22015232760570363 #
string_attrib-name_attrib-gen-attrib $-1 -1 $-1 $3653 $3587 2 1 2 1 1 1 1 1 1 1 1 1 1 1 0 1 1 1 @15 ATTRIB_XACIS_ID @5 81743 #
edge $3682 -1 -1 $-1 $3584 -2.6042920676649928e-006 $3558 0.41998966477272059 $3654 $3683 forward @7 unknown T -16.212437692704455 -76.347909279525069 -1.5550127656810044 -15.787307837442304 -76.342505720790882 -1.5473758527669268 #
integer_attrib-name_attrib-gen-attrib $-1 -1 $-1 $3656 $3628 2 1 1 1 1 1 1 1 1 1 1 1 1 1 0 1 1 1 @3 pid 366 #
string_attrib-name_attrib-gen-attrib $-1 -1 $-1 $3660 $3603 2 1 2 1 1 1 1 1 1 1 1 1 1 1 0 1 1 1 @15 ATTRIB_XACIS_ID @5 81790 #
string_attrib-name_attrib-gen-attrib $-1 -1 $-1 $3664 $3606 2 1 2 1 1 1 1 1 1 1 1 1 1 1 0 1 1 1 @15 ATTRIB_XACIS_ID @5 81810 #
integer_attrib-name_attrib-gen-attrib $-1 -1 $-1 $3666 $3643 2 1 1 1 1 1 1 1 1 1 1 1 1 1 0 1 1 1 @3 pid 365 #
string_attrib-name_attrib-gen-attrib $-1 -1 $-1 $3671 $3613 2 1 2 1 1 1 1 1 1 1 1 1 1 1 0 1 1 1 @15 ATTRIB_XACIS_ID @5 81704 #
integer_attrib-name_attrib-gen-attrib $-1 -1 $-1 $3672 $3651 2 1 1 1 1 1 1 1 1 1 1 1 1 1 0 1 1 1 @3 pid 362 #
name_attrib-gen-attrib $-1 -1 $3684 $-1 $3675 2 1 1 1 1 1 1 1 1 1 1 1 1 1 0 1 1 1 @3 eif #
straight-curve $-1 -1 -1 $-1 -16.209921649448098 -76.344756619062792 -1.5523783095313979 1 0 0 F -2.6042920676649928e-006 F 0.41998966477272059 #
integer_attrib-name_attrib-gen-attrib $-1 -1 $-1 $3682 $3675 2 1 1 1 1 1 1 1 1 1 1 1 1 1 0 1 1 1 @3 pid 368 #
End-of-ACIS-data 