2300 0 1 0           
4 HQH1 12 ACIS 23.0 NT 24 Tue Jun 24 16:41:15 2025 
1 9.9999999999999995e-007 1e-010 
body $1 -1 -1 $-1 $2 $-1 $3 T -28.329999999999998 43.624272486205413 0.1099999999997967 -27.359999999999999 44.620000000000005 0.31007996388747083 #
rgb_color-st-attrib $-1 -1 $4 $-1 $0 2 1 2 1 1 1 1 1 1 1 1 1 1 1 0 1 1 1 0.5 0.80000001192092896 1 #
lump $-1 -1 -1 $-1 $-1 $5 $0 T -28.329999999999998 43.624272486205413 0.1099999999997967 -27.359999999999999 44.620000000000005 0.31007996388747083 #
transform $-1 -1 1 0 0 0 1 0 0 0 1 0 0 0 1 no_rotate no_reflect no_shear #
named_attribute-st-attrib $-1 -1 $6 $1 $0 1 1 1 1 1 1 1 1 1 1 1 1 1 1 0 1 1 1 @27 c0.500000 0.800000 1.000000 #
shell $-1 -1 -1 $-1 $-1 $-1 $7 $-1 $2 T -28.329999999999998 43.624272486205413 0.1099999999997967 -27.359999999999999 44.620000000000005 0.31007996388747083 #
integer_attrib-name_attrib-gen-attrib $-1 -1 $8 $4 $0 2 1 1 1 1 1 1 1 1 1 1 1 1 1 0 1 1 1 @4 type 5 #
face $9 -1 -1 $-1 $10 $11 $5 $-1 $12 forward double out T -28.000000000022958 43.949999999977045 0.1099999999997967 -27.780000000000001 43.95000000002296 0.30912525263216917 F #
named_attribute-st-attrib $-1 -1 $13 $6 $0 1 1 1 1 1 1 1 1 1 1 1 1 1 1 0 1 1 1 @7 mVacuum #
integer_attrib-name_attrib-gen-attrib $-1 -1 $14 $-1 $7 2 0 0 1 1 1 1 1 1 1 1 1 1 1 0 1 1 1 @3 fif 0 #
face $15 -1 -1 $-1 $16 $17 $5 $-1 $18 forward double out T -27.954433756729937 43.950000000000003 0.1099999999997967 -27.841850454240003 44.390000000000001 0.17500000000013491 F #
loop $-1 -1 -1 $-1 $-1 $19 $7 T -28.000000000022958 43.949999999977045 0.1099999999997967 -27.780000000000001 43.95000000002296 0.30912525263216917 unknown #
plane-surface $-1 -1 -1 $-1 -27.810925227119998 43.950000000000003 0.15000000000002001 0 -1 0 1 0 0 forward_v I I I I #
named_attribute-st-attrib $-1 -1 $20 $8 $0 1 1 1 1 1 1 1 1 1 1 1 1 1 1 0 1 1 1 @20 ncomponent1:import_6 #
integer_attrib-name_attrib-gen-attrib $-1 -1 $21 $9 $7 2 1 1 1 1 1 1 1 1 1 1 1 1 1 0 1 1 1 @3 pid 1 #
integer_attrib-name_attrib-gen-attrib $-1 -1 $22 $-1 $10 2 0 0 1 1 1 1 1 1 1 1 1 1 1 0 1 1 1 @3 fif 0 #
face $23 -1 -1 $-1 $24 $25 $5 $-1 $26 reversed double out T -27.885151724428791 43.950000000000003 0.18999999999979145 -27.841850454239999 44.390000000000001 0.21500000000186956 F #
loop $-1 -1 -1 $-1 $-1 $27 $10 T -27.954433756729937 43.950000000000003 0.1099999999997967 -27.841850454240003 44.390000000000001 0.17500000000013491 unknown #
cone-surface $-1 -1 -1 $-1 -27.841850454239999 44.398800000000001 0.23999999999999999 0 -1 0 0.11258330249099997 0 0.065000000002098865 1 I I -0 1 0.13000000000020329 reversed I I I I #
coedge $-1 -1 -1 $-1 $28 $29 $30 $31 forward $11 $-1 #
integer_attrib-name_attrib-gen-attrib $-1 -1 $32 $13 $0 2 1 1 1 1 1 1 1 1 1 1 1 1 1 0 1 1 1 @3 noe 81 #
render-rbase-attrib $-1 -1 $33 $14 $7 1 1 1 1 1 1 1 1 1 1 1 1 0 1 0 1 1 1 $34 $-1 0 2 0 -1 0 1 0 0 0 0 1 -36.899999999999999 52.719999999999999 0.079999999999999988 1 rotate no_reflect no_shear #
integer_attrib-name_attrib-gen-attrib $-1 -1 $35 $15 $10 2 1 1 1 1 1 1 1 1 1 1 1 1 1 0 1 1 1 @3 pid 3 #
integer_attrib-name_attrib-gen-attrib $-1 -1 $36 $-1 $16 2 0 0 1 1 1 1 1 1 1 1 1 1 1 0 1 1 1 @3 fif 0 #
face $37 -1 -1 $-1 $38 $39 $5 $-1 $40 reversed double out T -27.971754264801628 43.950000000000003 0.17499999999606325 -27.954433756722885 44.390000000000001 0.20500000000187257 F #
loop $-1 -1 -1 $-1 $-1 $30 $16 T -27.885151724428791 43.950000000000003 0.18999999999979145 -27.841850454239999 44.390000000000001 0.21500000000186956 unknown #
cone-surface $-1 -1 -1 $-1 -27.841850454239999 44.398800000000001 0.23999999999999999 0 -1 0 0.043301270189001449 0 0.025000000000798977 1 I I -0 1 0.050000000000208544 reversed I I I I #
coedge $-1 -1 -1 $-1 $41 $42 $43 $44 forward $17 $-1 #
coedge $-1 -1 -1 $-1 $45 $19 $46 $47 reversed $11 $-1 #
coedge $-1 -1 -1 $-1 $19 $48 $49 $50 forward $11 $-1 #
coedge $-1 -1 -1 $-1 $51 $52 $19 $31 reversed $25 $-1 #
edge $53 -1 -1 $-1 $54 2.0943951024092389 $55 3.1415926535813687 $19 $56 reversed @7 unknown T -27.885151724428791 43.950000000000003 0.18999999999979145 -27.841850454239999 43.950000000000003 0.21499999999883623 #
integer_attrib-name_attrib-gen-attrib $-1 -1 $57 $20 $0 2 1 1 1 1 1 1 1 1 1 1 1 1 1 0 1 1 1 @3 nof 28 #
rgb_color-st-attrib $-1 -1 $58 $21 $7 2 1 2 1 1 1 1 1 1 1 1 1 1 1 0 1 1 1 0.93699997663497925 0.7850000262260437 0 #
rh_material-rh_entity $-1 -1 4 4 @5 plain @5 color -4 1 1 1 @5 phong @14 ambient factor -2 1 @14 diffuse factor -2 0.75 @15 specular factor -2 0.5 @8 exponent -2 10 @14 specular color -4 1 1 1 @4 none @5 plain @5 color -4 0 0 0 #
render-rbase-attrib $-1 -1 $59 $22 $10 1 1 1 1 1 1 1 1 1 1 1 1 0 1 0 1 1 1 $60 $-1 0 2 0 -1 0 1 0 0 0 0 1 -36.899999999999999 52.719999999999999 0.079999999999999988 1 rotate no_reflect no_shear #
integer_attrib-name_attrib-gen-attrib $-1 -1 $61 $23 $16 2 1 1 1 1 1 1 1 1 1 1 1 1 1 0 1 1 1 @3 pid 5 #
integer_attrib-name_attrib-gen-attrib $-1 -1 $62 $-1 $24 2 0 0 1 1 1 1 1 1 1 1 1 1 1 0 1 1 1 @3 fif 0 #
face $63 -1 -1 $-1 $64 $65 $5 $-1 $66 forward double out T -27.902472232500443 43.950000000000003 0.2149999999988349 -27.885151724423533 44.390000000000001 0.24500000000275995 F #
loop $-1 -1 -1 $-1 $-1 $67 $24 T -27.971754264801628 43.950000000000003 0.17499999999606325 -27.954433756722885 44.390000000000001 0.20500000000187257 unknown #
plane-surface $-1 -1 -1 $-1 -27.963094010762003 44.170000000000002 0.19000000000116102 0.86602540376740744 0 0.50000000002949907 0 -1 0 forward_v I I I I #
coedge $-1 -1 -1 $-1 $68 $27 $69 $70 reversed $17 $-1 #
coedge $-1 -1 -1 $-1 $27 $68 $71 $72 reversed $17 $-1 #
coedge $-1 -1 -1 $-1 $73 $74 $27 $44 reversed $75 $-1 #
edge $76 -1 -1 $-1 $77 -3.1415926535734613 $78 -2.0943951024109628 $43 $79 forward @7 unknown T -27.954433756729937 44.390000000000001 0.1099999999997967 -27.841850454240003 44.390000000000001 0.17499999999606325 #
coedge $-1 -1 -1 $-1 $80 $28 $81 $82 forward $11 $-1 #
coedge $-1 -1 -1 $-1 $83 $84 $28 $47 forward $65 $-1 #
edge $85 -1 -1 $-1 $86 -0.072683212065815378 $55 -0.038042195913470862 $28 $87 reversed @7 unknown T -27.902472232500443 43.950000000000003 0.2149999999988349 -27.885151724423533 43.950000000000003 0.24500000000275995 #
coedge $-1 -1 -1 $-1 $29 $88 $89 $90 reversed $11 $-1 #
coedge $-1 -1 -1 $-1 $91 $92 $29 $50 reversed $93 $-1 #
edge $94 -1 -1 $-1 $95 0.074074772880003081 $54 0.13592522712000132 $49 $96 reversed @7 unknown T -27.841850454239999 43.950000000000003 0.18999999999979145 -27.780000000000001 43.950000000000003 0.18999999999999997 #
coedge $-1 -1 -1 $-1 $97 $30 $92 $98 forward $25 $-1 #
coedge $-1 -1 -1 $-1 $30 $97 $83 $99 forward $25 $-1 #
named_attribute-st-attrib $-1 -1 $100 $-1 $31 1 1 1 1 1 1 1 1 1 1 1 1 1 1 0 1 1 1 @3 eif #
vertex $101 -1 -1 $-1 $31 $102 #
vertex $103 -1 -1 $-1 $31 $104 #
ellipse-curve $-1 -1 -1 $-1 -27.841850454239999 43.950000000000003 0.23999999999999999 0 -1 0 0.043301270189001449 0 0.025000000000798977 1 I I #
named_attribute-st-attrib $-1 -1 $105 $32 $0 1 1 1 1 1 1 1 1 1 1 1 1 1 1 0 1 1 1 @17 abody_is_no_solid #
string_attrib-name_attrib-gen-attrib $-1 -1 $-1 $33 $7 2 1 2 1 1 1 1 1 1 1 1 1 1 1 0 1 1 1 @15 ATTRIB_XACIS_ID @5 42201 #
rgb_color-st-attrib $-1 -1 $106 $35 $10 2 1 2 1 1 1 1 1 1 1 1 1 1 1 0 1 1 1 0.93699997663497925 0.7850000262260437 0 #
rh_material-rh_entity $-1 -1 4 4 @5 plain @5 color -4 1 1 1 @5 phong @14 ambient factor -2 1 @14 diffuse factor -2 0.75 @15 specular factor -2 0.5 @8 exponent -2 10 @14 specular color -4 1 1 1 @4 none @5 plain @5 color -4 0 0 0 #
render-rbase-attrib $-1 -1 $107 $36 $16 1 1 1 1 1 1 1 1 1 1 1 1 0 1 0 1 1 1 $108 $-1 0 2 0 -1 0 1 0 0 0 0 1 -36.899999999999999 52.719999999999999 0.079999999999999988 1 rotate no_reflect no_shear #
integer_attrib-name_attrib-gen-attrib $-1 -1 $109 $37 $24 2 1 1 1 1 1 1 1 1 1 1 1 1 1 0 1 1 1 @3 pid 7 #
integer_attrib-name_attrib-gen-attrib $-1 -1 $110 $-1 $38 2 0 0 1 1 1 1 1 1 1 1 1 1 1 0 1 1 1 @3 fif 0 #
face $111 -1 -1 $-1 $112 $113 $5 $-1 $114 reversed double out T -27.841850454240003 43.719999999999999 0.1099999999997967 -27.359999999999999 44.620000000000005 0.10999999999999979 F #
loop $-1 -1 -1 $-1 $-1 $46 $38 T -27.902472232500443 43.950000000000003 0.2149999999988349 -27.885151724423533 44.390000000000001 0.24500000000275995 unknown #
plane-surface $-1 -1 -1 $-1 -27.893811978460498 44.170000000000002 0.22999999999949622 0.86602540377218407 7.580702638493765e-019 0.5000000000212258 6.5650810633784227e-019 -1 3.7903513194077877e-019 forward_v I I I I #
coedge $-1 -1 -1 $-1 $71 $115 $73 $116 reversed $39 $-1 #
coedge $-1 -1 -1 $-1 $42 $41 $117 $118 reversed $17 $-1 #
coedge $-1 -1 -1 $-1 $119 $120 $41 $70 forward $113 $-1 #
edge $121 -1 -1 $-1 $122 -0.44880000000000564 $78 -0.0088000000000079126 $69 $123 reversed @7 tangent T -27.841850454240003 43.950000000000003 0.1099999999997967 -27.841850454240003 44.390000000000001 0.10999999999999979 #
coedge $-1 -1 -1 $-1 $124 $67 $42 $72 forward $39 $-1 #
edge $125 -1 -1 $-1 $77 0.0088000000000079126 $126 0.44880000000000564 $71 $127 forward @7 tangent T -27.954433756729937 43.950000000000003 0.17499999999606325 -27.954433756722885 44.390000000000001 0.17500000000013491 #
coedge $-1 -1 -1 $-1 $128 $43 $67 $116 forward $75 $-1 #
coedge $-1 -1 -1 $-1 $43 $129 $119 $130 forward $75 $-1 #
loop $-1 -1 -1 $-1 $-1 $131 $132 T -28.000000000000995 44.389996562677872 0.1099999999997967 -27.780000000000001 44.390003437322129 0.30912828912406731 unknown #
named_attribute-st-attrib $-1 -1 $133 $-1 $44 1 1 1 1 1 1 1 1 1 1 1 1 1 1 0 1 1 1 @3 eif #
vertex $134 -1 -1 $-1 $44 $135 #
vertex $136 -1 -1 $-1 $44 $137 #
ellipse-curve $-1 -1 -1 $-1 -27.841850454239999 44.390000000000001 0.23999999999999999 0 -1 0 0.11258330249099997 0 0.065000000002098865 1 I I #
coedge $-1 -1 -1 $-1 $138 $45 $-1 $139 forward $11 $-1 #
coedge $-1 -1 -1 $-1 $140 $141 $45 $82 reversed $142 $-1 #
edge $143 -1 -1 $-1 $86 2.094395102417721 $144 3.0255203857985915 $45 $145 forward @7 unknown T -28.000000000020815 43.950000000000003 0.24500000000275995 -27.902472232499616 43.950000000000003 0.30912525263216917 #
coedge $-1 -1 -1 $-1 $146 $46 $52 $99 reversed $65 $-1 #
coedge $-1 -1 -1 $-1 $46 $146 $140 $147 forward $65 $-1 #
named_attribute-st-attrib $-1 -1 $148 $-1 $47 1 1 1 1 1 1 1 1 1 1 1 1 1 1 0 1 1 1 @3 eif #
vertex $149 -1 -1 $-1 $147 $150 #
straight-curve $-1 -1 -1 $-1 -27.866130626465992 43.950000000000003 0.18205449192552547 -0.5000000000212258 0 0.86602540377218407 I I #
coedge $-1 -1 -1 $-1 $48 $117 $120 $151 forward $11 $-1 #
coedge $-1 -1 -1 $-1 $152 $153 $48 $90 forward $154 $-1 #
edge $155 -1 -1 $-1 $95 0.0016912890131000335 $156 0.081691289013105017 $89 $157 forward @7 tangent T -27.780000000000001 43.950000000000003 0.10999999999999499 -27.780000000000001 43.950000000000003 0.18999999999999997 #
coedge $-1 -1 -1 $-1 $158 $49 $153 $159 forward $93 $-1 #
coedge $-1 -1 -1 $-1 $49 $160 $51 $98 reversed $93 $-1 #
loop $-1 -1 -1 $-1 $-1 $92 $161 T -27.841850454239999 43.719999999999999 0.18999999999979145 -27.359999999999999 44.620000000000005 0.19 unknown #
named_attribute-st-attrib $-1 -1 $162 $-1 $50 1 1 1 1 1 1 1 1 1 1 1 1 1 1 0 1 1 1 @3 eif #
vertex $163 -1 -1 $-1 $159 $164 #
straight-curve $-1 -1 -1 $-1 -27.705925227119998 43.950000000000003 0.18999999999999995 1 0 -0 I I #
coedge $-1 -1 -1 $-1 $52 $51 $165 $166 forward $25 $-1 #
edge $167 -1 -1 $-1 $54 -0.44880000000000564 $168 -0.0088000000000079126 $92 $169 reversed @7 tangent T -27.841850454239999 43.950000000000003 0.18999999999979145 -27.841850454239999 44.390000000000001 0.18999999999999997 #
edge $170 -1 -1 $-1 $171 0.0088000000000079126 $55 0.44880000000000564 $83 $172 forward @7 tangent T -27.885151724428791 43.950000000000003 0.2149999999988349 -27.885151724423533 44.390000000000001 0.21500000000186956 #
integer_attrib-name_attrib-gen-attrib $-1 -1 $-1 $53 $31 2 1 1 1 1 1 1 1 1 1 1 1 1 1 0 1 1 1 @3 pid 4 #
integer_attrib-name_attrib-gen-attrib $-1 -1 $-1 $-1 $54 2 1 1 1 1 1 1 1 1 1 1 1 1 1 0 1 1 1 @3 pid 4 #
point $-1 -1 -1 $-1 -27.841850454239999 43.950000000000003 0.18999999999979145 #
integer_attrib-name_attrib-gen-attrib $-1 -1 $-1 $-1 $55 2 1 1 1 1 1 1 1 1 1 1 1 1 1 0 1 1 1 @3 pid 1 #
point $-1 -1 -1 $-1 -27.885151724428791 43.950000000000003 0.2149999999988349 #
cstishape-cst-attrib $-1 -1 $-1 $57 $0 1 1 1 1 1 1 1 1 1 1 1 1 0 1 0 1 1 1 13 1 #
string_attrib-name_attrib-gen-attrib $-1 -1 $-1 $59 $10 2 1 2 1 1 1 1 1 1 1 1 1 1 1 0 1 1 1 @15 ATTRIB_XACIS_ID @5 45157 #
rgb_color-st-attrib $-1 -1 $173 $61 $16 2 1 2 1 1 1 1 1 1 1 1 1 1 1 0 1 1 1 0.93699997663497925 0.7850000262260437 0 #
rh_material-rh_entity $-1 -1 4 4 @5 plain @5 color -4 1 1 1 @5 phong @14 ambient factor -2 1 @14 diffuse factor -2 0.75 @15 specular factor -2 0.5 @8 exponent -2 10 @14 specular color -4 1 1 1 @4 none @5 plain @5 color -4 0 0 0 #
render-rbase-attrib $-1 -1 $174 $62 $24 1 1 1 1 1 1 1 1 1 1 1 1 0 1 0 1 1 1 $175 $-1 0 2 0 -1 0 1 0 0 0 0 1 -36.899999999999999 52.719999999999999 0.079999999999999988 1 rotate no_reflect no_shear #
integer_attrib-name_attrib-gen-attrib $-1 -1 $176 $63 $38 2 1 1 1 1 1 1 1 1 1 1 1 1 1 0 1 1 1 @3 pid 8 #
integer_attrib-name_attrib-gen-attrib $-1 -1 $177 $-1 $64 2 0 0 1 1 1 1 1 1 1 1 1 1 1 0 1 1 1 @3 fif 0 #
face $178 -1 -1 $-1 $161 $154 $5 $-1 $179 reversed double out T -27.780000000000001 43.870000000000005 0.10999999999999339 -27.699999999999999 43.950000000000003 0.18999999999999997 F #
loop $-1 -1 -1 $-1 $-1 $180 $64 T -27.841850454240003 43.719999999999999 0.1099999999997967 -27.359999999999999 44.620000000000005 0.10999999999999979 unknown #
plane-surface $-1 -1 -1 $-1 -27.600925227120001 44.170000000000002 0.10999999999999499 1.9953018992354419e-014 0 1 0 -1 0 forward_v I I I I #
coedge $-1 -1 -1 $-1 $67 $124 $181 $182 reversed $39 $-1 #
edge $183 -1 -1 $-1 $77 0.038042195911373547 $184 0.072683212065438735 $73 $185 forward @7 unknown T -27.971754264801628 44.390000000000001 0.17499999999606325 -27.954433756722885 44.390000000000001 0.20500000000187257 #
coedge $-1 -1 -1 $-1 $88 $186 $68 $118 forward $11 $-1 #
edge $187 -1 -1 $-1 $126 -3.1415926535734613 $122 -2.0943951024109628 $117 $188 forward @7 unknown T -27.954433756729937 43.950000000000003 0.1099999999997967 -27.841850454240003 43.950000000000003 0.17499999999606325 #
coedge $-1 -1 -1 $-1 $180 $69 $74 $130 reversed $113 $-1 #
coedge $-1 -1 -1 $-1 $69 $189 $88 $151 reversed $113 $-1 #
named_attribute-st-attrib $-1 -1 $190 $-1 $70 1 1 1 1 1 1 1 1 1 1 1 1 1 1 0 1 1 1 @3 eif #
vertex $191 -1 -1 $-1 $118 $192 #
straight-curve $-1 -1 -1 $-1 -27.841850454240003 44.398800000000008 0.10999999999999979 0 -1 0 I I #
coedge $-1 -1 -1 $-1 $115 $71 $186 $193 reversed $39 $-1 #
named_attribute-st-attrib $-1 -1 $194 $-1 $72 1 1 1 1 1 1 1 1 1 1 1 1 1 1 0 1 1 1 @3 eif #
vertex $195 -1 -1 $-1 $118 $196 #
straight-curve $-1 -1 -1 $-1 -27.954433756722885 44.398800000000008 0.17500000000013491 0 -1 0 I I #
coedge $-1 -1 -1 $-1 $197 $73 $198 $199 reversed $75 $-1 #
coedge $-1 -1 -1 $-1 $74 $200 $201 $202 reversed $75 $-1 #
edge $203 -1 -1 $-1 $204 0.074074772880003081 $78 0.13592522712000488 $74 $205 forward @7 unknown T -27.841850454240003 44.390000000000001 0.1099999999997967 -27.780000000000001 44.390000000000001 0.10999999999999979 #
coedge $-1 -1 -1 $-1 $206 $197 $207 $208 forward $75 $-1 #
face $209 -1 -1 $-1 $210 $75 $5 $-1 $211 reversed double out T -28.000000000000995 44.389996562677872 0.1099999999997967 -27.780000000000001 44.390003437322129 0.30912828912406731 F #
integer_attrib-name_attrib-gen-attrib $-1 -1 $-1 $76 $44 2 1 1 1 1 1 1 1 1 1 1 1 1 1 0 1 1 1 @3 pid 8 #
integer_attrib-name_attrib-gen-attrib $-1 -1 $-1 $-1 $77 2 1 1 1 1 1 1 1 1 1 1 1 1 1 0 1 1 1 @3 pid 7 #
point $-1 -1 -1 $-1 -27.954433756729937 44.390000000000001 0.17499999999606325 #
integer_attrib-name_attrib-gen-attrib $-1 -1 $-1 $-1 $78 2 1 1 1 1 1 1 1 1 1 1 1 1 1 0 1 1 1 @3 pid 8 #
point $-1 -1 -1 $-1 -27.841850454240003 44.390000000000001 0.1099999999997967 #
coedge $-1 -1 -1 $-1 $186 $80 $212 $213 forward $11 $-1 #
edge $214 -1 -1 $-1 $144 0 $215 0.081445793039920084 $80 $216 forward @7 unknown T -28.000000000022958 43.949999999977045 0.22767945956044078 -27.999999999977042 43.95000000002296 0.30912525263216917 #
coedge $-1 -1 -1 $-1 $207 $81 $84 $147 reversed $142 $-1 #
coedge $-1 -1 -1 $-1 $81 $217 $-1 $218 reversed $142 $-1 #
loop $-1 -1 -1 $-1 $-1 $217 $219 T -28.011455448272809 43.949061209099035 0.24500000000228123 -27.902472232499616 44.390938796642679 0.31007996388747083 unknown #
named_attribute-st-attrib $-1 -1 $220 $-1 $82 1 1 1 1 1 1 1 1 1 1 1 1 1 1 0 1 1 1 @3 eif #
vertex $221 -1 -1 $-1 $139 $222 #
ellipse-curve $-1 -1 -1 $-1 -28.015055534989997 43.950000000000003 0.17999999999999999 0 -1 0 0 0 -0.13 1 I I #
coedge $-1 -1 -1 $-1 $84 $83 $206 $223 reversed $65 $-1 #
edge $224 -1 -1 $-1 $225 -0.45028642674299135 $86 -0.010286426742993626 $140 $226 reversed @7 tangent T -27.902472232500443 43.950000000000003 0.24500000000228123 -27.902472232499616 44.390000000000001 0.24500000000275995 #
integer_attrib-name_attrib-gen-attrib $-1 -1 $-1 $85 $47 2 1 1 1 1 1 1 1 1 1 1 1 1 1 0 1 1 1 @3 pid 7 #
integer_attrib-name_attrib-gen-attrib $-1 -1 $-1 $-1 $86 2 1 1 1 1 1 1 1 1 1 1 1 1 1 0 1 1 1 @3 pid 5 #
point $-1 -1 -1 $-1 -27.902472232499616 43.950000000000003 0.24500000000275995 #
edge $227 -1 -1 $-1 $122 -0.13592522712000488 $156 -0.074074772880003081 $120 $228 forward @7 unknown T -27.841850454240003 43.950000000000003 0.1099999999997967 -27.780000000000001 43.950000000000003 0.10999999999999979 #
coedge $-1 -1 -1 $-1 $229 $89 $189 $230 forward $154 $-1 #
coedge $-1 -1 -1 $-1 $89 $229 $91 $159 reversed $154 $-1 #
loop $-1 -1 -1 $-1 $-1 $89 $112 T -27.780000000000001 43.870000000000005 0.10999999999999339 -27.699999999999999 43.950000000000003 0.18999999999999997 unknown #
named_attribute-st-attrib $-1 -1 $231 $-1 $90 1 1 1 1 1 1 1 1 1 1 1 1 1 1 0 1 1 1 @3 eif #
vertex $232 -1 -1 $-1 $230 $233 #
straight-curve $-1 -1 -1 $-1 -27.780000000000001 43.950000000000003 0.19169128901310001 0 0 -1 I I #
coedge $-1 -1 -1 $-1 $234 $91 $235 $236 reversed $93 $-1 #
edge $237 -1 -1 $-1 $95 0 $238 1.5707963267948966 $153 $239 forward @7 unknown T -27.780000000000001 43.870000000000005 0.18999999999999997 -27.700000000000003 43.950000000000003 0.18999999999999997 #
coedge $-1 -1 -1 $-1 $92 $240 $200 $241 forward $93 $-1 #
face $242 -1 -1 $-1 $243 $93 $5 $-1 $244 forward double out T -27.841850454239999 43.719999999999999 0.18999999999979145 -27.359999999999999 44.620000000000005 0.19 F #
integer_attrib-name_attrib-gen-attrib $-1 -1 $-1 $94 $50 2 1 1 1 1 1 1 1 1 1 1 1 1 1 0 1 1 1 @3 pid 13 #
integer_attrib-name_attrib-gen-attrib $-1 -1 $-1 $-1 $95 2 1 1 1 1 1 1 1 1 1 1 1 1 1 0 1 1 1 @3 pid 10 #
point $-1 -1 -1 $-1 -27.780000000000001 43.950000000000003 0.18999999999999997 #
coedge $-1 -1 -1 $-1 $200 $206 $97 $166 reversed $75 $-1 #
edge $245 -1 -1 $-1 $168 2.0943951024092389 $171 3.1415926535813687 $165 $246 reversed @7 unknown T -27.885151724428791 44.390000000000001 0.18999999999979145 -27.841850454239999 44.390000000000001 0.21499999999883623 #
named_attribute-st-attrib $-1 -1 $247 $-1 $98 1 1 1 1 1 1 1 1 1 1 1 1 1 1 0 1 1 1 @3 eif #
vertex $248 -1 -1 $-1 $166 $249 #
straight-curve $-1 -1 -1 $-1 -27.841850454239999 44.398800000000008 0.18999999999999997 0 -1 0 I I #
named_attribute-st-attrib $-1 -1 $250 $-1 $99 1 1 1 1 1 1 1 1 1 1 1 1 1 1 0 1 1 1 @3 eif #
vertex $251 -1 -1 $-1 $166 $252 #
straight-curve $-1 -1 -1 $-1 -27.885151724423533 44.398800000000008 0.21500000000186956 0 -1 0 I I #
string_attrib-name_attrib-gen-attrib $-1 -1 $-1 $107 $16 2 1 2 1 1 1 1 1 1 1 1 1 1 1 0 1 1 1 @15 ATTRIB_XACIS_ID @5 41009 #
rgb_color-st-attrib $-1 -1 $253 $109 $24 2 1 2 1 1 1 1 1 1 1 1 1 1 1 0 1 1 1 0.93699997663497925 0.7850000262260437 0 #
rh_material-rh_entity $-1 -1 4 4 @5 plain @5 color -4 1 1 1 @5 phong @14 ambient factor -2 1 @14 diffuse factor -2 0.75 @15 specular factor -2 0.5 @8 exponent -2 10 @14 specular color -4 1 1 1 @4 none @5 plain @5 color -4 0 0 0 #
render-rbase-attrib $-1 -1 $254 $110 $38 1 1 1 1 1 1 1 1 1 1 1 1 0 1 0 1 1 1 $255 $-1 0 2 0 -1 0 1 0 0 0 0 1 -36.899999999999999 52.719999999999999 0.079999999999999988 1 rotate no_reflect no_shear #
integer_attrib-name_attrib-gen-attrib $-1 -1 $256 $111 $64 2 1 1 1 1 1 1 1 1 1 1 1 1 1 0 1 1 1 @3 pid 10 #
integer_attrib-name_attrib-gen-attrib $-1 -1 $257 $-1 $112 2 0 0 1 1 1 1 1 1 1 1 1 1 1 0 1 1 1 @3 fif 0 #
cone-surface $-1 -1 -1 $-1 -27.780000000000001 43.870000000000005 0.19169128901310001 0 0 -1 0 0.080000000000000071 0 1 I I -0 1 0.080000000000000071 reversed I I I I #
coedge $-1 -1 -1 $-1 $258 $119 $259 $260 reversed $113 $-1 #
coedge $-1 -1 -1 $-1 $212 $198 $115 $182 forward $261 $-1 #
edge $262 -1 -1 $-1 $184 -0.45028663105199485 $263 -0.010286631051997119 $115 $264 reversed @7 tangent T -27.971754264801628 43.950000000000003 0.2050000000014747 -27.971754264800939 44.390000000000001 0.20500000000187235 #
named_attribute-st-attrib $-1 -1 $265 $-1 $116 1 1 1 1 1 1 1 1 1 1 1 1 1 1 0 1 1 1 @3 eif #
vertex $266 -1 -1 $-1 $199 $267 #
straight-curve $-1 -1 -1 $-1 -27.935412658766076 44.390000000000001 0.14205449192578889 -0.50000000002949907 0 0.86602540376740744 I I #
coedge $-1 -1 -1 $-1 $117 $138 $124 $193 forward $11 $-1 #
named_attribute-st-attrib $-1 -1 $268 $-1 $118 1 1 1 1 1 1 1 1 1 1 1 1 1 1 0 1 1 1 @3 eif #
ellipse-curve $-1 -1 -1 $-1 -27.841850454239999 43.950000000000003 0.23999999999999999 0 -1 0 0.11258330249099997 0 0.065000000002098865 1 I I #
coedge $-1 -1 -1 $-1 $120 $269 $152 $230 reversed $113 $-1 #
integer_attrib-name_attrib-gen-attrib $-1 -1 $-1 $121 $70 2 1 1 1 1 1 1 1 1 1 1 1 1 1 0 1 1 1 @3 pid 9 #
integer_attrib-name_attrib-gen-attrib $-1 -1 $-1 $-1 $122 2 1 1 1 1 1 1 1 1 1 1 1 1 1 0 1 1 1 @3 pid 3 #
point $-1 -1 -1 $-1 -27.841850454240003 43.950000000000003 0.1099999999997967 #
edge $270 -1 -1 $-1 $263 -0.072683212065438513 $126 -0.038042195911373547 $186 $271 reversed @7 unknown T -27.971754264800939 43.950000000000003 0.17499999999606325 -27.954433756722885 43.950000000000003 0.20500000000187238 #
integer_attrib-name_attrib-gen-attrib $-1 -1 $-1 $125 $72 2 1 1 1 1 1 1 1 1 1 1 1 1 1 0 1 1 1 @3 pid 10 #
integer_attrib-name_attrib-gen-attrib $-1 -1 $-1 $-1 $126 2 1 1 1 1 1 1 1 1 1 1 1 1 1 0 1 1 1 @3 pid 2 #
point $-1 -1 -1 $-1 -27.954433756729937 43.950000000000003 0.17499999999606325 #
coedge $-1 -1 -1 $-1 $131 $128 $-1 $272 reversed $75 $-1 #
coedge $-1 -1 -1 $-1 $181 $273 $128 $199 forward $261 $-1 #
edge $274 -1 -1 $-1 $275 -2.8357354563063089 $184 -2.0943951024272778 $128 $276 reversed @7 unknown T -28.000000000000995 44.389999999999006 0.2050000000014747 -27.971754264801628 44.390000000000995 0.22767945958439351 #
coedge $-1 -1 -1 $-1 $129 $165 $160 $241 reversed $75 $-1 #
coedge $-1 -1 -1 $-1 $277 $259 $129 $202 forward $278 $-1 #
edge $279 -1 -1 $-1 $204 -0.081691289013101437 $280 -0.0016912890131000335 $129 $281 reversed @7 tangent T -27.780000000000001 44.390000000000001 0.10999999999999857 -27.780000000000001 44.390000000000001 0.18999999999999997 #
named_attribute-st-attrib $-1 -1 $282 $-1 $130 1 1 1 1 1 1 1 1 1 1 1 1 1 1 0 1 1 1 @3 eif #
vertex $283 -1 -1 $-1 $130 $284 #
straight-curve $-1 -1 -1 $-1 -27.705925227119998 44.390000000000001 0.10999999999999709 -1 0 1.9953018992354419e-014 I I #
coedge $-1 -1 -1 $-1 $165 $131 $146 $223 forward $75 $-1 #
coedge $-1 -1 -1 $-1 $285 $140 $131 $208 reversed $142 $-1 #
edge $286 -1 -1 $-1 $287 -3.0254937655271625 $225 -2.094395102417721 $207 $288 forward @7 unknown T -27.999999999999005 44.389996562677872 0.24500000000275995 -27.902472232499616 44.390003437322129 0.30912828912406731 #
integer_attrib-name_attrib-gen-attrib $-1 -1 $289 $-1 $132 2 0 0 1 1 1 1 1 1 1 1 1 1 1 0 1 1 1 @3 fif 0 #
face $290 -1 -1 $-1 $291 $292 $5 $-1 $293 forward double out T -28.079999999999998 44.469999999999999 0.22999999999999998 -28.079999999999998 44.577519231907281 0.30999999999999994 F #
plane-surface $-1 -1 -1 $-1 -27.810925227119998 44.390000000000001 0.15000000000002001 0 -1 0 1 0 0 forward_v I I I I #
coedge $-1 -1 -1 $-1 $294 $181 $138 $213 reversed $261 $-1 #
edge $295 -1 -1 $-1 $215 -2.8357354563063089 $263 -2.0943951024272742 $138 $296 reversed @7 unknown T -28.000000000022958 43.949999999977045 0.20500000000147564 -27.971754264800939 43.95000000002296 0.22767945960635672 #
named_attribute-st-attrib $-1 -1 $297 $-1 $139 1 1 1 1 1 1 1 1 1 1 1 1 1 1 0 1 1 1 @3 eif #
tvertex-vertex $298 -1 -1 $-1 $139 $299 2.2957976047561818e-011 #
straight-curve $-1 -1 -1 $-1 -28.000000000020577 43.950000000000003 0.30912525263216917 0 0 -1 F 0 F 0.081445793039920084 #
coedge $-1 -1 -1 $-1 $141 $300 $301 $302 reversed $142 $-1 #
edge $303 -1 -1 $-1 $144 -3.9843947567067096e-007 $304 0.0037851174347847552 $141 $305 forward @7 unknown T -28.003792713811173 43.949883968949059 0.30912525263011775 -28.000000000020577 43.950000000000003 0.30953617946127798 #
face $306 -1 -1 $-1 $307 $142 $5 $-1 $308 forward double out T -28.011455448272809 43.949061209099035 0.24500000000228123 -27.902472232499616 44.390938796642679 0.31007996388747083 F #
integer_attrib-name_attrib-gen-attrib $-1 -1 $-1 $143 $82 2 1 1 1 1 1 1 1 1 1 1 1 1 1 0 1 1 1 @3 pid 18 #
integer_attrib-name_attrib-gen-attrib $-1 -1 $-1 $-1 $144 2 1 1 1 1 1 1 1 1 1 1 1 1 1 0 1 1 1 @3 pid 14 #
point $-1 -1 -1 $-1 -28.000000000020577 43.950000000000003 0.30912525263216917 #
edge $309 -1 -1 $-1 $225 -0.072683212065816044 $171 -0.038042195913471535 $146 $310 forward @7 unknown T -27.902472232500443 44.390000000000001 0.2149999999988349 -27.885151724423537 44.390000000000001 0.24500000000275995 #
named_attribute-st-attrib $-1 -1 $311 $-1 $147 1 1 1 1 1 1 1 1 1 1 1 1 1 1 0 1 1 1 @3 eif #
vertex $312 -1 -1 $-1 $208 $313 #
straight-curve $-1 -1 -1 $-1 -27.902472232500443 43.939713573257009 0.24500000000228123 0 1 0 I I #
named_attribute-st-attrib $-1 -1 $314 $-1 $151 1 1 1 1 1 1 1 1 1 1 1 1 1 1 0 1 1 1 @3 eif #
straight-curve $-1 -1 -1 $-1 -27.705925227119998 43.950000000000003 0.10999999999999709 1 0 -1.9953018992354419e-014 I I #
coedge $-1 -1 -1 $-1 $153 $152 $315 $316 forward $154 $-1 #
edge $317 -1 -1 $-1 $156 0 $318 1.5707963267948966 $152 $319 forward @7 unknown T -27.780000000000001 43.870000000000005 0.10999999999999339 -27.700000000000003 43.950000000000003 0.10999999999999499 #
integer_attrib-name_attrib-gen-attrib $-1 -1 $-1 $155 $90 2 1 1 1 1 1 1 1 1 1 1 1 1 1 0 1 1 1 @3 pid 12 #
integer_attrib-name_attrib-gen-attrib $-1 -1 $-1 $-1 $156 2 1 1 1 1 1 1 1 1 1 1 1 1 1 0 1 1 1 @3 pid 9 #
point $-1 -1 -1 $-1 -27.780000000000001 43.950000000000003 0.10999999999999499 #
coedge $-1 -1 -1 $-1 $320 $158 $321 $322 forward $93 $-1 #
coedge $-1 -1 -1 $-1 $315 $323 $158 $236 forward $324 $-1 #
edge $325 -1 -1 $-1 $326 -0.26250000000000284 $238 -0.11249999999999716 $158 $327 forward @7 unknown T -27.700000000000003 43.719999999999999 0.18999999999999995 -27.699999999999999 43.870000000000005 0.18999999999999997 #
named_attribute-st-attrib $-1 -1 $328 $-1 $159 1 1 1 1 1 1 1 1 1 1 1 1 1 1 0 1 1 1 @3 eif #
vertex $329 -1 -1 $-1 $159 $330 #
ellipse-curve $-1 -1 -1 $-1 -27.780000000000001 43.870000000000005 0.18999999999999997 -0 -0 -1 0 0.080000000000000071 0 1 I I #
coedge $-1 -1 -1 $-1 $160 $331 $277 $332 forward $93 $-1 #
edge $333 -1 -1 $-1 $280 0.074074772880003081 $168 0.13592522712000132 $200 $334 forward @7 unknown T -27.841850454239999 44.390000000000001 0.18999999999979145 -27.780000000000001 44.390000000000001 0.18999999999999997 #
integer_attrib-name_attrib-gen-attrib $-1 -1 $335 $-1 $161 2 0 0 1 1 1 1 1 1 1 1 1 1 1 0 1 1 1 @3 fif 0 #
face $336 -1 -1 $-1 $219 $261 $5 $-1 $337 reversed double out T -28.015171730357363 43.948454351698096 0.2050000000014747 -27.971754264800939 44.391545648301907 0.23011619536736208 F #
plane-surface $-1 -1 -1 $-1 -27.600925227120001 44.170000000000002 0.18999999999999997 0 0 1 0 -1 0 forward_v I I I I #
named_attribute-st-attrib $-1 -1 $338 $-1 $166 1 1 1 1 1 1 1 1 1 1 1 1 1 1 0 1 1 1 @3 eif #
ellipse-curve $-1 -1 -1 $-1 -27.841850454239999 44.390000000000001 0.23999999999999999 0 -1 0 0.043301270189001449 0 0.025000000000798977 1 I I #
integer_attrib-name_attrib-gen-attrib $-1 -1 $-1 $167 $98 2 1 1 1 1 1 1 1 1 1 1 1 1 1 0 1 1 1 @3 pid 14 #
integer_attrib-name_attrib-gen-attrib $-1 -1 $-1 $-1 $168 2 1 1 1 1 1 1 1 1 1 1 1 1 1 0 1 1 1 @3 pid 11 #
point $-1 -1 -1 $-1 -27.841850454239999 44.390000000000001 0.18999999999979145 #
integer_attrib-name_attrib-gen-attrib $-1 -1 $-1 $170 $99 2 1 1 1 1 1 1 1 1 1 1 1 1 1 0 1 1 1 @3 pid 16 #
integer_attrib-name_attrib-gen-attrib $-1 -1 $-1 $-1 $171 2 1 1 1 1 1 1 1 1 1 1 1 1 1 0 1 1 1 @3 pid 12 #
point $-1 -1 -1 $-1 -27.885151724428791 44.390000000000001 0.2149999999988349 #
string_attrib-name_attrib-gen-attrib $-1 -1 $-1 $174 $24 2 1 2 1 1 1 1 1 1 1 1 1 1 1 0 1 1 1 @15 ATTRIB_XACIS_ID @5 45107 #
rgb_color-st-attrib $-1 -1 $339 $176 $38 2 1 2 1 1 1 1 1 1 1 1 1 1 1 0 1 1 1 0.93699997663497925 0.7850000262260437 0 #
rh_material-rh_entity $-1 -1 4 4 @5 plain @5 color -4 1 1 1 @5 phong @14 ambient factor -2 1 @14 diffuse factor -2 0.75 @15 specular factor -2 0.5 @8 exponent -2 10 @14 specular color -4 1 1 1 @4 none @5 plain @5 color -4 0 0 0 #
render-rbase-attrib $-1 -1 $340 $177 $64 1 1 1 1 1 1 1 1 1 1 1 1 0 1 0 1 1 1 $341 $-1 0 2 0 -1 0 1 0 0 0 0 1 -36.899999999999999 52.719999999999999 0.079999999999999988 1 rotate no_reflect no_shear #
integer_attrib-name_attrib-gen-attrib $-1 -1 $342 $178 $112 2 1 1 1 1 1 1 1 1 1 1 1 1 1 0 1 1 1 @3 pid 11 #
coedge $-1 -1 -1 $-1 $343 $180 $344 $345 reversed $113 $-1 #
coedge $-1 -1 -1 $-1 $201 $346 $180 $260 forward $278 $-1 #
edge $347 -1 -1 $-1 $348 -0 $204 1.5707963267948966 $180 $349 reversed @7 unknown T -27.780000000000001 44.390000000000001 0.10999999999999499 -27.699999999999999 44.469999999999999 0.10999999999999857 #
loop $-1 -1 -1 $-1 $-1 $181 $243 T -28.015171730357363 43.948454351698096 0.2050000000014747 -27.971754264800939 44.391545648301907 0.23011619536736208 unknown #
named_attribute-st-attrib $-1 -1 $350 $-1 $182 1 1 1 1 1 1 1 1 1 1 1 1 1 1 0 1 1 1 @3 eif #
vertex $351 -1 -1 $-1 $193 $352 #
straight-curve $-1 -1 -1 $-1 -27.971754264800939 43.939713368948006 0.20500000000187235 0 1 0 I I #
integer_attrib-name_attrib-gen-attrib $-1 -1 $-1 $183 $116 2 1 1 1 1 1 1 1 1 1 1 1 1 1 0 1 1 1 @3 pid 20 #
integer_attrib-name_attrib-gen-attrib $-1 -1 $-1 $-1 $184 2 1 1 1 1 1 1 1 1 1 1 1 1 1 0 1 1 1 @3 pid 15 #
point $-1 -1 -1 $-1 -27.971754264801628 44.390000000000001 0.2050000000014747 #
integer_attrib-name_attrib-gen-attrib $-1 -1 $-1 $187 $118 2 1 1 1 1 1 1 1 1 1 1 1 1 1 0 1 1 1 @3 pid 2 #
coedge $-1 -1 -1 $-1 $189 $353 $354 $355 reversed $113 $-1 #
named_attribute-st-attrib $-1 -1 $356 $-1 $193 1 1 1 1 1 1 1 1 1 1 1 1 1 1 0 1 1 1 @3 eif #
straight-curve $-1 -1 -1 $-1 -27.935412658766076 43.950000000000003 0.14205449192578889 -0.50000000002949907 0 0.86602540376740744 I I #
edge $357 -1 -1 $-1 $287 4.0082542107633401e-007 $275 0.081445793043961379 $197 $358 forward @7 unknown T -28.000000000000995 44.389996562677872 0.22767945958240399 -27.999993125354749 44.390003437322129 0.30912828912406731 #
coedge $-1 -1 -1 $-1 $198 $359 $360 $361 forward $261 $-1 #
named_attribute-st-attrib $-1 -1 $362 $-1 $199 1 1 1 1 1 1 1 1 1 1 1 1 1 1 0 1 1 1 @3 eif #
tvertex-vertex $363 -1 -1 $-1 $272 $364 9.9475983006414026e-013 #
ellipse-curve $-1 -1 -1 $-1 -28.015055534989997 44.390000000000001 0.17999999999999999 0 -1 0 0 0 -0.049999999999999996 1 I I #
coedge $-1 -1 -1 $-1 $346 $201 $240 $332 reversed $278 $-1 #
loop $-1 -1 -1 $-1 $-1 $346 $307 T -27.780000000000001 44.390000000000001 0.10999999999999499 -27.699999999999999 44.469999999999999 0.18999999999999997 unknown #
named_attribute-st-attrib $-1 -1 $365 $-1 $202 1 1 1 1 1 1 1 1 1 1 1 1 1 1 0 1 1 1 @3 eif #
vertex $366 -1 -1 $-1 $241 $367 #
straight-curve $-1 -1 -1 $-1 -27.780000000000001 44.390000000000001 0.19169128901310001 0 0 -1 I I #
integer_attrib-name_attrib-gen-attrib $-1 -1 $-1 $203 $130 2 1 1 1 1 1 1 1 1 1 1 1 1 1 0 1 1 1 @3 pid 33 #
integer_attrib-name_attrib-gen-attrib $-1 -1 $-1 $-1 $204 2 1 1 1 1 1 1 1 1 1 1 1 1 1 0 1 1 1 @3 pid 17 #
point $-1 -1 -1 $-1 -27.780000000000001 44.390000000000001 0.10999999999999857 #
coedge $-1 -1 -1 $-1 $368 $207 $-1 $369 reversed $142 $-1 #
named_attribute-st-attrib $-1 -1 $370 $-1 $208 1 1 1 1 1 1 1 1 1 1 1 1 1 1 0 1 1 1 @3 eif #
tvertex-vertex $371 -1 -1 $-1 $208 $372 3.4373221282635313e-006 #
ellipse-curve $-1 -1 -1 $-1 -28.015055534989997 44.390000000000001 0.17999999999999999 -0 1 -0 0 0 -0.13 1 I I #
integer_attrib-name_attrib-gen-attrib $-1 -1 $373 $209 $132 2 1 1 1 1 1 1 1 1 1 1 1 1 1 0 1 1 1 @3 pid 26 #
integer_attrib-name_attrib-gen-attrib $-1 -1 $374 $-1 $210 2 0 0 1 1 1 1 1 1 1 1 1 1 1 0 1 1 1 @3 fif 0 #
face $375 -1 -1 $-1 $376 $377 $5 $-1 $378 reversed double out T -28.079999999999998 44.391429447851898 0.22999999491735554 -28.015055529907354 44.469999999999999 0.3100000000000207 F #
loop $-1 -1 -1 $-1 $-1 $379 $210 T -28.079999999999998 44.469999999999999 0.22999999999999998 -28.079999999999998 44.577519231907281 0.30999999999999994 unknown #
plane-surface $-1 -1 -1 $-1 -28.079999999999998 44.523759615953502 0.27000000000000002 1 0 0 0 1 0 forward_v I I I I #
coedge $-1 -1 -1 $-1 $359 $212 $380 $381 reversed $261 $-1 #
named_attribute-st-attrib $-1 -1 $382 $-1 $213 1 1 1 1 1 1 1 1 1 1 1 1 1 1 0 1 1 1 @3 eif #
ellipse-curve $-1 -1 -1 $-1 -28.015055534989997 43.950000000000003 0.17999999999999999 0 -1 0 0 0 -0.049999999999999996 1 I I #
integer_attrib-name_attrib-gen-attrib $-1 -1 $-1 $214 $139 2 1 1 1 1 1 1 1 1 1 1 1 1 1 0 1 1 1 @3 pid 19 #
integer_attrib-name_attrib-gen-attrib $-1 -1 $-1 $-1 $215 2 1 1 1 1 1 1 1 1 1 1 1 1 1 0 1 1 1 @3 pid 13 #
point $-1 -1 -1 $-1 -28 43.950000000000003 0.22767945958339875 #
coedge $-1 -1 -1 $-1 $217 $368 $-1 $383 reversed $142 $-1 #
coedge $-1 -1 -1 $-1 $384 $385 $217 $302 forward $386 $-1 #
edge $387 -1 -1 $-1 $304 -0.11886285416208495 $388 -0.11142513073369947 $217 $389 forward @7 unknown T -28.011455408110283 43.949061209099035 0.30937521715143196 -28.00363175150131 43.950044931258908 0.31007996273349669 #
named_attribute-st-attrib $-1 -1 $390 $-1 $218 1 1 1 1 1 1 1 1 1 1 1 1 1 1 0 1 1 1 @3 eif #
tvertex-vertex $391 -1 -1 $-1 $218 $392 2.7370612982983461e-005 #
intcurve-curve $-1 -1 -1 $-1 forward { parcur summary 3 9 -3.9843947567067096e-007 0.00075670473537641446 0.0011352563228024569 0.0018923594976545423 0.0022709110850805845 
	0.0026494626725066272 0.0030280142599326699 0.0034065658473587126 0.0037851174347847552 0 OPEN 
	cone -28.015055534989997 43.939713573257002 0.17999999999999999 0 1 0 0 0 -0.13 1 I I -0 1 0.13 reversed I I I I 
	null_surface 
	nubs 5 open 11 
	-3.9843947567067096e-007 5 0.00037815314795037189 1 0.00075670473537641446 3 0.0011352563228024569 3 0.0015138079102284996 1 
	0.0018923594976545423 3 0.0022709110850805845 3 0.0026494626725066272 3 0.0030280142599326699 3 0.0034065658473587126 3 
	0.0037851174347847552 5 
	-0.079126359561544082 -3.0255203857985906 
	-0.079112719494239925 -3.0261026053643598 
	-0.079085439359607351 -3.0272670691711965 
	-0.079058159225126434 -3.0284315790415879 
	-0.079030879089986045 -3.0295961283984947 
	-0.078989958888094819 -3.0313430017972633 
	-0.078962678753318416 -3.0325076136813292 
	-0.078949038685919626 -3.0330899262054993 
	-0.078921758551117382 -3.0342545627728077 
	-0.078880838348912866 -3.0360015472446533 
	-0.078853558214117672 -3.0371662200157972 
	-0.078826278079195303 -3.0383309026610781 
	-0.078785357876945183 -3.0400779315663664 
	-0.078758077742093507 -3.0412426175031686 
	-0.078744437674643009 -3.0418249596486997 
	-0.078717157539804045 -3.0429896406483743 
	-0.078689877405000441 -3.044154311773942 
	-0.078676237337585317 -3.0447366440453645 
	-0.078648957202772332 -3.0459013003599504 
	-0.078621677068020257 -3.0470659369272357 
	-0.078608037000666028 -3.0476482494513575 
	-0.078580756865905141 -3.0488128613354246 
	-0.078553476731193048 -3.0499774436011799 
	-0.078539836663887613 -3.0505597265069904 
	-0.078512556529201083 -3.0517242742196471 
	-0.078485276394486686 -3.0528887824457471 
	-0.078471636327153371 -3.0534710258650022 
	-0.078457996259852669 -3.054053257768429 
	-0.078444356192564915 -3.054635477334207 
	
	nullbs 
	-1 
	-1 
	I I 
	0 
	0 
	7 0.00075670473537641446 0.0011352563228024569 0.0018923594976545423 0.0022709110850805845 0.0026494626725066272 0.0030280142599326699 0.0034065658473587126 
	
	-1 
	none F surf1 } I I #
integer_attrib-name_attrib-gen-attrib $-1 -1 $393 $-1 $219 2 0 0 1 1 1 1 1 1 1 1 1 1 1 0 1 1 1 @3 fif 0 #
face $394 -1 -1 $-1 $395 $278 $5 $-1 $396 reversed double out T -27.780000000000001 44.390000000000001 0.10999999999999499 -27.699999999999999 44.469999999999999 0.18999999999999997 F #
cone-surface $-1 -1 -1 $-1 -28.015055534989997 43.939713573257002 0.17999999999999999 0 1 0 0 0 -0.13 1 I I -0 1 0.13 reversed I I I I #
named_attribute-st-attrib $-1 -1 $397 $-1 $223 1 1 1 1 1 1 1 1 1 1 1 1 1 1 0 1 1 1 @3 eif #
straight-curve $-1 -1 -1 $-1 -27.866130626465992 44.390000000000001 0.1820544919255247 0.5000000000212258 0 -0.86602540377218407 I I #
integer_attrib-name_attrib-gen-attrib $-1 -1 $-1 $224 $147 2 1 1 1 1 1 1 1 1 1 1 1 1 1 0 1 1 1 @3 pid 23 #
integer_attrib-name_attrib-gen-attrib $-1 -1 $-1 $-1 $225 2 1 1 1 1 1 1 1 1 1 1 1 1 1 0 1 1 1 @3 pid 16 #
point $-1 -1 -1 $-1 -27.902472232499616 44.390000000000001 0.24500000000275995 #
integer_attrib-name_attrib-gen-attrib $-1 -1 $-1 $227 $151 2 1 1 1 1 1 1 1 1 1 1 1 1 1 0 1 1 1 @3 pid 11 #
coedge $-1 -1 -1 $-1 $354 $235 $229 $316 reversed $324 $-1 #
edge $398 -1 -1 $-1 $318 -0.081691289013106613 $238 -0.0016912890131000335 $229 $399 reversed @7 tangent T -27.700000000000003 43.870000000000005 0.10999999999999339 -27.699999999999999 43.870000000000005 0.18999999999999997 #
named_attribute-st-attrib $-1 -1 $400 $-1 $230 1 1 1 1 1 1 1 1 1 1 1 1 1 1 0 1 1 1 @3 eif #
vertex $401 -1 -1 $-1 $316 $402 #
ellipse-curve $-1 -1 -1 $-1 -27.780000000000001 43.870000000000005 0.10999999999999499 -1.9953018992354419e-014 -0 -1 0 0.080000000000000071 0 1 I I #
coedge $-1 -1 -1 $-1 $403 $234 $404 $405 reversed $93 $-1 #
coedge $-1 -1 -1 $-1 $406 $407 $234 $322 reversed $408 $-1 #
edge $409 -1 -1 $-1 $326 -0.13453738643999813 $410 0.20546261356000173 $321 $411 reversed @7 unknown T -27.699999999999999 43.719999999999999 0.18999999999999997 -27.359999999999999 43.719999999999999 0.18999999999999997 #
coedge $-1 -1 -1 $-1 $235 $354 $406 $412 forward $324 $-1 #
loop $-1 -1 -1 $-1 $-1 $315 $413 T -27.700000000000003 43.719999999999999 0.10999999999999339 -27.699999999999999 43.870000000000005 0.18999999999999997 unknown #
named_attribute-st-attrib $-1 -1 $414 $-1 $236 1 1 1 1 1 1 1 1 1 1 1 1 1 1 0 1 1 1 @3 eif #
vertex $415 -1 -1 $-1 $322 $416 #
straight-curve $-1 -1 -1 $-1 -27.699999999999999 43.982500000000002 0.18999999999999995 0 1 0 I I #
integer_attrib-name_attrib-gen-attrib $-1 -1 $-1 $237 $159 2 1 1 1 1 1 1 1 1 1 1 1 1 1 0 1 1 1 @3 pid 35 #
integer_attrib-name_attrib-gen-attrib $-1 -1 $-1 $-1 $238 2 1 1 1 1 1 1 1 1 1 1 1 1 1 0 1 1 1 @3 pid 24 #
point $-1 -1 -1 $-1 -27.700000000000003 43.870000000000005 0.18999999999999997 #
coedge $-1 -1 -1 $-1 $240 $403 $417 $418 reversed $93 $-1 #
edge $419 -1 -1 $-1 $420 0 $280 1.5707963267948966 $277 $421 forward @7 unknown T -27.780000000000001 44.390000000000001 0.18999999999999997 -27.700000000000003 44.469999999999999 0.18999999999999997 #
named_attribute-st-attrib $-1 -1 $422 $-1 $241 1 1 1 1 1 1 1 1 1 1 1 1 1 1 0 1 1 1 @3 eif #
straight-curve $-1 -1 -1 $-1 -27.705925227119998 44.390000000000001 0.18999999999999997 -1 0 0 I I #
integer_attrib-name_attrib-gen-attrib $-1 -1 $423 $242 $161 2 1 1 1 1 1 1 1 1 1 1 1 1 1 0 1 1 1 @3 pid 12 #
integer_attrib-name_attrib-gen-attrib $-1 -1 $424 $-1 $243 2 0 0 1 1 1 1 1 1 1 1 1 1 1 0 1 1 1 @3 fif 0 #
cone-surface $-1 -1 -1 $-1 -28.015055534989997 43.939713368947999 0.17999999999999999 0 1 0 0 0 -0.049999999999999996 1 I I -0 1 0.049999999999999996 reversed I I I I #
integer_attrib-name_attrib-gen-attrib $-1 -1 $-1 $245 $166 2 1 1 1 1 1 1 1 1 1 1 1 1 1 0 1 1 1 @3 pid 15 #
string_attrib-name_attrib-gen-attrib $-1 -1 $-1 $254 $38 2 1 2 1 1 1 1 1 1 1 1 1 1 1 0 1 1 1 @15 ATTRIB_XACIS_ID @5 41168 #
rgb_color-st-attrib $-1 -1 $425 $256 $64 2 1 2 1 1 1 1 1 1 1 1 1 1 1 0 1 1 1 0.93699997663497925 0.7850000262260437 0 #
rh_material-rh_entity $-1 -1 4 4 @5 plain @5 color -4 1 1 1 @5 phong @14 ambient factor -2 1 @14 diffuse factor -2 0.75 @15 specular factor -2 0.5 @8 exponent -2 10 @14 specular color -4 1 1 1 @4 none @5 plain @5 color -4 0 0 0 #
render-rbase-attrib $-1 -1 $426 $257 $112 1 1 1 1 1 1 1 1 1 1 1 1 0 1 0 1 1 1 $427 $-1 0 2 0 -1 0 1 0 0 0 0 1 -36.899999999999999 52.719999999999999 0.079999999999999988 1 rotate no_reflect no_shear #
coedge $-1 -1 -1 $-1 $428 $258 $429 $430 reversed $113 $-1 #
coedge $-1 -1 -1 $-1 $431 $432 $258 $345 forward $433 $-1 #
edge $434 -1 -1 $-1 $435 -0.26250000000000284 $348 -0.11249999999999716 $258 $436 reversed @7 unknown T -27.699999999999999 44.469999999999999 0.10999999999999696 -27.699999999999999 44.620000000000005 0.10999999999999696 #
coedge $-1 -1 -1 $-1 $259 $277 $431 $437 forward $278 $-1 #
named_attribute-st-attrib $-1 -1 $438 $-1 $260 1 1 1 1 1 1 1 1 1 1 1 1 1 1 0 1 1 1 @3 eif #
vertex $439 -1 -1 $-1 $345 $440 #
ellipse-curve $-1 -1 -1 $-1 -27.780000000000001 44.469999999999999 0.10999999999999499 1.9953018992354419e-014 0 1 0.080000000000000071 0 0 1 I I #
integer_attrib-name_attrib-gen-attrib $-1 -1 $-1 $262 $182 2 1 1 1 1 1 1 1 1 1 1 1 1 1 0 1 1 1 @3 pid 21 #
integer_attrib-name_attrib-gen-attrib $-1 -1 $-1 $-1 $263 2 1 1 1 1 1 1 1 1 1 1 1 1 1 0 1 1 1 @3 pid 6 #
point $-1 -1 -1 $-1 -27.971754264800939 43.950000000000003 0.20500000000187235 #
coedge $-1 -1 -1 $-1 $269 $428 $441 $442 reversed $113 $-1 #
coedge $-1 -1 -1 $-1 $323 $315 $269 $355 forward $324 $-1 #
edge $443 -1 -1 $-1 $318 0.11249999999999716 $444 0.26250000000000284 $269 $445 reversed @7 unknown T -27.700000000000003 43.719999999999999 0.10999999999999339 -27.699999999999999 43.870000000000005 0.10999999999999696 #
integer_attrib-name_attrib-gen-attrib $-1 -1 $-1 $270 $193 2 1 1 1 1 1 1 1 1 1 1 1 1 1 0 1 1 1 @3 pid 6 #
named_attribute-st-attrib $-1 -1 $446 $-1 $272 1 1 1 1 1 1 1 1 1 1 1 1 1 1 0 1 1 1 @3 eif #
straight-curve $-1 -1 -1 $-1 -27.999999999999005 44.390000000000001 0.30912525262736013 0 0 -1 F 0 F 0.081445793044582465 #
coedge $-1 -1 -1 $-1 $273 $294 $447 $448 forward $261 $-1 #
coedge $-1 -1 -1 $-1 $449 $450 $273 $361 reversed $451 $-1 #
edge $452 -1 -1 $-1 $453 -0.076294786574471599 $275 -0.061378664624124751 $360 $454 reversed @7 unknown T -28.015171730357359 44.389883804632639 0.22756326421603612 -27.999883804632638 44.391545648301907 0.23011619536736208 #
integer_attrib-name_attrib-gen-attrib $-1 -1 $-1 $274 $199 2 1 1 1 1 1 1 1 1 1 1 1 1 1 0 1 1 1 @3 pid 46 #
integer_attrib-name_attrib-gen-attrib $-1 -1 $-1 $-1 $275 2 1 1 1 1 1 1 1 1 1 1 1 1 1 0 1 1 1 @3 pid 33 #
point $-1 -1 -1 $-1 -28 44.390000000000001 0.22767945958339875 #
integer_attrib-name_attrib-gen-attrib $-1 -1 $-1 $279 $202 2 1 1 1 1 1 1 1 1 1 1 1 1 1 0 1 1 1 @3 pid 54 #
integer_attrib-name_attrib-gen-attrib $-1 -1 $-1 $-1 $280 2 1 1 1 1 1 1 1 1 1 1 1 1 1 0 1 1 1 @3 pid 30 #
point $-1 -1 -1 $-1 -27.780000000000001 44.390000000000001 0.18999999999999997 #
coedge $-1 -1 -1 $-1 $300 $285 $455 $456 reversed $142 $-1 #
edge $457 -1 -1 $-1 $458 -9.4745987509889438e-006 $287 0.0037795068535523397 $285 $459 forward @7 unknown T -28.003792712537745 44.389996562677872 0.30912141447981079 -27.999993125354749 44.390116024872803 0.30953617348931917 #
integer_attrib-name_attrib-gen-attrib $-1 -1 $-1 $286 $208 2 1 1 1 1 1 1 1 1 1 1 1 1 1 0 1 1 1 @3 pid 50 #
integer_attrib-name_attrib-gen-attrib $-1 -1 $-1 $-1 $287 2 1 1 1 1 1 1 1 1 1 1 1 1 1 0 1 1 1 @3 pid 36 #
point $-1 -1 -1 $-1 -27.999996562676877 44.390000000000001 0.30912485180193905 #
render-rbase-attrib $-1 -1 $460 $289 $132 1 1 1 1 1 1 1 1 1 1 1 1 0 1 0 1 1 1 $461 $-1 0 2 0 -1 0 1 0 0 0 0 1 -36.899999999999999 52.719999999999999 0.079999999999999988 1 rotate no_reflect no_shear #
integer_attrib-name_attrib-gen-attrib $-1 -1 $462 $290 $210 2 1 1 1 1 1 1 1 1 1 1 1 1 1 0 1 1 1 @3 pid 27 #
integer_attrib-name_attrib-gen-attrib $-1 -1 $463 $-1 $291 2 0 0 1 1 1 1 1 1 1 1 1 1 1 0 1 1 1 @3 fif 0 #
face $464 -1 -1 $-1 $465 $466 $5 $-1 $467 reversed double out T -28.079999999999998 43.870000000000005 0.22999999999997256 -28.015055534989969 43.948570547065486 0.30999999999999994 F #
loop $-1 -1 -1 $-1 $-1 $468 $291 T -28.079999999999998 44.391429447851898 0.22999999491735554 -28.015055529907354 44.469999999999999 0.3100000000000207 unknown #
cone-surface $-1 -1 -1 $-1 -28 44.469999999999999 0.31169108718240002 0 0 -1 0 -0.080000000000000071 0 1 I I -0 1 0.080000000000000071 reversed I I I I #
coedge $-1 -1 -1 $-1 $469 $470 $471 $472 forward $292 $-1 #
coedge $-1 -1 -1 $-1 $385 $384 $294 $381 forward $386 $-1 #
edge $473 -1 -1 $-1 $474 0.24192593721491634 $215 0.2568420591652632 $380 $475 forward @7 unknown T -28.015171730357363 43.948454351698096 0.22756326421603612 -27.999883804632638 43.950116195367364 0.23011619536736208 #
integer_attrib-name_attrib-gen-attrib $-1 -1 $-1 $295 $213 2 1 1 1 1 1 1 1 1 1 1 1 1 1 0 1 1 1 @3 pid 17 #
edge $476 -1 -1 $-1 $388 0.00026671964200536386 $477 0.44187712379191768 $300 $478 forward @7 unknown T -28.011360013354107 43.949156685854305 0.30990821541245495 -28.011283699797801 44.390843361723967 0.30998452896876472 #
tcoedge-coedge $-1 -1 -1 $-1 $380 $301 $-1 $479 forward $386 $480 -0.00016355238918711629 0.079870990122970553 F #
tcoedge-coedge $-1 -1 -1 $-1 $301 $380 $-1 $481 forward $386 $482 3.5646681542771124e-012 0.081914595605350762 F #
loop $-1 -1 -1 $-1 $-1 $380 $483 T -28.015171730357363 43.948454351698096 0.22756326421603612 -27.999883804632638 43.950116195367364 0.31007996273349669 unknown #
named_attribute-st-attrib $-1 -1 $484 $-1 $302 1 1 1 1 1 1 1 1 1 1 1 1 1 1 0 1 1 1 @3 eif #
tvertex-vertex $485 -1 -1 $-1 $383 $486 3.8114941598588394e-005 #
intcurve-curve $-1 -1 -1 $-1 forward { surfintcur full nubs 3 open 13 
	-0.31447610854837943 3 -0.28270119571567115 2 -0.25092628288296287 2 -0.21915137005025459 2 -0.18737645721754631 2 
	-0.15500109103313664 2 -0.12262572484872697 2 -0.092294571682061066 2 -0.061963418515395163 2 -0.030981709257697609 2 
	0 3 0.030981709257697589 2 0.061963418515395177 3 
	-27.942892250307782 43.813975854088703 0.28813168057453664 
	-27.936172557317896 43.820825517551356 0.28364719355251039 
	-27.930266296529108 43.829425338674056 0.27869851949454771 
	-27.92218660900291 43.848688839734251 0.27113713733795808 
	-27.920000000000002 43.859408362389104 0.26868170762770471 
	-27.920000000000002 43.880591637610905 0.26868170762770471 
	-27.92218660900291 43.891311160265758 0.27113713733795808 
	-27.930266296529108 43.910574661325953 0.27869851949454771 
	-27.936172557317896 43.919174482448653 0.28364719355251039 
	-27.949738925933293 43.933003248073163 0.292700911346363 
	-27.958482579071379 43.939224382278816 0.2975226515549943 
	-27.97824262851843 43.947732416289504 0.3051274683824195 
	-27.989280827339805 43.950000000000003 0.30787543606768214 
	-28.010042353372143 43.950000000000003 0.31029615451945414 
	-28.020754616478495 43.947984495817991 0.3102492106000026 
	-28.040345798328577 43.939889569894731 0.30789737664683381 
	-28.049234111376279 43.933818204281543 0.30564330468427925 
	-28.063377916749701 43.919841707890015 0.30092031172716149 
	-28.069574661713496 43.91091593727667 0.29810741643394612 
	-28.077888014954471 43.891170768143596 0.29390249802625534 
	-28.079999999999998 43.880327236419234 0.29261534737576744 
	-28.079999999999998 43.870000000000005 0.29261534737576744 
	-28.079999999999998 43.859672763580775 0.29261534737576744 
	-28.077888014954471 43.848829231856413 0.29390249802625534 
	-28.069574661713496 43.829084062723339 0.29810741643394612 
	-28.063377916749701 43.820158292109994 0.30092031172716149 
	-28.056230978105017 43.813095895566725 0.30330686470866819 
	0.00013359169686121236 
	cone -28 43.870000000000005 0.31169128901310017 0 0 -1 -0.080000000000000071 0 0 1 I I -0 1 0.080000000000000071 reversed I I I I 
	cone -28.015055534989997 43.939713573257002 0.17999999999999999 0 1 0 0 0 -0.13 1 I I 0 -1 0.13 reversed I I I I 
	nullbs 
	nullbs 
	-1 
	-1 
	I I 
	0 
	0 
	0 
	
	-1 
	none F } I I #
integer_attrib-name_attrib-gen-attrib $-1 -1 $-1 $303 $218 2 1 1 1 1 1 1 1 1 1 1 1 1 1 0 1 1 1 @3 pid 49 #
integer_attrib-name_attrib-gen-attrib $-1 -1 $-1 $-1 $304 2 1 1 1 1 1 1 1 1 1 1 1 1 1 0 1 1 1 @3 pid 35 #
point $-1 -1 -1 $-1 -28.003765343198189 43.949911339562043 0.30950880884829501 #
integer_attrib-name_attrib-gen-attrib $-1 -1 $487 $306 $219 2 1 1 1 1 1 1 1 1 1 1 1 1 1 0 1 1 1 @3 pid 15 #
integer_attrib-name_attrib-gen-attrib $-1 -1 $488 $-1 $307 2 0 0 1 1 1 1 1 1 1 1 1 1 1 0 1 1 1 @3 fif 0 #
face $489 -1 -1 $-1 $490 $433 $5 $-1 $491 reversed double out T -27.700000000000003 44.469999999999999 0.10999999999999696 -27.699999999999999 44.620000000000005 0.18999999999999997 F #
cone-surface $-1 -1 -1 $-1 -27.780000000000001 44.469999999999999 0.19169128901310001 0 0 -1 0.080000000000000071 0 0 1 I I -0 1 0.080000000000000071 reversed I I I I #
integer_attrib-name_attrib-gen-attrib $-1 -1 $-1 $309 $223 2 1 1 1 1 1 1 1 1 1 1 1 1 1 0 1 1 1 @3 pid 22 #
named_attribute-st-attrib $-1 -1 $492 $-1 $316 1 1 1 1 1 1 1 1 1 1 1 1 1 1 0 1 1 1 @3 eif #
straight-curve $-1 -1 -1 $-1 -27.699999999999999 43.870000000000005 0.19169128901310001 0 0 -1 I I #
integer_attrib-name_attrib-gen-attrib $-1 -1 $-1 $317 $230 2 1 1 1 1 1 1 1 1 1 1 1 1 1 0 1 1 1 @3 pid 32 #
integer_attrib-name_attrib-gen-attrib $-1 -1 $-1 $-1 $318 2 1 1 1 1 1 1 1 1 1 1 1 1 1 0 1 1 1 @3 pid 23 #
point $-1 -1 -1 $-1 -27.700000000000003 43.870000000000005 0.10999999999999339 #
coedge $-1 -1 -1 $-1 $331 $320 $493 $494 forward $93 $-1 #
coedge $-1 -1 -1 $-1 $495 $496 $320 $405 forward $497 $-1 #
edge $498 -1 -1 $-1 $499 -0.45000000000000284 $410 0.45000000000000284 $320 $500 reversed @7 unknown T -27.359999999999999 43.719999999999999 0.18999999999999997 -27.359999999999999 44.620000000000005 0.19 #
coedge $-1 -1 -1 $-1 $441 $321 $323 $412 reversed $408 $-1 #
coedge $-1 -1 -1 $-1 $321 $441 $495 $501 reversed $408 $-1 #
loop $-1 -1 -1 $-1 $-1 $406 $502 T -27.699999999999999 43.719999999999999 0.10999999999999019 -27.359999999999999 43.719999999999999 0.18999999999999997 unknown #
named_attribute-st-attrib $-1 -1 $503 $-1 $322 1 1 1 1 1 1 1 1 1 1 1 1 1 1 0 1 1 1 @3 eif #
vertex $504 -1 -1 $-1 $322 $505 #
straight-curve $-1 -1 -1 $-1 -27.565462613560001 43.719999999999999 0.18999999999999997 -1 0 0 I I #
edge $506 -1 -1 $-1 $444 -0.040000000000011776 $326 0.039999999999991237 $406 $507 forward @7 unknown T -27.699999999999999 43.719999999999999 0.10999999999999696 -27.699999999999999 43.719999999999999 0.18999999999999997 #
face $508 -1 -1 $-1 $483 $324 $5 $-1 $509 reversed double out T -27.700000000000003 43.719999999999999 0.10999999999999339 -27.699999999999999 43.870000000000005 0.18999999999999997 F #
integer_attrib-name_attrib-gen-attrib $-1 -1 $-1 $325 $236 2 1 1 1 1 1 1 1 1 1 1 1 1 1 0 1 1 1 @3 pid 36 #
integer_attrib-name_attrib-gen-attrib $-1 -1 $-1 $-1 $326 2 1 1 1 1 1 1 1 1 1 1 1 1 1 0 1 1 1 @3 pid 25 #
point $-1 -1 -1 $-1 -27.699999999999999 43.719999999999999 0.18999999999999997 #
coedge $-1 -1 -1 $-1 $432 $431 $331 $418 forward $433 $-1 #
edge $510 -1 -1 $-1 $420 0.11249999999999716 $511 0.26250000000000284 $331 $512 forward @7 unknown T -27.700000000000003 44.469999999999999 0.18999999999999995 -27.699999999999999 44.620000000000005 0.18999999999999997 #
named_attribute-st-attrib $-1 -1 $513 $-1 $332 1 1 1 1 1 1 1 1 1 1 1 1 1 1 0 1 1 1 @3 eif #
vertex $514 -1 -1 $-1 $332 $515 #
ellipse-curve $-1 -1 -1 $-1 -27.780000000000001 44.469999999999999 0.18999999999999997 -0 -0 -1 0.080000000000000071 0 0 1 I I #
integer_attrib-name_attrib-gen-attrib $-1 -1 $-1 $333 $241 2 1 1 1 1 1 1 1 1 1 1 1 1 1 0 1 1 1 @3 pid 42 #
render-rbase-attrib $-1 -1 $516 $335 $161 1 1 1 1 1 1 1 1 1 1 1 1 0 1 0 1 1 1 $517 $-1 0 2 0 -1 0 1 0 0 0 0 1 -36.899999999999999 52.719999999999999 0.079999999999999988 1 rotate no_reflect no_shear #
integer_attrib-name_attrib-gen-attrib $-1 -1 $518 $336 $243 2 1 1 1 1 1 1 1 1 1 1 1 1 1 0 1 1 1 @3 pid 13 #
string_attrib-name_attrib-gen-attrib $-1 -1 $-1 $340 $64 2 1 2 1 1 1 1 1 1 1 1 1 1 1 0 1 1 1 @15 ATTRIB_XACIS_ID @5 43955 #
rgb_color-st-attrib $-1 -1 $519 $342 $112 2 1 2 1 1 1 1 1 1 1 1 1 1 1 0 1 1 1 0.93699997663497925 0.7850000262260437 0 #
rh_material-rh_entity $-1 -1 4 4 @5 plain @5 color -4 1 1 1 @5 phong @14 ambient factor -2 1 @14 diffuse factor -2 0.75 @15 specular factor -2 0.5 @8 exponent -2 10 @14 specular color -4 1 1 1 @4 none @5 plain @5 color -4 0 0 0 #
coedge $-1 -1 -1 $-1 $353 $343 $520 $521 reversed $113 $-1 #
coedge $-1 -1 -1 $-1 $522 $523 $343 $430 forward $524 $-1 #
edge $525 -1 -1 $-1 $526 -0.20546261356000173 $435 0.13453738643999813 $429 $527 forward @7 unknown T -27.699999999999999 44.620000000000005 0.10999999999999019 -27.359999999999999 44.620000000000005 0.10999999999999696 #
coedge $-1 -1 -1 $-1 $417 $344 $346 $437 reversed $433 $-1 #
coedge $-1 -1 -1 $-1 $344 $417 $522 $528 forward $433 $-1 #
loop $-1 -1 -1 $-1 $-1 $432 $395 T -27.700000000000003 44.469999999999999 0.10999999999999696 -27.699999999999999 44.620000000000005 0.18999999999999997 unknown #
named_attribute-st-attrib $-1 -1 $529 $-1 $345 1 1 1 1 1 1 1 1 1 1 1 1 1 1 0 1 1 1 @3 eif #
vertex $530 -1 -1 $-1 $528 $531 #
straight-curve $-1 -1 -1 $-1 -27.699999999999999 44.357500000000002 0.10999999999999696 0 1 0 I I #
edge $532 -1 -1 $-1 $420 0.0016912890131000335 $348 0.081691289013103047 $346 $533 forward @7 tangent T -27.700000000000003 44.469999999999999 0.10999999999999696 -27.699999999999999 44.469999999999999 0.18999999999999997 #
integer_attrib-name_attrib-gen-attrib $-1 -1 $-1 $347 $260 2 1 1 1 1 1 1 1 1 1 1 1 1 1 0 1 1 1 @3 pid 26 #
integer_attrib-name_attrib-gen-attrib $-1 -1 $-1 $-1 $348 2 1 1 1 1 1 1 1 1 1 1 1 1 1 0 1 1 1 @3 pid 18 #
point $-1 -1 -1 $-1 -27.699999999999999 44.469999999999999 0.10999999999999696 #
coedge $-1 -1 -1 $-1 $407 $406 $353 $442 forward $408 $-1 #
edge $534 -1 -1 $-1 $444 -0.13453738643999813 $535 0.20546261356000173 $441 $536 reversed @7 unknown T -27.699999999999999 43.719999999999999 0.10999999999999019 -27.359999999999999 43.719999999999999 0.10999999999999696 #
named_attribute-st-attrib $-1 -1 $537 $-1 $355 1 1 1 1 1 1 1 1 1 1 1 1 1 1 0 1 1 1 @3 eif #
vertex $538 -1 -1 $-1 $442 $539 #
straight-curve $-1 -1 -1 $-1 -27.699999999999999 43.982500000000002 0.10999999999999696 0 1 0 I I #
integer_attrib-name_attrib-gen-attrib $-1 -1 $-1 $357 $272 2 1 1 1 1 1 1 1 1 1 1 1 1 1 0 1 1 1 @3 pid 73 #
coedge $-1 -1 -1 $-1 $540 $541 $359 $448 reversed $542 $-1 #
edge $543 -1 -1 $-1 $474 0.0088571781174593411 $453 0.45171608398654683 $359 $544 forward @7 tangent T -28.015055540072641 43.94857054706543 0.22999999491735554 -28.015055529907354 44.391429458017193 0.23000000508264443 #
tcoedge-coedge $-1 -1 -1 $-1 $455 $360 $-1 $545 forward $451 $546 1.3357738357502387e-010 0.080034540230190243 F #
tcoedge-coedge $-1 -1 -1 $-1 $360 $455 $-1 $547 forward $451 $548 -0.00016228038954577164 0.081752314797194636 F #
loop $-1 -1 -1 $-1 $-1 $455 $549 T -28.015171730357359 44.389883804632639 0.22756326421603612 -27.999883804632638 44.391545648301907 0.31007996388747083 unknown #
named_attribute-st-attrib $-1 -1 $550 $-1 $361 1 1 1 1 1 1 1 1 1 1 1 1 1 1 0 1 1 1 @3 eif #
tvertex-vertex $551 -1 -1 $-1 $552 $553 5.0826444491884894e-009 #
intcurve-curve $-1 -1 -1 $-1 forward { surfintcur full nubs 3 periodic 19 
	0 3 0.019302362411551345 2 0.03860472482310269 2 0.057449755698787144 2 0.076294786574471599 2 
	0.097386013415398071 2 0.11847724025632453 2 0.13879380107550926 2 0.14895208148510161 2 0.15911036189469396 2 
	0.16926864230428634 2 0.17942692271387869 2 0.19974348353306343 2 0.22083471037398988 2 0.24192593721491634 2 
	0.2607709680906008 2 0.27961599896628525 2 0.29891836137783656 2 0.31822072378938793 3 
	-27.965055534989997 44.398035534010425 0.17999999999999999 
	-27.965055534989997 44.398035534010425 0.18643412080385044 
	-27.966368541682449 44.397357508173044 0.1932179927988798 
	-27.971584743270494 44.39516298426102 0.20560136653267688 
	-27.975485139677666 44.393706266620626 0.21121256601093177 
	-27.984401478307916 44.391403679561563 0.21998117542181703 
	-27.989993255007075 44.390392125271752 0.22376778681830778 
	-28.002234178579656 44.389796776204541 0.2287785804449354 
	-28.008886100050965 44.390247277843976 0.22999999999999998 
	-28.021960323453222 44.392752535033239 0.22999999999999998 
	-28.028969726223039 44.395109402225387 0.22850206762723504 
	-28.041394358136632 44.401193361780912 0.22303860548231413 
	-28.046824650696845 44.404902927910086 0.21908784960045566 
	-28.055127860004156 44.411785571120234 0.21047404725465632 
	-28.058709209950532 44.415524387624991 0.20520943475832862 
	-28.062421619107027 44.419925905135564 0.1963321034857109 
	-28.063392823465769 44.421188929835452 0.19320780022764242 
	-28.064709475672249 44.422947614948896 0.18673509580791128 
	-28.065055534989998 44.423440603878859 0.18338609346986412 
	-28.065055534989998 44.423440603878859 0.17661390653013587 
	-28.064709475672249 44.422947614948896 0.17326490419208868 
	-28.063392823465769 44.421188929835452 0.16679219977235757 
	-28.062421619107027 44.419925905135564 0.16366789651428909 
	-28.058709209950532 44.415524387624991 0.1547905652416714 
	-28.055127860004156 44.411785571120234 0.14952595274534364 
	-28.046824650696845 44.404902927910086 0.1409121503995443 
	-28.041394358136628 44.401193361780912 0.13696139451768224 
	-28.028969726223036 44.395109402225387 0.1314979323727633 
	-28.021960323453222 44.392752535033239 0.13 
	-28.008886100050965 44.390247277843976 0.13 
	-28.002234178579656 44.389796776204541 0.13122141955506458 
	-27.989993255007075 44.390392125271752 0.13623221318169221 
	-27.984401478307916 44.391403679561563 0.14001882457818296 
	-27.975485139677662 44.393706266620626 0.14878743398906819 
	-27.971584743270483 44.395162984261013 0.15439863346732519 
	-27.966368541682442 44.397357508173037 0.16678200720112243 
	-27.965055534989993 44.398035534010418 0.17356587919614952 
	-27.965055534989997 44.398035534010425 0.17999999999999999 
	0.00011619536736209912 
	cone -28.015055534989997 43.939713368947999 0.17999999999999999 0 1 0 0 0 -0.049999999999999996 1 I I -0 1 0.049999999999999996 reversed I I I I 
	cone -28 44.469999999999999 0.31169108718240002 0 0 -1 0 -0.080000000000000071 0 1 I I 0 -1 0.080000000000000071 reversed I I I I 
	nullbs 
	nullbs 
	-1 
	-1 
	I I 
	0 
	0 
	0 
	
	-1 
	none F } I I #
coedge $-1 -1 -1 $-1 $450 $449 $368 $456 forward $451 $-1 #
edge $554 -1 -1 $-1 $477 0.11142509141159282 $458 0.11886284905230532 $368 $555 forward @7 unknown T -28.011455448272809 44.389955068983632 0.3093752176001538 -28.003631756648559 44.390938796642679 0.31007996388747083 #
named_attribute-st-attrib $-1 -1 $556 $-1 $369 1 1 1 1 1 1 1 1 1 1 1 1 1 1 0 1 1 1 @3 eif #
tvertex-vertex $557 -1 -1 $-1 $547 $558 2.7364192302420377e-005 #
intcurve-curve $-1 -1 -1 $-1 forward { parcur summary 3 9 -9.4745987509889438e-006 0.00036942354647934394 0.00074832169170967677 0.0011272198369400098 0.0015061179821703426 
	0.0018850161274006755 0.0022639142726310082 0.0034006087083220068 0.0037795068535523397 1.6407825378764658e-011 OPEN 
	cone -28.015055534989997 43.939713573257002 0.17999999999999999 0 1 0 0 0 -0.13 1 I I -0 1 0.13 reversed I I I I 
	null_surface 
	nubs 5 open 11 
	-9.4745987509889438e-006 5 0.00036942354647934394 3 0.00074832169170967677 3 0.0011272198369400098 3 0.0015061179821703426 3 
	0.0018850161274006755 3 0.0022639142726310082 3 0.002642812417861341 1 0.0030217105630916739 1 0.0034006087083220068 3 
	0.0037795068535523397 5 
	-3.4644237494115022 -3.054635517078661 
	-3.4644101093067765 -3.0540527645387452 
	-3.4643964692020579 -3.0534699996272647 
	-3.4643828290973966 -3.0528872231682742 
	-3.4643555488879771 -3.0517216488038992 
	-3.4643282686785506 -3.0505560348445107 
	-3.4643146285738826 -3.0499732187905071 
	-3.4642873483645129 -3.0488075701830422 
	-3.4642600681550997 -3.0476418918756987 
	-3.464246428050386 -3.0470590461218166 
	-3.4642191478410518 -3.0458933430634092 
	-3.4641918676317793 -3.0447276202034406 
	-3.4641782275271278 -3.0441447546479972 
	-3.4641509473178078 -3.0429790169363513 
	-3.4641236671084288 -3.0418132693234288 
	-3.4641100270037182 -3.0412303938667091 
	-3.4640827467943982 -3.0400646413030352 
	-3.4640554665851351 -3.0388988887393715 
	-3.4640418264804818 -3.0383160132826612 
	-3.4640145462711538 -3.0371502656697116 
	-3.463973625957077 -3.0354016591021868 
	-3.4639327056428959 -3.0336530723370645 
	-3.4638917853293343 -3.0319045301263783 
	-3.4638508650147033 -3.0301560547412412 
	-3.4638099447006572 -3.0284076338020594 
	-3.4637826644911875 -3.0272420594376173 
	-3.4637690243864383 -3.0266592829786028 
	-3.4637553842816793 -3.026076518067101 
	-3.4637417441769109 -3.0254937655271625 
	
	nullbs 
	-1 
	-1 
	I I 
	0 
	0 
	7 0.00036942354647934394 0.00074832169170967677 0.0011272198369400098 0.0015061179821703426 0.0018850161274006755 0.0022639142726310082 0.0034006087083220068 
	
	-1 
	none F surf1 } I I #
rgb_color-st-attrib $-1 -1 $559 $373 $132 2 1 2 1 1 1 1 1 1 1 1 1 1 1 0 1 1 1 0.93699997663497925 0.7850000262260437 0 #
rh_material-rh_entity $-1 -1 4 4 @5 plain @5 color -4 1 1 1 @5 phong @14 ambient factor -2 1 @14 diffuse factor -2 0.75 @15 specular factor -2 0.5 @8 exponent -2 10 @14 specular color -4 1 1 1 @4 none @5 plain @5 color -4 0 0 0 #
render-rbase-attrib $-1 -1 $560 $374 $210 1 1 1 1 1 1 1 1 1 1 1 1 0 1 0 1 1 1 $561 $-1 0 2 0 -1 0 1 0 0 0 0 1 -36.899999999999999 52.719999999999999 0.079999999999999988 1 rotate no_reflect no_shear #
integer_attrib-name_attrib-gen-attrib $-1 -1 $562 $375 $291 2 1 1 1 1 1 1 1 1 1 1 1 1 1 0 1 1 1 @3 pid 28 #
integer_attrib-name_attrib-gen-attrib $-1 -1 $563 $-1 $376 2 0 0 1 1 1 1 1 1 1 1 1 1 1 0 1 1 1 @3 fif 0 #
face $564 -1 -1 $-1 $565 $566 $5 $-1 $567 forward double out T -28.079999999999998 43.639705627484766 0.22999999999999998 -28.079999999999998 43.870000000000005 0.30999999999999994 F #
loop $-1 -1 -1 $-1 $-1 $568 $376 T -28.079999999999998 43.870000000000005 0.22999999999997256 -28.015055534989969 43.948570547065486 0.30999999999999994 unknown #
cone-surface $-1 -1 -1 $-1 -28 43.870000000000005 0.31169128901310017 0 0 -1 -0.080000000000000071 0 0 1 I I -0 1 0.080000000000000071 reversed I I I I #
coedge $-1 -1 -1 $-1 $569 $570 $541 $571 forward $377 $-1 #
coedge $-1 -1 -1 $-1 $572 $379 $569 $573 reversed $292 $-1 #
coedge $-1 -1 -1 $-1 $379 $572 $574 $575 reversed $292 $-1 #
coedge $-1 -1 -1 $-1 $576 $577 $379 $472 reversed $578 $-1 #
edge $579 -1 -1 $-1 $580 -0.26519149440252932 $581 -0.15767226249524668 $471 $582 reversed @7 unknown T -28.079999999999998 44.469999999999999 0.30999999999999994 -28.079999999999998 44.577519231907281 0.30999999999999994 #
named_attribute-st-attrib $-1 -1 $583 $-1 $381 1 1 1 1 1 1 1 1 1 1 1 1 1 1 0 1 1 1 @3 eif #
tvertex-vertex $584 -1 -1 $-1 $479 $585 2.7415597036003396e-014 #
intcurve-curve $-1 -1 -1 $-1 forward { surfintcur full nubs 3 periodic 19 
	0 3 0.019302362411551338 2 0.038604724823102676 2 0.057449755698787137 2 0.076294786574471599 2 
	0.097386013415398071 2 0.11847724025632453 2 0.13879380107550926 2 0.14895208148510161 2 0.15911036189469396 2 
	0.16926864230428634 2 0.17942692271387869 2 0.19974348353306343 2 0.22083471037398988 2 0.24192593721491634 2 
	0.2607709680906008 2 0.27961599896628525 2 0.29891836137783656 2 0.31822072378938793 3 
	-27.965055534989997 43.941964465989578 0.17999999999999999 
	-27.965055534989997 43.941964465989578 0.17356587919614955 
	-27.966368541682449 43.942642491826959 0.16678200720112019 
	-27.971584743270494 43.944837015738983 0.1543986334673231 
	-27.975485139677666 43.946293733379377 0.14878743398906824 
	-27.984401478307916 43.94859632043844 0.14001882457818299 
	-27.989993255007075 43.949607874728251 0.13623221318169221 
	-28.002234178579656 43.950203223795462 0.13122141955506458 
	-28.008886100050965 43.949752722156028 0.13 
	-28.021960323453222 43.947247464966765 0.13 
	-28.028969726223032 43.944890597774616 0.13149793237276206 
	-28.041394358136625 43.938806638219091 0.13696139451768122 
	-28.046824650696845 43.935097072089917 0.14091215039954433 
	-28.055127860004156 43.92821442887977 0.14952595274534369 
	-28.058709209950532 43.924475612375012 0.1547905652416714 
	-28.062421619107027 43.920074094864439 0.16366789651428909 
	-28.063392823465769 43.918811070164551 0.16679219977235757 
	-28.064709475672249 43.917052385051107 0.1732649041920887 
	-28.065055534989998 43.916559396121144 0.17661390653013587 
	-28.065055534989998 43.916559396121144 0.18338609346986412 
	-28.064709475672249 43.917052385051107 0.18673509580791128 
	-28.063392823465769 43.918811070164551 0.19320780022764242 
	-28.062421619107027 43.920074094864439 0.1963321034857109 
	-28.058709209950532 43.924475612375012 0.20520943475832862 
	-28.055127860004156 43.92821442887977 0.21047404725465632 
	-28.046824650696845 43.935097072089917 0.21908784960045566 
	-28.041394358136628 43.938806638219091 0.22303860548231774 
	-28.028969726223036 43.944890597774616 0.22850206762723668 
	-28.021960323453222 43.947247464966765 0.22999999999999998 
	-28.008886100050965 43.949752722156028 0.22999999999999998 
	-28.002234178579656 43.950203223795462 0.2287785804449354 
	-27.989993255007075 43.949607874728251 0.22376778681830778 
	-27.984401478307916 43.94859632043844 0.21998117542181703 
	-27.975485139677662 43.94629373337937 0.21121256601093175 
	-27.971584743270487 43.94483701573899 0.20560136653267336 
	-27.966368541682442 43.942642491826966 0.19321799279887461 
	-27.965055534989993 43.941964465989571 0.18643412080385044 
	-27.965055534989997 43.941964465989578 0.17999999999999999 
	0.00011619536736209912 
	cone -28.015055534989997 43.939713368947999 0.17999999999999999 0 1 0 0 0 -0.049999999999999996 1 I I -0 1 0.049999999999999996 reversed I I I I 
	cone -28 43.870000000000005 0.31169128901310017 0 0 -1 -0.080000000000000071 0 0 1 I I 0 -1 0.080000000000000071 reversed I I I I 
	nullbs 
	nullbs 
	-1 
	-1 
	I I 
	0 
	0 
	0 
	
	-1 
	none F } I I #
named_attribute-st-attrib $-1 -1 $586 $-1 $383 1 1 1 1 1 1 1 1 1 1 1 1 1 1 0 1 1 1 @3 eif #
tvertex-vertex $587 -1 -1 $-1 $383 $588 3.815677815488072e-005 #
straight-curve $-1 -1 -1 $-1 -28.011283717357284 43.948928081153753 0.30994527075559747 3.7516077366565156e-009 1 -1.088949510258221e-010 F 0 F 0.44214413524192686 #
tedge-edge $589 -1 -1 $-1 $388 -0.00016355238918711629 $474 0.079870990122970553 $384 $590 forward @7 unknown T -28.015077936980184 43.948548145075272 0.22997759800981396 -28.011283701471818 43.949232915737497 0.30998448597823391 2.2401990186023142e-005 #
pcurve $-1 -1 -1 $-1 0 forward { exppc nubs 1 open 2 
	-0.00016355238918711629 1 0.079870990122970553 1 
	-0.021833961876883946 1.4289008434620545 
	-1.0211411126634204 1.3814731715259994 
	0.001 
	8.2986717024957181e-007 
	cone -28 43.870000000000005 0.31169128901310017 0 0 -1 -0.080000000000000071 0 0 1 I I 0 -1 0.080000000000000071 reversed I I I I 
	} 0 0 #
tedge-edge $591 -1 -1 $-1 $215 3.5646681542771124e-012 $304 0.081914595605350762 $385 $592 forward @7 unknown T -28.003814965036039 43.949883968949059 0.22765705759321483 -27.999977598009817 43.950022401990189 0.30953617946127798 2.2401990183901037e-005 #
pcurve $-1 -1 -1 $-1 0 forward { exppc nubs 1 open 2 
	3.5646681542771124e-012 1 0.081914595605350762 1 
	-1.0501478677609974 1.5707963265299529 
	-0.027314075988406326 1.5233716191428135 
	0.001 
	8.2952323594453657e-007 
	cone -28 43.870000000000005 0.31169128901310017 0 0 -1 -0.080000000000000071 0 0 1 I I 0 -1 0.080000000000000071 reversed I I I I 
	} 0 0 #
face $593 -1 -1 $-1 $594 $386 $5 $-1 $467 reversed double out T -28.015171730357363 43.948454351698096 0.22756326421603612 -27.999883804632638 43.950116195367364 0.31007996273349669 F #
integer_attrib-name_attrib-gen-attrib $-1 -1 $-1 $387 $302 2 1 1 1 1 1 1 1 1 1 1 1 1 1 0 1 1 1 @3 pid 48 #
integer_attrib-name_attrib-gen-attrib $-1 -1 $-1 $-1 $388 2 1 1 1 1 1 1 1 1 1 1 1 1 1 0 1 1 1 @3 pid 34 #
point $-1 -1 -1 $-1 -28.011321816413417 43.949194800795901 0.3099463710366353 #
render-rbase-attrib $-1 -1 $595 $393 $219 1 1 1 1 1 1 1 1 1 1 1 1 0 1 0 1 1 1 $596 $-1 0 2 0 -1 0 1 0 0 0 0 1 -36.899999999999999 52.719999999999999 0.079999999999999988 1 rotate no_reflect no_shear #
integer_attrib-name_attrib-gen-attrib $-1 -1 $597 $394 $307 2 1 1 1 1 1 1 1 1 1 1 1 1 1 0 1 1 1 @3 pid 17 #
integer_attrib-name_attrib-gen-attrib $-1 -1 $598 $-1 $395 2 0 0 1 1 1 1 1 1 1 1 1 1 1 0 1 1 1 @3 fif 0 #
face $599 -1 -1 $-1 $600 $524 $5 $-1 $601 reversed double out T -27.699999999999999 44.620000000000005 0.10999999999999019 -27.359999999999999 44.620000000000005 0.18999999999999997 F #
plane-surface $-1 -1 -1 $-1 -27.699999999999999 44.545000000000002 0.15000000000002001 1 0 0 0 -1 0 forward_v I I I I #
integer_attrib-name_attrib-gen-attrib $-1 -1 $-1 $398 $316 2 1 1 1 1 1 1 1 1 1 1 1 1 1 0 1 1 1 @3 pid 34 #
coedge $-1 -1 -1 $-1 $523 $522 $403 $494 reversed $524 $-1 #
edge $602 -1 -1 $-1 $499 -0.20546261356000173 $511 0.13453738643999813 $493 $603 forward @7 unknown T -27.699999999999999 44.620000000000005 0.18999999999999997 -27.359999999999999 44.620000000000005 0.18999999999999997 #
coedge $-1 -1 -1 $-1 $520 $404 $407 $501 forward $497 $-1 #
coedge $-1 -1 -1 $-1 $404 $520 $523 $604 forward $497 $-1 #
loop $-1 -1 -1 $-1 $-1 $495 $600 T -27.359999999999999 43.719999999999999 0.10999999999999019 -27.359999999999999 44.620000000000005 0.19 unknown #
named_attribute-st-attrib $-1 -1 $605 $-1 $405 1 1 1 1 1 1 1 1 1 1 1 1 1 1 0 1 1 1 @3 eif #
vertex $606 -1 -1 $-1 $494 $607 #
straight-curve $-1 -1 -1 $-1 -27.359999999999999 44.170000000000002 0.19 0 1 0 I I #
edge $608 -1 -1 $-1 $410 -0.040000000000016217 $535 0.039999999999993568 $407 $609 reversed @7 unknown T -27.359999999999999 43.719999999999999 0.10999999999999019 -27.359999999999999 43.719999999999999 0.18999999999999997 #
face $610 -1 -1 $-1 $413 $408 $5 $-1 $611 forward double out T -27.699999999999999 43.719999999999999 0.10999999999999019 -27.359999999999999 43.719999999999999 0.18999999999999997 F #
integer_attrib-name_attrib-gen-attrib $-1 -1 $-1 $409 $322 2 1 1 1 1 1 1 1 1 1 1 1 1 1 0 1 1 1 @3 pid 37 #
integer_attrib-name_attrib-gen-attrib $-1 -1 $-1 $-1 $410 2 1 1 1 1 1 1 1 1 1 1 1 1 1 0 1 1 1 @3 pid 26 #
point $-1 -1 -1 $-1 -27.359999999999999 43.719999999999999 0.18999999999999997 #
named_attribute-st-attrib $-1 -1 $612 $-1 $412 1 1 1 1 1 1 1 1 1 1 1 1 1 1 0 1 1 1 @3 eif #
straight-curve $-1 -1 -1 $-1 -27.699999999999999 43.719999999999999 0.15000000000000874 -0 0 1 I I #
integer_attrib-name_attrib-gen-attrib $-1 -1 $613 $-1 $413 2 0 0 1 1 1 1 1 1 1 1 1 1 1 0 1 1 1 @3 fif 0 #
plane-surface $-1 -1 -1 $-1 -27.699999999999999 43.795000000000002 0.15000000000002001 1 0 0 0 -1 0 forward_v I I I I #
named_attribute-st-attrib $-1 -1 $614 $-1 $418 1 1 1 1 1 1 1 1 1 1 1 1 1 1 0 1 1 1 @3 eif #
vertex $615 -1 -1 $-1 $494 $616 #
straight-curve $-1 -1 -1 $-1 -27.699999999999999 44.357500000000002 0.18999999999999995 0 1 0 I I #
integer_attrib-name_attrib-gen-attrib $-1 -1 $-1 $419 $332 2 1 1 1 1 1 1 1 1 1 1 1 1 1 0 1 1 1 @3 pid 41 #
integer_attrib-name_attrib-gen-attrib $-1 -1 $-1 $-1 $420 2 1 1 1 1 1 1 1 1 1 1 1 1 1 0 1 1 1 @3 pid 29 #
point $-1 -1 -1 $-1 -27.700000000000003 44.469999999999999 0.18999999999999997 #
rgb_color-st-attrib $-1 -1 $617 $423 $161 2 1 2 1 1 1 1 1 1 1 1 1 1 1 0 1 1 1 0.93699997663497925 0.7850000262260437 0 #
rh_material-rh_entity $-1 -1 4 4 @5 plain @5 color -4 1 1 1 @5 phong @14 ambient factor -2 1 @14 diffuse factor -2 0.75 @15 specular factor -2 0.5 @8 exponent -2 10 @14 specular color -4 1 1 1 @4 none @5 plain @5 color -4 0 0 0 #
render-rbase-attrib $-1 -1 $618 $424 $243 1 1 1 1 1 1 1 1 1 1 1 1 0 1 0 1 1 1 $619 $-1 0 2 0 -1 0 1 0 0 0 0 1 -36.899999999999999 52.719999999999999 0.079999999999999988 1 rotate no_reflect no_shear #
string_attrib-name_attrib-gen-attrib $-1 -1 $-1 $426 $112 2 1 2 1 1 1 1 1 1 1 1 1 1 1 0 1 1 1 @15 ATTRIB_XACIS_ID @5 40274 #
coedge $-1 -1 -1 $-1 $496 $495 $428 $521 forward $497 $-1 #
edge $620 -1 -1 $-1 $535 -0.45000000000000284 $526 0.45000000000000284 $428 $621 forward @7 unknown T -27.359999999999999 43.719999999999999 0.10999999999999019 -27.359999999999999 44.620000000000005 0.10999999999999019 #
coedge $-1 -1 -1 $-1 $493 $429 $432 $528 reversed $524 $-1 #
coedge $-1 -1 -1 $-1 $429 $493 $496 $604 reversed $524 $-1 #
loop $-1 -1 -1 $-1 $-1 $523 $490 T -27.699999999999999 44.620000000000005 0.10999999999999019 -27.359999999999999 44.620000000000005 0.18999999999999997 unknown #
named_attribute-st-attrib $-1 -1 $622 $-1 $430 1 1 1 1 1 1 1 1 1 1 1 1 1 1 0 1 1 1 @3 eif #
vertex $623 -1 -1 $-1 $430 $624 #
straight-curve $-1 -1 -1 $-1 -27.565462613560001 44.620000000000005 0.10999999999999428 -1 0 1.9953018992354419e-014 I I #
edge $625 -1 -1 $-1 $511 -0.03999999999997747 $435 0.040000000000025543 $522 $626 reversed @7 unknown T -27.699999999999999 44.620000000000005 0.10999999999999696 -27.699999999999999 44.620000000000005 0.18999999999999997 #
integer_attrib-name_attrib-gen-attrib $-1 -1 $-1 $434 $345 2 1 1 1 1 1 1 1 1 1 1 1 1 1 0 1 1 1 @3 pid 27 #
integer_attrib-name_attrib-gen-attrib $-1 -1 $-1 $-1 $435 2 1 1 1 1 1 1 1 1 1 1 1 1 1 0 1 1 1 @3 pid 19 #
point $-1 -1 -1 $-1 -27.699999999999999 44.620000000000005 0.10999999999999696 #
named_attribute-st-attrib $-1 -1 $627 $-1 $437 1 1 1 1 1 1 1 1 1 1 1 1 1 1 0 1 1 1 @3 eif #
straight-curve $-1 -1 -1 $-1 -27.699999999999999 44.469999999999999 0.19169128901310001 0 0 -1 I I #
named_attribute-st-attrib $-1 -1 $628 $-1 $442 1 1 1 1 1 1 1 1 1 1 1 1 1 1 0 1 1 1 @3 eif #
vertex $629 -1 -1 $-1 $501 $630 #
straight-curve $-1 -1 -1 $-1 -27.565462613560001 43.719999999999999 0.10999999999999428 -1 0 1.9953018992354419e-014 I I #
integer_attrib-name_attrib-gen-attrib $-1 -1 $-1 $443 $355 2 1 1 1 1 1 1 1 1 1 1 1 1 1 0 1 1 1 @3 pid 31 #
integer_attrib-name_attrib-gen-attrib $-1 -1 $-1 $-1 $444 2 1 1 1 1 1 1 1 1 1 1 1 1 1 0 1 1 1 @3 pid 22 #
point $-1 -1 -1 $-1 -27.699999999999999 43.719999999999999 0.10999999999999696 #
coedge $-1 -1 -1 $-1 $631 $447 $632 $633 reversed $542 $-1 #
coedge $-1 -1 -1 $-1 $447 $634 $468 $571 reversed $542 $-1 #
loop $-1 -1 -1 $-1 $-1 $634 $594 T -28.329999999999998 43.624272486205413 0.22999999491735554 -28.015055529907354 44.577519231907281 0.23000000508264443 unknown #
named_attribute-st-attrib $-1 -1 $635 $-1 $448 1 1 1 1 1 1 1 1 1 1 1 1 1 1 0 1 1 1 @3 eif #
straight-curve $-1 -1 -1 $-1 -28.015055534989997 43.939713368947999 0.22999999999999998 0 1 0 I I #
tedge-edge $636 -1 -1 $-1 $453 1.3357738357502387e-010 $477 0.080034540230190243 $449 $637 forward @7 unknown T -28.015077936965234 44.39076704816766 0.22997759790405572 -28.011283699797801 44.391451854909782 0.30998452896876472 2.2401975234972687e-005 #
pcurve $-1 -1 -1 $-1 0 forward { exppc nubs 1 open 2 
	1.3357738357502387e-010 1 0.080034540230190243 1 
	-1.0211385912888655 0.18932309175384854 
	-0.021831469511886921 0.14189544550065414 
	0.001 
	8.2986505983354022e-007 
	cone -28 44.469999999999999 0.31169108718240002 0 0 -1 0 -0.080000000000000071 0 1 I I 0 -1 0.080000000000000071 reversed I I I I 
	} 0 0 #
tedge-edge $638 -1 -1 $-1 $458 -0.00016228038954577164 $275 0.081752314797194636 $450 $639 forward @7 unknown T -28.003814963645752 44.389977598024764 0.22765705760816501 -27.999977598024767 44.390116024872803 0.30953617348931917 2.2401975233191669e-005 #
pcurve $-1 -1 -1 $-1 0 forward { exppc nubs 1 open 2 
	-0.00016228038954577164 1 0.081752314797860992 1 
	-0.027311557623169145 0.047424690442349884 
	-1.050145344995842 -2.6645352591004322e-013 
	0.001 
	8.2952225868365503e-007 
	cone -28 44.469999999999999 0.31169108718240002 0 0 -1 0 -0.080000000000000071 0 1 I I 0 -1 0.080000000000000071 reversed I I I I 
	} 0 0 #
face $640 -1 -1 $-1 $132 $451 $5 $-1 $378 reversed double out T -28.015171730357359 44.389883804632639 0.22756326421603612 -27.999883804632638 44.391545648301907 0.31007996388747083 F #
integer_attrib-name_attrib-gen-attrib $-1 -1 $-1 $452 $361 2 1 1 1 1 1 1 1 1 1 1 1 1 1 0 1 1 1 @3 pid 45 #
integer_attrib-name_attrib-gen-attrib $-1 -1 $-1 $-1 $453 2 1 1 1 1 1 1 1 1 1 1 1 1 1 0 1 1 1 @3 pid 32 #
edge $641 -1 -1 $-1 $642 2.0650148258027912e-014 $453 0.080000000000041371 $570 $643 forward @7 unknown T -28.015055540072641 44.391429447851898 0.22999999491735554 -28.015055529907354 44.391429458017193 0.3100000000000207 #
point $-1 -1 -1 $-1 -28.015055534989997 44.391429452934545 0.22999999999999998 #
named_attribute-st-attrib $-1 -1 $644 $-1 $456 1 1 1 1 1 1 1 1 1 1 1 1 1 1 0 1 1 1 @3 eif #
intcurve-curve $-1 -1 -1 $-1 forward { surfintcur full nubs 3 open 13 
	-0.061963418515395163 3 -0.030981709257697609 2 0 3 0.030981709257697589 2 0.061963418515395177 2 
	0.09229457168206108 2 0.12262572484872698 2 0.15500109103313664 2 0.18737645721754631 2 0.21915137005025459 2 
	0.25092628288296287 2 0.28270119571567115 2 0.31447610854837943 3 
	-28.056230978105017 44.526904104433278 0.30330686470866819 
	-28.063377916749701 44.519841707890009 0.30092031172716149 
	-28.069574661713496 44.510915937276664 0.29810741643394612 
	-28.077888014954471 44.49117076814359 0.29390249802625534 
	-28.079999999999998 44.480327236419228 0.29261534737576744 
	-28.079999999999998 44.469999999999999 0.29261534737576744 
	-28.079999999999998 44.45967276358077 0.29261534737576744 
	-28.077888014954471 44.448829231856408 0.29390249802625534 
	-28.069574661713496 44.429084062723334 0.29810741643394612 
	-28.063377916749701 44.420158292109988 0.30092031172716149 
	-28.049234111376279 44.40618179571846 0.30564330468427925 
	-28.040345798328577 44.400110430105272 0.30789737664683381 
	-28.020754616478495 44.392015504182012 0.3102492106000026 
	-28.010042353372143 44.390000000000001 0.31029615451945414 
	-27.989280827339805 44.390000000000001 0.30787543606768214 
	-27.97824262851843 44.392267583710499 0.3051274683824195 
	-27.958482579071379 44.400775617721187 0.2975226515549943 
	-27.949738925933293 44.40699675192684 0.292700911346363 
	-27.936172557317896 44.42082551755135 0.28364719355251039 
	-27.930266296529108 44.429425338674051 0.27869851949454771 
	-27.92218660900291 44.448688839734245 0.27113713733795808 
	-27.920000000000002 44.459408362389098 0.26868170762770471 
	-27.920000000000002 44.4805916376109 0.26868170762770471 
	-27.92218660900291 44.491311160265752 0.27113713733795808 
	-27.930266296529108 44.510574661325947 0.27869851949454771 
	-27.936172557317896 44.519174482448648 0.28364719355251039 
	-27.942892250307782 44.5260241459113 0.28813168057453664 
	0.00013359169686121236 
	cone -28 44.469999999999999 0.31169108718240002 0 0 -1 0 -0.080000000000000071 0 1 I I -0 1 0.080000000000000071 reversed I I I I 
	cone -28.015055534989997 43.939713573257002 0.17999999999999999 0 1 0 0 0 -0.13 1 I I 0 -1 0.13 reversed I I I I 
	nullbs 
	nullbs 
	-1 
	-1 
	I I 
	0 
	0 
	0 
	
	-1 
	none F } I I #
integer_attrib-name_attrib-gen-attrib $-1 -1 $-1 $457 $369 2 1 1 1 1 1 1 1 1 1 1 1 1 1 0 1 1 1 @3 pid 51 #
integer_attrib-name_attrib-gen-attrib $-1 -1 $-1 $-1 $458 2 1 1 1 1 1 1 1 1 1 1 1 1 1 0 1 1 1 @3 pid 37 #
point $-1 -1 -1 $-1 -28.003765348345443 44.390088660680497 0.30950880929701674 #
string_attrib-name_attrib-gen-attrib $-1 -1 $-1 $460 $132 2 1 2 1 1 1 1 1 1 1 1 1 1 1 0 1 1 1 @15 ATTRIB_XACIS_ID @5 44787 #
rgb_color-st-attrib $-1 -1 $645 $462 $210 2 1 2 1 1 1 1 1 1 1 1 1 1 1 0 1 1 1 0.93699997663497925 0.7850000262260437 0 #
rh_material-rh_entity $-1 -1 4 4 @5 plain @5 color -4 1 1 1 @5 phong @14 ambient factor -2 1 @14 diffuse factor -2 0.75 @15 specular factor -2 0.5 @8 exponent -2 10 @14 specular color -4 1 1 1 @4 none @5 plain @5 color -4 0 0 0 #
render-rbase-attrib $-1 -1 $646 $463 $291 1 1 1 1 1 1 1 1 1 1 1 1 0 1 0 1 1 1 $647 $-1 0 2 0 -1 0 1 0 0 0 0 1 -36.899999999999999 52.719999999999999 0.079999999999999988 1 rotate no_reflect no_shear #
integer_attrib-name_attrib-gen-attrib $-1 -1 $648 $464 $376 2 1 1 1 1 1 1 1 1 1 1 1 1 1 0 1 1 1 @3 pid 29 #
integer_attrib-name_attrib-gen-attrib $-1 -1 $649 $-1 $465 2 0 0 1 1 1 1 1 1 1 1 1 1 1 0 1 1 1 @3 fif 0 #
face $650 -1 -1 $-1 $651 $652 $5 $-1 $653 reversed double out T -28.329999999999998 43.624272486205413 0.22999999999999998 -28.079999999999998 43.675000000000004 0.30999999999999994 F #
loop $-1 -1 -1 $-1 $-1 $654 $465 T -28.079999999999998 43.639705627484766 0.22999999999999998 -28.079999999999998 43.870000000000005 0.30999999999999994 unknown #
plane-surface $-1 -1 -1 $-1 -28.079999999999998 43.754852813741998 0.27000000000000002 1 0 0 0 1 0 forward_v I I I I #
coedge $-1 -1 -1 $-1 $655 $656 $657 $658 reversed $466 $-1 #
coedge $-1 -1 -1 $-1 $659 $468 $469 $573 forward $377 $-1 #
coedge $-1 -1 -1 $-1 $468 $659 $-1 $552 forward $377 $-1 #
edge $660 -1 -1 $-1 $453 0.18932315526898436 $661 1.5707963267948966 $468 $662 forward @7 unknown T -28.079999999999998 44.391429447851898 0.22999999491735554 -28.015055529907354 44.469999999999999 0.23000000508264443 #
coedge $-1 -1 -1 $-1 $470 $469 $634 $663 reversed $292 $-1 #
edge $664 -1 -1 $-1 $661 -0.081691087182400035 $581 -0.0016910871824000751 $569 $665 reversed @7 tangent T -28.079999999999998 44.469999999999999 0.22999999999999998 -28.079999999999998 44.469999999999999 0.30999999999999994 #
coedge $-1 -1 -1 $-1 $666 $667 $470 $575 forward $668 $-1 #
edge $669 -1 -1 $-1 $580 -0.081691289013099966 $670 -0.0016912890131000058 $574 $671 reversed @7 unknown T -28.079999999999998 44.577519231907281 0.22999999999999998 -28.079999999999998 44.577519231907281 0.30999999999999994 #
coedge $-1 -1 -1 $-1 $672 $471 $667 $673 forward $578 $-1 #
coedge $-1 -1 -1 $-1 $471 $674 $659 $675 forward $578 $-1 #
loop $-1 -1 -1 $-1 $-1 $672 $676 T -28.329999999999998 43.624272486205413 0.30999999999999994 -28.015055532497996 44.577519231907281 0.3100000000000207 unknown #
named_attribute-st-attrib $-1 -1 $677 $-1 $472 1 1 1 1 1 1 1 1 1 1 1 1 1 1 0 1 1 1 @3 eif #
vertex $678 -1 -1 $-1 $673 $679 #
vertex $680 -1 -1 $-1 $675 $681 #
straight-curve $-1 -1 -1 $-1 -28.079999999999998 44.312327737504752 0.30999999999999994 0 1 0 I I #
integer_attrib-name_attrib-gen-attrib $-1 -1 $-1 $473 $381 2 1 1 1 1 1 1 1 1 1 1 1 1 1 0 1 1 1 @3 pid 43 #
integer_attrib-name_attrib-gen-attrib $-1 -1 $-1 $-1 $474 2 1 1 1 1 1 1 1 1 1 1 1 1 1 0 1 1 1 @3 pid 31 #
point $-1 -1 -1 $-1 -28.015055534989997 43.948570547065458 0.22999999999999998 #
integer_attrib-name_attrib-gen-attrib $-1 -1 $-1 $476 $383 2 1 1 1 1 1 1 1 1 1 1 1 1 1 0 1 1 1 @3 pid 53 #
integer_attrib-name_attrib-gen-attrib $-1 -1 $-1 $-1 $477 2 1 1 1 1 1 1 1 1 1 1 1 1 1 0 1 1 1 @3 pid 38 #
point $-1 -1 -1 $-1 -28.011321856575954 44.390805204945814 0.30994637219060983 #
named_attribute-st-attrib $-1 -1 $682 $-1 $479 1 1 1 1 1 1 1 1 1 1 1 1 1 1 0 1 1 1 @3 eif #
straight-curve $-1 -1 -1 $-1 -28.011321256766003 43.949194880801969 0.30978120353040056 -0.046753874194327687 -0.0078167772247614599 -0.99887585476957019 F -0.00016355238918711629 F 0.079870990122970553 #
named_attribute-st-attrib $-1 -1 $683 $-1 $481 1 1 1 1 1 1 1 1 1 1 1 1 1 1 0 1 1 1 @3 eif #
straight-curve $-1 -1 -1 $-1 -28.000000000021032 43.950000000000003 0.22767945958865946 -0.046298989780728286 -0.001095888456609192 0.99892702564990943 F 3.5646681542771124e-012 F 0.081914595605350762 #
integer_attrib-name_attrib-gen-attrib $-1 -1 $684 $-1 $483 2 0 0 1 1 1 1 1 1 1 1 1 1 1 0 1 1 1 @3 fif 0 #
face $685 -1 -1 $-1 $549 $542 $5 $-1 $686 reversed double out T -28.329999999999998 43.624272486205413 0.22999999491735554 -28.015055529907354 44.577519231907281 0.23000000508264443 F #
rgb_color-st-attrib $-1 -1 $687 $487 $219 2 1 2 1 1 1 1 1 1 1 1 1 1 1 0 1 1 1 0.93699997663497925 0.7850000262260437 0 #
rh_material-rh_entity $-1 -1 4 4 @5 plain @5 color -4 1 1 1 @5 phong @14 ambient factor -2 1 @14 diffuse factor -2 0.75 @15 specular factor -2 0.5 @8 exponent -2 10 @14 specular color -4 1 1 1 @4 none @5 plain @5 color -4 0 0 0 #
render-rbase-attrib $-1 -1 $688 $488 $307 1 1 1 1 1 1 1 1 1 1 1 1 0 1 0 1 1 1 $689 $-1 0 2 0 -1 0 1 0 0 0 0 1 -36.899999999999999 52.719999999999999 0.079999999999999988 1 rotate no_reflect no_shear #
integer_attrib-name_attrib-gen-attrib $-1 -1 $690 $489 $395 2 1 1 1 1 1 1 1 1 1 1 1 1 1 0 1 1 1 @3 pid 18 #
integer_attrib-name_attrib-gen-attrib $-1 -1 $691 $-1 $490 2 0 0 1 1 1 1 1 1 1 1 1 1 1 0 1 1 1 @3 fif 0 #
face $692 -1 -1 $-1 $502 $497 $5 $-1 $693 forward double out T -27.359999999999999 43.719999999999999 0.10999999999999019 -27.359999999999999 44.620000000000005 0.19 F #
plane-surface $-1 -1 -1 $-1 -27.530000000000001 44.620000000000005 0.150000000000025 0 -1 0 -1 0 0 forward_v I I I I #
named_attribute-st-attrib $-1 -1 $694 $-1 $494 1 1 1 1 1 1 1 1 1 1 1 1 1 1 0 1 1 1 @3 eif #
straight-curve $-1 -1 -1 $-1 -27.565462613560001 44.620000000000005 0.18999999999999997 -1 0 0 I I #
edge $695 -1 -1 $-1 $526 -0.040000000000007307 $499 0.040000000000002478 $523 $696 forward @7 unknown T -27.359999999999999 44.620000000000005 0.10999999999999019 -27.359999999999999 44.620000000000005 0.18999999999999997 #
integer_attrib-name_attrib-gen-attrib $-1 -1 $-1 $498 $405 2 1 1 1 1 1 1 1 1 1 1 1 1 1 0 1 1 1 @3 pid 38 #
integer_attrib-name_attrib-gen-attrib $-1 -1 $-1 $-1 $499 2 1 1 1 1 1 1 1 1 1 1 1 1 1 0 1 1 1 @3 pid 27 #
point $-1 -1 -1 $-1 -27.359999999999999 44.620000000000005 0.18999999999999997 #
named_attribute-st-attrib $-1 -1 $697 $-1 $501 1 1 1 1 1 1 1 1 1 1 1 1 1 1 0 1 1 1 @3 eif #
straight-curve $-1 -1 -1 $-1 -27.359999999999999 43.719999999999999 0.14999999999998376 -0 0 1 I I #
integer_attrib-name_attrib-gen-attrib $-1 -1 $698 $-1 $502 2 0 0 1 1 1 1 1 1 1 1 1 1 1 0 1 1 1 @3 fif 0 #
plane-surface $-1 -1 -1 $-1 -27.530000000000001 43.719999999999999 0.1499999999999975 0 -1 0 1 0 -1.5554270101677901e-013 forward_v I I I I #
integer_attrib-name_attrib-gen-attrib $-1 -1 $-1 $506 $412 2 1 1 1 1 1 1 1 1 1 1 1 1 1 0 1 1 1 @3 pid 59 #
integer_attrib-name_attrib-gen-attrib $-1 -1 $699 $508 $413 2 1 1 1 1 1 1 1 1 1 1 1 1 1 0 1 1 1 @3 pid 22 #
integer_attrib-name_attrib-gen-attrib $-1 -1 $-1 $510 $418 2 1 1 1 1 1 1 1 1 1 1 1 1 1 0 1 1 1 @3 pid 40 #
integer_attrib-name_attrib-gen-attrib $-1 -1 $-1 $-1 $511 2 1 1 1 1 1 1 1 1 1 1 1 1 1 0 1 1 1 @3 pid 28 #
point $-1 -1 -1 $-1 -27.699999999999999 44.620000000000005 0.18999999999999997 #
string_attrib-name_attrib-gen-attrib $-1 -1 $-1 $516 $161 2 1 2 1 1 1 1 1 1 1 1 1 1 1 0 1 1 1 @15 ATTRIB_XACIS_ID @5 42948 #
rgb_color-st-attrib $-1 -1 $700 $518 $243 2 1 2 1 1 1 1 1 1 1 1 1 1 1 0 1 1 1 0.93699997663497925 0.7850000262260437 0 #
rh_material-rh_entity $-1 -1 4 4 @5 plain @5 color -4 1 1 1 @5 phong @14 ambient factor -2 1 @14 diffuse factor -2 0.75 @15 specular factor -2 0.5 @8 exponent -2 10 @14 specular color -4 1 1 1 @4 none @5 plain @5 color -4 0 0 0 #
named_attribute-st-attrib $-1 -1 $701 $-1 $521 1 1 1 1 1 1 1 1 1 1 1 1 1 1 0 1 1 1 @3 eif #
straight-curve $-1 -1 -1 $-1 -27.359999999999999 44.170000000000002 0.10999999999999019 0 1 0 I I #
integer_attrib-name_attrib-gen-attrib $-1 -1 $-1 $525 $430 2 1 1 1 1 1 1 1 1 1 1 1 1 1 0 1 1 1 @3 pid 28 #
integer_attrib-name_attrib-gen-attrib $-1 -1 $-1 $-1 $526 2 1 1 1 1 1 1 1 1 1 1 1 1 1 0 1 1 1 @3 pid 20 #
point $-1 -1 -1 $-1 -27.359999999999999 44.620000000000005 0.10999999999999019 #
named_attribute-st-attrib $-1 -1 $702 $-1 $528 1 1 1 1 1 1 1 1 1 1 1 1 1 1 0 1 1 1 @3 eif #
straight-curve $-1 -1 -1 $-1 -27.699999999999999 44.620000000000005 0.1500000000000225 -0 0 1 I I #
integer_attrib-name_attrib-gen-attrib $-1 -1 $-1 $532 $437 2 1 1 1 1 1 1 1 1 1 1 1 1 1 0 1 1 1 @3 pid 55 #
integer_attrib-name_attrib-gen-attrib $-1 -1 $-1 $534 $442 2 1 1 1 1 1 1 1 1 1 1 1 1 1 0 1 1 1 @3 pid 30 #
integer_attrib-name_attrib-gen-attrib $-1 -1 $-1 $-1 $535 2 1 1 1 1 1 1 1 1 1 1 1 1 1 0 1 1 1 @3 pid 21 #
point $-1 -1 -1 $-1 -27.359999999999999 43.719999999999999 0.10999999999999019 #
coedge $-1 -1 -1 $-1 $703 $540 $654 $704 reversed $542 $-1 #
coedge $-1 -1 -1 $-1 $656 $655 $540 $633 forward $466 $-1 #
edge $705 -1 -1 $-1 $706 0 $474 1.3814731715259123 $632 $707 forward @7 unknown T -28.079999999999998 43.870000000000005 0.22999999999997256 -28.015055534989969 43.948570547065486 0.2300000000000274 #
coedge $-1 -1 -1 $-1 $541 $708 $572 $663 forward $542 $-1 #
integer_attrib-name_attrib-gen-attrib $-1 -1 $-1 $543 $448 2 1 1 1 1 1 1 1 1 1 1 1 1 1 0 1 1 1 @3 pid 44 #
named_attribute-st-attrib $-1 -1 $709 $-1 $545 1 1 1 1 1 1 1 1 1 1 1 1 1 1 0 1 1 1 @3 eif #
straight-curve $-1 -1 -1 $-1 -28.015055530005796 44.391429451979484 0.22999999974586349 0.046753850720820819 -0.0078167706309610566 0.9988758559198827 F 1.3357738357502387e-010 F 0.080034540230190243 #
named_attribute-st-attrib $-1 -1 $710 $-1 $547 1 1 1 1 1 1 1 1 1 1 1 1 1 1 0 1 1 1 @3 eif #
straight-curve $-1 -1 -1 $-1 -28.003785048255065 44.390089591355654 0.30934405630557349 0.046298973484030337 -0.0010958876928873801 -0.99892702640607822 F -0.00016228038954577164 F 0.081752314797860992 #
integer_attrib-name_attrib-gen-attrib $-1 -1 $711 $-1 $549 2 0 0 1 1 1 1 1 1 1 1 1 1 1 0 1 1 1 @3 fif 0 #
named_attribute-st-attrib $-1 -1 $712 $-1 $552 1 1 1 1 1 1 1 1 1 1 1 1 1 1 0 1 1 1 @3 eif #
vertex $713 -1 -1 $-1 $552 $714 #
straight-curve $-1 -1 -1 $-1 -28.015055530005796 44.391429451979484 0.31000000000004135 0 0 -1 F 0 F 0.080000000000079424 #
integer_attrib-name_attrib-gen-attrib $-1 -1 $-1 $554 $456 2 1 1 1 1 1 1 1 1 1 1 1 1 1 0 1 1 1 @3 pid 52 #
string_attrib-name_attrib-gen-attrib $-1 -1 $-1 $560 $210 2 1 2 1 1 1 1 1 1 1 1 1 1 1 0 1 1 1 @15 ATTRIB_XACIS_ID @5 41339 #
rgb_color-st-attrib $-1 -1 $715 $562 $291 2 1 2 1 1 1 1 1 1 1 1 1 1 1 0 1 1 1 0.93699997663497925 0.7850000262260437 0 #
rh_material-rh_entity $-1 -1 4 4 @5 plain @5 color -4 1 1 1 @5 phong @14 ambient factor -2 1 @14 diffuse factor -2 0.75 @15 specular factor -2 0.5 @8 exponent -2 10 @14 specular color -4 1 1 1 @4 none @5 plain @5 color -4 0 0 0 #
render-rbase-attrib $-1 -1 $716 $563 $376 1 1 1 1 1 1 1 1 1 1 1 1 0 1 0 1 1 1 $717 $-1 0 2 0 -1 0 1 0 0 0 0 1 -36.899999999999999 52.719999999999999 0.079999999999999988 1 rotate no_reflect no_shear #
integer_attrib-name_attrib-gen-attrib $-1 -1 $718 $564 $465 2 1 1 1 1 1 1 1 1 1 1 1 1 1 0 1 1 1 @3 pid 30 #
integer_attrib-name_attrib-gen-attrib $-1 -1 $719 $-1 $565 2 0 0 1 1 1 1 1 1 1 1 1 1 1 0 1 1 1 @3 fif 0 #
face $720 -1 -1 $-1 $721 $722 $5 $-1 $723 reversed double out T -28.329999999999998 43.624272486205413 0.22999999999999998 -28.329999999999998 44.577519231907281 0.30999999999999994 F #
loop $-1 -1 -1 $-1 $-1 $724 $565 T -28.329999999999998 43.624272486205413 0.22999999999999998 -28.079999999999998 43.675000000000004 0.30999999999999994 unknown #
cone-surface $-1 -1 -1 $-1 -28.195 43.469999999999999 0.22830871098689998 0 0 1 0 -0.20500000000000007 0 1 I I -0 1 0.20500000000000007 reversed I I I I #
coedge $-1 -1 -1 $-1 $725 $726 $631 $704 forward $566 $-1 #
coedge $-1 -1 -1 $-1 $632 $568 $725 $727 forward $466 $-1 #
coedge $-1 -1 -1 $-1 $568 $632 $-1 $728 forward $466 $-1 #
coedge $-1 -1 -1 $-1 $674 $729 $568 $658 forward $578 $-1 #
edge $730 -1 -1 $-1 $731 -0 $732 1.3814731715224369 $657 $733 reversed @7 unknown T -28.079999999999998 43.870000000000005 0.30999999999999994 -28.015055534990193 43.948570547065408 0.30999999999999994 #
coedge $-1 -1 -1 $-1 $570 $569 $577 $675 reversed $377 $-1 #
named_attribute-st-attrib $-1 -1 $734 $-1 $571 1 1 1 1 1 1 1 1 1 1 1 1 1 1 0 1 1 1 @3 eif #
vertex $735 -1 -1 $-1 $573 $736 #
ellipse-curve $-1 -1 -1 $-1 -28 44.469999999999999 0.22999999999999998 -0 -0 -1 0 -0.080000000000000071 0 1 I I #
edge $737 -1 -1 $-1 $670 -0.26519149440252932 $661 -0.15767226249524668 $572 $738 forward @7 unknown T -28.079999999999998 44.469999999999999 0.22999999999999998 -28.079999999999998 44.577519231907281 0.22999999999999998 #
named_attribute-st-attrib $-1 -1 $739 $-1 $573 1 1 1 1 1 1 1 1 1 1 1 1 1 1 0 1 1 1 @3 eif #
straight-curve $-1 -1 -1 $-1 -28.079999999999998 44.469999999999999 0.31169108718240002 0 0 -1 I I #
coedge $-1 -1 -1 $-1 $740 $574 $708 $741 forward $668 $-1 #
coedge $-1 -1 -1 $-1 $574 $740 $576 $673 reversed $668 $-1 #
loop $-1 -1 -1 $-1 $-1 $574 $721 T -28.329999999999998 44.535000000000004 0.22999999999999998 -28.079999999999998 44.577519231907281 0.30999999999999994 unknown #
named_attribute-st-attrib $-1 -1 $742 $-1 $575 1 1 1 1 1 1 1 1 1 1 1 1 1 1 0 1 1 1 @3 eif #
vertex $743 -1 -1 $-1 $741 $744 #
straight-curve $-1 -1 -1 $-1 -28.079999999999998 44.577519231907281 0.22830871098689998 0 0 1 I I #
coedge $-1 -1 -1 $-1 $745 $576 $746 $747 reversed $578 $-1 #
edge $748 -1 -1 $-1 $580 -0.65575282575776228 $749 0.65575282575776228 $667 $750 forward @7 unknown T -28.329999999999998 44.535000000000004 0.30999999999999994 -28.079999999999998 44.577519231907281 0.30999999999999994 #
coedge $-1 -1 -1 $-1 $577 $657 $-1 $751 forward $578 $-1 #
edge $752 -1 -1 $-1 $642 0.18932312478421875 $581 1.5707963267948966 $659 $753 forward @7 unknown T -28.079999999999998 44.391429452475577 0.30999999999999994 -28.015055532497996 44.469999999999999 0.3100000000000207 #
face $754 -1 -1 $-1 $-1 $578 $5 $-1 $755 forward double out T -28.329999999999998 43.624272486205413 0.30999999999999994 -28.015055532497996 44.577519231907281 0.3100000000000207 F #
integer_attrib-name_attrib-gen-attrib $-1 -1 $-1 $579 $472 2 1 1 1 1 1 1 1 1 1 1 1 1 1 0 1 1 1 @3 pid 74 #
integer_attrib-name_attrib-gen-attrib $-1 -1 $-1 $-1 $580 2 1 1 1 1 1 1 1 1 1 1 1 1 1 0 1 1 1 @3 pid 47 #
point $-1 -1 -1 $-1 -28.079999999999998 44.577519231907281 0.30999999999999994 #
integer_attrib-name_attrib-gen-attrib $-1 -1 $-1 $-1 $581 2 1 1 1 1 1 1 1 1 1 1 1 1 1 0 1 1 1 @3 pid 48 #
point $-1 -1 -1 $-1 -28.079999999999998 44.469999999999999 0.30999999999999994 #
integer_attrib-name_attrib-gen-attrib $-1 -1 $-1 $589 $479 2 1 1 1 1 1 1 1 1 1 1 1 1 1 0 1 1 1 @3 pid 61 #
integer_attrib-name_attrib-gen-attrib $-1 -1 $-1 $591 $481 2 1 1 1 1 1 1 1 1 1 1 1 1 1 0 1 1 1 @3 pid 60 #
integer_attrib-name_attrib-gen-attrib $-1 -1 $756 $593 $483 2 1 1 1 1 1 1 1 1 1 1 1 1 1 0 1 1 1 @3 pid 23 #
integer_attrib-name_attrib-gen-attrib $-1 -1 $757 $-1 $594 2 0 0 1 1 1 1 1 1 1 1 1 1 1 0 1 1 1 @3 fif 0 #
plane-surface $-1 -1 -1 $-1 -28.172527767495001 44.100895859056003 0.22999999999999998 0 0 1 0 -1 0 forward_v I I I I #
string_attrib-name_attrib-gen-attrib $-1 -1 $-1 $595 $219 2 1 2 1 1 1 1 1 1 1 1 1 1 1 0 1 1 1 @15 ATTRIB_XACIS_ID @5 41759 #
rgb_color-st-attrib $-1 -1 $758 $597 $307 2 1 2 1 1 1 1 1 1 1 1 1 1 1 0 1 1 1 0.93699997663497925 0.7850000262260437 0 #
rh_material-rh_entity $-1 -1 4 4 @5 plain @5 color -4 1 1 1 @5 phong @14 ambient factor -2 1 @14 diffuse factor -2 0.75 @15 specular factor -2 0.5 @8 exponent -2 10 @14 specular color -4 1 1 1 @4 none @5 plain @5 color -4 0 0 0 #
render-rbase-attrib $-1 -1 $759 $598 $395 1 1 1 1 1 1 1 1 1 1 1 1 0 1 0 1 1 1 $760 $-1 0 2 0 -1 0 1 0 0 0 0 1 -36.899999999999999 52.719999999999999 0.079999999999999988 1 rotate no_reflect no_shear #
integer_attrib-name_attrib-gen-attrib $-1 -1 $761 $599 $490 2 1 1 1 1 1 1 1 1 1 1 1 1 1 0 1 1 1 @3 pid 19 #
integer_attrib-name_attrib-gen-attrib $-1 -1 $762 $-1 $600 2 0 0 1 1 1 1 1 1 1 1 1 1 1 0 1 1 1 @3 fif 0 #
plane-surface $-1 -1 -1 $-1 -27.359999999999999 44.170000000000002 0.14999999999996999 1 0 0 0 1 0 forward_v I I I I #
integer_attrib-name_attrib-gen-attrib $-1 -1 $-1 $602 $494 2 1 1 1 1 1 1 1 1 1 1 1 1 1 0 1 1 1 @3 pid 39 #
named_attribute-st-attrib $-1 -1 $763 $-1 $604 1 1 1 1 1 1 1 1 1 1 1 1 1 1 0 1 1 1 @3 eif #
straight-curve $-1 -1 -1 $-1 -27.359999999999999 44.620000000000005 0.1499999999999975 -0 0 1 I I #
integer_attrib-name_attrib-gen-attrib $-1 -1 $-1 $608 $501 2 1 1 1 1 1 1 1 1 1 1 1 1 1 0 1 1 1 @3 pid 58 #
integer_attrib-name_attrib-gen-attrib $-1 -1 $764 $610 $502 2 1 1 1 1 1 1 1 1 1 1 1 1 1 0 1 1 1 @3 pid 21 #
render-rbase-attrib $-1 -1 $765 $613 $413 1 1 1 1 1 1 1 1 1 1 1 1 0 1 0 1 1 1 $766 $-1 0 2 0 -1 0 1 0 0 0 0 1 -36.899999999999999 52.719999999999999 0.079999999999999988 1 rotate no_reflect no_shear #
string_attrib-name_attrib-gen-attrib $-1 -1 $-1 $618 $243 2 1 2 1 1 1 1 1 1 1 1 1 1 1 0 1 1 1 @15 ATTRIB_XACIS_ID @5 41306 #
integer_attrib-name_attrib-gen-attrib $-1 -1 $-1 $620 $521 2 1 1 1 1 1 1 1 1 1 1 1 1 1 0 1 1 1 @3 pid 29 #
integer_attrib-name_attrib-gen-attrib $-1 -1 $-1 $625 $528 2 1 1 1 1 1 1 1 1 1 1 1 1 1 0 1 1 1 @3 pid 56 #
coedge $-1 -1 -1 $-1 $767 $631 $768 $769 reversed $542 $-1 #
edge $770 -1 -1 $-1 $771 -0.28816870891423463 $706 -0.057874336398995752 $654 $772 reversed @7 unknown T -28.079999999999998 43.639705627484766 0.22999999999999998 -28.079999999999998 43.870000000000005 0.22999999999999998 #
named_attribute-st-attrib $-1 -1 $773 $-1 $633 1 1 1 1 1 1 1 1 1 1 1 1 1 1 0 1 1 1 @3 eif #
vertex $774 -1 -1 $-1 $727 $775 #
ellipse-curve $-1 -1 -1 $-1 -28 43.870000000000005 0.22999999999999998 -0 -0 -1 -0.080000000000000071 0 0 1 I I #
coedge $-1 -1 -1 $-1 $634 $767 $666 $741 reversed $542 $-1 #
integer_attrib-name_attrib-gen-attrib $-1 -1 $-1 $636 $545 2 1 1 1 1 1 1 1 1 1 1 1 1 1 0 1 1 1 @3 pid 72 #
integer_attrib-name_attrib-gen-attrib $-1 -1 $-1 $638 $547 2 1 1 1 1 1 1 1 1 1 1 1 1 1 0 1 1 1 @3 pid 71 #
integer_attrib-name_attrib-gen-attrib $-1 -1 $776 $640 $549 2 1 1 1 1 1 1 1 1 1 1 1 1 1 0 1 1 1 @3 pid 25 #
integer_attrib-name_attrib-gen-attrib $-1 -1 $-1 $641 $552 2 1 1 1 1 1 1 1 1 1 1 1 1 1 0 1 1 1 @3 pid 78 #
integer_attrib-name_attrib-gen-attrib $-1 -1 $-1 $-1 $642 2 1 1 1 1 1 1 1 1 1 1 1 1 1 0 1 1 1 @3 pid 49 #
point $-1 -1 -1 $-1 -28.015055532497996 44.391429452980745 0.3100000000000207 #
string_attrib-name_attrib-gen-attrib $-1 -1 $-1 $646 $291 2 1 2 1 1 1 1 1 1 1 1 1 1 1 0 1 1 1 @15 ATTRIB_XACIS_ID @5 43815 #
rgb_color-st-attrib $-1 -1 $777 $648 $376 2 1 2 1 1 1 1 1 1 1 1 1 1 1 0 1 1 1 0.93699997663497925 0.7850000262260437 0 #
rh_material-rh_entity $-1 -1 4 4 @5 plain @5 color -4 1 1 1 @5 phong @14 ambient factor -2 1 @14 diffuse factor -2 0.75 @15 specular factor -2 0.5 @8 exponent -2 10 @14 specular color -4 1 1 1 @4 none @5 plain @5 color -4 0 0 0 #
render-rbase-attrib $-1 -1 $778 $649 $465 1 1 1 1 1 1 1 1 1 1 1 1 0 1 0 1 1 1 $779 $-1 0 2 0 -1 0 1 0 0 0 0 1 -36.899999999999999 52.719999999999999 0.079999999999999988 1 rotate no_reflect no_shear #
integer_attrib-name_attrib-gen-attrib $-1 -1 $780 $650 $565 2 1 1 1 1 1 1 1 1 1 1 1 1 1 0 1 1 1 @3 pid 31 #
integer_attrib-name_attrib-gen-attrib $-1 -1 $781 $-1 $651 2 0 0 1 1 1 1 1 1 1 1 1 1 1 0 1 1 1 @3 fif 0 #
face $782 -1 -1 $-1 $676 $668 $5 $-1 $783 reversed double out T -28.329999999999998 44.535000000000004 0.22999999999999998 -28.079999999999998 44.577519231907281 0.30999999999999994 F #
loop $-1 -1 -1 $-1 $-1 $784 $651 T -28.329999999999998 43.624272486205413 0.22999999999999998 -28.329999999999998 44.577519231907281 0.30999999999999994 unknown #
plane-surface $-1 -1 -1 $-1 -28.329999999999998 44.100895859056003 0.27000000000000002 1 0 0 0 -1 0 forward_v I I I I #
coedge $-1 -1 -1 $-1 $785 $768 $726 $786 forward $652 $-1 #
coedge $-1 -1 -1 $-1 $787 $654 $655 $727 reversed $566 $-1 #
coedge $-1 -1 -1 $-1 $654 $787 $724 $786 reversed $566 $-1 #
edge $788 -1 -1 $-1 $731 0.0016912890131002278 $706 0.081691289013100188 $725 $789 forward @7 tangent T -28.079999999999998 43.870000000000005 0.22999999999999998 -28.079999999999998 43.870000000000005 0.30999999999999994 #
edge $790 -1 -1 $-1 $474 3.805289416902724e-014 $732 0.080000000000038013 $656 $791 forward @7 unknown T -28.015055534990193 43.948570547065003 0.22999999999997256 -28.015055534989969 43.948570547065486 0.30999999999999994 #
coedge $-1 -1 -1 $-1 $657 $745 $787 $792 reversed $578 $-1 #
named_attribute-st-attrib $-1 -1 $793 $-1 $658 1 1 1 1 1 1 1 1 1 1 1 1 1 1 0 1 1 1 @3 eif #
vertex $794 -1 -1 $-1 $658 $795 #
vertex $796 -1 -1 $-1 $751 $797 #
ellipse-curve $-1 -1 -1 $-1 -28 43.870000000000005 0.30999999999999994 0 0 1 -0.080000000000000071 0 0 1 I I #
integer_attrib-name_attrib-gen-attrib $-1 -1 $-1 $660 $571 2 1 1 1 1 1 1 1 1 1 1 1 1 1 0 1 1 1 @3 pid 63 #
integer_attrib-name_attrib-gen-attrib $-1 -1 $-1 $-1 $661 2 1 1 1 1 1 1 1 1 1 1 1 1 1 0 1 1 1 @3 pid 40 #
point $-1 -1 -1 $-1 -28.079999999999998 44.469999999999999 0.22999999999999998 #
named_attribute-st-attrib $-1 -1 $798 $-1 $663 1 1 1 1 1 1 1 1 1 1 1 1 1 1 0 1 1 1 @3 eif #
straight-curve $-1 -1 -1 $-1 -28.079999999999998 44.312327737504752 0.22999999999999998 0 -1 0 I I #
integer_attrib-name_attrib-gen-attrib $-1 -1 $-1 $664 $573 2 1 1 1 1 1 1 1 1 1 1 1 1 1 0 1 1 1 @3 pid 75 #
coedge $-1 -1 -1 $-1 $667 $666 $799 $800 forward $668 $-1 #
edge $801 -1 -1 $-1 $670 -0.65575282575776228 $802 0.65575282575776228 $666 $803 forward @7 unknown T -28.329999999999998 44.535000000000004 0.22999999999999998 -28.079999999999998 44.577519231907281 0.22999999999999998 #
integer_attrib-name_attrib-gen-attrib $-1 -1 $-1 $669 $575 2 1 1 1 1 1 1 1 1 1 1 1 1 1 0 1 1 1 @3 pid 76 #
integer_attrib-name_attrib-gen-attrib $-1 -1 $-1 $-1 $670 2 1 1 1 1 1 1 1 1 1 1 1 1 1 0 1 1 1 @3 pid 39 #
point $-1 -1 -1 $-1 -28.079999999999998 44.577519231907281 0.22999999999999998 #
coedge $-1 -1 -1 $-1 $729 $672 $785 $804 forward $578 $-1 #
coedge $-1 -1 -1 $-1 $799 $805 $672 $747 forward $722 $-1 #
edge $806 -1 -1 $-1 $807 -0.47662337285058953 $749 0.47662337285127876 $746 $808 reversed @7 unknown T -28.329999999999998 43.624272486205413 0.30999999999999994 -28.329999999999998 44.577519231907281 0.30999999999999994 #
named_attribute-st-attrib $-1 -1 $809 $-1 $673 1 1 1 1 1 1 1 1 1 1 1 1 1 1 0 1 1 1 @3 eif #
vertex $810 -1 -1 $-1 $800 $811 #
ellipse-curve $-1 -1 -1 $-1 -28.204999999999998 44.740000000000002 0.30999999999999994 -0 -0 -1 0 -0.20500000000000007 0 1 I I #
edge $812 -1 -1 $-1 $732 0 $642 0.44285890591574173 $674 $813 forward @7 unknown T -28.015055534990193 43.948570547065003 0.30999999999999994 -28.015055532497996 44.391429452980745 0.3100000000000207 #
named_attribute-st-attrib $-1 -1 $814 $-1 $675 1 1 1 1 1 1 1 1 1 1 1 1 1 1 0 1 1 1 @3 eif #
ellipse-curve $-1 -1 -1 $-1 -28 44.469999999999999 0.30999999999999994 -0 -0 -1 0 -0.080000000000000071 0 1 I I #
integer_attrib-name_attrib-gen-attrib $-1 -1 $815 $-1 $676 2 0 0 1 1 1 1 1 1 1 1 1 1 1 0 1 1 1 @3 fif 0 #
plane-surface $-1 -1 -1 $-1 -28.172527767495001 44.100895859056003 0.30999999999999994 0 0 1 0 -1 0 forward_v I I I I #
render-rbase-attrib $-1 -1 $816 $684 $483 1 1 1 1 1 1 1 1 1 1 1 1 0 1 0 1 1 1 $817 $-1 0 2 0 -1 0 1 0 0 0 0 1 -36.899999999999999 52.719999999999999 0.079999999999999988 1 rotate no_reflect no_shear #
integer_attrib-name_attrib-gen-attrib $-1 -1 $818 $685 $594 2 1 1 1 1 1 1 1 1 1 1 1 1 1 0 1 1 1 @3 pid 24 #
string_attrib-name_attrib-gen-attrib $-1 -1 $-1 $688 $307 2 1 2 1 1 1 1 1 1 1 1 1 1 1 0 1 1 1 @15 ATTRIB_XACIS_ID @5 40876 #
rgb_color-st-attrib $-1 -1 $819 $690 $395 2 1 2 1 1 1 1 1 1 1 1 1 1 1 0 1 1 1 0.93699997663497925 0.7850000262260437 0 #
rh_material-rh_entity $-1 -1 4 4 @5 plain @5 color -4 1 1 1 @5 phong @14 ambient factor -2 1 @14 diffuse factor -2 0.75 @15 specular factor -2 0.5 @8 exponent -2 10 @14 specular color -4 1 1 1 @4 none @5 plain @5 color -4 0 0 0 #
render-rbase-attrib $-1 -1 $820 $691 $490 1 1 1 1 1 1 1 1 1 1 1 1 0 1 0 1 1 1 $821 $-1 0 2 0 -1 0 1 0 0 0 0 1 -36.899999999999999 52.719999999999999 0.079999999999999988 1 rotate no_reflect no_shear #
integer_attrib-name_attrib-gen-attrib $-1 -1 $822 $692 $600 2 1 1 1 1 1 1 1 1 1 1 1 1 1 0 1 1 1 @3 pid 20 #
integer_attrib-name_attrib-gen-attrib $-1 -1 $-1 $695 $604 2 1 1 1 1 1 1 1 1 1 1 1 1 1 0 1 1 1 @3 pid 57 #
render-rbase-attrib $-1 -1 $823 $698 $502 1 1 1 1 1 1 1 1 1 1 1 1 0 1 0 1 1 1 $824 $-1 0 2 0 -1 0 1 0 0 0 0 1 -36.899999999999999 52.719999999999999 0.079999999999999988 1 rotate no_reflect no_shear #
rgb_color-st-attrib $-1 -1 $825 $699 $413 2 1 2 1 1 1 1 1 1 1 1 1 1 1 0 1 1 1 0.93699997663497925 0.7850000262260437 0 #
rh_material-rh_entity $-1 -1 4 4 @5 plain @5 color -4 1 1 1 @5 phong @14 ambient factor -2 1 @14 diffuse factor -2 0.75 @15 specular factor -2 0.5 @8 exponent -2 10 @14 specular color -4 1 1 1 @4 none @5 plain @5 color -4 0 0 0 #
coedge $-1 -1 -1 $-1 $708 $703 $784 $826 reversed $542 $-1 #
coedge $-1 -1 -1 $-1 $724 $827 $703 $769 forward $652 $-1 #
edge $828 -1 -1 $-1 $829 2.4227201624958177 $771 3.7371564949544984 $768 $830 forward @7 unknown T -28.329999999999998 43.624272486205413 0.22999999999999998 -28.079999999999998 43.674999999999997 0.22999999999999998 #
named_attribute-st-attrib $-1 -1 $831 $-1 $704 1 1 1 1 1 1 1 1 1 1 1 1 1 1 0 1 1 1 @3 eif #
vertex $832 -1 -1 $-1 $769 $833 #
straight-curve $-1 -1 -1 $-1 -28.079999999999998 43.927874336399 0.22999999999999998 0 -1 0 I I #
integer_attrib-name_attrib-gen-attrib $-1 -1 $-1 $705 $633 2 1 1 1 1 1 1 1 1 1 1 1 1 1 0 1 1 1 @3 pid 64 #
integer_attrib-name_attrib-gen-attrib $-1 -1 $-1 $-1 $706 2 1 1 1 1 1 1 1 1 1 1 1 1 1 0 1 1 1 @3 pid 41 #
point $-1 -1 -1 $-1 -28.079999999999998 43.870000000000005 0.22999999999999998 #
render-rbase-attrib $-1 -1 $834 $711 $549 1 1 1 1 1 1 1 1 1 1 1 1 0 1 0 1 1 1 $835 $-1 0 2 0 -1 0 1 0 0 0 0 1 -36.899999999999999 52.719999999999999 0.079999999999999988 1 rotate no_reflect no_shear #
string_attrib-name_attrib-gen-attrib $-1 -1 $-1 $716 $376 2 1 2 1 1 1 1 1 1 1 1 1 1 1 0 1 1 1 @15 ATTRIB_XACIS_ID @5 40534 #
rgb_color-st-attrib $-1 -1 $836 $718 $465 2 1 2 1 1 1 1 1 1 1 1 1 1 1 0 1 1 1 0.93699997663497925 0.7850000262260437 0 #
rh_material-rh_entity $-1 -1 4 4 @5 plain @5 color -4 1 1 1 @5 phong @14 ambient factor -2 1 @14 diffuse factor -2 0.75 @15 specular factor -2 0.5 @8 exponent -2 10 @14 specular color -4 1 1 1 @4 none @5 plain @5 color -4 0 0 0 #
render-rbase-attrib $-1 -1 $837 $719 $565 1 1 1 1 1 1 1 1 1 1 1 1 0 1 0 1 1 1 $838 $-1 0 2 0 -1 0 1 0 0 0 0 1 -36.899999999999999 52.719999999999999 0.079999999999999988 1 rotate no_reflect no_shear #
integer_attrib-name_attrib-gen-attrib $-1 -1 $839 $720 $651 2 1 1 1 1 1 1 1 1 1 1 1 1 1 0 1 1 1 @3 pid 32 #
integer_attrib-name_attrib-gen-attrib $-1 -1 $840 $-1 $721 2 0 0 1 1 1 1 1 1 1 1 1 1 1 0 1 1 1 @3 fif 0 #
cone-surface $-1 -1 -1 $-1 -28.204999999999998 44.740000000000002 0.22830871098689998 0 0 1 0 -0.20500000000000007 0 1 I I -0 1 0.20500000000000007 reversed I I I I #
coedge $-1 -1 -1 $-1 $805 $799 $767 $826 forward $722 $-1 #
coedge $-1 -1 -1 $-1 $827 $724 $745 $804 reversed $652 $-1 #
edge $841 -1 -1 $-1 $771 0.0016912890131000058 $842 0.081691289013099966 $724 $843 reversed @7 unknown T -28.079999999999998 43.639705627484766 0.22999999999999998 -28.079999999999998 43.639705627484773 0.30999999999999994 #
coedge $-1 -1 -1 $-1 $726 $725 $729 $792 forward $566 $-1 #
named_attribute-st-attrib $-1 -1 $844 $-1 $727 1 1 1 1 1 1 1 1 1 1 1 1 1 1 0 1 1 1 @3 eif #
straight-curve $-1 -1 -1 $-1 -28.079999999999998 43.870000000000005 0.31169128901310017 0 0 -1 I I #
named_attribute-st-attrib $-1 -1 $845 $-1 $728 1 1 1 1 1 1 1 1 1 1 1 1 1 1 0 1 1 1 @3 eif #
straight-curve $-1 -1 -1 $-1 -28.01505553498999 43.948570547065458 0.22999999999996193 0 0 1 F 0 F 0.080000000000079424 #
edge $846 -1 -1 $-1 $731 0.057874336398995752 $842 0.28816870891422752 $729 $847 reversed @7 unknown T -28.079999999999998 43.639705627484773 0.30999999999999994 -28.079999999999998 43.870000000000005 0.30999999999999994 #
integer_attrib-name_attrib-gen-attrib $-1 -1 $-1 $730 $658 2 1 1 1 1 1 1 1 1 1 1 1 1 1 0 1 1 1 @3 pid 79 #
integer_attrib-name_attrib-gen-attrib $-1 -1 $-1 $-1 $731 2 1 1 1 1 1 1 1 1 1 1 1 1 1 0 1 1 1 @3 pid 51 #
point $-1 -1 -1 $-1 -28.079999999999998 43.870000000000005 0.30999999999999994 #
integer_attrib-name_attrib-gen-attrib $-1 -1 $-1 $-1 $732 2 1 1 1 1 1 1 1 1 1 1 1 1 1 0 1 1 1 @3 pid 50 #
point $-1 -1 -1 $-1 -28.015055534990193 43.948570547065003 0.30999999999999994 #
integer_attrib-name_attrib-gen-attrib $-1 -1 $-1 $737 $663 2 1 1 1 1 1 1 1 1 1 1 1 1 1 0 1 1 1 @3 pid 62 #
coedge $-1 -1 -1 $-1 $784 $746 $740 $800 reversed $722 $-1 #
edge $848 -1 -1 $-1 $802 0.0016912890131000058 $749 0.081691289013099966 $799 $849 reversed @7 unknown T -28.329999999999998 44.577519231907281 0.22999999999999998 -28.329999999999998 44.577519231907281 0.30999999999999994 #
named_attribute-st-attrib $-1 -1 $850 $-1 $741 1 1 1 1 1 1 1 1 1 1 1 1 1 1 0 1 1 1 @3 eif #
vertex $851 -1 -1 $-1 $800 $852 #
ellipse-curve $-1 -1 -1 $-1 -28.204999999999998 44.740000000000002 0.22999999999999998 -0 -0 -1 0 -0.20500000000000007 0 1 I I #
edge $853 -1 -1 $-1 $807 -3.8604651446837686 $842 -2.5460288122251074 $745 $854 reversed @7 unknown T -28.329999999999998 43.624272486205413 0.30999999999999994 -28.079999999999998 43.674999999999997 0.30999999999999994 #
coedge $-1 -1 -1 $-1 $746 $784 $827 $855 reversed $722 $-1 #
named_attribute-st-attrib $-1 -1 $856 $-1 $747 1 1 1 1 1 1 1 1 1 1 1 1 1 1 0 1 1 1 @3 eif #
vertex $857 -1 -1 $-1 $747 $858 #
straight-curve $-1 -1 -1 $-1 -28.329999999999998 44.100895859056003 0.30999999999999994 0 -1 0 I I #
integer_attrib-name_attrib-gen-attrib $-1 -1 $-1 $748 $673 2 1 1 1 1 1 1 1 1 1 1 1 1 1 0 1 1 1 @3 pid 90 #
integer_attrib-name_attrib-gen-attrib $-1 -1 $-1 $-1 $749 2 1 1 1 1 1 1 1 1 1 1 1 1 1 0 1 1 1 @3 pid 55 #
point $-1 -1 -1 $-1 -28.329999999999998 44.577519231907281 0.30999999999999994 #
named_attribute-st-attrib $-1 -1 $859 $-1 $751 1 1 1 1 1 1 1 1 1 1 1 1 1 1 0 1 1 1 @3 eif #
straight-curve $-1 -1 -1 $-1 -28.015055534990193 43.948570547065003 0.30999999999999994 0 1 0 F 0 F 0.4428589069169977 #
integer_attrib-name_attrib-gen-attrib $-1 -1 $-1 $752 $675 2 1 1 1 1 1 1 1 1 1 1 1 1 1 0 1 1 1 @3 pid 77 #
integer_attrib-name_attrib-gen-attrib $-1 -1 $860 $754 $676 2 1 1 1 1 1 1 1 1 1 1 1 1 1 0 1 1 1 @3 pid 34 #
rgb_color-st-attrib $-1 -1 $861 $756 $483 2 1 2 1 1 1 1 1 1 1 1 1 1 1 0 1 1 1 0.93699997663497925 0.7850000262260437 0 #
rh_material-rh_entity $-1 -1 4 4 @5 plain @5 color -4 1 1 1 @5 phong @14 ambient factor -2 1 @14 diffuse factor -2 0.75 @15 specular factor -2 0.5 @8 exponent -2 10 @14 specular color -4 1 1 1 @4 none @5 plain @5 color -4 0 0 0 #
render-rbase-attrib $-1 -1 $862 $757 $594 1 1 1 1 1 1 1 1 1 1 1 1 0 1 0 1 1 1 $863 $-1 0 2 0 -1 0 1 0 0 0 0 1 -36.899999999999999 52.719999999999999 0.079999999999999988 1 rotate no_reflect no_shear #
string_attrib-name_attrib-gen-attrib $-1 -1 $-1 $759 $395 2 1 2 1 1 1 1 1 1 1 1 1 1 1 0 1 1 1 @15 ATTRIB_XACIS_ID @5 41400 #
rgb_color-st-attrib $-1 -1 $864 $761 $490 2 1 2 1 1 1 1 1 1 1 1 1 1 1 0 1 1 1 0.93699997663497925 0.7850000262260437 0 #
rh_material-rh_entity $-1 -1 4 4 @5 plain @5 color -4 1 1 1 @5 phong @14 ambient factor -2 1 @14 diffuse factor -2 0.75 @15 specular factor -2 0.5 @8 exponent -2 10 @14 specular color -4 1 1 1 @4 none @5 plain @5 color -4 0 0 0 #
render-rbase-attrib $-1 -1 $865 $762 $600 1 1 1 1 1 1 1 1 1 1 1 1 0 1 0 1 1 1 $866 $-1 0 2 0 -1 0 1 0 0 0 0 1 -36.899999999999999 52.719999999999999 0.079999999999999988 1 rotate no_reflect no_shear #
rgb_color-st-attrib $-1 -1 $867 $764 $502 2 1 2 1 1 1 1 1 1 1 1 1 1 1 0 1 1 1 0.93699997663497925 0.7850000262260437 0 #
rh_material-rh_entity $-1 -1 4 4 @5 plain @5 color -4 1 1 1 @5 phong @14 ambient factor -2 1 @14 diffuse factor -2 0.75 @15 specular factor -2 0.5 @8 exponent -2 10 @14 specular color -4 1 1 1 @4 none @5 plain @5 color -4 0 0 0 #
string_attrib-name_attrib-gen-attrib $-1 -1 $-1 $765 $413 2 1 2 1 1 1 1 1 1 1 1 1 1 1 0 1 1 1 @15 ATTRIB_XACIS_ID @5 40412 #
edge $868 -1 -1 $-1 $802 -0.47662337285127876 $829 0.47662337285058953 $784 $869 forward @7 unknown T -28.329999999999998 43.624272486205413 0.22999999999999998 -28.329999999999998 44.577519231907281 0.22999999999999998 #
coedge $-1 -1 -1 $-1 $768 $785 $805 $855 forward $652 $-1 #
named_attribute-st-attrib $-1 -1 $870 $-1 $769 1 1 1 1 1 1 1 1 1 1 1 1 1 1 0 1 1 1 @3 eif #
vertex $871 -1 -1 $-1 $855 $872 #
ellipse-curve $-1 -1 -1 $-1 -28.195 43.469999999999999 0.22999999999999998 -0 -0 -1 0 -0.20500000000000007 0 1 I I #
integer_attrib-name_attrib-gen-attrib $-1 -1 $-1 $770 $704 2 1 1 1 1 1 1 1 1 1 1 1 1 1 0 1 1 1 @3 pid 65 #
integer_attrib-name_attrib-gen-attrib $-1 -1 $-1 $-1 $771 2 1 1 1 1 1 1 1 1 1 1 1 1 1 0 1 1 1 @3 pid 42 #
point $-1 -1 -1 $-1 -28.079999999999998 43.639705627484766 0.22999999999999998 #
rgb_color-st-attrib $-1 -1 $873 $776 $549 2 1 2 1 1 1 1 1 1 1 1 1 1 1 0 1 1 1 0.93699997663497925 0.7850000262260437 0 #
rh_material-rh_entity $-1 -1 4 4 @5 plain @5 color -4 1 1 1 @5 phong @14 ambient factor -2 1 @14 diffuse factor -2 0.75 @15 specular factor -2 0.5 @8 exponent -2 10 @14 specular color -4 1 1 1 @4 none @5 plain @5 color -4 0 0 0 #
string_attrib-name_attrib-gen-attrib $-1 -1 $-1 $778 $465 2 1 2 1 1 1 1 1 1 1 1 1 1 1 0 1 1 1 @15 ATTRIB_XACIS_ID @5 39990 #
rgb_color-st-attrib $-1 -1 $874 $780 $565 2 1 2 1 1 1 1 1 1 1 1 1 1 1 0 1 1 1 0.93699997663497925 0.7850000262260437 0 #
rh_material-rh_entity $-1 -1 4 4 @5 plain @5 color -4 1 1 1 @5 phong @14 ambient factor -2 1 @14 diffuse factor -2 0.75 @15 specular factor -2 0.5 @8 exponent -2 10 @14 specular color -4 1 1 1 @4 none @5 plain @5 color -4 0 0 0 #
render-rbase-attrib $-1 -1 $875 $781 $651 1 1 1 1 1 1 1 1 1 1 1 1 0 1 0 1 1 1 $876 $-1 0 2 0 -1 0 1 0 0 0 0 1 -36.899999999999999 52.719999999999999 0.079999999999999988 1 rotate no_reflect no_shear #
integer_attrib-name_attrib-gen-attrib $-1 -1 $877 $782 $721 2 1 1 1 1 1 1 1 1 1 1 1 1 1 0 1 1 1 @3 pid 33 #
named_attribute-st-attrib $-1 -1 $878 $-1 $786 1 1 1 1 1 1 1 1 1 1 1 1 1 1 0 1 1 1 @3 eif #
vertex $879 -1 -1 $-1 $792 $880 #
straight-curve $-1 -1 -1 $-1 -28.079999999999998 43.639705627484766 0.22830871098689998 -0 -0 -1 I I #
integer_attrib-name_attrib-gen-attrib $-1 -1 $-1 $788 $727 2 1 1 1 1 1 1 1 1 1 1 1 1 1 0 1 1 1 @3 pid 80 #
integer_attrib-name_attrib-gen-attrib $-1 -1 $-1 $790 $728 2 1 1 1 1 1 1 1 1 1 1 1 1 1 0 1 1 1 @3 pid 81 #
named_attribute-st-attrib $-1 -1 $881 $-1 $792 1 1 1 1 1 1 1 1 1 1 1 1 1 1 0 1 1 1 @3 eif #
straight-curve $-1 -1 -1 $-1 -28.079999999999998 43.927874336399 0.30999999999999994 0 1 0 I I #
named_attribute-st-attrib $-1 -1 $882 $-1 $800 1 1 1 1 1 1 1 1 1 1 1 1 1 1 0 1 1 1 @3 eif #
straight-curve $-1 -1 -1 $-1 -28.329999999999998 44.577519231907281 0.22830871098689998 -0 -0 -1 I I #
integer_attrib-name_attrib-gen-attrib $-1 -1 $-1 $801 $741 2 1 1 1 1 1 1 1 1 1 1 1 1 1 0 1 1 1 @3 pid 69 #
integer_attrib-name_attrib-gen-attrib $-1 -1 $-1 $-1 $802 2 1 1 1 1 1 1 1 1 1 1 1 1 1 0 1 1 1 @3 pid 45 #
point $-1 -1 -1 $-1 -28.329999999999998 44.577519231907281 0.22999999999999998 #
named_attribute-st-attrib $-1 -1 $883 $-1 $804 1 1 1 1 1 1 1 1 1 1 1 1 1 1 0 1 1 1 @3 eif #
ellipse-curve $-1 -1 -1 $-1 -28.195 43.469999999999999 0.30999999999999994 0 0 1 0 -0.20500000000000007 0 1 I I #
edge $884 -1 -1 $-1 $807 -0.081691289013099966 $829 -0.0016912890131000058 $805 $885 reversed @7 unknown T -28.329999999999998 43.624272486205413 0.22999999999999998 -28.329999999999998 43.624272486205413 0.30999999999999994 #
integer_attrib-name_attrib-gen-attrib $-1 -1 $-1 $806 $747 2 1 1 1 1 1 1 1 1 1 1 1 1 1 0 1 1 1 @3 pid 87 #
integer_attrib-name_attrib-gen-attrib $-1 -1 $-1 $-1 $807 2 1 1 1 1 1 1 1 1 1 1 1 1 1 0 1 1 1 @3 pid 54 #
point $-1 -1 -1 $-1 -28.329999999999998 43.624272486205413 0.30999999999999994 #
integer_attrib-name_attrib-gen-attrib $-1 -1 $-1 $812 $751 2 1 1 1 1 1 1 1 1 1 1 1 1 1 0 1 1 1 @3 pid 91 #
render-rbase-attrib $-1 -1 $886 $815 $676 1 1 1 1 1 1 1 1 1 1 1 1 0 1 0 1 1 1 $887 $-1 0 2 0 -1 0 1 0 0 0 0 1 -36.899999999999999 52.719999999999999 0.079999999999999988 1 rotate no_reflect no_shear #
string_attrib-name_attrib-gen-attrib $-1 -1 $-1 $816 $483 2 1 2 1 1 1 1 1 1 1 1 1 1 1 0 1 1 1 @15 ATTRIB_XACIS_ID @5 44584 #
rgb_color-st-attrib $-1 -1 $888 $818 $594 2 1 2 1 1 1 1 1 1 1 1 1 1 1 0 1 1 1 0.93699997663497925 0.7850000262260437 0 #
rh_material-rh_entity $-1 -1 4 4 @5 plain @5 color -4 1 1 1 @5 phong @14 ambient factor -2 1 @14 diffuse factor -2 0.75 @15 specular factor -2 0.5 @8 exponent -2 10 @14 specular color -4 1 1 1 @4 none @5 plain @5 color -4 0 0 0 #
string_attrib-name_attrib-gen-attrib $-1 -1 $-1 $820 $490 2 1 2 1 1 1 1 1 1 1 1 1 1 1 0 1 1 1 @15 ATTRIB_XACIS_ID @5 42535 #
rgb_color-st-attrib $-1 -1 $889 $822 $600 2 1 2 1 1 1 1 1 1 1 1 1 1 1 0 1 1 1 0.93699997663497925 0.7850000262260437 0 #
rh_material-rh_entity $-1 -1 4 4 @5 plain @5 color -4 1 1 1 @5 phong @14 ambient factor -2 1 @14 diffuse factor -2 0.75 @15 specular factor -2 0.5 @8 exponent -2 10 @14 specular color -4 1 1 1 @4 none @5 plain @5 color -4 0 0 0 #
string_attrib-name_attrib-gen-attrib $-1 -1 $-1 $823 $502 2 1 2 1 1 1 1 1 1 1 1 1 1 1 0 1 1 1 @15 ATTRIB_XACIS_ID @5 41506 #
named_attribute-st-attrib $-1 -1 $890 $-1 $826 1 1 1 1 1 1 1 1 1 1 1 1 1 1 0 1 1 1 @3 eif #
straight-curve $-1 -1 -1 $-1 -28.329999999999998 44.100895859056003 0.22999999999999998 0 -1 0 I I #
integer_attrib-name_attrib-gen-attrib $-1 -1 $-1 $828 $769 2 1 1 1 1 1 1 1 1 1 1 1 1 1 0 1 1 1 @3 pid 66 #
integer_attrib-name_attrib-gen-attrib $-1 -1 $-1 $-1 $829 2 1 1 1 1 1 1 1 1 1 1 1 1 1 0 1 1 1 @3 pid 44 #
point $-1 -1 -1 $-1 -28.329999999999998 43.624272486205413 0.22999999999999998 #
string_attrib-name_attrib-gen-attrib $-1 -1 $-1 $834 $549 2 1 2 1 1 1 1 1 1 1 1 1 1 1 0 1 1 1 @15 ATTRIB_XACIS_ID @5 41997 #
string_attrib-name_attrib-gen-attrib $-1 -1 $-1 $837 $565 2 1 2 1 1 1 1 1 1 1 1 1 1 1 0 1 1 1 @15 ATTRIB_XACIS_ID @5 41379 #
rgb_color-st-attrib $-1 -1 $891 $839 $651 2 1 2 1 1 1 1 1 1 1 1 1 1 1 0 1 1 1 0.93699997663497925 0.7850000262260437 0 #
rh_material-rh_entity $-1 -1 4 4 @5 plain @5 color -4 1 1 1 @5 phong @14 ambient factor -2 1 @14 diffuse factor -2 0.75 @15 specular factor -2 0.5 @8 exponent -2 10 @14 specular color -4 1 1 1 @4 none @5 plain @5 color -4 0 0 0 #
render-rbase-attrib $-1 -1 $892 $840 $721 1 1 1 1 1 1 1 1 1 1 1 1 0 1 0 1 1 1 $893 $-1 0 2 0 -1 0 1 0 0 0 0 1 -36.899999999999999 52.719999999999999 0.079999999999999988 1 rotate no_reflect no_shear #
integer_attrib-name_attrib-gen-attrib $-1 -1 $-1 $841 $786 2 1 1 1 1 1 1 1 1 1 1 1 1 1 0 1 1 1 @3 pid 83 #
integer_attrib-name_attrib-gen-attrib $-1 -1 $-1 $-1 $842 2 1 1 1 1 1 1 1 1 1 1 1 1 1 0 1 1 1 @3 pid 52 #
point $-1 -1 -1 $-1 -28.079999999999998 43.639705627484773 0.30999999999999994 #
integer_attrib-name_attrib-gen-attrib $-1 -1 $-1 $846 $792 2 1 1 1 1 1 1 1 1 1 1 1 1 1 0 1 1 1 @3 pid 82 #
integer_attrib-name_attrib-gen-attrib $-1 -1 $-1 $848 $800 2 1 1 1 1 1 1 1 1 1 1 1 1 1 0 1 1 1 @3 pid 88 #
integer_attrib-name_attrib-gen-attrib $-1 -1 $-1 $853 $804 2 1 1 1 1 1 1 1 1 1 1 1 1 1 0 1 1 1 @3 pid 84 #
named_attribute-st-attrib $-1 -1 $894 $-1 $855 1 1 1 1 1 1 1 1 1 1 1 1 1 1 0 1 1 1 @3 eif #
straight-curve $-1 -1 -1 $-1 -28.329999999999998 43.624272486205413 0.22830871098689998 0 0 1 I I #
rgb_color-st-attrib $-1 -1 $895 $860 $676 2 1 2 1 1 1 1 1 1 1 1 1 1 1 0 1 1 1 0.93699997663497925 0.7850000262260437 0 #
rh_material-rh_entity $-1 -1 4 4 @5 plain @5 color -4 1 1 1 @5 phong @14 ambient factor -2 1 @14 diffuse factor -2 0.75 @15 specular factor -2 0.5 @8 exponent -2 10 @14 specular color -4 1 1 1 @4 none @5 plain @5 color -4 0 0 0 #
string_attrib-name_attrib-gen-attrib $-1 -1 $-1 $862 $594 2 1 2 1 1 1 1 1 1 1 1 1 1 1 0 1 1 1 @15 ATTRIB_XACIS_ID @5 42169 #
string_attrib-name_attrib-gen-attrib $-1 -1 $-1 $865 $600 2 1 2 1 1 1 1 1 1 1 1 1 1 1 0 1 1 1 @15 ATTRIB_XACIS_ID @5 43618 #
integer_attrib-name_attrib-gen-attrib $-1 -1 $-1 $868 $826 2 1 1 1 1 1 1 1 1 1 1 1 1 1 0 1 1 1 @3 pid 68 #
string_attrib-name_attrib-gen-attrib $-1 -1 $-1 $875 $651 2 1 2 1 1 1 1 1 1 1 1 1 1 1 0 1 1 1 @15 ATTRIB_XACIS_ID @5 45262 #
rgb_color-st-attrib $-1 -1 $896 $877 $721 2 1 2 1 1 1 1 1 1 1 1 1 1 1 0 1 1 1 0.93699997663497925 0.7850000262260437 0 #
rh_material-rh_entity $-1 -1 4 4 @5 plain @5 color -4 1 1 1 @5 phong @14 ambient factor -2 1 @14 diffuse factor -2 0.75 @15 specular factor -2 0.5 @8 exponent -2 10 @14 specular color -4 1 1 1 @4 none @5 plain @5 color -4 0 0 0 #
integer_attrib-name_attrib-gen-attrib $-1 -1 $-1 $884 $855 2 1 1 1 1 1 1 1 1 1 1 1 1 1 0 1 1 1 @3 pid 86 #
string_attrib-name_attrib-gen-attrib $-1 -1 $-1 $886 $676 2 1 2 1 1 1 1 1 1 1 1 1 1 1 0 1 1 1 @15 ATTRIB_XACIS_ID @5 43614 #
string_attrib-name_attrib-gen-attrib $-1 -1 $-1 $892 $721 2 1 2 1 1 1 1 1 1 1 1 1 1 1 0 1 1 1 @15 ATTRIB_XACIS_ID @5 44526 #
End-of-ACIS-data 