2300 0 1 0           
4 HQH1 12 ACIS 23.0 NT 24 Wed Aug 14 01:09:36 2024 
1 9.9999999999999995e-007 1e-010 
body $1 -1 -1 $-1 $2 $-1 $3 T -28.329999999999998 43.624272486205413 0.1099999999997967 -27.359999999999999 44.620000000000005 0.31007996388747083 #
rgb_color-st-attrib $-1 -1 $4 $-1 $0 2 1 2 1 1 1 1 1 1 1 1 1 1 1 0 1 1 1 0.5 0.80000001192092896 1 #
lump $-1 -1 -1 $-1 $-1 $5 $0 T -28.329999999999998 43.624272486205413 0.1099999999997967 -27.359999999999999 44.620000000000005 0.31007996388747083 #
transform $-1 -1 1 0 0 0 1 0 0 0 1 0 0 0 1 no_rotate no_reflect no_shear #
named_attribute-st-attrib $-1 -1 $6 $1 $0 1 1 1 1 1 1 1 1 1 1 1 1 1 1 0 1 1 1 @27 c0.500000 0.800000 1.000000 #
shell $-1 -1 -1 $-1 $-1 $-1 $7 $-1 $2 T -28.329999999999998 43.624272486205413 0.1099999999997967 -27.359999999999999 44.620000000000005 0.31007996388747083 #
integer_attrib-name_attrib-gen-attrib $-1 -1 $8 $4 $0 2 1 1 1 1 1 1 1 1 1 1 1 1 1 0 1 1 1 @4 type 5 #
face $9 -1 -1 $-1 $10 $11 $5 $-1 $12 forward double out T -28.000000000022958 43.949999999977045 0.1099999999997967 -27.780000000000001 43.95000000002296 0.30912525263216917 F #
named_attribute-st-attrib $-1 -1 $13 $6 $0 1 1 1 1 1 1 1 1 1 1 1 1 1 1 0 1 1 1 @7 mVacuum #
integer_attrib-name_attrib-gen-attrib $-1 -1 $14 $-1 $7 2 0 0 1 1 1 1 1 1 1 1 1 1 1 0 1 1 1 @3 fif 0 #
face $15 -1 -1 $-1 $16 $17 $5 $-1 $18 forward double out T -27.954433756729937 43.950000000000003 0.1099999999997967 -27.841850454240003 44.390000000000001 0.17500000000013491 F #
loop $-1 -1 -1 $-1 $-1 $19 $7 T -28.000000000022958 43.949999999977045 0.1099999999997967 -27.780000000000001 43.95000000002296 0.30912525263216917 unknown #
plane-surface $-1 -1 -1 $-1 -27.810925227119998 43.950000000000003 0.15000000000002001 0 -1 0 1 0 0 forward_v I I I I #
named_attribute-st-attrib $-1 -1 $20 $8 $0 1 1 1 1 1 1 1 1 1 1 1 1 1 1 0 1 1 1 @20 ncomponent1:import_6 #
integer_attrib-name_attrib-gen-attrib $-1 -1 $21 $9 $7 2 1 1 1 1 1 1 1 1 1 1 1 1 1 0 1 1 1 @3 pid 1 #
integer_attrib-name_attrib-gen-attrib $-1 -1 $22 $-1 $10 2 0 0 1 1 1 1 1 1 1 1 1 1 1 0 1 1 1 @3 fif 0 #
face $23 -1 -1 $-1 $24 $25 $5 $-1 $26 reversed double out T -27.885151724428791 43.950000000000003 0.18999999999979145 -27.841850454239999 44.390000000000001 0.21500000000186956 F #
loop $-1 -1 -1 $-1 $-1 $27 $10 T -27.954433756729937 43.950000000000003 0.1099999999997967 -27.841850454240003 44.390000000000001 0.17500000000013491 unknown #
cone-surface $-1 -1 -1 $-1 -27.841850454239999 44.398800000000001 0.23999999999999999 0 -1 0 0.11258330249099997 0 0.065000000002098865 1 I I -0 1 0.13000000000020329 reversed I I I I #
coedge $-1 -1 -1 $-1 $28 $29 $30 $31 forward $11 $-1 #
integer_attrib-name_attrib-gen-attrib $-1 -1 $32 $13 $0 2 1 1 1 1 1 1 1 1 1 1 1 1 1 0 1 1 1 @3 noe 81 #
render-rbase-attrib $-1 -1 $33 $14 $7 1 1 1 1 1 1 1 1 1 1 1 1 0 1 0 1 1 1 $34 $-1 0 2 0 -1 0 1 0 0 0 0 1 -36.899999999999999 52.719999999999999 0.079999999999999988 1 rotate no_reflect no_shear #
integer_attrib-name_attrib-gen-attrib $-1 -1 $35 $15 $10 2 1 1 1 1 1 1 1 1 1 1 1 1 1 0 1 1 1 @3 pid 3 #
integer_attrib-name_attrib-gen-attrib $-1 -1 $36 $-1 $16 2 0 0 1 1 1 1 1 1 1 1 1 1 1 0 1 1 1 @3 fif 0 #
face $37 -1 -1 $-1 $38 $39 $5 $-1 $40 reversed double out T -27.971754264801628 43.950000000000003 0.17499999999606325 -27.954433756722885 44.390000000000001 0.20500000000187257 F #
loop $-1 -1 -1 $-1 $-1 $30 $16 T -27.885151724428791 43.950000000000003 0.18999999999979145 -27.841850454239999 44.390000000000001 0.21500000000186956 unknown #
cone-surface $-1 -1 -1 $-1 -27.841850454239999 44.398800000000001 0.23999999999999999 0 -1 0 0.043301270189001449 0 0.025000000000798977 1 I I -0 1 0.050000000000208544 reversed I I I I #
coedge $-1 -1 -1 $-1 $41 $42 $43 $44 forward $17 $-1 #
coedge $-1 -1 -1 $-1 $45 $19 $46 $47 reversed $11 $-1 #
coedge $-1 -1 -1 $-1 $19 $48 $49 $50 forward $11 $-1 #
coedge $-1 -1 -1 $-1 $51 $52 $19 $31 reversed $25 $-1 #
edge $53 -1 -1 $-1 $54 2.0943951024092389 $55 3.1415926535813687 $19 $56 reversed @7 unknown T -27.885151724428791 43.950000000000003 0.18999999999979145 -27.841850454239999 43.950000000000003 0.21499999999883623 #
integer_attrib-name_attrib-gen-attrib $-1 -1 $57 $20 $0 2 1 1 1 1 1 1 1 1 1 1 1 1 1 0 1 1 1 @3 nof 28 #
rgb_color-st-attrib $-1 -1 $58 $21 $7 2 1 2 1 1 1 1 1 1 1 1 1 1 1 0 1 1 1 0.93699997663497925 0.7850000262260437 0 #
rh_material-rh_entity $-1 -1 4 4 @5 plain @5 color -4 1 1 1 @5 phong @14 ambient factor -2 1 @14 diffuse factor -2 0.75 @15 specular factor -2 0.5 @8 exponent -2 10 @14 specular color -4 1 1 1 @4 none @5 plain @5 color -4 0 0 0 #
render-rbase-attrib $-1 -1 $59 $22 $10 1 1 1 1 1 1 1 1 1 1 1 1 0 1 0 1 1 1 $60 $-1 0 2 0 -1 0 1 0 0 0 0 1 -36.899999999999999 52.719999999999999 0.079999999999999988 1 rotate no_reflect no_shear #
integer_attrib-name_attrib-gen-attrib $-1 -1 $61 $23 $16 2 1 1 1 1 1 1 1 1 1 1 1 1 1 0 1 1 1 @3 pid 5 #
integer_attrib-name_attrib-gen-attrib $-1 -1 $62 $-1 $24 2 0 0 1 1 1 1 1 1 1 1 1 1 1 0 1 1 1 @3 fif 0 #
face $63 -1 -1 $-1 $64 $65 $5 $-1 $66 forward double out T -27.902472232500443 43.950000000000003 0.2149999999988349 -27.885151724423533 44.390000000000001 0.24500000000275995 F #
loop $-1 -1 -1 $-1 $-1 $67 $24 T -27.971754264801628 43.950000000000003 0.17499999999606325 -27.954433756722885 44.390000000000001 0.20500000000187257 unknown #
plane-surface $-1 -1 -1 $-1 -27.963094010762003 44.170000000000002 0.19000000000116102 0.86602540376740744 0 0.50000000002949907 0 -1 0 forward_v I I I I #
coedge $-1 -1 -1 $-1 $68 $27 $69 $70 reversed $17 $-1 #
coedge $-1 -1 -1 $-1 $27 $68 $71 $72 reversed $17 $-1 #
coedge $-1 -1 -1 $-1 $73 $74 $27 $44 reversed $75 $-1 #
edge $76 -1 -1 $-1 $77 -3.1415926535734613 $78 -2.0943951024109628 $43 $79 forward @7 unknown T -27.954433756729937 44.390000000000001 0.1099999999997967 -27.841850454240003 44.390000000000001 0.17499999999606325 #
coedge $-1 -1 -1 $-1 $80 $28 $81 $82 forward $11 $-1 #
coedge $-1 -1 -1 $-1 $83 $84 $28 $47 forward $65 $-1 #
edge $85 -1 -1 $-1 $86 -0.072683212065815378 $55 -0.038042195913470862 $28 $87 reversed @7 unknown T -27.902472232500443 43.950000000000003 0.2149999999988349 -27.885151724423533 43.950000000000003 0.24500000000275995 #
coedge $-1 -1 -1 $-1 $29 $88 $89 $90 reversed $11 $-1 #
coedge $-1 -1 -1 $-1 $91 $92 $29 $50 reversed $93 $-1 #
edge $94 -1 -1 $-1 $95 0.074074772880003081 $54 0.13592522712000132 $49 $96 reversed @7 unknown T -27.841850454239999 43.950000000000003 0.18999999999979145 -27.780000000000001 43.950000000000003 0.18999999999999997 #
coedge $-1 -1 -1 $-1 $97 $30 $92 $98 forward $25 $-1 #
coedge $-1 -1 -1 $-1 $30 $97 $83 $99 forward $25 $-1 #
named_attribute-st-attrib $-1 -1 $100 $-1 $31 1 1 1 1 1 1 1 1 1 1 1 1 1 1 0 1 1 1 @3 eif #
vertex $101 -1 -1 $-1 $31 $102 #
vertex $103 -1 -1 $-1 $31 $104 #
ellipse-curve $-1 -1 -1 $-1 -27.841850454239999 43.950000000000003 0.23999999999999999 0 -1 0 0.043301270189001449 0 0.025000000000798977 1 I I #
named_attribute-st-attrib $-1 -1 $105 $32 $0 1 1 1 1 1 1 1 1 1 1 1 1 1 1 0 1 1 1 @17 abody_is_no_solid #
string_attrib-name_attrib-gen-attrib $-1 -1 $-1 $33 $7 2 1 2 1 1 1 1 1 1 1 1 1 1 1 0 1 1 1 @15 ATTRIB_XACIS_ID @5 42201 #
rgb_color-st-attrib $-1 -1 $106 $35 $10 2 1 2 1 1 1 1 1 1 1 1 1 1 1 0 1 1 1 0.93699997663497925 0.7850000262260437 0 #
rh_material-rh_entity $-1 -1 4 4 @5 plain @5 color -4 1 1 1 @5 phong @14 ambient factor -2 1 @14 diffuse factor -2 0.75 @15 specular factor -2 0.5 @8 exponent -2 10 @14 specular color -4 1 1 1 @4 none @5 plain @5 color -4 0 0 0 #
render-rbase-attrib $-1 -1 $107 $36 $16 1 1 1 1 1 1 1 1 1 1 1 1 0 1 0 1 1 1 $108 $-1 0 2 0 -1 0 1 0 0 0 0 1 -36.899999999999999 52.719999999999999 0.079999999999999988 1 rotate no_reflect no_shear #
integer_attrib-name_attrib-gen-attrib $-1 -1 $109 $37 $24 2 1 1 1 1 1 1 1 1 1 1 1 1 1 0 1 1 1 @3 pid 7 #
integer_attrib-name_attrib-gen-attrib $-1 -1 $110 $-1 $38 2 0 0 1 1 1 1 1 1 1 1 1 1 1 0 1 1 1 @3 fif 0 #
face $111 -1 -1 $-1 $112 $113 $5 $-1 $114 reversed double out T -27.841850454240003 43.719999999999999 0.1099999999997967 -27.359999999999999 44.620000000000005 0.10999999999999979 F #
loop $-1 -1 -1 $-1 $-1 $46 $38 T -27.902472232500443 43.950000000000003 0.2149999999988349 -27.885151724423533 44.390000000000001 0.24500000000275995 unknown #
plane-surface $-1 -1 -1 $-1 -27.893811978460498 44.170000000000002 0.22999999999949622 0.86602540377218407 7.580702638493765e-019 0.5000000000212258 6.5650810633784227e-019 -1 3.7903513194077877e-019 forward_v I I I I #
coedge $-1 -1 -1 $-1 $71 $115 $73 $116 reversed $39 $-1 #
coedge $-1 -1 -1 $-1 $42 $41 $117 $118 reversed $17 $-1 #
coedge $-1 -1 -1 $-1 $119 $120 $41 $70 forward $113 $-1 #
edge $121 -1 -1 $-1 $122 -0.44880000000000564 $78 -0.0088000000000079126 $69 $123 reversed @7 tangent T -27.841850454240003 43.950000000000003 0.1099999999997967 -27.841850454240003 44.390000000000001 0.10999999999999979 #
coedge $-1 -1 -1 $-1 $124 $67 $42 $72 forward $39 $-1 #
edge $125 -1 -1 $-1 $77 0.0088000000000079126 $126 0.44880000000000564 $71 $127 forward @7 tangent T -27.954433756729937 43.950000000000003 0.17499999999606325 -27.954433756722885 44.390000000000001 0.17500000000013491 #
coedge $-1 -1 -1 $-1 $128 $43 $67 $116 forward $75 $-1 #
coedge $-1 -1 -1 $-1 $43 $129 $119 $130 forward $75 $-1 #
loop $-1 -1 -1 $-1 $-1 $131 $132 T -28.000000000000995 44.389996562677872 0.1099999999997967 -27.780000000000001 44.390003437322129 0.30912828912406731 unknown #
named_attribute-st-attrib $-1 -1 $133 $-1 $44 1 1 1 1 1 1 1 1 1 1 1 1 1 1 0 1 1 1 @3 eif #
vertex $134 -1 -1 $-1 $44 $135 #
vertex $136 -1 -1 $-1 $44 $137 #
ellipse-curve $-1 -1 -1 $-1 -27.841850454239999 44.390000000000001 0.23999999999999999 0 -1 0 0.11258330249099997 0 0.065000000002098865 1 I I #
coedge $-1 -1 -1 $-1 $138 $45 $139 $140 reversed $11 $-1 #
coedge $-1 -1 -1 $-1 $141 $142 $45 $82 reversed $143 $-1 #
edge $144 -1 -1 $-1 $86 2.094395102417721 $145 3.0255203857985915 $45 $146 forward @7 unknown T -28.000000000020815 43.950000000000003 0.24500000000275995 -27.902472232499616 43.950000000000003 0.30912525263216917 #
coedge $-1 -1 -1 $-1 $147 $46 $52 $99 reversed $65 $-1 #
coedge $-1 -1 -1 $-1 $46 $147 $141 $148 forward $65 $-1 #
named_attribute-st-attrib $-1 -1 $149 $-1 $47 1 1 1 1 1 1 1 1 1 1 1 1 1 1 0 1 1 1 @3 eif #
vertex $150 -1 -1 $-1 $148 $151 #
straight-curve $-1 -1 -1 $-1 -27.866130626465992 43.950000000000003 0.18205449192552547 -0.5000000000212258 0 0.86602540377218407 I I #
coedge $-1 -1 -1 $-1 $48 $117 $120 $152 forward $11 $-1 #
coedge $-1 -1 -1 $-1 $153 $154 $48 $90 forward $155 $-1 #
edge $156 -1 -1 $-1 $95 0.0016912890131000335 $157 0.081691289013105017 $89 $158 forward @7 tangent T -27.780000000000001 43.950000000000003 0.10999999999999499 -27.780000000000001 43.950000000000003 0.18999999999999997 #
coedge $-1 -1 -1 $-1 $159 $49 $154 $160 forward $93 $-1 #
coedge $-1 -1 -1 $-1 $49 $161 $51 $98 reversed $93 $-1 #
loop $-1 -1 -1 $-1 $-1 $92 $162 T -27.841850454239999 43.719999999999999 0.18999999999979145 -27.359999999999999 44.620000000000005 0.19 unknown #
named_attribute-st-attrib $-1 -1 $163 $-1 $50 1 1 1 1 1 1 1 1 1 1 1 1 1 1 0 1 1 1 @3 eif #
vertex $164 -1 -1 $-1 $160 $165 #
straight-curve $-1 -1 -1 $-1 -27.705925227119998 43.950000000000003 0.18999999999999995 1 0 -0 I I #
coedge $-1 -1 -1 $-1 $52 $51 $166 $167 forward $25 $-1 #
edge $168 -1 -1 $-1 $54 -0.44880000000000564 $169 -0.0088000000000079126 $92 $170 reversed @7 tangent T -27.841850454239999 43.950000000000003 0.18999999999979145 -27.841850454239999 44.390000000000001 0.18999999999999997 #
edge $171 -1 -1 $-1 $172 0.0088000000000079126 $55 0.44880000000000564 $83 $173 forward @7 tangent T -27.885151724428791 43.950000000000003 0.2149999999988349 -27.885151724423533 44.390000000000001 0.21500000000186956 #
integer_attrib-name_attrib-gen-attrib $-1 -1 $-1 $53 $31 2 1 1 1 1 1 1 1 1 1 1 1 1 1 0 1 1 1 @3 pid 4 #
integer_attrib-name_attrib-gen-attrib $-1 -1 $-1 $-1 $54 2 1 1 1 1 1 1 1 1 1 1 1 1 1 0 1 1 1 @3 pid 4 #
point $-1 -1 -1 $-1 -27.841850454239999 43.950000000000003 0.18999999999979145 #
integer_attrib-name_attrib-gen-attrib $-1 -1 $-1 $-1 $55 2 1 1 1 1 1 1 1 1 1 1 1 1 1 0 1 1 1 @3 pid 1 #
point $-1 -1 -1 $-1 -27.885151724428791 43.950000000000003 0.2149999999988349 #
cstishape-cst-attrib $-1 -1 $-1 $57 $0 1 1 1 1 1 1 1 1 1 1 1 1 0 1 0 1 1 1 13 1 #
string_attrib-name_attrib-gen-attrib $-1 -1 $-1 $59 $10 2 1 2 1 1 1 1 1 1 1 1 1 1 1 0 1 1 1 @15 ATTRIB_XACIS_ID @5 45157 #
rgb_color-st-attrib $-1 -1 $174 $61 $16 2 1 2 1 1 1 1 1 1 1 1 1 1 1 0 1 1 1 0.93699997663497925 0.7850000262260437 0 #
rh_material-rh_entity $-1 -1 4 4 @5 plain @5 color -4 1 1 1 @5 phong @14 ambient factor -2 1 @14 diffuse factor -2 0.75 @15 specular factor -2 0.5 @8 exponent -2 10 @14 specular color -4 1 1 1 @4 none @5 plain @5 color -4 0 0 0 #
render-rbase-attrib $-1 -1 $175 $62 $24 1 1 1 1 1 1 1 1 1 1 1 1 0 1 0 1 1 1 $176 $-1 0 2 0 -1 0 1 0 0 0 0 1 -36.899999999999999 52.719999999999999 0.079999999999999988 1 rotate no_reflect no_shear #
integer_attrib-name_attrib-gen-attrib $-1 -1 $177 $63 $38 2 1 1 1 1 1 1 1 1 1 1 1 1 1 0 1 1 1 @3 pid 8 #
integer_attrib-name_attrib-gen-attrib $-1 -1 $178 $-1 $64 2 0 0 1 1 1 1 1 1 1 1 1 1 1 0 1 1 1 @3 fif 0 #
face $179 -1 -1 $-1 $162 $155 $5 $-1 $180 reversed double out T -27.780000000000001 43.870000000000005 0.10999999999999339 -27.699999999999999 43.950000000000003 0.18999999999999997 F #
loop $-1 -1 -1 $-1 $-1 $181 $64 T -27.841850454240003 43.719999999999999 0.1099999999997967 -27.359999999999999 44.620000000000005 0.10999999999999979 unknown #
plane-surface $-1 -1 -1 $-1 -27.600925227120001 44.170000000000002 0.10999999999999499 1.9953018992354419e-014 0 1 0 -1 0 forward_v I I I I #
coedge $-1 -1 -1 $-1 $67 $124 $182 $183 reversed $39 $-1 #
edge $184 -1 -1 $-1 $77 0.038042195911373547 $185 0.072683212065438735 $73 $186 forward @7 unknown T -27.971754264801628 44.390000000000001 0.17499999999606325 -27.954433756722885 44.390000000000001 0.20500000000187257 #
coedge $-1 -1 -1 $-1 $88 $187 $68 $118 forward $11 $-1 #
edge $188 -1 -1 $-1 $126 -3.1415926535734613 $122 -2.0943951024109628 $117 $189 forward @7 unknown T -27.954433756729937 43.950000000000003 0.1099999999997967 -27.841850454240003 43.950000000000003 0.17499999999606325 #
coedge $-1 -1 -1 $-1 $181 $69 $74 $130 reversed $113 $-1 #
coedge $-1 -1 -1 $-1 $69 $190 $88 $152 reversed $113 $-1 #
named_attribute-st-attrib $-1 -1 $191 $-1 $70 1 1 1 1 1 1 1 1 1 1 1 1 1 1 0 1 1 1 @3 eif #
vertex $192 -1 -1 $-1 $118 $193 #
straight-curve $-1 -1 -1 $-1 -27.841850454240003 44.398800000000008 0.10999999999999979 0 -1 0 I I #
coedge $-1 -1 -1 $-1 $115 $71 $187 $194 reversed $39 $-1 #
named_attribute-st-attrib $-1 -1 $195 $-1 $72 1 1 1 1 1 1 1 1 1 1 1 1 1 1 0 1 1 1 @3 eif #
vertex $196 -1 -1 $-1 $118 $197 #
straight-curve $-1 -1 -1 $-1 -27.954433756722885 44.398800000000008 0.17500000000013491 0 -1 0 I I #
coedge $-1 -1 -1 $-1 $198 $73 $199 $200 reversed $75 $-1 #
coedge $-1 -1 -1 $-1 $74 $201 $202 $203 reversed $75 $-1 #
edge $204 -1 -1 $-1 $205 0.074074772880003081 $78 0.13592522712000488 $74 $206 forward @7 unknown T -27.841850454240003 44.390000000000001 0.1099999999997967 -27.780000000000001 44.390000000000001 0.10999999999999979 #
coedge $-1 -1 -1 $-1 $207 $198 $208 $209 forward $75 $-1 #
face $210 -1 -1 $-1 $211 $75 $5 $-1 $212 reversed double out T -28.000000000000995 44.389996562677872 0.1099999999997967 -27.780000000000001 44.390003437322129 0.30912828912406731 F #
integer_attrib-name_attrib-gen-attrib $-1 -1 $-1 $76 $44 2 1 1 1 1 1 1 1 1 1 1 1 1 1 0 1 1 1 @3 pid 8 #
integer_attrib-name_attrib-gen-attrib $-1 -1 $-1 $-1 $77 2 1 1 1 1 1 1 1 1 1 1 1 1 1 0 1 1 1 @3 pid 7 #
point $-1 -1 -1 $-1 -27.954433756729937 44.390000000000001 0.17499999999606325 #
integer_attrib-name_attrib-gen-attrib $-1 -1 $-1 $-1 $78 2 1 1 1 1 1 1 1 1 1 1 1 1 1 0 1 1 1 @3 pid 8 #
point $-1 -1 -1 $-1 -27.841850454240003 44.390000000000001 0.1099999999997967 #
coedge $-1 -1 -1 $-1 $187 $80 $213 $214 forward $11 $-1 #
tcoedge-coedge $-1 -1 -1 $-1 $215 $216 $80 $140 forward $217 $218 3.5646681542771124e-012 0.081914595605350762 F #
tedge-edge $219 -1 -1 $-1 $220 3.5646681542771124e-012 $145 0.081914595605350762 $139 $221 forward @7 unknown T -28.003814965036039 43.949883968949059 0.22765705759321483 -27.999977598009817 43.950022401990189 0.30953617946127798 2.2401990183901037e-005 #
coedge $-1 -1 -1 $-1 $208 $81 $84 $148 reversed $143 $-1 #
coedge $-1 -1 -1 $-1 $81 $222 $215 $223 reversed $143 $-1 #
loop $-1 -1 -1 $-1 $-1 $142 $224 T -28.011455448272809 43.949061209099035 0.24500000000228123 -27.902472232499616 44.390938796642679 0.31007996388747083 unknown #
named_attribute-st-attrib $-1 -1 $225 $-1 $82 1 1 1 1 1 1 1 1 1 1 1 1 1 1 0 1 1 1 @3 eif #
tvertex-vertex $226 -1 -1 $-1 $227 $228 2.7370612982983461e-005 #
ellipse-curve $-1 -1 -1 $-1 -28.015055534989997 43.950000000000003 0.17999999999999999 0 -1 0 0 0 -0.13 1 I I #
coedge $-1 -1 -1 $-1 $84 $83 $207 $229 reversed $65 $-1 #
edge $230 -1 -1 $-1 $231 -0.45028642674299135 $86 -0.010286426742993626 $141 $232 reversed @7 tangent T -27.902472232500443 43.950000000000003 0.24500000000228123 -27.902472232499616 44.390000000000001 0.24500000000275995 #
integer_attrib-name_attrib-gen-attrib $-1 -1 $-1 $85 $47 2 1 1 1 1 1 1 1 1 1 1 1 1 1 0 1 1 1 @3 pid 7 #
integer_attrib-name_attrib-gen-attrib $-1 -1 $-1 $-1 $86 2 1 1 1 1 1 1 1 1 1 1 1 1 1 0 1 1 1 @3 pid 5 #
point $-1 -1 -1 $-1 -27.902472232499616 43.950000000000003 0.24500000000275995 #
edge $233 -1 -1 $-1 $122 -0.13592522712000488 $157 -0.074074772880003081 $120 $234 forward @7 unknown T -27.841850454240003 43.950000000000003 0.1099999999997967 -27.780000000000001 43.950000000000003 0.10999999999999979 #
coedge $-1 -1 -1 $-1 $235 $89 $190 $236 forward $155 $-1 #
coedge $-1 -1 -1 $-1 $89 $235 $91 $160 reversed $155 $-1 #
loop $-1 -1 -1 $-1 $-1 $89 $112 T -27.780000000000001 43.870000000000005 0.10999999999999339 -27.699999999999999 43.950000000000003 0.18999999999999997 unknown #
named_attribute-st-attrib $-1 -1 $237 $-1 $90 1 1 1 1 1 1 1 1 1 1 1 1 1 1 0 1 1 1 @3 eif #
vertex $238 -1 -1 $-1 $236 $239 #
straight-curve $-1 -1 -1 $-1 -27.780000000000001 43.950000000000003 0.19169128901310001 0 0 -1 I I #
coedge $-1 -1 -1 $-1 $240 $91 $241 $242 reversed $93 $-1 #
edge $243 -1 -1 $-1 $95 0 $244 1.5707963267948966 $154 $245 forward @7 unknown T -27.780000000000001 43.870000000000005 0.18999999999999997 -27.700000000000003 43.950000000000003 0.18999999999999997 #
coedge $-1 -1 -1 $-1 $92 $246 $201 $247 forward $93 $-1 #
face $248 -1 -1 $-1 $249 $93 $5 $-1 $250 forward double out T -27.841850454239999 43.719999999999999 0.18999999999979145 -27.359999999999999 44.620000000000005 0.19 F #
integer_attrib-name_attrib-gen-attrib $-1 -1 $-1 $94 $50 2 1 1 1 1 1 1 1 1 1 1 1 1 1 0 1 1 1 @3 pid 13 #
integer_attrib-name_attrib-gen-attrib $-1 -1 $-1 $-1 $95 2 1 1 1 1 1 1 1 1 1 1 1 1 1 0 1 1 1 @3 pid 10 #
point $-1 -1 -1 $-1 -27.780000000000001 43.950000000000003 0.18999999999999997 #
coedge $-1 -1 -1 $-1 $201 $207 $97 $167 reversed $75 $-1 #
edge $251 -1 -1 $-1 $169 2.0943951024092389 $172 3.1415926535813687 $166 $252 reversed @7 unknown T -27.885151724428791 44.390000000000001 0.18999999999979145 -27.841850454239999 44.390000000000001 0.21499999999883623 #
named_attribute-st-attrib $-1 -1 $253 $-1 $98 1 1 1 1 1 1 1 1 1 1 1 1 1 1 0 1 1 1 @3 eif #
vertex $254 -1 -1 $-1 $167 $255 #
straight-curve $-1 -1 -1 $-1 -27.841850454239999 44.398800000000008 0.18999999999999997 0 -1 0 I I #
named_attribute-st-attrib $-1 -1 $256 $-1 $99 1 1 1 1 1 1 1 1 1 1 1 1 1 1 0 1 1 1 @3 eif #
vertex $257 -1 -1 $-1 $167 $258 #
straight-curve $-1 -1 -1 $-1 -27.885151724423533 44.398800000000008 0.21500000000186956 0 -1 0 I I #
string_attrib-name_attrib-gen-attrib $-1 -1 $-1 $107 $16 2 1 2 1 1 1 1 1 1 1 1 1 1 1 0 1 1 1 @15 ATTRIB_XACIS_ID @5 41009 #
rgb_color-st-attrib $-1 -1 $259 $109 $24 2 1 2 1 1 1 1 1 1 1 1 1 1 1 0 1 1 1 0.93699997663497925 0.7850000262260437 0 #
rh_material-rh_entity $-1 -1 4 4 @5 plain @5 color -4 1 1 1 @5 phong @14 ambient factor -2 1 @14 diffuse factor -2 0.75 @15 specular factor -2 0.5 @8 exponent -2 10 @14 specular color -4 1 1 1 @4 none @5 plain @5 color -4 0 0 0 #
render-rbase-attrib $-1 -1 $260 $110 $38 1 1 1 1 1 1 1 1 1 1 1 1 0 1 0 1 1 1 $261 $-1 0 2 0 -1 0 1 0 0 0 0 1 -36.899999999999999 52.719999999999999 0.079999999999999988 1 rotate no_reflect no_shear #
integer_attrib-name_attrib-gen-attrib $-1 -1 $262 $111 $64 2 1 1 1 1 1 1 1 1 1 1 1 1 1 0 1 1 1 @3 pid 10 #
integer_attrib-name_attrib-gen-attrib $-1 -1 $263 $-1 $112 2 0 0 1 1 1 1 1 1 1 1 1 1 1 0 1 1 1 @3 fif 0 #
cone-surface $-1 -1 -1 $-1 -27.780000000000001 43.870000000000005 0.19169128901310001 0 0 -1 0 0.080000000000000071 0 1 I I -0 1 0.080000000000000071 reversed I I I I #
coedge $-1 -1 -1 $-1 $264 $119 $265 $266 reversed $113 $-1 #
coedge $-1 -1 -1 $-1 $213 $199 $115 $183 forward $267 $-1 #
edge $268 -1 -1 $-1 $185 -0.45028663105199485 $269 -0.010286631051997119 $115 $270 reversed @7 tangent T -27.971754264801628 43.950000000000003 0.2050000000014747 -27.971754264800939 44.390000000000001 0.20500000000187235 #
named_attribute-st-attrib $-1 -1 $271 $-1 $116 1 1 1 1 1 1 1 1 1 1 1 1 1 1 0 1 1 1 @3 eif #
vertex $272 -1 -1 $-1 $200 $273 #
straight-curve $-1 -1 -1 $-1 -27.935412658766076 44.390000000000001 0.14205449192578889 -0.50000000002949907 0 0.86602540376740744 I I #
coedge $-1 -1 -1 $-1 $117 $138 $124 $194 forward $11 $-1 #
named_attribute-st-attrib $-1 -1 $274 $-1 $118 1 1 1 1 1 1 1 1 1 1 1 1 1 1 0 1 1 1 @3 eif #
ellipse-curve $-1 -1 -1 $-1 -27.841850454239999 43.950000000000003 0.23999999999999999 0 -1 0 0.11258330249099997 0 0.065000000002098865 1 I I #
coedge $-1 -1 -1 $-1 $120 $275 $153 $236 reversed $113 $-1 #
integer_attrib-name_attrib-gen-attrib $-1 -1 $-1 $121 $70 2 1 1 1 1 1 1 1 1 1 1 1 1 1 0 1 1 1 @3 pid 9 #
integer_attrib-name_attrib-gen-attrib $-1 -1 $-1 $-1 $122 2 1 1 1 1 1 1 1 1 1 1 1 1 1 0 1 1 1 @3 pid 3 #
point $-1 -1 -1 $-1 -27.841850454240003 43.950000000000003 0.1099999999997967 #
edge $276 -1 -1 $-1 $269 -0.072683212065438513 $126 -0.038042195911373547 $187 $277 reversed @7 unknown T -27.971754264800939 43.950000000000003 0.17499999999606325 -27.954433756722885 43.950000000000003 0.20500000000187238 #
integer_attrib-name_attrib-gen-attrib $-1 -1 $-1 $125 $72 2 1 1 1 1 1 1 1 1 1 1 1 1 1 0 1 1 1 @3 pid 10 #
integer_attrib-name_attrib-gen-attrib $-1 -1 $-1 $-1 $126 2 1 1 1 1 1 1 1 1 1 1 1 1 1 0 1 1 1 @3 pid 2 #
point $-1 -1 -1 $-1 -27.954433756729937 43.950000000000003 0.17499999999606325 #
coedge $-1 -1 -1 $-1 $131 $128 $278 $279 reversed $75 $-1 #
coedge $-1 -1 -1 $-1 $182 $280 $128 $200 forward $267 $-1 #
edge $281 -1 -1 $-1 $282 -2.8357354563063089 $185 -2.0943951024272778 $128 $283 reversed @7 unknown T -28.000000000000995 44.389999999999006 0.2050000000014747 -27.971754264801628 44.390000000000995 0.22767945958439351 #
coedge $-1 -1 -1 $-1 $129 $166 $161 $247 reversed $75 $-1 #
coedge $-1 -1 -1 $-1 $284 $265 $129 $203 forward $285 $-1 #
edge $286 -1 -1 $-1 $205 -0.081691289013101437 $287 -0.0016912890131000335 $129 $288 reversed @7 tangent T -27.780000000000001 44.390000000000001 0.10999999999999857 -27.780000000000001 44.390000000000001 0.18999999999999997 #
named_attribute-st-attrib $-1 -1 $289 $-1 $130 1 1 1 1 1 1 1 1 1 1 1 1 1 1 0 1 1 1 @3 eif #
vertex $290 -1 -1 $-1 $130 $291 #
straight-curve $-1 -1 -1 $-1 -27.705925227119998 44.390000000000001 0.10999999999999709 -1 0 1.9953018992354419e-014 I I #
coedge $-1 -1 -1 $-1 $166 $131 $147 $229 forward $75 $-1 #
coedge $-1 -1 -1 $-1 $292 $141 $131 $209 reversed $143 $-1 #
edge $293 -1 -1 $-1 $294 -3.0254937655271625 $231 -2.094395102417721 $208 $295 forward @7 unknown T -27.999999999999005 44.389996562677872 0.24500000000275995 -27.902472232499616 44.390003437322129 0.30912828912406731 #
integer_attrib-name_attrib-gen-attrib $-1 -1 $296 $-1 $132 2 0 0 1 1 1 1 1 1 1 1 1 1 1 0 1 1 1 @3 fif 0 #
face $297 -1 -1 $-1 $298 $299 $5 $-1 $300 forward double out T -28.079999999999998 44.469999999999999 0.22999999999999998 -28.079999999999998 44.577519231907281 0.30999999999999994 F #
plane-surface $-1 -1 -1 $-1 -27.810925227119998 44.390000000000001 0.15000000000002001 0 -1 0 1 0 0 forward_v I I I I #
coedge $-1 -1 -1 $-1 $301 $182 $138 $214 reversed $267 $-1 #
edge $302 -1 -1 $-1 $220 -2.8357354563063089 $269 -2.0943951024272742 $138 $303 reversed @7 unknown T -28.000000000022958 43.949999999977045 0.20500000000147564 -27.971754264800939 43.95000000002296 0.22767945960635672 #
coedge $-1 -1 -1 $-1 $304 $139 $142 $223 forward $217 $-1 #
coedge $-1 -1 -1 $-1 $139 $304 $301 $305 forward $217 $-1 #
loop $-1 -1 -1 $-1 $-1 $216 $306 T -28.015171730357363 43.948454351698096 0.22756326421603612 -27.999883804632638 43.950116195367364 0.31007996273349669 unknown #
pcurve $-1 -1 -1 $-1 0 forward { exppc nubs 1 open 2 
	3.5646681542771124e-012 1 0.081914595605350762 1 
	-1.0501478677609974 1.5707963265299529 
	-0.027314075988406326 1.5233716191428135 
	0.001 
	8.2952323594453657e-007 
	cone -28 43.870000000000005 0.31169128901310017 0 0 -1 -0.080000000000000071 0 0 1 I I 0 -1 0.080000000000000071 reversed I I I I 
	} 0 0 #
named_attribute-st-attrib $-1 -1 $307 $-1 $140 1 1 1 1 1 1 1 1 1 1 1 1 1 1 0 1 1 1 @3 eif #
tvertex-vertex $308 -1 -1 $-1 $309 $310 2.2957976047561818e-011 #
straight-curve $-1 -1 -1 $-1 -28.000000000021032 43.950000000000003 0.22767945958865946 -0.046298989780728286 -0.001095888456609192 0.99892702564990943 F 3.5646681542771124e-012 F 0.081914595605350762 #
coedge $-1 -1 -1 $-1 $142 $292 $311 $312 reversed $143 $-1 #
edge $313 -1 -1 $-1 $145 -0.11886285416208495 $314 -0.10777031349059042 $142 $315 forward @7 unknown T -28.011455408110283 43.949061209099035 0.30937521715143196 -28.00363175150131 43.950044931258908 0.31007996273349669 #
face $316 -1 -1 $-1 $317 $143 $5 $-1 $318 forward double out T -28.011455448272809 43.949061209099035 0.24500000000228123 -27.902472232499616 44.390938796642679 0.31007996388747083 F #
integer_attrib-name_attrib-gen-attrib $-1 -1 $-1 $144 $82 2 1 1 1 1 1 1 1 1 1 1 1 1 1 0 1 1 1 @3 pid 18 #
integer_attrib-name_attrib-gen-attrib $-1 -1 $-1 $-1 $145 2 1 1 1 1 1 1 1 1 1 1 1 1 1 0 1 1 1 @3 pid 35 #
edge $319 -1 -1 $-1 $145 -3.9843947567067096e-007 $145 0.0037851174347847552 $320 $321 forward @7 unknown T -28.003792713811173 43.949883968949059 0.30912525263011775 -28.000000000020577 43.950000000000003 0.30953617946127798 #
point $-1 -1 -1 $-1 -28.003765343198189 43.949911339562043 0.30950880884829501 #
edge $322 -1 -1 $-1 $231 -0.072683212065816044 $172 -0.038042195913471535 $147 $323 forward @7 unknown T -27.902472232500443 44.390000000000001 0.2149999999988349 -27.885151724423537 44.390000000000001 0.24500000000275995 #
named_attribute-st-attrib $-1 -1 $324 $-1 $148 1 1 1 1 1 1 1 1 1 1 1 1 1 1 0 1 1 1 @3 eif #
vertex $325 -1 -1 $-1 $209 $326 #
straight-curve $-1 -1 -1 $-1 -27.902472232500443 43.939713573257009 0.24500000000228123 0 1 0 I I #
named_attribute-st-attrib $-1 -1 $327 $-1 $152 1 1 1 1 1 1 1 1 1 1 1 1 1 1 0 1 1 1 @3 eif #
straight-curve $-1 -1 -1 $-1 -27.705925227119998 43.950000000000003 0.10999999999999709 1 0 -1.9953018992354419e-014 I I #
coedge $-1 -1 -1 $-1 $154 $153 $328 $329 forward $155 $-1 #
edge $330 -1 -1 $-1 $157 0 $331 1.5707963267948966 $153 $332 forward @7 unknown T -27.780000000000001 43.870000000000005 0.10999999999999339 -27.700000000000003 43.950000000000003 0.10999999999999499 #
integer_attrib-name_attrib-gen-attrib $-1 -1 $-1 $156 $90 2 1 1 1 1 1 1 1 1 1 1 1 1 1 0 1 1 1 @3 pid 12 #
integer_attrib-name_attrib-gen-attrib $-1 -1 $-1 $-1 $157 2 1 1 1 1 1 1 1 1 1 1 1 1 1 0 1 1 1 @3 pid 9 #
point $-1 -1 -1 $-1 -27.780000000000001 43.950000000000003 0.10999999999999499 #
coedge $-1 -1 -1 $-1 $333 $159 $334 $335 forward $93 $-1 #
coedge $-1 -1 -1 $-1 $328 $336 $159 $242 forward $337 $-1 #
edge $338 -1 -1 $-1 $339 -0.26250000000000284 $244 -0.11249999999999716 $159 $340 forward @7 unknown T -27.700000000000003 43.719999999999999 0.18999999999999995 -27.699999999999999 43.870000000000005 0.18999999999999997 #
named_attribute-st-attrib $-1 -1 $341 $-1 $160 1 1 1 1 1 1 1 1 1 1 1 1 1 1 0 1 1 1 @3 eif #
vertex $342 -1 -1 $-1 $160 $343 #
ellipse-curve $-1 -1 -1 $-1 -27.780000000000001 43.870000000000005 0.18999999999999997 -0 -0 -1 0 0.080000000000000071 0 1 I I #
coedge $-1 -1 -1 $-1 $161 $344 $284 $345 forward $93 $-1 #
edge $346 -1 -1 $-1 $287 0.074074772880003081 $169 0.13592522712000132 $201 $347 forward @7 unknown T -27.841850454239999 44.390000000000001 0.18999999999979145 -27.780000000000001 44.390000000000001 0.18999999999999997 #
integer_attrib-name_attrib-gen-attrib $-1 -1 $348 $-1 $162 2 0 0 1 1 1 1 1 1 1 1 1 1 1 0 1 1 1 @3 fif 0 #
face $349 -1 -1 $-1 $224 $267 $5 $-1 $350 reversed double out T -28.015171730357363 43.948454351698096 0.2050000000014747 -27.971754264800939 44.391545648301907 0.23011619536736208 F #
plane-surface $-1 -1 -1 $-1 -27.600925227120001 44.170000000000002 0.18999999999999997 0 0 1 0 -1 0 forward_v I I I I #
named_attribute-st-attrib $-1 -1 $351 $-1 $167 1 1 1 1 1 1 1 1 1 1 1 1 1 1 0 1 1 1 @3 eif #
ellipse-curve $-1 -1 -1 $-1 -27.841850454239999 44.390000000000001 0.23999999999999999 0 -1 0 0.043301270189001449 0 0.025000000000798977 1 I I #
integer_attrib-name_attrib-gen-attrib $-1 -1 $-1 $168 $98 2 1 1 1 1 1 1 1 1 1 1 1 1 1 0 1 1 1 @3 pid 14 #
integer_attrib-name_attrib-gen-attrib $-1 -1 $-1 $-1 $169 2 1 1 1 1 1 1 1 1 1 1 1 1 1 0 1 1 1 @3 pid 11 #
point $-1 -1 -1 $-1 -27.841850454239999 44.390000000000001 0.18999999999979145 #
integer_attrib-name_attrib-gen-attrib $-1 -1 $-1 $171 $99 2 1 1 1 1 1 1 1 1 1 1 1 1 1 0 1 1 1 @3 pid 16 #
integer_attrib-name_attrib-gen-attrib $-1 -1 $-1 $-1 $172 2 1 1 1 1 1 1 1 1 1 1 1 1 1 0 1 1 1 @3 pid 12 #
point $-1 -1 -1 $-1 -27.885151724428791 44.390000000000001 0.2149999999988349 #
string_attrib-name_attrib-gen-attrib $-1 -1 $-1 $175 $24 2 1 2 1 1 1 1 1 1 1 1 1 1 1 0 1 1 1 @15 ATTRIB_XACIS_ID @5 45107 #
rgb_color-st-attrib $-1 -1 $352 $177 $38 2 1 2 1 1 1 1 1 1 1 1 1 1 1 0 1 1 1 0.93699997663497925 0.7850000262260437 0 #
rh_material-rh_entity $-1 -1 4 4 @5 plain @5 color -4 1 1 1 @5 phong @14 ambient factor -2 1 @14 diffuse factor -2 0.75 @15 specular factor -2 0.5 @8 exponent -2 10 @14 specular color -4 1 1 1 @4 none @5 plain @5 color -4 0 0 0 #
render-rbase-attrib $-1 -1 $353 $178 $64 1 1 1 1 1 1 1 1 1 1 1 1 0 1 0 1 1 1 $354 $-1 0 2 0 -1 0 1 0 0 0 0 1 -36.899999999999999 52.719999999999999 0.079999999999999988 1 rotate no_reflect no_shear #
integer_attrib-name_attrib-gen-attrib $-1 -1 $355 $179 $112 2 1 1 1 1 1 1 1 1 1 1 1 1 1 0 1 1 1 @3 pid 11 #
coedge $-1 -1 -1 $-1 $356 $181 $357 $358 reversed $113 $-1 #
coedge $-1 -1 -1 $-1 $202 $359 $181 $266 forward $285 $-1 #
edge $360 -1 -1 $-1 $361 -0 $205 1.5707963267948966 $181 $362 reversed @7 unknown T -27.780000000000001 44.390000000000001 0.10999999999999499 -27.699999999999999 44.469999999999999 0.10999999999999857 #
loop $-1 -1 -1 $-1 $-1 $182 $249 T -28.015171730357363 43.948454351698096 0.2050000000014747 -27.971754264800939 44.391545648301907 0.23011619536736208 unknown #
named_attribute-st-attrib $-1 -1 $363 $-1 $183 1 1 1 1 1 1 1 1 1 1 1 1 1 1 0 1 1 1 @3 eif #
vertex $364 -1 -1 $-1 $194 $365 #
straight-curve $-1 -1 -1 $-1 -27.971754264800939 43.939713368948006 0.20500000000187235 0 1 0 I I #
integer_attrib-name_attrib-gen-attrib $-1 -1 $-1 $184 $116 2 1 1 1 1 1 1 1 1 1 1 1 1 1 0 1 1 1 @3 pid 20 #
integer_attrib-name_attrib-gen-attrib $-1 -1 $-1 $-1 $185 2 1 1 1 1 1 1 1 1 1 1 1 1 1 0 1 1 1 @3 pid 15 #
point $-1 -1 -1 $-1 -27.971754264801628 44.390000000000001 0.2050000000014747 #
integer_attrib-name_attrib-gen-attrib $-1 -1 $-1 $188 $118 2 1 1 1 1 1 1 1 1 1 1 1 1 1 0 1 1 1 @3 pid 2 #
coedge $-1 -1 -1 $-1 $190 $366 $367 $368 reversed $113 $-1 #
named_attribute-st-attrib $-1 -1 $369 $-1 $194 1 1 1 1 1 1 1 1 1 1 1 1 1 1 0 1 1 1 @3 eif #
straight-curve $-1 -1 -1 $-1 -27.935412658766076 43.950000000000003 0.14205449192578889 -0.50000000002949907 0 0.86602540376740744 I I #
tcoedge-coedge $-1 -1 -1 $-1 $370 $371 $198 $279 forward $372 $373 -0.00016228038954577164 0.081752314797194636 F #
tedge-edge $374 -1 -1 $-1 $294 -0.00016228038954577164 $282 0.081752314797194636 $278 $375 forward @7 unknown T -28.003814963645752 44.389977598024764 0.22765705760816501 -27.999977598024767 44.390116024872803 0.30953617348931917 2.2401975233191669e-005 #
coedge $-1 -1 -1 $-1 $199 $376 $370 $377 forward $267 $-1 #
named_attribute-st-attrib $-1 -1 $378 $-1 $200 1 1 1 1 1 1 1 1 1 1 1 1 1 1 0 1 1 1 @3 eif #
tvertex-vertex $379 -1 -1 $-1 $380 $381 9.9475983006414026e-013 #
ellipse-curve $-1 -1 -1 $-1 -28.015055534989997 44.390000000000001 0.17999999999999999 0 -1 0 0 0 -0.049999999999999996 1 I I #
coedge $-1 -1 -1 $-1 $359 $202 $246 $345 reversed $285 $-1 #
loop $-1 -1 -1 $-1 $-1 $359 $317 T -27.780000000000001 44.390000000000001 0.10999999999999499 -27.699999999999999 44.469999999999999 0.18999999999999997 unknown #
named_attribute-st-attrib $-1 -1 $382 $-1 $203 1 1 1 1 1 1 1 1 1 1 1 1 1 1 0 1 1 1 @3 eif #
vertex $383 -1 -1 $-1 $247 $384 #
straight-curve $-1 -1 -1 $-1 -27.780000000000001 44.390000000000001 0.19169128901310001 0 0 -1 I I #
integer_attrib-name_attrib-gen-attrib $-1 -1 $-1 $204 $130 2 1 1 1 1 1 1 1 1 1 1 1 1 1 0 1 1 1 @3 pid 33 #
integer_attrib-name_attrib-gen-attrib $-1 -1 $-1 $-1 $205 2 1 1 1 1 1 1 1 1 1 1 1 1 1 0 1 1 1 @3 pid 17 #
point $-1 -1 -1 $-1 -27.780000000000001 44.390000000000001 0.10999999999999857 #
coedge $-1 -1 -1 $-1 $222 $208 $371 $385 reversed $143 $-1 #
named_attribute-st-attrib $-1 -1 $386 $-1 $209 1 1 1 1 1 1 1 1 1 1 1 1 1 1 0 1 1 1 @3 eif #
tvertex-vertex $387 -1 -1 $-1 $279 $388 2.7364192302420377e-005 #
ellipse-curve $-1 -1 -1 $-1 -28.015055534989997 44.390000000000001 0.17999999999999999 -0 1 -0 0 0 -0.13 1 I I #
integer_attrib-name_attrib-gen-attrib $-1 -1 $389 $210 $132 2 1 1 1 1 1 1 1 1 1 1 1 1 1 0 1 1 1 @3 pid 26 #
integer_attrib-name_attrib-gen-attrib $-1 -1 $390 $-1 $211 2 0 0 1 1 1 1 1 1 1 1 1 1 1 0 1 1 1 @3 fif 0 #
face $391 -1 -1 $-1 $392 $393 $5 $-1 $394 reversed double out T -28.079999999999998 44.391429447851898 0.22999999491735554 -28.015055529907354 44.469999999999999 0.3100000000000207 F #
loop $-1 -1 -1 $-1 $-1 $395 $211 T -28.079999999999998 44.469999999999999 0.22999999999999998 -28.079999999999998 44.577519231907281 0.30999999999999994 unknown #
plane-surface $-1 -1 -1 $-1 -28.079999999999998 44.523759615953502 0.27000000000000002 1 0 0 0 1 0 forward_v I I I I #
coedge $-1 -1 -1 $-1 $376 $213 $216 $305 reversed $267 $-1 #
named_attribute-st-attrib $-1 -1 $396 $-1 $214 1 1 1 1 1 1 1 1 1 1 1 1 1 1 0 1 1 1 @3 eif #
ellipse-curve $-1 -1 -1 $-1 -28.015055534989997 43.950000000000003 0.17999999999999999 0 -1 0 0 0 -0.049999999999999996 1 I I #
tcoedge-coedge $-1 -1 -1 $-1 $216 $215 $397 $398 reversed $217 $399 -0.00016355238918711629 0.079870990122970553 F #
edge $400 -1 -1 $-1 $401 0.24192593721491634 $220 0.2568420591652632 $216 $402 forward @7 unknown T -28.015171730357363 43.948454351698096 0.22756326421603612 -27.999883804632638 43.950116195367364 0.23011619536736208 #
face $403 -1 -1 $-1 $404 $217 $5 $-1 $405 reversed double out T -28.015171730357363 43.948454351698096 0.22756326421603612 -27.999883804632638 43.950116195367364 0.31007996273349669 F #
integer_attrib-name_attrib-gen-attrib $-1 -1 $-1 $219 $140 2 1 1 1 1 1 1 1 1 1 1 1 1 1 0 1 1 1 @3 pid 60 #
integer_attrib-name_attrib-gen-attrib $-1 -1 $-1 $-1 $220 2 1 1 1 1 1 1 1 1 1 1 1 1 1 0 1 1 1 @3 pid 13 #
edge $406 -1 -1 $-1 $145 0 $220 0.081445793039920084 $80 $407 forward @7 unknown T -28.000000000022958 43.949999999977045 0.22767945956044078 -27.999999999977042 43.95000000002296 0.30912525263216917 #
point $-1 -1 -1 $-1 -28 43.950000000000003 0.22767945958339875 #
coedge $-1 -1 -1 $-1 $408 $409 $222 $312 forward $410 $-1 #
edge $411 -1 -1 $-1 $314 0 $412 0.44285890591574173 $311 $413 forward @7 unknown T -28.015055534990193 43.948570547065003 0.30999999999999994 -28.015055532497996 44.391429452980745 0.3100000000000207 #
named_attribute-st-attrib $-1 -1 $414 $-1 $223 1 1 1 1 1 1 1 1 1 1 1 1 1 1 0 1 1 1 @3 eif #
vertex $415 -1 -1 $-1 $312 $416 #
intcurve-curve $-1 -1 -1 $-1 forward { surfintcur full nubs 3 open 13 
	-0.31447610854837943 3 -0.28270119571567115 2 -0.25092628288296287 2 -0.21915137005025459 2 -0.18737645721754631 2 
	-0.15500109103313664 2 -0.12262572484872697 2 -0.092294571682061066 2 -0.061963418515395163 2 -0.030981709257697609 2 
	0 3 0.030981709257697589 2 0.061963418515395177 3 
	-27.942892250307782 43.813975854088703 0.28813168057453664 
	-27.936172557317896 43.820825517551356 0.28364719355251039 
	-27.930266296529108 43.829425338674056 0.27869851949454771 
	-27.92218660900291 43.848688839734251 0.27113713733795808 
	-27.920000000000002 43.859408362389104 0.26868170762770471 
	-27.920000000000002 43.880591637610905 0.26868170762770471 
	-27.92218660900291 43.891311160265758 0.27113713733795808 
	-27.930266296529108 43.910574661325953 0.27869851949454771 
	-27.936172557317896 43.919174482448653 0.28364719355251039 
	-27.949738925933293 43.933003248073163 0.292700911346363 
	-27.958482579071379 43.939224382278816 0.2975226515549943 
	-27.97824262851843 43.947732416289504 0.3051274683824195 
	-27.989280827339805 43.950000000000003 0.30787543606768214 
	-28.010042353372143 43.950000000000003 0.31029615451945414 
	-28.020754616478495 43.947984495817991 0.3102492106000026 
	-28.040345798328577 43.939889569894731 0.30789737664683381 
	-28.049234111376279 43.933818204281543 0.30564330468427925 
	-28.063377916749701 43.919841707890015 0.30092031172716149 
	-28.069574661713496 43.91091593727667 0.29810741643394612 
	-28.077888014954471 43.891170768143596 0.29390249802625534 
	-28.079999999999998 43.880327236419234 0.29261534737576744 
	-28.079999999999998 43.870000000000005 0.29261534737576744 
	-28.079999999999998 43.859672763580775 0.29261534737576744 
	-28.077888014954471 43.848829231856413 0.29390249802625534 
	-28.069574661713496 43.829084062723339 0.29810741643394612 
	-28.063377916749701 43.820158292109994 0.30092031172716149 
	-28.056230978105017 43.813095895566725 0.30330686470866819 
	0.00013359169686121236 
	cone -28 43.870000000000005 0.31169128901310017 0 0 -1 -0.080000000000000071 0 0 1 I I -0 1 0.080000000000000071 reversed I I I I 
	cone -28.015055534989997 43.939713573257002 0.17999999999999999 0 1 0 0 0 -0.13 1 I I 0 -1 0.13 reversed I I I I 
	nullbs 
	nullbs 
	-1 
	-1 
	I I 
	0 
	0 
	0 
	
	-1 
	none F } I I #
integer_attrib-name_attrib-gen-attrib $-1 -1 $417 $-1 $224 2 0 0 1 1 1 1 1 1 1 1 1 1 1 0 1 1 1 @3 fif 0 #
face $418 -1 -1 $-1 $419 $285 $5 $-1 $420 reversed double out T -27.780000000000001 44.390000000000001 0.10999999999999499 -27.699999999999999 44.469999999999999 0.18999999999999997 F #
cone-surface $-1 -1 -1 $-1 -28.015055534989997 43.939713573257002 0.17999999999999999 0 1 0 0 0 -0.13 1 I I -0 1 0.13 reversed I I I I #
named_attribute-st-attrib $-1 -1 $421 $-1 $227 1 1 1 1 1 1 1 1 1 1 1 1 1 1 0 1 1 1 @3 eif #
coedge $-1 -1 -1 $-1 $81 $142 $-1 $227 reversed $143 $-1 #
intcurve-curve $-1 -1 -1 $-1 forward { parcur summary 3 9 -3.9843947567067096e-007 0.00075670473537641446 0.0011352563228024569 0.0018923594976545423 0.0022709110850805845 
	0.0026494626725066272 0.0030280142599326699 0.0034065658473587126 0.0037851174347847552 0 OPEN 
	cone -28.015055534989997 43.939713573257002 0.17999999999999999 0 1 0 0 0 -0.13 1 I I -0 1 0.13 reversed I I I I 
	null_surface 
	nubs 5 open 11 
	-3.9843947567067096e-007 5 0.00037815314795037189 1 0.00075670473537641446 3 0.0011352563228024569 3 0.0015138079102284996 1 
	0.0018923594976545423 3 0.0022709110850805845 3 0.0026494626725066272 3 0.0030280142599326699 3 0.0034065658473587126 3 
	0.0037851174347847552 5 
	-0.079126359561544082 -3.0255203857985906 
	-0.079112719494239925 -3.0261026053643598 
	-0.079085439359607351 -3.0272670691711965 
	-0.079058159225126434 -3.0284315790415879 
	-0.079030879089986045 -3.0295961283984947 
	-0.078989958888094819 -3.0313430017972633 
	-0.078962678753318416 -3.0325076136813292 
	-0.078949038685919626 -3.0330899262054993 
	-0.078921758551117382 -3.0342545627728077 
	-0.078880838348912866 -3.0360015472446533 
	-0.078853558214117672 -3.0371662200157972 
	-0.078826278079195303 -3.0383309026610781 
	-0.078785357876945183 -3.0400779315663664 
	-0.078758077742093507 -3.0412426175031686 
	-0.078744437674643009 -3.0418249596486997 
	-0.078717157539804045 -3.0429896406483743 
	-0.078689877405000441 -3.044154311773942 
	-0.078676237337585317 -3.0447366440453645 
	-0.078648957202772332 -3.0459013003599504 
	-0.078621677068020257 -3.0470659369272357 
	-0.078608037000666028 -3.0476482494513575 
	-0.078580756865905141 -3.0488128613354246 
	-0.078553476731193048 -3.0499774436011799 
	-0.078539836663887613 -3.0505597265069904 
	-0.078512556529201083 -3.0517242742196471 
	-0.078485276394486686 -3.0528887824457471 
	-0.078471636327153371 -3.0534710258650022 
	-0.078457996259852669 -3.054053257768429 
	-0.078444356192564915 -3.054635477334207 
	
	nullbs 
	-1 
	-1 
	I I 
	0 
	0 
	7 0.00075670473537641446 0.0011352563228024569 0.0018923594976545423 0.0022709110850805845 0.0026494626725066272 0.0030280142599326699 0.0034065658473587126 
	
	-1 
	none F surf1 } I I #
named_attribute-st-attrib $-1 -1 $422 $-1 $229 1 1 1 1 1 1 1 1 1 1 1 1 1 1 0 1 1 1 @3 eif #
straight-curve $-1 -1 -1 $-1 -27.866130626465992 44.390000000000001 0.1820544919255247 0.5000000000212258 0 -0.86602540377218407 I I #
integer_attrib-name_attrib-gen-attrib $-1 -1 $-1 $230 $148 2 1 1 1 1 1 1 1 1 1 1 1 1 1 0 1 1 1 @3 pid 23 #
integer_attrib-name_attrib-gen-attrib $-1 -1 $-1 $-1 $231 2 1 1 1 1 1 1 1 1 1 1 1 1 1 0 1 1 1 @3 pid 16 #
point $-1 -1 -1 $-1 -27.902472232499616 44.390000000000001 0.24500000000275995 #
integer_attrib-name_attrib-gen-attrib $-1 -1 $-1 $233 $152 2 1 1 1 1 1 1 1 1 1 1 1 1 1 0 1 1 1 @3 pid 11 #
coedge $-1 -1 -1 $-1 $367 $241 $235 $329 reversed $337 $-1 #
edge $423 -1 -1 $-1 $331 -0.081691289013106613 $244 -0.0016912890131000335 $235 $424 reversed @7 tangent T -27.700000000000003 43.870000000000005 0.10999999999999339 -27.699999999999999 43.870000000000005 0.18999999999999997 #
named_attribute-st-attrib $-1 -1 $425 $-1 $236 1 1 1 1 1 1 1 1 1 1 1 1 1 1 0 1 1 1 @3 eif #
vertex $426 -1 -1 $-1 $329 $427 #
ellipse-curve $-1 -1 -1 $-1 -27.780000000000001 43.870000000000005 0.10999999999999499 -1.9953018992354419e-014 -0 -1 0 0.080000000000000071 0 1 I I #
coedge $-1 -1 -1 $-1 $428 $240 $429 $430 reversed $93 $-1 #
coedge $-1 -1 -1 $-1 $431 $432 $240 $335 reversed $433 $-1 #
edge $434 -1 -1 $-1 $339 -0.13453738643999813 $435 0.20546261356000173 $334 $436 reversed @7 unknown T -27.699999999999999 43.719999999999999 0.18999999999999997 -27.359999999999999 43.719999999999999 0.18999999999999997 #
coedge $-1 -1 -1 $-1 $241 $367 $431 $437 forward $337 $-1 #
loop $-1 -1 -1 $-1 $-1 $328 $438 T -27.700000000000003 43.719999999999999 0.10999999999999339 -27.699999999999999 43.870000000000005 0.18999999999999997 unknown #
named_attribute-st-attrib $-1 -1 $439 $-1 $242 1 1 1 1 1 1 1 1 1 1 1 1 1 1 0 1 1 1 @3 eif #
vertex $440 -1 -1 $-1 $335 $441 #
straight-curve $-1 -1 -1 $-1 -27.699999999999999 43.982500000000002 0.18999999999999995 0 1 0 I I #
integer_attrib-name_attrib-gen-attrib $-1 -1 $-1 $243 $160 2 1 1 1 1 1 1 1 1 1 1 1 1 1 0 1 1 1 @3 pid 35 #
integer_attrib-name_attrib-gen-attrib $-1 -1 $-1 $-1 $244 2 1 1 1 1 1 1 1 1 1 1 1 1 1 0 1 1 1 @3 pid 24 #
point $-1 -1 -1 $-1 -27.700000000000003 43.870000000000005 0.18999999999999997 #
coedge $-1 -1 -1 $-1 $246 $428 $442 $443 reversed $93 $-1 #
edge $444 -1 -1 $-1 $445 0 $287 1.5707963267948966 $284 $446 forward @7 unknown T -27.780000000000001 44.390000000000001 0.18999999999999997 -27.700000000000003 44.469999999999999 0.18999999999999997 #
named_attribute-st-attrib $-1 -1 $447 $-1 $247 1 1 1 1 1 1 1 1 1 1 1 1 1 1 0 1 1 1 @3 eif #
straight-curve $-1 -1 -1 $-1 -27.705925227119998 44.390000000000001 0.18999999999999997 -1 0 0 I I #
integer_attrib-name_attrib-gen-attrib $-1 -1 $448 $248 $162 2 1 1 1 1 1 1 1 1 1 1 1 1 1 0 1 1 1 @3 pid 12 #
integer_attrib-name_attrib-gen-attrib $-1 -1 $449 $-1 $249 2 0 0 1 1 1 1 1 1 1 1 1 1 1 0 1 1 1 @3 fif 0 #
cone-surface $-1 -1 -1 $-1 -28.015055534989997 43.939713368947999 0.17999999999999999 0 1 0 0 0 -0.049999999999999996 1 I I -0 1 0.049999999999999996 reversed I I I I #
integer_attrib-name_attrib-gen-attrib $-1 -1 $-1 $251 $167 2 1 1 1 1 1 1 1 1 1 1 1 1 1 0 1 1 1 @3 pid 15 #
string_attrib-name_attrib-gen-attrib $-1 -1 $-1 $260 $38 2 1 2 1 1 1 1 1 1 1 1 1 1 1 0 1 1 1 @15 ATTRIB_XACIS_ID @5 41168 #
rgb_color-st-attrib $-1 -1 $450 $262 $64 2 1 2 1 1 1 1 1 1 1 1 1 1 1 0 1 1 1 0.93699997663497925 0.7850000262260437 0 #
rh_material-rh_entity $-1 -1 4 4 @5 plain @5 color -4 1 1 1 @5 phong @14 ambient factor -2 1 @14 diffuse factor -2 0.75 @15 specular factor -2 0.5 @8 exponent -2 10 @14 specular color -4 1 1 1 @4 none @5 plain @5 color -4 0 0 0 #
render-rbase-attrib $-1 -1 $451 $263 $112 1 1 1 1 1 1 1 1 1 1 1 1 0 1 0 1 1 1 $452 $-1 0 2 0 -1 0 1 0 0 0 0 1 -36.899999999999999 52.719999999999999 0.079999999999999988 1 rotate no_reflect no_shear #
coedge $-1 -1 -1 $-1 $453 $264 $454 $455 reversed $113 $-1 #
coedge $-1 -1 -1 $-1 $456 $457 $264 $358 forward $458 $-1 #
edge $459 -1 -1 $-1 $460 -0.26250000000000284 $361 -0.11249999999999716 $264 $461 reversed @7 unknown T -27.699999999999999 44.469999999999999 0.10999999999999696 -27.699999999999999 44.620000000000005 0.10999999999999696 #
coedge $-1 -1 -1 $-1 $265 $284 $456 $462 forward $285 $-1 #
named_attribute-st-attrib $-1 -1 $463 $-1 $266 1 1 1 1 1 1 1 1 1 1 1 1 1 1 0 1 1 1 @3 eif #
vertex $464 -1 -1 $-1 $358 $465 #
ellipse-curve $-1 -1 -1 $-1 -27.780000000000001 44.469999999999999 0.10999999999999499 1.9953018992354419e-014 0 1 0.080000000000000071 0 0 1 I I #
integer_attrib-name_attrib-gen-attrib $-1 -1 $-1 $268 $183 2 1 1 1 1 1 1 1 1 1 1 1 1 1 0 1 1 1 @3 pid 21 #
integer_attrib-name_attrib-gen-attrib $-1 -1 $-1 $-1 $269 2 1 1 1 1 1 1 1 1 1 1 1 1 1 0 1 1 1 @3 pid 6 #
point $-1 -1 -1 $-1 -27.971754264800939 43.950000000000003 0.20500000000187235 #
coedge $-1 -1 -1 $-1 $275 $453 $466 $467 reversed $113 $-1 #
coedge $-1 -1 -1 $-1 $336 $328 $275 $368 forward $337 $-1 #
edge $468 -1 -1 $-1 $331 0.11249999999999716 $469 0.26250000000000284 $275 $470 reversed @7 unknown T -27.700000000000003 43.719999999999999 0.10999999999999339 -27.699999999999999 43.870000000000005 0.10999999999999696 #
integer_attrib-name_attrib-gen-attrib $-1 -1 $-1 $276 $194 2 1 1 1 1 1 1 1 1 1 1 1 1 1 0 1 1 1 @3 pid 6 #
coedge $-1 -1 -1 $-1 $471 $278 $280 $377 reversed $372 $-1 #
coedge $-1 -1 -1 $-1 $278 $471 $292 $385 forward $372 $-1 #
loop $-1 -1 -1 $-1 $-1 $371 $472 T -28.015171730357359 44.389883804632639 0.22756326421603612 -27.999883804632638 44.391545648301907 0.31007996388747083 unknown #
pcurve $-1 -1 -1 $-1 0 forward { exppc nubs 1 open 2 
	-0.00016228038954577164 1 0.081752314797860992 1 
	-0.027311557623169145 0.047424690442349884 
	-1.050145344995842 -2.6645352591004322e-013 
	0.001 
	8.2952225868365503e-007 
	cone -28 44.469999999999999 0.31169108718240002 0 0 -1 0 -0.080000000000000071 0 1 I I 0 -1 0.080000000000000071 reversed I I I I 
	} 0 0 #
named_attribute-st-attrib $-1 -1 $473 $-1 $279 1 1 1 1 1 1 1 1 1 1 1 1 1 1 0 1 1 1 @3 eif #
straight-curve $-1 -1 -1 $-1 -28.003785048255065 44.390089591355654 0.30934405630557349 0.046298973484030337 -0.0010958876928873801 -0.99892702640607822 F -0.00016228038954577164 F 0.081752314797860992 #
coedge $-1 -1 -1 $-1 $280 $301 $474 $475 forward $267 $-1 #
edge $476 -1 -1 $-1 $477 -0.076294786574471599 $282 -0.061378664624124751 $370 $478 reversed @7 unknown T -28.015171730357359 44.389883804632639 0.22756326421603612 -27.999883804632638 44.391545648301907 0.23011619536736208 #
integer_attrib-name_attrib-gen-attrib $-1 -1 $-1 $281 $200 2 1 1 1 1 1 1 1 1 1 1 1 1 1 0 1 1 1 @3 pid 46 #
integer_attrib-name_attrib-gen-attrib $-1 -1 $-1 $-1 $282 2 1 1 1 1 1 1 1 1 1 1 1 1 1 0 1 1 1 @3 pid 33 #
edge $479 -1 -1 $-1 $294 4.0082542107633401e-007 $282 0.081445793043961379 $198 $480 forward @7 unknown T -28.000000000000995 44.389996562677872 0.22767945958240399 -27.999993125354749 44.390003437322129 0.30912828912406731 #
point $-1 -1 -1 $-1 -28 44.390000000000001 0.22767945958339875 #
integer_attrib-name_attrib-gen-attrib $-1 -1 $-1 $286 $203 2 1 1 1 1 1 1 1 1 1 1 1 1 1 0 1 1 1 @3 pid 54 #
integer_attrib-name_attrib-gen-attrib $-1 -1 $-1 $-1 $287 2 1 1 1 1 1 1 1 1 1 1 1 1 1 0 1 1 1 @3 pid 30 #
point $-1 -1 -1 $-1 -27.780000000000001 44.390000000000001 0.18999999999999997 #
edge $481 -1 -1 $-1 $412 0.10777031583677042 $294 0.11886284905230532 $292 $482 forward @7 unknown T -28.011455448272809 44.389955068983632 0.3093752176001538 -28.003631756648559 44.390938796642679 0.31007996388747083 #
integer_attrib-name_attrib-gen-attrib $-1 -1 $-1 $293 $209 2 1 1 1 1 1 1 1 1 1 1 1 1 1 0 1 1 1 @3 pid 50 #
integer_attrib-name_attrib-gen-attrib $-1 -1 $-1 $-1 $294 2 1 1 1 1 1 1 1 1 1 1 1 1 1 0 1 1 1 @3 pid 37 #
point $-1 -1 -1 $-1 -28.003765348345443 44.390088660680497 0.30950880929701674 #
render-rbase-attrib $-1 -1 $483 $296 $132 1 1 1 1 1 1 1 1 1 1 1 1 0 1 0 1 1 1 $484 $-1 0 2 0 -1 0 1 0 0 0 0 1 -36.899999999999999 52.719999999999999 0.079999999999999988 1 rotate no_reflect no_shear #
integer_attrib-name_attrib-gen-attrib $-1 -1 $485 $297 $211 2 1 1 1 1 1 1 1 1 1 1 1 1 1 0 1 1 1 @3 pid 27 #
integer_attrib-name_attrib-gen-attrib $-1 -1 $486 $-1 $298 2 0 0 1 1 1 1 1 1 1 1 1 1 1 0 1 1 1 @3 fif 0 #
face $487 -1 -1 $-1 $488 $489 $5 $-1 $405 reversed double out T -28.079999999999998 43.870000000000005 0.22999999999997256 -28.015055534989969 43.948570547065486 0.30999999999999994 F #
loop $-1 -1 -1 $-1 $-1 $490 $298 T -28.079999999999998 44.391429447851898 0.22999999491735554 -28.015055529907354 44.469999999999999 0.3100000000000207 unknown #
cone-surface $-1 -1 -1 $-1 -28 44.469999999999999 0.31169108718240002 0 0 -1 0 -0.080000000000000071 0 1 I I -0 1 0.080000000000000071 reversed I I I I #
coedge $-1 -1 -1 $-1 $491 $492 $493 $494 forward $299 $-1 #
integer_attrib-name_attrib-gen-attrib $-1 -1 $-1 $302 $214 2 1 1 1 1 1 1 1 1 1 1 1 1 1 0 1 1 1 @3 pid 17 #
coedge $-1 -1 -1 $-1 $495 $496 $304 $398 forward $489 $-1 #
edge $497 -1 -1 $-1 $401 3.805289416902724e-014 $314 0.080000000000038013 $397 $498 forward @7 unknown T -28.015055534990193 43.948570547065003 0.22999999999997256 -28.015055534989969 43.948570547065486 0.30999999999999994 #
pcurve $-1 -1 -1 $-1 0 forward { exppc nubs 1 open 2 
	-0.00016355238918711629 1 0.079870990122970553 1 
	-0.021833961876883946 1.4289008434620545 
	-1.0211411126634204 1.3814731715259994 
	0.001 
	8.2986717024957181e-007 
	cone -28 43.870000000000005 0.31169128901310017 0 0 -1 -0.080000000000000071 0 0 1 I I 0 -1 0.080000000000000071 reversed I I I I 
	} 0 0 #
named_attribute-st-attrib $-1 -1 $499 $-1 $305 1 1 1 1 1 1 1 1 1 1 1 1 1 1 0 1 1 1 @3 eif #
tvertex-vertex $500 -1 -1 $-1 $501 $502 2.7415597036003396e-014 #
intcurve-curve $-1 -1 -1 $-1 forward { surfintcur full nubs 3 periodic 19 
	0 3 0.019302362411551338 2 0.038604724823102676 2 0.057449755698787137 2 0.076294786574471599 2 
	0.097386013415398071 2 0.11847724025632453 2 0.13879380107550926 2 0.14895208148510161 2 0.15911036189469396 2 
	0.16926864230428634 2 0.17942692271387869 2 0.19974348353306343 2 0.22083471037398988 2 0.24192593721491634 2 
	0.2607709680906008 2 0.27961599896628525 2 0.29891836137783656 2 0.31822072378938793 3 
	-27.965055534989997 43.941964465989578 0.17999999999999999 
	-27.965055534989997 43.941964465989578 0.17356587919614955 
	-27.966368541682449 43.942642491826959 0.16678200720112019 
	-27.971584743270494 43.944837015738983 0.1543986334673231 
	-27.975485139677666 43.946293733379377 0.14878743398906824 
	-27.984401478307916 43.94859632043844 0.14001882457818299 
	-27.989993255007075 43.949607874728251 0.13623221318169221 
	-28.002234178579656 43.950203223795462 0.13122141955506458 
	-28.008886100050965 43.949752722156028 0.13 
	-28.021960323453222 43.947247464966765 0.13 
	-28.028969726223032 43.944890597774616 0.13149793237276206 
	-28.041394358136625 43.938806638219091 0.13696139451768122 
	-28.046824650696845 43.935097072089917 0.14091215039954433 
	-28.055127860004156 43.92821442887977 0.14952595274534369 
	-28.058709209950532 43.924475612375012 0.1547905652416714 
	-28.062421619107027 43.920074094864439 0.16366789651428909 
	-28.063392823465769 43.918811070164551 0.16679219977235757 
	-28.064709475672249 43.917052385051107 0.1732649041920887 
	-28.065055534989998 43.916559396121144 0.17661390653013587 
	-28.065055534989998 43.916559396121144 0.18338609346986412 
	-28.064709475672249 43.917052385051107 0.18673509580791128 
	-28.063392823465769 43.918811070164551 0.19320780022764242 
	-28.062421619107027 43.920074094864439 0.1963321034857109 
	-28.058709209950532 43.924475612375012 0.20520943475832862 
	-28.055127860004156 43.92821442887977 0.21047404725465632 
	-28.046824650696845 43.935097072089917 0.21908784960045566 
	-28.041394358136628 43.938806638219091 0.22303860548231774 
	-28.028969726223036 43.944890597774616 0.22850206762723668 
	-28.021960323453222 43.947247464966765 0.22999999999999998 
	-28.008886100050965 43.949752722156028 0.22999999999999998 
	-28.002234178579656 43.950203223795462 0.2287785804449354 
	-27.989993255007075 43.949607874728251 0.22376778681830778 
	-27.984401478307916 43.94859632043844 0.21998117542181703 
	-27.975485139677662 43.94629373337937 0.21121256601093175 
	-27.971584743270487 43.94483701573899 0.20560136653267336 
	-27.966368541682442 43.942642491826966 0.19321799279887461 
	-27.965055534989993 43.941964465989571 0.18643412080385044 
	-27.965055534989997 43.941964465989578 0.17999999999999999 
	0.00011619536736209912 
	cone -28.015055534989997 43.939713368947999 0.17999999999999999 0 1 0 0 0 -0.049999999999999996 1 I I -0 1 0.049999999999999996 reversed I I I I 
	cone -28 43.870000000000005 0.31169128901310017 0 0 -1 -0.080000000000000071 0 0 1 I I 0 -1 0.080000000000000071 reversed I I I I 
	nullbs 
	nullbs 
	-1 
	-1 
	I I 
	0 
	0 
	0 
	
	-1 
	none F } I I #
integer_attrib-name_attrib-gen-attrib $-1 -1 $503 $-1 $306 2 0 0 1 1 1 1 1 1 1 1 1 1 1 0 1 1 1 @3 fif 0 #
face $504 -1 -1 $-1 $472 $505 $5 $-1 $506 reversed double out T -28.329999999999998 43.624272486205413 0.22999999491735554 -28.015055529907354 44.577519231907281 0.23000000508264443 F #
cone-surface $-1 -1 -1 $-1 -28 43.870000000000005 0.31169128901310017 0 0 -1 -0.080000000000000071 0 0 1 I I -0 1 0.080000000000000071 reversed I I I I #
named_attribute-st-attrib $-1 -1 $507 $-1 $309 1 1 1 1 1 1 1 1 1 1 1 1 1 1 0 1 1 1 @3 eif #
straight-curve $-1 -1 -1 $-1 -28.000000000020577 43.950000000000003 0.30912525263216917 0 0 -1 F 0 F 0.081445793039920084 #
coedge $-1 -1 -1 $-1 $493 $311 $508 $509 forward $410 $-1 #
coedge $-1 -1 -1 $-1 $311 $510 $495 $511 forward $410 $-1 #
loop $-1 -1 -1 $-1 $-1 $512 $513 T -28.329999999999998 43.624272486205413 0.30999999999999994 -28.015055532497996 44.577519231907281 0.3100000000000207 unknown #
named_attribute-st-attrib $-1 -1 $514 $-1 $312 1 1 1 1 1 1 1 1 1 1 1 1 1 1 0 1 1 1 @3 eif #
vertex $515 -1 -1 $-1 $516 $517 #
straight-curve $-1 -1 -1 $-1 -28.015055534990193 43.948570547065003 0.30999999999999994 0 1 0 F 0 F 0.4428589069169977 #
integer_attrib-name_attrib-gen-attrib $-1 -1 $-1 $313 $223 2 1 1 1 1 1 1 1 1 1 1 1 1 1 0 1 1 1 @3 pid 48 #
integer_attrib-name_attrib-gen-attrib $-1 -1 $-1 $-1 $314 2 1 1 1 1 1 1 1 1 1 1 1 1 1 0 1 1 1 @3 pid 50 #
point $-1 -1 -1 $-1 -28.015055534990193 43.948570547065003 0.30999999999999994 #
integer_attrib-name_attrib-gen-attrib $-1 -1 $518 $316 $224 2 1 1 1 1 1 1 1 1 1 1 1 1 1 0 1 1 1 @3 pid 15 #
integer_attrib-name_attrib-gen-attrib $-1 -1 $519 $-1 $317 2 0 0 1 1 1 1 1 1 1 1 1 1 1 0 1 1 1 @3 fif 0 #
face $520 -1 -1 $-1 $521 $458 $5 $-1 $522 reversed double out T -27.700000000000003 44.469999999999999 0.10999999999999696 -27.699999999999999 44.620000000000005 0.18999999999999997 F #
cone-surface $-1 -1 -1 $-1 -27.780000000000001 44.469999999999999 0.19169128901310001 0 0 -1 0.080000000000000071 0 0 1 I I -0 1 0.080000000000000071 reversed I I I I #
integer_attrib-name_attrib-gen-attrib $-1 -1 $-1 $319 $227 2 1 1 1 1 1 1 1 1 1 1 1 1 1 0 1 1 1 @3 pid 49 #
integer_attrib-name_attrib-gen-attrib $-1 -1 $-1 $322 $229 2 1 1 1 1 1 1 1 1 1 1 1 1 1 0 1 1 1 @3 pid 22 #
named_attribute-st-attrib $-1 -1 $523 $-1 $329 1 1 1 1 1 1 1 1 1 1 1 1 1 1 0 1 1 1 @3 eif #
straight-curve $-1 -1 -1 $-1 -27.699999999999999 43.870000000000005 0.19169128901310001 0 0 -1 I I #
integer_attrib-name_attrib-gen-attrib $-1 -1 $-1 $330 $236 2 1 1 1 1 1 1 1 1 1 1 1 1 1 0 1 1 1 @3 pid 32 #
integer_attrib-name_attrib-gen-attrib $-1 -1 $-1 $-1 $331 2 1 1 1 1 1 1 1 1 1 1 1 1 1 0 1 1 1 @3 pid 23 #
point $-1 -1 -1 $-1 -27.700000000000003 43.870000000000005 0.10999999999999339 #
coedge $-1 -1 -1 $-1 $344 $333 $524 $525 forward $93 $-1 #
coedge $-1 -1 -1 $-1 $526 $527 $333 $430 forward $528 $-1 #
edge $529 -1 -1 $-1 $530 -0.45000000000000284 $435 0.45000000000000284 $333 $531 reversed @7 unknown T -27.359999999999999 43.719999999999999 0.18999999999999997 -27.359999999999999 44.620000000000005 0.19 #
coedge $-1 -1 -1 $-1 $466 $334 $336 $437 reversed $433 $-1 #
coedge $-1 -1 -1 $-1 $334 $466 $526 $532 reversed $433 $-1 #
loop $-1 -1 -1 $-1 $-1 $431 $533 T -27.699999999999999 43.719999999999999 0.10999999999999019 -27.359999999999999 43.719999999999999 0.18999999999999997 unknown #
named_attribute-st-attrib $-1 -1 $534 $-1 $335 1 1 1 1 1 1 1 1 1 1 1 1 1 1 0 1 1 1 @3 eif #
vertex $535 -1 -1 $-1 $335 $536 #
straight-curve $-1 -1 -1 $-1 -27.565462613560001 43.719999999999999 0.18999999999999997 -1 0 0 I I #
edge $537 -1 -1 $-1 $469 -0.040000000000011776 $339 0.039999999999991237 $431 $538 forward @7 unknown T -27.699999999999999 43.719999999999999 0.10999999999999696 -27.699999999999999 43.719999999999999 0.18999999999999997 #
face $539 -1 -1 $-1 $306 $337 $5 $-1 $540 reversed double out T -27.700000000000003 43.719999999999999 0.10999999999999339 -27.699999999999999 43.870000000000005 0.18999999999999997 F #
integer_attrib-name_attrib-gen-attrib $-1 -1 $-1 $338 $242 2 1 1 1 1 1 1 1 1 1 1 1 1 1 0 1 1 1 @3 pid 36 #
integer_attrib-name_attrib-gen-attrib $-1 -1 $-1 $-1 $339 2 1 1 1 1 1 1 1 1 1 1 1 1 1 0 1 1 1 @3 pid 25 #
point $-1 -1 -1 $-1 -27.699999999999999 43.719999999999999 0.18999999999999997 #
coedge $-1 -1 -1 $-1 $457 $456 $344 $443 forward $458 $-1 #
edge $541 -1 -1 $-1 $445 0.11249999999999716 $542 0.26250000000000284 $344 $543 forward @7 unknown T -27.700000000000003 44.469999999999999 0.18999999999999995 -27.699999999999999 44.620000000000005 0.18999999999999997 #
named_attribute-st-attrib $-1 -1 $544 $-1 $345 1 1 1 1 1 1 1 1 1 1 1 1 1 1 0 1 1 1 @3 eif #
vertex $545 -1 -1 $-1 $345 $546 #
ellipse-curve $-1 -1 -1 $-1 -27.780000000000001 44.469999999999999 0.18999999999999997 -0 -0 -1 0.080000000000000071 0 0 1 I I #
integer_attrib-name_attrib-gen-attrib $-1 -1 $-1 $346 $247 2 1 1 1 1 1 1 1 1 1 1 1 1 1 0 1 1 1 @3 pid 42 #
render-rbase-attrib $-1 -1 $547 $348 $162 1 1 1 1 1 1 1 1 1 1 1 1 0 1 0 1 1 1 $548 $-1 0 2 0 -1 0 1 0 0 0 0 1 -36.899999999999999 52.719999999999999 0.079999999999999988 1 rotate no_reflect no_shear #
integer_attrib-name_attrib-gen-attrib $-1 -1 $549 $349 $249 2 1 1 1 1 1 1 1 1 1 1 1 1 1 0 1 1 1 @3 pid 13 #
string_attrib-name_attrib-gen-attrib $-1 -1 $-1 $353 $64 2 1 2 1 1 1 1 1 1 1 1 1 1 1 0 1 1 1 @15 ATTRIB_XACIS_ID @5 43955 #
rgb_color-st-attrib $-1 -1 $550 $355 $112 2 1 2 1 1 1 1 1 1 1 1 1 1 1 0 1 1 1 0.93699997663497925 0.7850000262260437 0 #
rh_material-rh_entity $-1 -1 4 4 @5 plain @5 color -4 1 1 1 @5 phong @14 ambient factor -2 1 @14 diffuse factor -2 0.75 @15 specular factor -2 0.5 @8 exponent -2 10 @14 specular color -4 1 1 1 @4 none @5 plain @5 color -4 0 0 0 #
coedge $-1 -1 -1 $-1 $366 $356 $551 $552 reversed $113 $-1 #
coedge $-1 -1 -1 $-1 $553 $554 $356 $455 forward $555 $-1 #
edge $556 -1 -1 $-1 $557 -0.20546261356000173 $460 0.13453738643999813 $454 $558 forward @7 unknown T -27.699999999999999 44.620000000000005 0.10999999999999019 -27.359999999999999 44.620000000000005 0.10999999999999696 #
coedge $-1 -1 -1 $-1 $442 $357 $359 $462 reversed $458 $-1 #
coedge $-1 -1 -1 $-1 $357 $442 $553 $559 forward $458 $-1 #
loop $-1 -1 -1 $-1 $-1 $457 $419 T -27.700000000000003 44.469999999999999 0.10999999999999696 -27.699999999999999 44.620000000000005 0.18999999999999997 unknown #
named_attribute-st-attrib $-1 -1 $560 $-1 $358 1 1 1 1 1 1 1 1 1 1 1 1 1 1 0 1 1 1 @3 eif #
vertex $561 -1 -1 $-1 $559 $562 #
straight-curve $-1 -1 -1 $-1 -27.699999999999999 44.357500000000002 0.10999999999999696 0 1 0 I I #
edge $563 -1 -1 $-1 $445 0.0016912890131000335 $361 0.081691289013103047 $359 $564 forward @7 tangent T -27.700000000000003 44.469999999999999 0.10999999999999696 -27.699999999999999 44.469999999999999 0.18999999999999997 #
integer_attrib-name_attrib-gen-attrib $-1 -1 $-1 $360 $266 2 1 1 1 1 1 1 1 1 1 1 1 1 1 0 1 1 1 @3 pid 26 #
integer_attrib-name_attrib-gen-attrib $-1 -1 $-1 $-1 $361 2 1 1 1 1 1 1 1 1 1 1 1 1 1 0 1 1 1 @3 pid 18 #
point $-1 -1 -1 $-1 -27.699999999999999 44.469999999999999 0.10999999999999696 #
coedge $-1 -1 -1 $-1 $432 $431 $366 $467 forward $433 $-1 #
edge $565 -1 -1 $-1 $469 -0.13453738643999813 $566 0.20546261356000173 $466 $567 reversed @7 unknown T -27.699999999999999 43.719999999999999 0.10999999999999019 -27.359999999999999 43.719999999999999 0.10999999999999696 #
named_attribute-st-attrib $-1 -1 $568 $-1 $368 1 1 1 1 1 1 1 1 1 1 1 1 1 1 0 1 1 1 @3 eif #
vertex $569 -1 -1 $-1 $467 $570 #
straight-curve $-1 -1 -1 $-1 -27.699999999999999 43.982500000000002 0.10999999999999696 0 1 0 I I #
tcoedge-coedge $-1 -1 -1 $-1 $371 $370 $571 $516 reversed $372 $572 1.3357738357502387e-010 0.080034540230190243 F #
face $573 -1 -1 $-1 $132 $372 $5 $-1 $394 reversed double out T -28.015171730357359 44.389883804632639 0.22756326421603612 -27.999883804632638 44.391545648301907 0.31007996388747083 F #
integer_attrib-name_attrib-gen-attrib $-1 -1 $-1 $374 $279 2 1 1 1 1 1 1 1 1 1 1 1 1 1 0 1 1 1 @3 pid 71 #
coedge $-1 -1 -1 $-1 $574 $575 $376 $475 reversed $505 $-1 #
edge $576 -1 -1 $-1 $401 0.0088571781174593411 $477 0.45171608398654683 $376 $577 forward @7 tangent T -28.015055540072641 43.94857054706543 0.22999999491735554 -28.015055529907354 44.391429458017193 0.23000000508264443 #
named_attribute-st-attrib $-1 -1 $578 $-1 $377 1 1 1 1 1 1 1 1 1 1 1 1 1 1 0 1 1 1 @3 eif #
tvertex-vertex $579 -1 -1 $-1 $516 $580 5.0826444491884894e-009 #
intcurve-curve $-1 -1 -1 $-1 forward { surfintcur full nubs 3 periodic 19 
	0 3 0.019302362411551345 2 0.03860472482310269 2 0.057449755698787144 2 0.076294786574471599 2 
	0.097386013415398071 2 0.11847724025632453 2 0.13879380107550926 2 0.14895208148510161 2 0.15911036189469396 2 
	0.16926864230428634 2 0.17942692271387869 2 0.19974348353306343 2 0.22083471037398988 2 0.24192593721491634 2 
	0.2607709680906008 2 0.27961599896628525 2 0.29891836137783656 2 0.31822072378938793 3 
	-27.965055534989997 44.398035534010425 0.17999999999999999 
	-27.965055534989997 44.398035534010425 0.18643412080385044 
	-27.966368541682449 44.397357508173044 0.1932179927988798 
	-27.971584743270494 44.39516298426102 0.20560136653267688 
	-27.975485139677666 44.393706266620626 0.21121256601093177 
	-27.984401478307916 44.391403679561563 0.21998117542181703 
	-27.989993255007075 44.390392125271752 0.22376778681830778 
	-28.002234178579656 44.389796776204541 0.2287785804449354 
	-28.008886100050965 44.390247277843976 0.22999999999999998 
	-28.021960323453222 44.392752535033239 0.22999999999999998 
	-28.028969726223039 44.395109402225387 0.22850206762723504 
	-28.041394358136632 44.401193361780912 0.22303860548231413 
	-28.046824650696845 44.404902927910086 0.21908784960045566 
	-28.055127860004156 44.411785571120234 0.21047404725465632 
	-28.058709209950532 44.415524387624991 0.20520943475832862 
	-28.062421619107027 44.419925905135564 0.1963321034857109 
	-28.063392823465769 44.421188929835452 0.19320780022764242 
	-28.064709475672249 44.422947614948896 0.18673509580791128 
	-28.065055534989998 44.423440603878859 0.18338609346986412 
	-28.065055534989998 44.423440603878859 0.17661390653013587 
	-28.064709475672249 44.422947614948896 0.17326490419208868 
	-28.063392823465769 44.421188929835452 0.16679219977235757 
	-28.062421619107027 44.419925905135564 0.16366789651428909 
	-28.058709209950532 44.415524387624991 0.1547905652416714 
	-28.055127860004156 44.411785571120234 0.14952595274534364 
	-28.046824650696845 44.404902927910086 0.1409121503995443 
	-28.041394358136628 44.401193361780912 0.13696139451768224 
	-28.028969726223036 44.395109402225387 0.1314979323727633 
	-28.021960323453222 44.392752535033239 0.13 
	-28.008886100050965 44.390247277843976 0.13 
	-28.002234178579656 44.389796776204541 0.13122141955506458 
	-27.989993255007075 44.390392125271752 0.13623221318169221 
	-27.984401478307916 44.391403679561563 0.14001882457818296 
	-27.975485139677662 44.393706266620626 0.14878743398906819 
	-27.971584743270483 44.395162984261013 0.15439863346732519 
	-27.966368541682442 44.397357508173037 0.16678200720112243 
	-27.965055534989993 44.398035534010418 0.17356587919614952 
	-27.965055534989997 44.398035534010425 0.17999999999999999 
	0.00011619536736209912 
	cone -28.015055534989997 43.939713368947999 0.17999999999999999 0 1 0 0 0 -0.049999999999999996 1 I I -0 1 0.049999999999999996 reversed I I I I 
	cone -28 44.469999999999999 0.31169108718240002 0 0 -1 0 -0.080000000000000071 0 1 I I 0 -1 0.080000000000000071 reversed I I I I 
	nullbs 
	nullbs 
	-1 
	-1 
	I I 
	0 
	0 
	0 
	
	-1 
	none F } I I #
named_attribute-st-attrib $-1 -1 $581 $-1 $380 1 1 1 1 1 1 1 1 1 1 1 1 1 1 0 1 1 1 @3 eif #
straight-curve $-1 -1 -1 $-1 -27.999999999999005 44.390000000000001 0.30912525262736013 0 0 -1 F 0 F 0.081445793044582465 #
named_attribute-st-attrib $-1 -1 $582 $-1 $385 1 1 1 1 1 1 1 1 1 1 1 1 1 1 0 1 1 1 @3 eif #
intcurve-curve $-1 -1 -1 $-1 forward { surfintcur full nubs 3 open 13 
	-0.061963418515395163 3 -0.030981709257697609 2 0 3 0.030981709257697589 2 0.061963418515395177 2 
	0.09229457168206108 2 0.12262572484872698 2 0.15500109103313664 2 0.18737645721754631 2 0.21915137005025459 2 
	0.25092628288296287 2 0.28270119571567115 2 0.31447610854837943 3 
	-28.056230978105017 44.526904104433278 0.30330686470866819 
	-28.063377916749701 44.519841707890009 0.30092031172716149 
	-28.069574661713496 44.510915937276664 0.29810741643394612 
	-28.077888014954471 44.49117076814359 0.29390249802625534 
	-28.079999999999998 44.480327236419228 0.29261534737576744 
	-28.079999999999998 44.469999999999999 0.29261534737576744 
	-28.079999999999998 44.45967276358077 0.29261534737576744 
	-28.077888014954471 44.448829231856408 0.29390249802625534 
	-28.069574661713496 44.429084062723334 0.29810741643394612 
	-28.063377916749701 44.420158292109988 0.30092031172716149 
	-28.049234111376279 44.40618179571846 0.30564330468427925 
	-28.040345798328577 44.400110430105272 0.30789737664683381 
	-28.020754616478495 44.392015504182012 0.3102492106000026 
	-28.010042353372143 44.390000000000001 0.31029615451945414 
	-27.989280827339805 44.390000000000001 0.30787543606768214 
	-27.97824262851843 44.392267583710499 0.3051274683824195 
	-27.958482579071379 44.400775617721187 0.2975226515549943 
	-27.949738925933293 44.40699675192684 0.292700911346363 
	-27.936172557317896 44.42082551755135 0.28364719355251039 
	-27.930266296529108 44.429425338674051 0.27869851949454771 
	-27.92218660900291 44.448688839734245 0.27113713733795808 
	-27.920000000000002 44.459408362389098 0.26868170762770471 
	-27.920000000000002 44.4805916376109 0.26868170762770471 
	-27.92218660900291 44.491311160265752 0.27113713733795808 
	-27.930266296529108 44.510574661325947 0.27869851949454771 
	-27.936172557317896 44.519174482448648 0.28364719355251039 
	-27.942892250307782 44.5260241459113 0.28813168057453664 
	0.00013359169686121236 
	cone -28 44.469999999999999 0.31169108718240002 0 0 -1 0 -0.080000000000000071 0 1 I I -0 1 0.080000000000000071 reversed I I I I 
	cone -28.015055534989997 43.939713573257002 0.17999999999999999 0 1 0 0 0 -0.13 1 I I 0 -1 0.13 reversed I I I I 
	nullbs 
	nullbs 
	-1 
	-1 
	I I 
	0 
	0 
	0 
	
	-1 
	none F } I I #
rgb_color-st-attrib $-1 -1 $583 $389 $132 2 1 2 1 1 1 1 1 1 1 1 1 1 1 0 1 1 1 0.93699997663497925 0.7850000262260437 0 #
rh_material-rh_entity $-1 -1 4 4 @5 plain @5 color -4 1 1 1 @5 phong @14 ambient factor -2 1 @14 diffuse factor -2 0.75 @15 specular factor -2 0.5 @8 exponent -2 10 @14 specular color -4 1 1 1 @4 none @5 plain @5 color -4 0 0 0 #
render-rbase-attrib $-1 -1 $584 $390 $211 1 1 1 1 1 1 1 1 1 1 1 1 0 1 0 1 1 1 $585 $-1 0 2 0 -1 0 1 0 0 0 0 1 -36.899999999999999 52.719999999999999 0.079999999999999988 1 rotate no_reflect no_shear #
integer_attrib-name_attrib-gen-attrib $-1 -1 $586 $391 $298 2 1 1 1 1 1 1 1 1 1 1 1 1 1 0 1 1 1 @3 pid 28 #
integer_attrib-name_attrib-gen-attrib $-1 -1 $587 $-1 $392 2 0 0 1 1 1 1 1 1 1 1 1 1 1 0 1 1 1 @3 fif 0 #
face $588 -1 -1 $-1 $589 $590 $5 $-1 $591 forward double out T -28.079999999999998 43.639705627484766 0.22999999999999998 -28.079999999999998 43.870000000000005 0.30999999999999994 F #
loop $-1 -1 -1 $-1 $-1 $495 $392 T -28.079999999999998 43.870000000000005 0.22999999999997256 -28.015055534989969 43.948570547065486 0.30999999999999994 unknown #
coedge $-1 -1 -1 $-1 $592 $571 $575 $593 forward $393 $-1 #
coedge $-1 -1 -1 $-1 $594 $395 $592 $595 reversed $299 $-1 #
coedge $-1 -1 -1 $-1 $395 $594 $596 $597 reversed $299 $-1 #
coedge $-1 -1 -1 $-1 $598 $408 $395 $494 reversed $410 $-1 #
edge $599 -1 -1 $-1 $600 -0.26519149440252932 $601 -0.15767226249524668 $493 $602 reversed @7 unknown T -28.079999999999998 44.469999999999999 0.30999999999999994 -28.079999999999998 44.577519231907281 0.30999999999999994 #
coedge $-1 -1 -1 $-1 $603 $397 $409 $511 reversed $489 $-1 #
coedge $-1 -1 -1 $-1 $397 $603 $574 $604 forward $489 $-1 #
named_attribute-st-attrib $-1 -1 $605 $-1 $398 1 1 1 1 1 1 1 1 1 1 1 1 1 1 0 1 1 1 @3 eif #
straight-curve $-1 -1 -1 $-1 -28.01505553498999 43.948570547065458 0.22999999999996193 0 0 1 F 0 F 0.080000000000079424 #
integer_attrib-name_attrib-gen-attrib $-1 -1 $-1 $400 $305 2 1 1 1 1 1 1 1 1 1 1 1 1 1 0 1 1 1 @3 pid 43 #
integer_attrib-name_attrib-gen-attrib $-1 -1 $-1 $-1 $401 2 1 1 1 1 1 1 1 1 1 1 1 1 1 0 1 1 1 @3 pid 31 #
tedge-edge $606 -1 -1 $-1 $314 -3.9078258555486138e-005 $401 0.079870990122970553 $304 $607 forward @7 unknown T -28.015077936980184 43.948548145075272 0.22997759800981396 -28.011283701471818 43.949232915737497 0.30998448597823391 2.2401990186023142e-005 #
point $-1 -1 -1 $-1 -28.015055534989997 43.948570547065458 0.22999999999999998 #
integer_attrib-name_attrib-gen-attrib $-1 -1 $608 $403 $306 2 1 1 1 1 1 1 1 1 1 1 1 1 1 0 1 1 1 @3 pid 23 #
integer_attrib-name_attrib-gen-attrib $-1 -1 $609 $-1 $404 2 0 0 1 1 1 1 1 1 1 1 1 1 1 0 1 1 1 @3 fif 0 #
loop $-1 -1 -1 $-1 $-1 $610 $404 T -28.329999999999998 43.624272486205413 0.22999999491735554 -28.015055529907354 44.577519231907281 0.23000000508264443 unknown #
plane-surface $-1 -1 -1 $-1 -28.172527767495001 44.100895859056003 0.22999999999999998 0 0 1 0 -1 0 forward_v I I I I #
integer_attrib-name_attrib-gen-attrib $-1 -1 $-1 $406 $309 2 1 1 1 1 1 1 1 1 1 1 1 1 1 0 1 1 1 @3 pid 19 #
coedge $-1 -1 -1 $-1 $571 $592 $408 $509 reversed $393 $-1 #
edge $611 -1 -1 $-1 $412 0.18932312478421875 $601 1.5707963267948966 $508 $612 forward @7 unknown T -28.079999999999998 44.391429452475577 0.30999999999999994 -28.015055532497996 44.469999999999999 0.3100000000000207 #
coedge $-1 -1 -1 $-1 $409 $613 $614 $615 reversed $410 $-1 #
edge $616 -1 -1 $-1 $617 -0 $314 1.3814731715224369 $409 $618 reversed @7 unknown T -28.079999999999998 43.870000000000005 0.30999999999999994 -28.015055534990193 43.948570547065408 0.30999999999999994 #
coedge $-1 -1 -1 $-1 $613 $598 $619 $620 reversed $410 $-1 #
face $621 -1 -1 $-1 $-1 $410 $5 $-1 $622 forward double out T -28.329999999999998 43.624272486205413 0.30999999999999994 -28.015055532497996 44.577519231907281 0.3100000000000207 F #
integer_attrib-name_attrib-gen-attrib $-1 -1 $-1 $411 $312 2 1 1 1 1 1 1 1 1 1 1 1 1 1 0 1 1 1 @3 pid 91 #
integer_attrib-name_attrib-gen-attrib $-1 -1 $-1 $-1 $412 2 1 1 1 1 1 1 1 1 1 1 1 1 1 0 1 1 1 @3 pid 49 #
edge $623 -1 -1 $-1 $412 2.0650148258027912e-014 $477 0.080000000000041371 $571 $624 forward @7 unknown T -28.015055540072641 44.391429447851898 0.22999999491735554 -28.015055529907354 44.391429458017193 0.3100000000000207 #
point $-1 -1 -1 $-1 -28.015055532497996 44.391429452980745 0.3100000000000207 #
render-rbase-attrib $-1 -1 $625 $417 $224 1 1 1 1 1 1 1 1 1 1 1 1 0 1 0 1 1 1 $626 $-1 0 2 0 -1 0 1 0 0 0 0 1 -36.899999999999999 52.719999999999999 0.079999999999999988 1 rotate no_reflect no_shear #
integer_attrib-name_attrib-gen-attrib $-1 -1 $627 $418 $317 2 1 1 1 1 1 1 1 1 1 1 1 1 1 0 1 1 1 @3 pid 17 #
integer_attrib-name_attrib-gen-attrib $-1 -1 $628 $-1 $419 2 0 0 1 1 1 1 1 1 1 1 1 1 1 0 1 1 1 @3 fif 0 #
face $629 -1 -1 $-1 $630 $555 $5 $-1 $631 reversed double out T -27.699999999999999 44.620000000000005 0.10999999999999019 -27.359999999999999 44.620000000000005 0.18999999999999997 F #
plane-surface $-1 -1 -1 $-1 -27.699999999999999 44.545000000000002 0.15000000000002001 1 0 0 0 -1 0 forward_v I I I I #
integer_attrib-name_attrib-gen-attrib $-1 -1 $-1 $423 $329 2 1 1 1 1 1 1 1 1 1 1 1 1 1 0 1 1 1 @3 pid 34 #
coedge $-1 -1 -1 $-1 $554 $553 $428 $525 reversed $555 $-1 #
edge $632 -1 -1 $-1 $530 -0.20546261356000173 $542 0.13453738643999813 $524 $633 forward @7 unknown T -27.699999999999999 44.620000000000005 0.18999999999999997 -27.359999999999999 44.620000000000005 0.18999999999999997 #
coedge $-1 -1 -1 $-1 $551 $429 $432 $532 forward $528 $-1 #
coedge $-1 -1 -1 $-1 $429 $551 $554 $634 forward $528 $-1 #
loop $-1 -1 -1 $-1 $-1 $526 $630 T -27.359999999999999 43.719999999999999 0.10999999999999019 -27.359999999999999 44.620000000000005 0.19 unknown #
named_attribute-st-attrib $-1 -1 $635 $-1 $430 1 1 1 1 1 1 1 1 1 1 1 1 1 1 0 1 1 1 @3 eif #
vertex $636 -1 -1 $-1 $525 $637 #
straight-curve $-1 -1 -1 $-1 -27.359999999999999 44.170000000000002 0.19 0 1 0 I I #
edge $638 -1 -1 $-1 $435 -0.040000000000016217 $566 0.039999999999993568 $432 $639 reversed @7 unknown T -27.359999999999999 43.719999999999999 0.10999999999999019 -27.359999999999999 43.719999999999999 0.18999999999999997 #
face $640 -1 -1 $-1 $438 $433 $5 $-1 $641 forward double out T -27.699999999999999 43.719999999999999 0.10999999999999019 -27.359999999999999 43.719999999999999 0.18999999999999997 F #
integer_attrib-name_attrib-gen-attrib $-1 -1 $-1 $434 $335 2 1 1 1 1 1 1 1 1 1 1 1 1 1 0 1 1 1 @3 pid 37 #
integer_attrib-name_attrib-gen-attrib $-1 -1 $-1 $-1 $435 2 1 1 1 1 1 1 1 1 1 1 1 1 1 0 1 1 1 @3 pid 26 #
point $-1 -1 -1 $-1 -27.359999999999999 43.719999999999999 0.18999999999999997 #
named_attribute-st-attrib $-1 -1 $642 $-1 $437 1 1 1 1 1 1 1 1 1 1 1 1 1 1 0 1 1 1 @3 eif #
straight-curve $-1 -1 -1 $-1 -27.699999999999999 43.719999999999999 0.15000000000000874 -0 0 1 I I #
integer_attrib-name_attrib-gen-attrib $-1 -1 $643 $-1 $438 2 0 0 1 1 1 1 1 1 1 1 1 1 1 0 1 1 1 @3 fif 0 #
plane-surface $-1 -1 -1 $-1 -27.699999999999999 43.795000000000002 0.15000000000002001 1 0 0 0 -1 0 forward_v I I I I #
named_attribute-st-attrib $-1 -1 $644 $-1 $443 1 1 1 1 1 1 1 1 1 1 1 1 1 1 0 1 1 1 @3 eif #
vertex $645 -1 -1 $-1 $525 $646 #
straight-curve $-1 -1 -1 $-1 -27.699999999999999 44.357500000000002 0.18999999999999995 0 1 0 I I #
integer_attrib-name_attrib-gen-attrib $-1 -1 $-1 $444 $345 2 1 1 1 1 1 1 1 1 1 1 1 1 1 0 1 1 1 @3 pid 41 #
integer_attrib-name_attrib-gen-attrib $-1 -1 $-1 $-1 $445 2 1 1 1 1 1 1 1 1 1 1 1 1 1 0 1 1 1 @3 pid 29 #
point $-1 -1 -1 $-1 -27.700000000000003 44.469999999999999 0.18999999999999997 #
rgb_color-st-attrib $-1 -1 $647 $448 $162 2 1 2 1 1 1 1 1 1 1 1 1 1 1 0 1 1 1 0.93699997663497925 0.7850000262260437 0 #
rh_material-rh_entity $-1 -1 4 4 @5 plain @5 color -4 1 1 1 @5 phong @14 ambient factor -2 1 @14 diffuse factor -2 0.75 @15 specular factor -2 0.5 @8 exponent -2 10 @14 specular color -4 1 1 1 @4 none @5 plain @5 color -4 0 0 0 #
render-rbase-attrib $-1 -1 $648 $449 $249 1 1 1 1 1 1 1 1 1 1 1 1 0 1 0 1 1 1 $649 $-1 0 2 0 -1 0 1 0 0 0 0 1 -36.899999999999999 52.719999999999999 0.079999999999999988 1 rotate no_reflect no_shear #
string_attrib-name_attrib-gen-attrib $-1 -1 $-1 $451 $112 2 1 2 1 1 1 1 1 1 1 1 1 1 1 0 1 1 1 @15 ATTRIB_XACIS_ID @5 40274 #
coedge $-1 -1 -1 $-1 $527 $526 $453 $552 forward $528 $-1 #
edge $650 -1 -1 $-1 $566 -0.45000000000000284 $557 0.45000000000000284 $453 $651 forward @7 unknown T -27.359999999999999 43.719999999999999 0.10999999999999019 -27.359999999999999 44.620000000000005 0.10999999999999019 #
coedge $-1 -1 -1 $-1 $524 $454 $457 $559 reversed $555 $-1 #
coedge $-1 -1 -1 $-1 $454 $524 $527 $634 reversed $555 $-1 #
loop $-1 -1 -1 $-1 $-1 $554 $521 T -27.699999999999999 44.620000000000005 0.10999999999999019 -27.359999999999999 44.620000000000005 0.18999999999999997 unknown #
named_attribute-st-attrib $-1 -1 $652 $-1 $455 1 1 1 1 1 1 1 1 1 1 1 1 1 1 0 1 1 1 @3 eif #
vertex $653 -1 -1 $-1 $455 $654 #
straight-curve $-1 -1 -1 $-1 -27.565462613560001 44.620000000000005 0.10999999999999428 -1 0 1.9953018992354419e-014 I I #
edge $655 -1 -1 $-1 $542 -0.03999999999997747 $460 0.040000000000025543 $553 $656 reversed @7 unknown T -27.699999999999999 44.620000000000005 0.10999999999999696 -27.699999999999999 44.620000000000005 0.18999999999999997 #
integer_attrib-name_attrib-gen-attrib $-1 -1 $-1 $459 $358 2 1 1 1 1 1 1 1 1 1 1 1 1 1 0 1 1 1 @3 pid 27 #
integer_attrib-name_attrib-gen-attrib $-1 -1 $-1 $-1 $460 2 1 1 1 1 1 1 1 1 1 1 1 1 1 0 1 1 1 @3 pid 19 #
point $-1 -1 -1 $-1 -27.699999999999999 44.620000000000005 0.10999999999999696 #
named_attribute-st-attrib $-1 -1 $657 $-1 $462 1 1 1 1 1 1 1 1 1 1 1 1 1 1 0 1 1 1 @3 eif #
straight-curve $-1 -1 -1 $-1 -27.699999999999999 44.469999999999999 0.19169128901310001 0 0 -1 I I #
named_attribute-st-attrib $-1 -1 $658 $-1 $467 1 1 1 1 1 1 1 1 1 1 1 1 1 1 0 1 1 1 @3 eif #
vertex $659 -1 -1 $-1 $532 $660 #
straight-curve $-1 -1 -1 $-1 -27.565462613560001 43.719999999999999 0.10999999999999428 -1 0 1.9953018992354419e-014 I I #
integer_attrib-name_attrib-gen-attrib $-1 -1 $-1 $468 $368 2 1 1 1 1 1 1 1 1 1 1 1 1 1 0 1 1 1 @3 pid 31 #
integer_attrib-name_attrib-gen-attrib $-1 -1 $-1 $-1 $469 2 1 1 1 1 1 1 1 1 1 1 1 1 1 0 1 1 1 @3 pid 22 #
point $-1 -1 -1 $-1 -27.699999999999999 43.719999999999999 0.10999999999999696 #
coedge $-1 -1 -1 $-1 $490 $508 $471 $516 forward $393 $-1 #
pcurve $-1 -1 -1 $-1 0 forward { exppc nubs 1 open 2 
	1.3357738357502387e-010 1 0.080034540230190243 1 
	-1.0211385912888655 0.18932309175384854 
	-0.021831469511886921 0.14189544550065414 
	0.001 
	8.2986505983354022e-007 
	cone -28 44.469999999999999 0.31169108718240002 0 0 -1 0 -0.080000000000000071 0 1 I I 0 -1 0.080000000000000071 reversed I I I I 
	} 0 0 #
integer_attrib-name_attrib-gen-attrib $-1 -1 $661 $-1 $472 2 0 0 1 1 1 1 1 1 1 1 1 1 1 0 1 1 1 @3 fif 0 #
coedge $-1 -1 -1 $-1 $662 $474 $496 $604 reversed $505 $-1 #
coedge $-1 -1 -1 $-1 $474 $610 $490 $593 reversed $505 $-1 #
named_attribute-st-attrib $-1 -1 $663 $-1 $475 1 1 1 1 1 1 1 1 1 1 1 1 1 1 0 1 1 1 @3 eif #
straight-curve $-1 -1 -1 $-1 -28.015055534989997 43.939713368947999 0.22999999999999998 0 1 0 I I #
integer_attrib-name_attrib-gen-attrib $-1 -1 $-1 $476 $377 2 1 1 1 1 1 1 1 1 1 1 1 1 1 0 1 1 1 @3 pid 45 #
integer_attrib-name_attrib-gen-attrib $-1 -1 $-1 $-1 $477 2 1 1 1 1 1 1 1 1 1 1 1 1 1 0 1 1 1 @3 pid 32 #
point $-1 -1 -1 $-1 -28.015055534989997 44.391429452934545 0.22999999999999998 #
integer_attrib-name_attrib-gen-attrib $-1 -1 $-1 $479 $380 2 1 1 1 1 1 1 1 1 1 1 1 1 1 0 1 1 1 @3 pid 73 #
integer_attrib-name_attrib-gen-attrib $-1 -1 $-1 $481 $385 2 1 1 1 1 1 1 1 1 1 1 1 1 1 0 1 1 1 @3 pid 52 #
string_attrib-name_attrib-gen-attrib $-1 -1 $-1 $483 $132 2 1 2 1 1 1 1 1 1 1 1 1 1 1 0 1 1 1 @15 ATTRIB_XACIS_ID @5 44787 #
rgb_color-st-attrib $-1 -1 $664 $485 $211 2 1 2 1 1 1 1 1 1 1 1 1 1 1 0 1 1 1 0.93699997663497925 0.7850000262260437 0 #
rh_material-rh_entity $-1 -1 4 4 @5 plain @5 color -4 1 1 1 @5 phong @14 ambient factor -2 1 @14 diffuse factor -2 0.75 @15 specular factor -2 0.5 @8 exponent -2 10 @14 specular color -4 1 1 1 @4 none @5 plain @5 color -4 0 0 0 #
render-rbase-attrib $-1 -1 $665 $486 $298 1 1 1 1 1 1 1 1 1 1 1 1 0 1 0 1 1 1 $666 $-1 0 2 0 -1 0 1 0 0 0 0 1 -36.899999999999999 52.719999999999999 0.079999999999999988 1 rotate no_reflect no_shear #
integer_attrib-name_attrib-gen-attrib $-1 -1 $667 $487 $392 2 1 1 1 1 1 1 1 1 1 1 1 1 1 0 1 1 1 @3 pid 29 #
integer_attrib-name_attrib-gen-attrib $-1 -1 $668 $-1 $488 2 0 0 1 1 1 1 1 1 1 1 1 1 1 0 1 1 1 @3 fif 0 #
face $669 -1 -1 $-1 $670 $671 $5 $-1 $672 reversed double out T -28.329999999999998 43.624272486205413 0.22999999999999998 -28.079999999999998 43.675000000000004 0.30999999999999994 F #
loop $-1 -1 -1 $-1 $-1 $673 $488 T -28.079999999999998 43.639705627484766 0.22999999999999998 -28.079999999999998 43.870000000000005 0.30999999999999994 unknown #
plane-surface $-1 -1 -1 $-1 -28.079999999999998 43.754852813741998 0.27000000000000002 1 0 0 0 1 0 forward_v I I I I #
coedge $-1 -1 -1 $-1 $508 $490 $491 $595 forward $393 $-1 #
edge $674 -1 -1 $-1 $477 0.18932315526898436 $675 1.5707963267948966 $490 $676 forward @7 unknown T -28.079999999999998 44.391429447851898 0.22999999491735554 -28.015055529907354 44.469999999999999 0.23000000508264443 #
coedge $-1 -1 -1 $-1 $492 $491 $610 $677 reversed $299 $-1 #
edge $678 -1 -1 $-1 $675 -0.081691087182400035 $601 -0.0016910871824000751 $592 $679 reversed @7 tangent T -28.079999999999998 44.469999999999999 0.22999999999999998 -28.079999999999998 44.469999999999999 0.30999999999999994 #
coedge $-1 -1 -1 $-1 $680 $681 $492 $597 forward $682 $-1 #
edge $683 -1 -1 $-1 $600 -0.081691289013099966 $684 -0.0016912890131000058 $596 $685 reversed @7 unknown T -28.079999999999998 44.577519231907281 0.22999999999999998 -28.079999999999998 44.577519231907281 0.30999999999999994 #
coedge $-1 -1 -1 $-1 $512 $493 $681 $686 forward $410 $-1 #
named_attribute-st-attrib $-1 -1 $687 $-1 $494 1 1 1 1 1 1 1 1 1 1 1 1 1 1 0 1 1 1 @3 eif #
vertex $688 -1 -1 $-1 $686 $689 #
vertex $690 -1 -1 $-1 $509 $691 #
straight-curve $-1 -1 -1 $-1 -28.079999999999998 44.312327737504752 0.30999999999999994 0 1 0 I I #
coedge $-1 -1 -1 $-1 $496 $495 $692 $693 forward $489 $-1 #
edge $694 -1 -1 $-1 $695 0 $401 1.3814731715259123 $496 $696 forward @7 unknown T -28.079999999999998 43.870000000000005 0.22999999999997256 -28.015055534989969 43.948570547065486 0.2300000000000274 #
integer_attrib-name_attrib-gen-attrib $-1 -1 $-1 $497 $398 2 1 1 1 1 1 1 1 1 1 1 1 1 1 0 1 1 1 @3 pid 81 #
named_attribute-st-attrib $-1 -1 $697 $-1 $501 1 1 1 1 1 1 1 1 1 1 1 1 1 1 0 1 1 1 @3 eif #
straight-curve $-1 -1 -1 $-1 -28.011321256766003 43.949194880801969 0.30978120353040056 -0.046753874194327687 -0.0078167772247614599 -0.99887585476957019 F -0.00016355238918711629 F 0.079870990122970553 #
render-rbase-attrib $-1 -1 $698 $503 $306 1 1 1 1 1 1 1 1 1 1 1 1 0 1 0 1 1 1 $699 $-1 0 2 0 -1 0 1 0 0 0 0 1 -36.899999999999999 52.719999999999999 0.079999999999999988 1 rotate no_reflect no_shear #
integer_attrib-name_attrib-gen-attrib $-1 -1 $700 $504 $404 2 1 1 1 1 1 1 1 1 1 1 1 1 1 0 1 1 1 @3 pid 24 #
coedge $-1 -1 -1 $-1 $575 $701 $594 $677 forward $505 $-1 #
named_attribute-st-attrib $-1 -1 $702 $-1 $509 1 1 1 1 1 1 1 1 1 1 1 1 1 1 0 1 1 1 @3 eif #
ellipse-curve $-1 -1 -1 $-1 -28 44.469999999999999 0.30999999999999994 -0 -0 -1 0 -0.080000000000000071 0 1 I I #
coedge $-1 -1 -1 $-1 $510 $512 $703 $704 forward $410 $-1 #
coedge $-1 -1 -1 $-1 $705 $692 $510 $615 forward $590 $-1 #
edge $706 -1 -1 $-1 $617 0.057874336398995752 $707 0.28816870891422752 $510 $708 reversed @7 unknown T -28.079999999999998 43.639705627484773 0.30999999999999994 -28.079999999999998 43.870000000000005 0.30999999999999994 #
named_attribute-st-attrib $-1 -1 $709 $-1 $511 1 1 1 1 1 1 1 1 1 1 1 1 1 1 0 1 1 1 @3 eif #
vertex $710 -1 -1 $-1 $511 $711 #
ellipse-curve $-1 -1 -1 $-1 -28 43.870000000000005 0.30999999999999994 0 0 1 -0.080000000000000071 0 0 1 I I #
coedge $-1 -1 -1 $-1 $712 $713 $512 $620 forward $714 $-1 #
edge $715 -1 -1 $-1 $716 -0.47662337285058953 $717 0.47662337285127876 $619 $718 reversed @7 unknown T -28.329999999999998 43.624272486205413 0.30999999999999994 -28.329999999999998 44.577519231907281 0.30999999999999994 #
integer_attrib-name_attrib-gen-attrib $-1 -1 $719 $-1 $513 2 0 0 1 1 1 1 1 1 1 1 1 1 1 0 1 1 1 @3 fif 0 #
plane-surface $-1 -1 -1 $-1 -28.172527767495001 44.100895859056003 0.30999999999999994 0 0 1 0 -1 0 forward_v I I I I #
named_attribute-st-attrib $-1 -1 $720 $-1 $516 1 1 1 1 1 1 1 1 1 1 1 1 1 1 0 1 1 1 @3 eif #
straight-curve $-1 -1 -1 $-1 -28.015055530005796 44.391429451979484 0.31000000000004135 0 0 -1 F 0 F 0.080000000000079424 #
rgb_color-st-attrib $-1 -1 $721 $518 $224 2 1 2 1 1 1 1 1 1 1 1 1 1 1 0 1 1 1 0.93699997663497925 0.7850000262260437 0 #
rh_material-rh_entity $-1 -1 4 4 @5 plain @5 color -4 1 1 1 @5 phong @14 ambient factor -2 1 @14 diffuse factor -2 0.75 @15 specular factor -2 0.5 @8 exponent -2 10 @14 specular color -4 1 1 1 @4 none @5 plain @5 color -4 0 0 0 #
render-rbase-attrib $-1 -1 $722 $519 $317 1 1 1 1 1 1 1 1 1 1 1 1 0 1 0 1 1 1 $723 $-1 0 2 0 -1 0 1 0 0 0 0 1 -36.899999999999999 52.719999999999999 0.079999999999999988 1 rotate no_reflect no_shear #
integer_attrib-name_attrib-gen-attrib $-1 -1 $724 $520 $419 2 1 1 1 1 1 1 1 1 1 1 1 1 1 0 1 1 1 @3 pid 18 #
integer_attrib-name_attrib-gen-attrib $-1 -1 $725 $-1 $521 2 0 0 1 1 1 1 1 1 1 1 1 1 1 0 1 1 1 @3 fif 0 #
face $726 -1 -1 $-1 $533 $528 $5 $-1 $727 forward double out T -27.359999999999999 43.719999999999999 0.10999999999999019 -27.359999999999999 44.620000000000005 0.19 F #
plane-surface $-1 -1 -1 $-1 -27.530000000000001 44.620000000000005 0.150000000000025 0 -1 0 -1 0 0 forward_v I I I I #
named_attribute-st-attrib $-1 -1 $728 $-1 $525 1 1 1 1 1 1 1 1 1 1 1 1 1 1 0 1 1 1 @3 eif #
straight-curve $-1 -1 -1 $-1 -27.565462613560001 44.620000000000005 0.18999999999999997 -1 0 0 I I #
edge $729 -1 -1 $-1 $557 -0.040000000000007307 $530 0.040000000000002478 $554 $730 forward @7 unknown T -27.359999999999999 44.620000000000005 0.10999999999999019 -27.359999999999999 44.620000000000005 0.18999999999999997 #
integer_attrib-name_attrib-gen-attrib $-1 -1 $-1 $529 $430 2 1 1 1 1 1 1 1 1 1 1 1 1 1 0 1 1 1 @3 pid 38 #
integer_attrib-name_attrib-gen-attrib $-1 -1 $-1 $-1 $530 2 1 1 1 1 1 1 1 1 1 1 1 1 1 0 1 1 1 @3 pid 27 #
point $-1 -1 -1 $-1 -27.359999999999999 44.620000000000005 0.18999999999999997 #
named_attribute-st-attrib $-1 -1 $731 $-1 $532 1 1 1 1 1 1 1 1 1 1 1 1 1 1 0 1 1 1 @3 eif #
straight-curve $-1 -1 -1 $-1 -27.359999999999999 43.719999999999999 0.14999999999998376 -0 0 1 I I #
integer_attrib-name_attrib-gen-attrib $-1 -1 $732 $-1 $533 2 0 0 1 1 1 1 1 1 1 1 1 1 1 0 1 1 1 @3 fif 0 #
plane-surface $-1 -1 -1 $-1 -27.530000000000001 43.719999999999999 0.1499999999999975 0 -1 0 1 0 -1.5554270101677901e-013 forward_v I I I I #
integer_attrib-name_attrib-gen-attrib $-1 -1 $-1 $537 $437 2 1 1 1 1 1 1 1 1 1 1 1 1 1 0 1 1 1 @3 pid 59 #
integer_attrib-name_attrib-gen-attrib $-1 -1 $733 $539 $438 2 1 1 1 1 1 1 1 1 1 1 1 1 1 0 1 1 1 @3 pid 22 #
integer_attrib-name_attrib-gen-attrib $-1 -1 $-1 $541 $443 2 1 1 1 1 1 1 1 1 1 1 1 1 1 0 1 1 1 @3 pid 40 #
integer_attrib-name_attrib-gen-attrib $-1 -1 $-1 $-1 $542 2 1 1 1 1 1 1 1 1 1 1 1 1 1 0 1 1 1 @3 pid 28 #
point $-1 -1 -1 $-1 -27.699999999999999 44.620000000000005 0.18999999999999997 #
string_attrib-name_attrib-gen-attrib $-1 -1 $-1 $547 $162 2 1 2 1 1 1 1 1 1 1 1 1 1 1 0 1 1 1 @15 ATTRIB_XACIS_ID @5 42948 #
rgb_color-st-attrib $-1 -1 $734 $549 $249 2 1 2 1 1 1 1 1 1 1 1 1 1 1 0 1 1 1 0.93699997663497925 0.7850000262260437 0 #
rh_material-rh_entity $-1 -1 4 4 @5 plain @5 color -4 1 1 1 @5 phong @14 ambient factor -2 1 @14 diffuse factor -2 0.75 @15 specular factor -2 0.5 @8 exponent -2 10 @14 specular color -4 1 1 1 @4 none @5 plain @5 color -4 0 0 0 #
named_attribute-st-attrib $-1 -1 $735 $-1 $552 1 1 1 1 1 1 1 1 1 1 1 1 1 1 0 1 1 1 @3 eif #
straight-curve $-1 -1 -1 $-1 -27.359999999999999 44.170000000000002 0.10999999999999019 0 1 0 I I #
integer_attrib-name_attrib-gen-attrib $-1 -1 $-1 $556 $455 2 1 1 1 1 1 1 1 1 1 1 1 1 1 0 1 1 1 @3 pid 28 #
integer_attrib-name_attrib-gen-attrib $-1 -1 $-1 $-1 $557 2 1 1 1 1 1 1 1 1 1 1 1 1 1 0 1 1 1 @3 pid 20 #
point $-1 -1 -1 $-1 -27.359999999999999 44.620000000000005 0.10999999999999019 #
named_attribute-st-attrib $-1 -1 $736 $-1 $559 1 1 1 1 1 1 1 1 1 1 1 1 1 1 0 1 1 1 @3 eif #
straight-curve $-1 -1 -1 $-1 -27.699999999999999 44.620000000000005 0.1500000000000225 -0 0 1 I I #
integer_attrib-name_attrib-gen-attrib $-1 -1 $-1 $563 $462 2 1 1 1 1 1 1 1 1 1 1 1 1 1 0 1 1 1 @3 pid 55 #
integer_attrib-name_attrib-gen-attrib $-1 -1 $-1 $565 $467 2 1 1 1 1 1 1 1 1 1 1 1 1 1 0 1 1 1 @3 pid 30 #
integer_attrib-name_attrib-gen-attrib $-1 -1 $-1 $-1 $566 2 1 1 1 1 1 1 1 1 1 1 1 1 1 0 1 1 1 @3 pid 21 #
point $-1 -1 -1 $-1 -27.359999999999999 43.719999999999999 0.10999999999999019 #
integer_attrib-name_attrib-gen-attrib $-1 -1 $737 $573 $472 2 1 1 1 1 1 1 1 1 1 1 1 1 1 0 1 1 1 @3 pid 25 #
coedge $-1 -1 -1 $-1 $738 $574 $673 $739 reversed $505 $-1 #
integer_attrib-name_attrib-gen-attrib $-1 -1 $-1 $576 $475 2 1 1 1 1 1 1 1 1 1 1 1 1 1 0 1 1 1 @3 pid 44 #
string_attrib-name_attrib-gen-attrib $-1 -1 $-1 $584 $211 2 1 2 1 1 1 1 1 1 1 1 1 1 1 0 1 1 1 @15 ATTRIB_XACIS_ID @5 41339 #
rgb_color-st-attrib $-1 -1 $740 $586 $298 2 1 2 1 1 1 1 1 1 1 1 1 1 1 0 1 1 1 0.93699997663497925 0.7850000262260437 0 #
rh_material-rh_entity $-1 -1 4 4 @5 plain @5 color -4 1 1 1 @5 phong @14 ambient factor -2 1 @14 diffuse factor -2 0.75 @15 specular factor -2 0.5 @8 exponent -2 10 @14 specular color -4 1 1 1 @4 none @5 plain @5 color -4 0 0 0 #
render-rbase-attrib $-1 -1 $741 $587 $392 1 1 1 1 1 1 1 1 1 1 1 1 0 1 0 1 1 1 $742 $-1 0 2 0 -1 0 1 0 0 0 0 1 -36.899999999999999 52.719999999999999 0.079999999999999988 1 rotate no_reflect no_shear #
integer_attrib-name_attrib-gen-attrib $-1 -1 $743 $588 $488 2 1 1 1 1 1 1 1 1 1 1 1 1 1 0 1 1 1 @3 pid 30 #
integer_attrib-name_attrib-gen-attrib $-1 -1 $744 $-1 $589 2 0 0 1 1 1 1 1 1 1 1 1 1 1 0 1 1 1 @3 fif 0 #
face $745 -1 -1 $-1 $746 $714 $5 $-1 $747 reversed double out T -28.329999999999998 43.624272486205413 0.22999999999999998 -28.329999999999998 44.577519231907281 0.30999999999999994 F #
loop $-1 -1 -1 $-1 $-1 $748 $589 T -28.329999999999998 43.624272486205413 0.22999999999999998 -28.079999999999998 43.675000000000004 0.30999999999999994 unknown #
cone-surface $-1 -1 -1 $-1 -28.195 43.469999999999999 0.22830871098689998 0 0 1 0 -0.20500000000000007 0 1 I I -0 1 0.20500000000000007 reversed I I I I #
coedge $-1 -1 -1 $-1 $692 $705 $662 $739 forward $590 $-1 #
named_attribute-st-attrib $-1 -1 $749 $-1 $593 1 1 1 1 1 1 1 1 1 1 1 1 1 1 0 1 1 1 @3 eif #
vertex $750 -1 -1 $-1 $595 $751 #
ellipse-curve $-1 -1 -1 $-1 -28 44.469999999999999 0.22999999999999998 -0 -0 -1 0 -0.080000000000000071 0 1 I I #
edge $752 -1 -1 $-1 $684 -0.26519149440252932 $675 -0.15767226249524668 $594 $753 forward @7 unknown T -28.079999999999998 44.469999999999999 0.22999999999999998 -28.079999999999998 44.577519231907281 0.22999999999999998 #
named_attribute-st-attrib $-1 -1 $754 $-1 $595 1 1 1 1 1 1 1 1 1 1 1 1 1 1 0 1 1 1 @3 eif #
straight-curve $-1 -1 -1 $-1 -28.079999999999998 44.469999999999999 0.31169108718240002 0 0 -1 I I #
coedge $-1 -1 -1 $-1 $755 $596 $701 $756 forward $682 $-1 #
coedge $-1 -1 -1 $-1 $596 $755 $598 $686 reversed $682 $-1 #
loop $-1 -1 -1 $-1 $-1 $596 $746 T -28.329999999999998 44.535000000000004 0.22999999999999998 -28.079999999999998 44.577519231907281 0.30999999999999994 unknown #
named_attribute-st-attrib $-1 -1 $757 $-1 $597 1 1 1 1 1 1 1 1 1 1 1 1 1 1 0 1 1 1 @3 eif #
vertex $758 -1 -1 $-1 $756 $759 #
straight-curve $-1 -1 -1 $-1 -28.079999999999998 44.577519231907281 0.22830871098689998 0 0 1 I I #
edge $760 -1 -1 $-1 $600 -0.65575282575776228 $717 0.65575282575776228 $681 $761 forward @7 unknown T -28.329999999999998 44.535000000000004 0.30999999999999994 -28.079999999999998 44.577519231907281 0.30999999999999994 #
integer_attrib-name_attrib-gen-attrib $-1 -1 $-1 $599 $494 2 1 1 1 1 1 1 1 1 1 1 1 1 1 0 1 1 1 @3 pid 74 #
integer_attrib-name_attrib-gen-attrib $-1 -1 $-1 $-1 $600 2 1 1 1 1 1 1 1 1 1 1 1 1 1 0 1 1 1 @3 pid 47 #
point $-1 -1 -1 $-1 -28.079999999999998 44.577519231907281 0.30999999999999994 #
integer_attrib-name_attrib-gen-attrib $-1 -1 $-1 $-1 $601 2 1 1 1 1 1 1 1 1 1 1 1 1 1 0 1 1 1 @3 pid 48 #
point $-1 -1 -1 $-1 -28.079999999999998 44.469999999999999 0.30999999999999994 #
coedge $-1 -1 -1 $-1 $614 $673 $603 $693 reversed $590 $-1 #
edge $762 -1 -1 $-1 $617 0.0016912890131002278 $695 0.081691289013100188 $692 $763 forward @7 tangent T -28.079999999999998 43.870000000000005 0.22999999999999998 -28.079999999999998 43.870000000000005 0.30999999999999994 #
named_attribute-st-attrib $-1 -1 $764 $-1 $604 1 1 1 1 1 1 1 1 1 1 1 1 1 1 0 1 1 1 @3 eif #
vertex $765 -1 -1 $-1 $693 $766 #
ellipse-curve $-1 -1 -1 $-1 -28 43.870000000000005 0.22999999999999998 -0 -0 -1 -0.080000000000000071 0 0 1 I I #
integer_attrib-name_attrib-gen-attrib $-1 -1 $-1 $606 $501 2 1 1 1 1 1 1 1 1 1 1 1 1 1 0 1 1 1 @3 pid 61 #
rgb_color-st-attrib $-1 -1 $767 $608 $306 2 1 2 1 1 1 1 1 1 1 1 1 1 1 0 1 1 1 0.93699997663497925 0.7850000262260437 0 #
rh_material-rh_entity $-1 -1 4 4 @5 plain @5 color -4 1 1 1 @5 phong @14 ambient factor -2 1 @14 diffuse factor -2 0.75 @15 specular factor -2 0.5 @8 exponent -2 10 @14 specular color -4 1 1 1 @4 none @5 plain @5 color -4 0 0 0 #
render-rbase-attrib $-1 -1 $768 $609 $404 1 1 1 1 1 1 1 1 1 1 1 1 0 1 0 1 1 1 $769 $-1 0 2 0 -1 0 1 0 0 0 0 1 -36.899999999999999 52.719999999999999 0.079999999999999988 1 rotate no_reflect no_shear #
coedge $-1 -1 -1 $-1 $610 $770 $680 $756 reversed $505 $-1 #
integer_attrib-name_attrib-gen-attrib $-1 -1 $-1 $611 $509 2 1 1 1 1 1 1 1 1 1 1 1 1 1 0 1 1 1 @3 pid 77 #
coedge $-1 -1 -1 $-1 $771 $748 $613 $704 reversed $671 $-1 #
edge $772 -1 -1 $-1 $716 -3.8604651446837686 $707 -2.5460288122251074 $613 $773 reversed @7 unknown T -28.329999999999998 43.624272486205413 0.30999999999999994 -28.079999999999998 43.674999999999997 0.30999999999999994 #
coedge $-1 -1 -1 $-1 $673 $614 $748 $774 reversed $590 $-1 #
named_attribute-st-attrib $-1 -1 $775 $-1 $615 1 1 1 1 1 1 1 1 1 1 1 1 1 1 0 1 1 1 @3 eif #
vertex $776 -1 -1 $-1 $615 $777 #
straight-curve $-1 -1 -1 $-1 -28.079999999999998 43.927874336399 0.30999999999999994 0 1 0 I I #
integer_attrib-name_attrib-gen-attrib $-1 -1 $-1 $616 $511 2 1 1 1 1 1 1 1 1 1 1 1 1 1 0 1 1 1 @3 pid 79 #
integer_attrib-name_attrib-gen-attrib $-1 -1 $-1 $-1 $617 2 1 1 1 1 1 1 1 1 1 1 1 1 1 0 1 1 1 @3 pid 51 #
point $-1 -1 -1 $-1 -28.079999999999998 43.870000000000005 0.30999999999999994 #
coedge $-1 -1 -1 $-1 $778 $619 $755 $779 reversed $714 $-1 #
coedge $-1 -1 -1 $-1 $619 $778 $771 $780 reversed $714 $-1 #
loop $-1 -1 -1 $-1 $-1 $778 $670 T -28.329999999999998 43.624272486205413 0.22999999999999998 -28.329999999999998 44.577519231907281 0.30999999999999994 unknown #
named_attribute-st-attrib $-1 -1 $781 $-1 $620 1 1 1 1 1 1 1 1 1 1 1 1 1 1 0 1 1 1 @3 eif #
vertex $782 -1 -1 $-1 $620 $783 #
vertex $784 -1 -1 $-1 $779 $785 #
straight-curve $-1 -1 -1 $-1 -28.329999999999998 44.100895859056003 0.30999999999999994 0 -1 0 I I #
integer_attrib-name_attrib-gen-attrib $-1 -1 $786 $621 $513 2 1 1 1 1 1 1 1 1 1 1 1 1 1 0 1 1 1 @3 pid 34 #
integer_attrib-name_attrib-gen-attrib $-1 -1 $-1 $623 $516 2 1 1 1 1 1 1 1 1 1 1 1 1 1 0 1 1 1 @3 pid 78 #
string_attrib-name_attrib-gen-attrib $-1 -1 $-1 $625 $224 2 1 2 1 1 1 1 1 1 1 1 1 1 1 0 1 1 1 @15 ATTRIB_XACIS_ID @5 41759 #
rgb_color-st-attrib $-1 -1 $787 $627 $317 2 1 2 1 1 1 1 1 1 1 1 1 1 1 0 1 1 1 0.93699997663497925 0.7850000262260437 0 #
rh_material-rh_entity $-1 -1 4 4 @5 plain @5 color -4 1 1 1 @5 phong @14 ambient factor -2 1 @14 diffuse factor -2 0.75 @15 specular factor -2 0.5 @8 exponent -2 10 @14 specular color -4 1 1 1 @4 none @5 plain @5 color -4 0 0 0 #
render-rbase-attrib $-1 -1 $788 $628 $419 1 1 1 1 1 1 1 1 1 1 1 1 0 1 0 1 1 1 $789 $-1 0 2 0 -1 0 1 0 0 0 0 1 -36.899999999999999 52.719999999999999 0.079999999999999988 1 rotate no_reflect no_shear #
integer_attrib-name_attrib-gen-attrib $-1 -1 $790 $629 $521 2 1 1 1 1 1 1 1 1 1 1 1 1 1 0 1 1 1 @3 pid 19 #
integer_attrib-name_attrib-gen-attrib $-1 -1 $791 $-1 $630 2 0 0 1 1 1 1 1 1 1 1 1 1 1 0 1 1 1 @3 fif 0 #
plane-surface $-1 -1 -1 $-1 -27.359999999999999 44.170000000000002 0.14999999999996999 1 0 0 0 1 0 forward_v I I I I #
integer_attrib-name_attrib-gen-attrib $-1 -1 $-1 $632 $525 2 1 1 1 1 1 1 1 1 1 1 1 1 1 0 1 1 1 @3 pid 39 #
named_attribute-st-attrib $-1 -1 $792 $-1 $634 1 1 1 1 1 1 1 1 1 1 1 1 1 1 0 1 1 1 @3 eif #
straight-curve $-1 -1 -1 $-1 -27.359999999999999 44.620000000000005 0.1499999999999975 -0 0 1 I I #
integer_attrib-name_attrib-gen-attrib $-1 -1 $-1 $638 $532 2 1 1 1 1 1 1 1 1 1 1 1 1 1 0 1 1 1 @3 pid 58 #
integer_attrib-name_attrib-gen-attrib $-1 -1 $793 $640 $533 2 1 1 1 1 1 1 1 1 1 1 1 1 1 0 1 1 1 @3 pid 21 #
render-rbase-attrib $-1 -1 $794 $643 $438 1 1 1 1 1 1 1 1 1 1 1 1 0 1 0 1 1 1 $795 $-1 0 2 0 -1 0 1 0 0 0 0 1 -36.899999999999999 52.719999999999999 0.079999999999999988 1 rotate no_reflect no_shear #
string_attrib-name_attrib-gen-attrib $-1 -1 $-1 $648 $249 2 1 2 1 1 1 1 1 1 1 1 1 1 1 0 1 1 1 @15 ATTRIB_XACIS_ID @5 41306 #
integer_attrib-name_attrib-gen-attrib $-1 -1 $-1 $650 $552 2 1 1 1 1 1 1 1 1 1 1 1 1 1 0 1 1 1 @3 pid 29 #
integer_attrib-name_attrib-gen-attrib $-1 -1 $-1 $655 $559 2 1 1 1 1 1 1 1 1 1 1 1 1 1 0 1 1 1 @3 pid 56 #
render-rbase-attrib $-1 -1 $796 $661 $472 1 1 1 1 1 1 1 1 1 1 1 1 0 1 0 1 1 1 $797 $-1 0 2 0 -1 0 1 0 0 0 0 1 -36.899999999999999 52.719999999999999 0.079999999999999988 1 rotate no_reflect no_shear #
coedge $-1 -1 -1 $-1 $770 $662 $798 $799 reversed $505 $-1 #
edge $800 -1 -1 $-1 $801 -0.28816870891423463 $695 -0.057874336398995752 $673 $802 reversed @7 unknown T -28.079999999999998 43.639705627484766 0.22999999999999998 -28.079999999999998 43.870000000000005 0.22999999999999998 #
string_attrib-name_attrib-gen-attrib $-1 -1 $-1 $665 $298 2 1 2 1 1 1 1 1 1 1 1 1 1 1 0 1 1 1 @15 ATTRIB_XACIS_ID @5 43815 #
rgb_color-st-attrib $-1 -1 $803 $667 $392 2 1 2 1 1 1 1 1 1 1 1 1 1 1 0 1 1 1 0.93699997663497925 0.7850000262260437 0 #
rh_material-rh_entity $-1 -1 4 4 @5 plain @5 color -4 1 1 1 @5 phong @14 ambient factor -2 1 @14 diffuse factor -2 0.75 @15 specular factor -2 0.5 @8 exponent -2 10 @14 specular color -4 1 1 1 @4 none @5 plain @5 color -4 0 0 0 #
render-rbase-attrib $-1 -1 $804 $668 $488 1 1 1 1 1 1 1 1 1 1 1 1 0 1 0 1 1 1 $805 $-1 0 2 0 -1 0 1 0 0 0 0 1 -36.899999999999999 52.719999999999999 0.079999999999999988 1 rotate no_reflect no_shear #
integer_attrib-name_attrib-gen-attrib $-1 -1 $806 $669 $589 2 1 1 1 1 1 1 1 1 1 1 1 1 1 0 1 1 1 @3 pid 31 #
integer_attrib-name_attrib-gen-attrib $-1 -1 $807 $-1 $670 2 0 0 1 1 1 1 1 1 1 1 1 1 1 0 1 1 1 @3 fif 0 #
face $808 -1 -1 $-1 $513 $682 $5 $-1 $809 reversed double out T -28.329999999999998 44.535000000000004 0.22999999999999998 -28.079999999999998 44.577519231907281 0.30999999999999994 F #
plane-surface $-1 -1 -1 $-1 -28.329999999999998 44.100895859056003 0.27000000000000002 1 0 0 0 -1 0 forward_v I I I I #
coedge $-1 -1 -1 $-1 $703 $798 $705 $774 forward $671 $-1 #
integer_attrib-name_attrib-gen-attrib $-1 -1 $-1 $674 $593 2 1 1 1 1 1 1 1 1 1 1 1 1 1 0 1 1 1 @3 pid 63 #
integer_attrib-name_attrib-gen-attrib $-1 -1 $-1 $-1 $675 2 1 1 1 1 1 1 1 1 1 1 1 1 1 0 1 1 1 @3 pid 40 #
point $-1 -1 -1 $-1 -28.079999999999998 44.469999999999999 0.22999999999999998 #
named_attribute-st-attrib $-1 -1 $810 $-1 $677 1 1 1 1 1 1 1 1 1 1 1 1 1 1 0 1 1 1 @3 eif #
straight-curve $-1 -1 -1 $-1 -28.079999999999998 44.312327737504752 0.22999999999999998 0 -1 0 I I #
integer_attrib-name_attrib-gen-attrib $-1 -1 $-1 $678 $595 2 1 1 1 1 1 1 1 1 1 1 1 1 1 0 1 1 1 @3 pid 75 #
coedge $-1 -1 -1 $-1 $681 $680 $712 $779 forward $682 $-1 #
edge $811 -1 -1 $-1 $684 -0.65575282575776228 $812 0.65575282575776228 $680 $813 forward @7 unknown T -28.329999999999998 44.535000000000004 0.22999999999999998 -28.079999999999998 44.577519231907281 0.22999999999999998 #
integer_attrib-name_attrib-gen-attrib $-1 -1 $-1 $683 $597 2 1 1 1 1 1 1 1 1 1 1 1 1 1 0 1 1 1 @3 pid 76 #
integer_attrib-name_attrib-gen-attrib $-1 -1 $-1 $-1 $684 2 1 1 1 1 1 1 1 1 1 1 1 1 1 0 1 1 1 @3 pid 39 #
point $-1 -1 -1 $-1 -28.079999999999998 44.577519231907281 0.22999999999999998 #
named_attribute-st-attrib $-1 -1 $814 $-1 $686 1 1 1 1 1 1 1 1 1 1 1 1 1 1 0 1 1 1 @3 eif #
ellipse-curve $-1 -1 -1 $-1 -28.204999999999998 44.740000000000002 0.30999999999999994 -0 -0 -1 0 -0.20500000000000007 0 1 I I #
named_attribute-st-attrib $-1 -1 $815 $-1 $693 1 1 1 1 1 1 1 1 1 1 1 1 1 1 0 1 1 1 @3 eif #
straight-curve $-1 -1 -1 $-1 -28.079999999999998 43.870000000000005 0.31169128901310017 0 0 -1 I I #
integer_attrib-name_attrib-gen-attrib $-1 -1 $-1 $694 $604 2 1 1 1 1 1 1 1 1 1 1 1 1 1 0 1 1 1 @3 pid 64 #
integer_attrib-name_attrib-gen-attrib $-1 -1 $-1 $-1 $695 2 1 1 1 1 1 1 1 1 1 1 1 1 1 0 1 1 1 @3 pid 41 #
point $-1 -1 -1 $-1 -28.079999999999998 43.870000000000005 0.22999999999999998 #
string_attrib-name_attrib-gen-attrib $-1 -1 $-1 $698 $306 2 1 2 1 1 1 1 1 1 1 1 1 1 1 0 1 1 1 @15 ATTRIB_XACIS_ID @5 44584 #
rgb_color-st-attrib $-1 -1 $816 $700 $404 2 1 2 1 1 1 1 1 1 1 1 1 1 1 0 1 1 1 0.93699997663497925 0.7850000262260437 0 #
rh_material-rh_entity $-1 -1 4 4 @5 plain @5 color -4 1 1 1 @5 phong @14 ambient factor -2 1 @14 diffuse factor -2 0.75 @15 specular factor -2 0.5 @8 exponent -2 10 @14 specular color -4 1 1 1 @4 none @5 plain @5 color -4 0 0 0 #
coedge $-1 -1 -1 $-1 $701 $738 $778 $817 reversed $505 $-1 #
coedge $-1 -1 -1 $-1 $798 $703 $713 $780 forward $671 $-1 #
named_attribute-st-attrib $-1 -1 $818 $-1 $704 1 1 1 1 1 1 1 1 1 1 1 1 1 1 0 1 1 1 @3 eif #
ellipse-curve $-1 -1 -1 $-1 -28.195 43.469999999999999 0.30999999999999994 0 0 1 0 -0.20500000000000007 0 1 I I #
edge $819 -1 -1 $-1 $801 0.0016912890131000058 $707 0.081691289013099966 $748 $820 reversed @7 unknown T -28.079999999999998 43.639705627484766 0.22999999999999998 -28.079999999999998 43.639705627484773 0.30999999999999994 #
integer_attrib-name_attrib-gen-attrib $-1 -1 $-1 $706 $615 2 1 1 1 1 1 1 1 1 1 1 1 1 1 0 1 1 1 @3 pid 82 #
integer_attrib-name_attrib-gen-attrib $-1 -1 $-1 $-1 $707 2 1 1 1 1 1 1 1 1 1 1 1 1 1 0 1 1 1 @3 pid 52 #
point $-1 -1 -1 $-1 -28.079999999999998 43.639705627484773 0.30999999999999994 #
coedge $-1 -1 -1 $-1 $713 $712 $770 $817 forward $714 $-1 #
edge $821 -1 -1 $-1 $812 0.0016912890131000058 $717 0.081691289013099966 $712 $822 reversed @7 unknown T -28.329999999999998 44.577519231907281 0.22999999999999998 -28.329999999999998 44.577519231907281 0.30999999999999994 #
edge $823 -1 -1 $-1 $716 -0.081691289013099966 $824 -0.0016912890131000058 $713 $825 reversed @7 unknown T -28.329999999999998 43.624272486205413 0.22999999999999998 -28.329999999999998 43.624272486205413 0.30999999999999994 #
integer_attrib-name_attrib-gen-attrib $-1 -1 $-1 $715 $620 2 1 1 1 1 1 1 1 1 1 1 1 1 1 0 1 1 1 @3 pid 87 #
integer_attrib-name_attrib-gen-attrib $-1 -1 $-1 $-1 $716 2 1 1 1 1 1 1 1 1 1 1 1 1 1 0 1 1 1 @3 pid 54 #
point $-1 -1 -1 $-1 -28.329999999999998 43.624272486205413 0.30999999999999994 #
integer_attrib-name_attrib-gen-attrib $-1 -1 $-1 $-1 $717 2 1 1 1 1 1 1 1 1 1 1 1 1 1 0 1 1 1 @3 pid 55 #
point $-1 -1 -1 $-1 -28.329999999999998 44.577519231907281 0.30999999999999994 #
render-rbase-attrib $-1 -1 $826 $719 $513 1 1 1 1 1 1 1 1 1 1 1 1 0 1 0 1 1 1 $827 $-1 0 2 0 -1 0 1 0 0 0 0 1 -36.899999999999999 52.719999999999999 0.079999999999999988 1 rotate no_reflect no_shear #
string_attrib-name_attrib-gen-attrib $-1 -1 $-1 $722 $317 2 1 2 1 1 1 1 1 1 1 1 1 1 1 0 1 1 1 @15 ATTRIB_XACIS_ID @5 40876 #
rgb_color-st-attrib $-1 -1 $828 $724 $419 2 1 2 1 1 1 1 1 1 1 1 1 1 1 0 1 1 1 0.93699997663497925 0.7850000262260437 0 #
rh_material-rh_entity $-1 -1 4 4 @5 plain @5 color -4 1 1 1 @5 phong @14 ambient factor -2 1 @14 diffuse factor -2 0.75 @15 specular factor -2 0.5 @8 exponent -2 10 @14 specular color -4 1 1 1 @4 none @5 plain @5 color -4 0 0 0 #
render-rbase-attrib $-1 -1 $829 $725 $521 1 1 1 1 1 1 1 1 1 1 1 1 0 1 0 1 1 1 $830 $-1 0 2 0 -1 0 1 0 0 0 0 1 -36.899999999999999 52.719999999999999 0.079999999999999988 1 rotate no_reflect no_shear #
integer_attrib-name_attrib-gen-attrib $-1 -1 $831 $726 $630 2 1 1 1 1 1 1 1 1 1 1 1 1 1 0 1 1 1 @3 pid 20 #
integer_attrib-name_attrib-gen-attrib $-1 -1 $-1 $729 $634 2 1 1 1 1 1 1 1 1 1 1 1 1 1 0 1 1 1 @3 pid 57 #
render-rbase-attrib $-1 -1 $832 $732 $533 1 1 1 1 1 1 1 1 1 1 1 1 0 1 0 1 1 1 $833 $-1 0 2 0 -1 0 1 0 0 0 0 1 -36.899999999999999 52.719999999999999 0.079999999999999988 1 rotate no_reflect no_shear #
rgb_color-st-attrib $-1 -1 $834 $733 $438 2 1 2 1 1 1 1 1 1 1 1 1 1 1 0 1 1 1 0.93699997663497925 0.7850000262260437 0 #
rh_material-rh_entity $-1 -1 4 4 @5 plain @5 color -4 1 1 1 @5 phong @14 ambient factor -2 1 @14 diffuse factor -2 0.75 @15 specular factor -2 0.5 @8 exponent -2 10 @14 specular color -4 1 1 1 @4 none @5 plain @5 color -4 0 0 0 #
rgb_color-st-attrib $-1 -1 $835 $737 $472 2 1 2 1 1 1 1 1 1 1 1 1 1 1 0 1 1 1 0.93699997663497925 0.7850000262260437 0 #
rh_material-rh_entity $-1 -1 4 4 @5 plain @5 color -4 1 1 1 @5 phong @14 ambient factor -2 1 @14 diffuse factor -2 0.75 @15 specular factor -2 0.5 @8 exponent -2 10 @14 specular color -4 1 1 1 @4 none @5 plain @5 color -4 0 0 0 #
coedge $-1 -1 -1 $-1 $748 $771 $738 $799 forward $671 $-1 #
edge $836 -1 -1 $-1 $824 2.4227201624958177 $801 3.7371564949544984 $798 $837 forward @7 unknown T -28.329999999999998 43.624272486205413 0.22999999999999998 -28.079999999999998 43.674999999999997 0.22999999999999998 #
named_attribute-st-attrib $-1 -1 $838 $-1 $739 1 1 1 1 1 1 1 1 1 1 1 1 1 1 0 1 1 1 @3 eif #
vertex $839 -1 -1 $-1 $799 $840 #
straight-curve $-1 -1 -1 $-1 -28.079999999999998 43.927874336399 0.22999999999999998 0 -1 0 I I #
string_attrib-name_attrib-gen-attrib $-1 -1 $-1 $741 $392 2 1 2 1 1 1 1 1 1 1 1 1 1 1 0 1 1 1 @15 ATTRIB_XACIS_ID @5 40534 #
rgb_color-st-attrib $-1 -1 $841 $743 $488 2 1 2 1 1 1 1 1 1 1 1 1 1 1 0 1 1 1 0.93699997663497925 0.7850000262260437 0 #
rh_material-rh_entity $-1 -1 4 4 @5 plain @5 color -4 1 1 1 @5 phong @14 ambient factor -2 1 @14 diffuse factor -2 0.75 @15 specular factor -2 0.5 @8 exponent -2 10 @14 specular color -4 1 1 1 @4 none @5 plain @5 color -4 0 0 0 #
render-rbase-attrib $-1 -1 $842 $744 $589 1 1 1 1 1 1 1 1 1 1 1 1 0 1 0 1 1 1 $843 $-1 0 2 0 -1 0 1 0 0 0 0 1 -36.899999999999999 52.719999999999999 0.079999999999999988 1 rotate no_reflect no_shear #
integer_attrib-name_attrib-gen-attrib $-1 -1 $844 $745 $670 2 1 1 1 1 1 1 1 1 1 1 1 1 1 0 1 1 1 @3 pid 32 #
integer_attrib-name_attrib-gen-attrib $-1 -1 $845 $-1 $746 2 0 0 1 1 1 1 1 1 1 1 1 1 1 0 1 1 1 @3 fif 0 #
cone-surface $-1 -1 -1 $-1 -28.204999999999998 44.740000000000002 0.22830871098689998 0 0 1 0 -0.20500000000000007 0 1 I I -0 1 0.20500000000000007 reversed I I I I #
integer_attrib-name_attrib-gen-attrib $-1 -1 $-1 $752 $677 2 1 1 1 1 1 1 1 1 1 1 1 1 1 0 1 1 1 @3 pid 62 #
named_attribute-st-attrib $-1 -1 $846 $-1 $756 1 1 1 1 1 1 1 1 1 1 1 1 1 1 0 1 1 1 @3 eif #
vertex $847 -1 -1 $-1 $779 $848 #
ellipse-curve $-1 -1 -1 $-1 -28.204999999999998 44.740000000000002 0.22999999999999998 -0 -0 -1 0 -0.20500000000000007 0 1 I I #
integer_attrib-name_attrib-gen-attrib $-1 -1 $-1 $760 $686 2 1 1 1 1 1 1 1 1 1 1 1 1 1 0 1 1 1 @3 pid 90 #
integer_attrib-name_attrib-gen-attrib $-1 -1 $-1 $762 $693 2 1 1 1 1 1 1 1 1 1 1 1 1 1 0 1 1 1 @3 pid 80 #
string_attrib-name_attrib-gen-attrib $-1 -1 $-1 $768 $404 2 1 2 1 1 1 1 1 1 1 1 1 1 1 0 1 1 1 @15 ATTRIB_XACIS_ID @5 42169 #
edge $849 -1 -1 $-1 $812 -0.47662337285127876 $824 0.47662337285058953 $778 $850 forward @7 unknown T -28.329999999999998 43.624272486205413 0.22999999999999998 -28.329999999999998 44.577519231907281 0.22999999999999998 #
integer_attrib-name_attrib-gen-attrib $-1 -1 $-1 $772 $704 2 1 1 1 1 1 1 1 1 1 1 1 1 1 0 1 1 1 @3 pid 84 #
named_attribute-st-attrib $-1 -1 $851 $-1 $774 1 1 1 1 1 1 1 1 1 1 1 1 1 1 0 1 1 1 @3 eif #
straight-curve $-1 -1 -1 $-1 -28.079999999999998 43.639705627484766 0.22830871098689998 -0 -0 -1 I I #
named_attribute-st-attrib $-1 -1 $852 $-1 $779 1 1 1 1 1 1 1 1 1 1 1 1 1 1 0 1 1 1 @3 eif #
straight-curve $-1 -1 -1 $-1 -28.329999999999998 44.577519231907281 0.22830871098689998 -0 -0 -1 I I #
named_attribute-st-attrib $-1 -1 $853 $-1 $780 1 1 1 1 1 1 1 1 1 1 1 1 1 1 0 1 1 1 @3 eif #
vertex $854 -1 -1 $-1 $780 $855 #
straight-curve $-1 -1 -1 $-1 -28.329999999999998 43.624272486205413 0.22830871098689998 0 0 1 I I #
rgb_color-st-attrib $-1 -1 $856 $786 $513 2 1 2 1 1 1 1 1 1 1 1 1 1 1 0 1 1 1 0.93699997663497925 0.7850000262260437 0 #
rh_material-rh_entity $-1 -1 4 4 @5 plain @5 color -4 1 1 1 @5 phong @14 ambient factor -2 1 @14 diffuse factor -2 0.75 @15 specular factor -2 0.5 @8 exponent -2 10 @14 specular color -4 1 1 1 @4 none @5 plain @5 color -4 0 0 0 #
string_attrib-name_attrib-gen-attrib $-1 -1 $-1 $788 $419 2 1 2 1 1 1 1 1 1 1 1 1 1 1 0 1 1 1 @15 ATTRIB_XACIS_ID @5 41400 #
rgb_color-st-attrib $-1 -1 $857 $790 $521 2 1 2 1 1 1 1 1 1 1 1 1 1 1 0 1 1 1 0.93699997663497925 0.7850000262260437 0 #
rh_material-rh_entity $-1 -1 4 4 @5 plain @5 color -4 1 1 1 @5 phong @14 ambient factor -2 1 @14 diffuse factor -2 0.75 @15 specular factor -2 0.5 @8 exponent -2 10 @14 specular color -4 1 1 1 @4 none @5 plain @5 color -4 0 0 0 #
render-rbase-attrib $-1 -1 $858 $791 $630 1 1 1 1 1 1 1 1 1 1 1 1 0 1 0 1 1 1 $859 $-1 0 2 0 -1 0 1 0 0 0 0 1 -36.899999999999999 52.719999999999999 0.079999999999999988 1 rotate no_reflect no_shear #
rgb_color-st-attrib $-1 -1 $860 $793 $533 2 1 2 1 1 1 1 1 1 1 1 1 1 1 0 1 1 1 0.93699997663497925 0.7850000262260437 0 #
rh_material-rh_entity $-1 -1 4 4 @5 plain @5 color -4 1 1 1 @5 phong @14 ambient factor -2 1 @14 diffuse factor -2 0.75 @15 specular factor -2 0.5 @8 exponent -2 10 @14 specular color -4 1 1 1 @4 none @5 plain @5 color -4 0 0 0 #
string_attrib-name_attrib-gen-attrib $-1 -1 $-1 $794 $438 2 1 2 1 1 1 1 1 1 1 1 1 1 1 0 1 1 1 @15 ATTRIB_XACIS_ID @5 40412 #
string_attrib-name_attrib-gen-attrib $-1 -1 $-1 $796 $472 2 1 2 1 1 1 1 1 1 1 1 1 1 1 0 1 1 1 @15 ATTRIB_XACIS_ID @5 41997 #
named_attribute-st-attrib $-1 -1 $861 $-1 $799 1 1 1 1 1 1 1 1 1 1 1 1 1 1 0 1 1 1 @3 eif #
ellipse-curve $-1 -1 -1 $-1 -28.195 43.469999999999999 0.22999999999999998 -0 -0 -1 0 -0.20500000000000007 0 1 I I #
integer_attrib-name_attrib-gen-attrib $-1 -1 $-1 $800 $739 2 1 1 1 1 1 1 1 1 1 1 1 1 1 0 1 1 1 @3 pid 65 #
integer_attrib-name_attrib-gen-attrib $-1 -1 $-1 $-1 $801 2 1 1 1 1 1 1 1 1 1 1 1 1 1 0 1 1 1 @3 pid 42 #
point $-1 -1 -1 $-1 -28.079999999999998 43.639705627484766 0.22999999999999998 #
string_attrib-name_attrib-gen-attrib $-1 -1 $-1 $804 $488 2 1 2 1 1 1 1 1 1 1 1 1 1 1 0 1 1 1 @15 ATTRIB_XACIS_ID @5 39990 #
rgb_color-st-attrib $-1 -1 $862 $806 $589 2 1 2 1 1 1 1 1 1 1 1 1 1 1 0 1 1 1 0.93699997663497925 0.7850000262260437 0 #
rh_material-rh_entity $-1 -1 4 4 @5 plain @5 color -4 1 1 1 @5 phong @14 ambient factor -2 1 @14 diffuse factor -2 0.75 @15 specular factor -2 0.5 @8 exponent -2 10 @14 specular color -4 1 1 1 @4 none @5 plain @5 color -4 0 0 0 #
render-rbase-attrib $-1 -1 $863 $807 $670 1 1 1 1 1 1 1 1 1 1 1 1 0 1 0 1 1 1 $864 $-1 0 2 0 -1 0 1 0 0 0 0 1 -36.899999999999999 52.719999999999999 0.079999999999999988 1 rotate no_reflect no_shear #
integer_attrib-name_attrib-gen-attrib $-1 -1 $865 $808 $746 2 1 1 1 1 1 1 1 1 1 1 1 1 1 0 1 1 1 @3 pid 33 #
integer_attrib-name_attrib-gen-attrib $-1 -1 $-1 $811 $756 2 1 1 1 1 1 1 1 1 1 1 1 1 1 0 1 1 1 @3 pid 69 #
integer_attrib-name_attrib-gen-attrib $-1 -1 $-1 $-1 $812 2 1 1 1 1 1 1 1 1 1 1 1 1 1 0 1 1 1 @3 pid 45 #
point $-1 -1 -1 $-1 -28.329999999999998 44.577519231907281 0.22999999999999998 #
named_attribute-st-attrib $-1 -1 $866 $-1 $817 1 1 1 1 1 1 1 1 1 1 1 1 1 1 0 1 1 1 @3 eif #
straight-curve $-1 -1 -1 $-1 -28.329999999999998 44.100895859056003 0.22999999999999998 0 -1 0 I I #
integer_attrib-name_attrib-gen-attrib $-1 -1 $-1 $819 $774 2 1 1 1 1 1 1 1 1 1 1 1 1 1 0 1 1 1 @3 pid 83 #
integer_attrib-name_attrib-gen-attrib $-1 -1 $-1 $821 $779 2 1 1 1 1 1 1 1 1 1 1 1 1 1 0 1 1 1 @3 pid 88 #
integer_attrib-name_attrib-gen-attrib $-1 -1 $-1 $823 $780 2 1 1 1 1 1 1 1 1 1 1 1 1 1 0 1 1 1 @3 pid 86 #
integer_attrib-name_attrib-gen-attrib $-1 -1 $-1 $-1 $824 2 1 1 1 1 1 1 1 1 1 1 1 1 1 0 1 1 1 @3 pid 44 #
point $-1 -1 -1 $-1 -28.329999999999998 43.624272486205413 0.22999999999999998 #
string_attrib-name_attrib-gen-attrib $-1 -1 $-1 $826 $513 2 1 2 1 1 1 1 1 1 1 1 1 1 1 0 1 1 1 @15 ATTRIB_XACIS_ID @5 43614 #
string_attrib-name_attrib-gen-attrib $-1 -1 $-1 $829 $521 2 1 2 1 1 1 1 1 1 1 1 1 1 1 0 1 1 1 @15 ATTRIB_XACIS_ID @5 42535 #
rgb_color-st-attrib $-1 -1 $867 $831 $630 2 1 2 1 1 1 1 1 1 1 1 1 1 1 0 1 1 1 0.93699997663497925 0.7850000262260437 0 #
rh_material-rh_entity $-1 -1 4 4 @5 plain @5 color -4 1 1 1 @5 phong @14 ambient factor -2 1 @14 diffuse factor -2 0.75 @15 specular factor -2 0.5 @8 exponent -2 10 @14 specular color -4 1 1 1 @4 none @5 plain @5 color -4 0 0 0 #
string_attrib-name_attrib-gen-attrib $-1 -1 $-1 $832 $533 2 1 2 1 1 1 1 1 1 1 1 1 1 1 0 1 1 1 @15 ATTRIB_XACIS_ID @5 41506 #
integer_attrib-name_attrib-gen-attrib $-1 -1 $-1 $836 $799 2 1 1 1 1 1 1 1 1 1 1 1 1 1 0 1 1 1 @3 pid 66 #
string_attrib-name_attrib-gen-attrib $-1 -1 $-1 $842 $589 2 1 2 1 1 1 1 1 1 1 1 1 1 1 0 1 1 1 @15 ATTRIB_XACIS_ID @5 41379 #
rgb_color-st-attrib $-1 -1 $868 $844 $670 2 1 2 1 1 1 1 1 1 1 1 1 1 1 0 1 1 1 0.93699997663497925 0.7850000262260437 0 #
rh_material-rh_entity $-1 -1 4 4 @5 plain @5 color -4 1 1 1 @5 phong @14 ambient factor -2 1 @14 diffuse factor -2 0.75 @15 specular factor -2 0.5 @8 exponent -2 10 @14 specular color -4 1 1 1 @4 none @5 plain @5 color -4 0 0 0 #
render-rbase-attrib $-1 -1 $869 $845 $746 1 1 1 1 1 1 1 1 1 1 1 1 0 1 0 1 1 1 $870 $-1 0 2 0 -1 0 1 0 0 0 0 1 -36.899999999999999 52.719999999999999 0.079999999999999988 1 rotate no_reflect no_shear #
integer_attrib-name_attrib-gen-attrib $-1 -1 $-1 $849 $817 2 1 1 1 1 1 1 1 1 1 1 1 1 1 0 1 1 1 @3 pid 68 #
string_attrib-name_attrib-gen-attrib $-1 -1 $-1 $858 $630 2 1 2 1 1 1 1 1 1 1 1 1 1 1 0 1 1 1 @15 ATTRIB_XACIS_ID @5 43618 #
string_attrib-name_attrib-gen-attrib $-1 -1 $-1 $863 $670 2 1 2 1 1 1 1 1 1 1 1 1 1 1 0 1 1 1 @15 ATTRIB_XACIS_ID @5 45262 #
rgb_color-st-attrib $-1 -1 $871 $865 $746 2 1 2 1 1 1 1 1 1 1 1 1 1 1 0 1 1 1 0.93699997663497925 0.7850000262260437 0 #
rh_material-rh_entity $-1 -1 4 4 @5 plain @5 color -4 1 1 1 @5 phong @14 ambient factor -2 1 @14 diffuse factor -2 0.75 @15 specular factor -2 0.5 @8 exponent -2 10 @14 specular color -4 1 1 1 @4 none @5 plain @5 color -4 0 0 0 #
string_attrib-name_attrib-gen-attrib $-1 -1 $-1 $869 $746 2 1 2 1 1 1 1 1 1 1 1 1 1 1 0 1 1 1 @15 ATTRIB_XACIS_ID @5 44526 #
End-of-ACIS-data 