2300 0 1 0           
4 HQH1 12 ACIS 23.0 NT 24 Fri Jun 28 17:18:00 2024 
1 9.9999999999999995e-007 1e-010 
body $1 -1 -1 $-1 $2 $-1 $3 F #
rgb_color-st-attrib $-1 -1 $4 $-1 $0 2 1 2 1 1 1 1 1 1 1 1 1 1 1 0 1 1 1 0.5 0.80000001192092896 1 #
lump $-1 -1 -1 $-1 $-1 $5 $0 F #
transform $-1 -1 1 0 0 0 1 0 0 0 1 0 0 0 1 no_rotate no_reflect no_shear #
named_attribute-st-attrib $-1 -1 $6 $1 $0 1 1 1 1 1 1 1 1 1 1 1 1 1 1 0 1 1 1 @27 c0.500000 0.800000 1.000000 #
shell $-1 -1 -1 $-1 $-1 $-1 $7 $-1 $2 F #
integer_attrib-name_attrib-gen-attrib $-1 -1 $8 $4 $0 2 1 1 1 1 1 1 1 1 1 1 1 1 1 0 1 1 1 @4 type 5 #
face $9 -1 -1 $-1 $10 $11 $5 $-1 $12 forward double out F F #
named_attribute-st-attrib $-1 -1 $13 $6 $0 1 1 1 1 1 1 1 1 1 1 1 1 1 1 0 1 1 1 @7 mVacuum #
string_attrib-name_attrib-gen-attrib $-1 -1 $14 $-1 $7 2 1 2 1 1 1 1 1 1 1 1 1 1 1 0 1 1 1 @15 ATTRIB_XACIS_ID @5 45276 #
face $15 -1 -1 $-1 $16 $17 $5 $-1 $18 forward double out F F #
loop $-1 -1 -1 $-1 $-1 $19 $7 F unknown #
plane-surface $-1 -1 -1 $-1 -28.329999999999998 46.40075301063095 0.27000000000000002 1 0 0 0 -1 0 forward_v I I I I #
named_attribute-st-attrib $-1 -1 $20 $8 $0 1 1 1 1 1 1 1 1 1 1 1 1 1 1 0 1 1 1 @20 ncomponent1:import_1 #
rgb_color-st-attrib $-1 -1 $21 $9 $7 2 1 2 1 1 1 1 1 1 1 1 1 1 1 0 1 1 1 0.73000001907348633 0.40000000596046448 0 #
string_attrib-name_attrib-gen-attrib $-1 -1 $22 $-1 $10 2 1 2 1 1 1 1 1 1 1 1 1 1 1 0 1 1 1 @15 ATTRIB_XACIS_ID @5 42451 #
face $23 -1 -1 $-1 $24 $25 $5 $-1 $26 reversed double out F F #
loop $-1 -1 -1 $-1 $-1 $27 $10 F unknown #
plane-surface $-1 -1 -1 $-1 -28.172527767496497 46.496168117501 0.22999999999999998 0 0 1 0 -1 0 forward_v I I I I #
coedge $-1 -1 -1 $-1 $28 $29 $-1 $30 reversed $11 $-1 #
integer_attrib-name_attrib-gen-attrib $-1 -1 $31 $13 $0 2 1 1 1 1 1 1 1 1 1 1 1 1 1 0 1 1 1 @3 noe 7868 #
render-rbase-attrib $-1 -1 $-1 $14 $7 1 1 1 1 1 1 1 1 1 1 1 1 0 1 0 1 1 1 $32 $-1 0 2 0 -1 0 1 0 0 0 0 1 -36.899999999999999 52.719999999999999 0.079999999999999988 1 rotate no_reflect no_shear #
rgb_color-st-attrib $-1 -1 $33 $15 $10 2 1 2 1 1 1 1 1 1 1 1 1 1 1 0 1 1 1 0.73000001907348633 0.40000000596046448 0 #
string_attrib-name_attrib-gen-attrib $-1 -1 $34 $-1 $16 2 1 2 1 1 1 1 1 1 1 1 1 1 1 0 1 1 1 @15 ATTRIB_XACIS_ID @5 43704 #
face $35 -1 -1 $-1 $36 $37 $5 $-1 $38 reversed double out F F #
loop $-1 -1 -1 $-1 $-1 $39 $16 F unknown #
cone-surface $-1 -1 -1 $-1 -27.640000000000001 46.620000000000005 0.46036996368589989 0 0 -1 -0.15000000000000036 0 0 1 I I -0 1 0.15000000000000036 reversed I I I I #
coedge $-1 -1 -1 $-1 $40 $41 $-1 $42 reversed $17 $-1 #
coedge $-1 -1 -1 $-1 $43 $19 $41 $44 reversed $11 $-1 #
coedge $-1 -1 -1 $-1 $19 $43 $45 $46 reversed $11 $-1 #
edge $-1 -1 -1 $-1 $47 0.055000000000007182 $48 0.1350000000000072 $19 $49 forward @7 unknown F #
integer_attrib-name_attrib-gen-attrib $-1 -1 $50 $20 $0 2 1 1 1 1 1 1 1 1 1 1 1 1 1 0 1 1 1 @3 nof 2488 #
rh_material-rh_entity $-1 -1 4 4 @5 plain @5 color -4 1 1 1 @5 phong @14 ambient factor -2 1 @14 diffuse factor -2 0.75 @15 specular factor -2 0.5 @8 exponent -2 10 @14 specular color -4 1 1 1 @4 none @5 plain @5 color -4 0 0 0 #
render-rbase-attrib $-1 -1 $-1 $22 $10 1 1 1 1 1 1 1 1 1 1 1 1 0 1 0 1 1 1 $51 $-1 0 2 0 -1 0 1 0 0 0 0 1 -36.899999999999999 52.719999999999999 0.079999999999999988 1 rotate no_reflect no_shear #
rgb_color-st-attrib $-1 -1 $52 $23 $16 2 1 2 1 1 1 1 1 1 1 1 1 1 1 0 1 1 1 0.73000001907348633 0.40000000596046448 0 #
render-rbase-attrib $-1 -1 $53 $-1 $24 1 1 1 1 1 1 1 1 1 1 1 1 0 1 0 1 1 1 $54 $-1 0 2 0 -1 0 1 0 0 0 0 1 -36.899999999999999 52.719999999999999 0.079999999999999988 1 rotate no_reflect no_shear #
face $55 -1 -1 $-1 $56 $57 $5 $-1 $58 reversed double out F F #
loop $-1 -1 -1 $-1 $-1 $59 $24 F unknown #
cone-surface $-1 -1 -1 $-1 -28.044999999999998 47.07 0.26963003631409999 0 0 1 0 -0.35499999999999954 0 1 I I -0 1 0.35499999999999954 reversed I I I I #
coedge $-1 -1 -1 $-1 $60 $61 $-1 $62 reversed $25 $-1 #
coedge $-1 -1 -1 $-1 $63 $27 $64 $65 forward $17 $-1 #
coedge $-1 -1 -1 $-1 $27 $66 $28 $44 forward $17 $-1 #
edge $-1 -1 -1 $-1 $67 0.11589552721870433 $47 0.21123611625174732 $27 $68 forward @7 unknown F #
coedge $-1 -1 -1 $-1 $29 $28 $69 $70 reversed $11 $-1 #
edge $71 -1 -1 $-1 $72 0 $47 0.04911583586815027 $41 $73 forward @7 unknown F #
coedge $-1 -1 -1 $-1 $74 $75 $29 $46 forward $76 $-1 #
edge $-1 -1 -1 $-1 $48 0.61764446278392171 $77 0.66676029865207376 $45 $78 forward @7 unknown F #
vertex $-1 -1 -1 $-1 $42 $79 #
vertex $-1 -1 -1 $-1 $46 $80 #
straight-curve $-1 -1 -1 $-1 -28.329999999999998 46.769909417300852 0.1749999999999928 0 0 1 I I #
named_attribute-st-attrib $-1 -1 $81 $31 $0 1 1 1 1 1 1 1 1 1 1 1 1 1 1 0 1 1 1 @17 abody_is_no_solid #
rh_material-rh_entity $-1 -1 4 4 @5 plain @5 color -4 1 1 1 @5 phong @14 ambient factor -2 1 @14 diffuse factor -2 0.75 @15 specular factor -2 0.5 @8 exponent -2 10 @14 specular color -4 1 1 1 @4 none @5 plain @5 color -4 0 0 0 #
render-rbase-attrib $-1 -1 $-1 $34 $16 1 1 1 1 1 1 1 1 1 1 1 1 0 1 0 1 1 1 $82 $-1 0 2 0 -1 0 1 0 0 0 0 1 -36.899999999999999 52.719999999999999 0.079999999999999988 1 rotate no_reflect no_shear #
rgb_color-st-attrib $-1 -1 $83 $35 $24 2 1 2 1 1 1 1 1 1 1 1 1 1 1 0 1 1 1 0.73000001907348633 0.40000000596046448 0 #
rh_material-rh_entity $-1 -1 4 4 @5 plain @5 color -4 1 1 1 @5 phong @14 ambient factor -2 1 @14 diffuse factor -2 0.75 @15 specular factor -2 0.5 @8 exponent -2 10 @14 specular color -4 1 1 1 @4 none @5 plain @5 color -4 0 0 0 #
string_attrib-name_attrib-gen-attrib $-1 -1 $84 $-1 $36 2 1 2 1 1 1 1 1 1 1 1 1 1 1 0 1 1 1 @15 ATTRIB_XACIS_ID @5 41993 #
face $85 -1 -1 $-1 $86 $87 $5 $-1 $88 forward double out F F #
loop $-1 -1 -1 $-1 $-1 $89 $36 F unknown #
plane-surface $-1 -1 -1 $-1 -27.529999999999998 46.788738635424501 0.19 0 0 1 0 -1 0 forward_v I I I I #
coedge $-1 -1 -1 $-1 $90 $91 $-1 $92 reversed $37 $-1 #
coedge $-1 -1 -1 $-1 $93 $39 $94 $95 forward $25 $-1 #
tcoedge-coedge $-1 -1 -1 $-1 $39 $93 $96 $97 reversed $25 $98 -0.99999999999999989 -0.97787439159375111 F #
edge $-1 -1 -1 $-1 $99 -0.11500450515800903 $100 0.11499549484199095 $39 $101 forward @7 unknown F #
coedge $-1 -1 -1 $-1 $66 $40 $102 $103 forward $17 $-1 #
coedge $-1 -1 -1 $-1 $104 $102 $40 $65 reversed $105 $-1 #
edge $-1 -1 -1 $-1 $67 0.46487158829705311 $106 0.78740819271150064 $64 $107 forward @7 unknown F #
coedge $-1 -1 -1 $-1 $41 $63 $108 $109 forward $17 $-1 #
vertex $-1 -1 -1 $-1 $65 $110 #
straight-curve $-1 -1 -1 $-1 -28.118763883748251 46.769909417300838 0.22999999999999998 -1 0 0 I I #
coedge $-1 -1 -1 $-1 $108 $111 $43 $70 forward $112 $-1 #
edge $113 -1 -1 $-1 $77 0 $72 0.080000000000016253 $69 $114 forward @7 tangent T -28.330000000000037 46.819025253169002 0.22999999999999185 -28.329999999999831 46.819025253169016 0.3100000000000081 #
named_attribute-st-attrib $-1 -1 $115 $-1 $44 1 1 1 1 1 1 1 1 1 1 1 1 1 1 0 1 1 1 @3 eif #
vertex $116 -1 -1 $-1 $109 $117 #
straight-curve $-1 -1 -1 $-1 -28.329999999999998 46.819025253168995 0.22999999999999998 0 -1 0 F 0 F 0.66676029865207287 #
coedge $-1 -1 -1 $-1 $118 $45 $111 $119 reversed $76 $-1 #
coedge $-1 -1 -1 $-1 $45 $120 $-1 $121 reversed $76 $-1 #
loop $-1 -1 -1 $-1 $-1 $75 $122 F unknown #
vertex $123 -1 -1 $-1 $70 $124 #
straight-curve $-1 -1 -1 $-1 -28.329999999999998 46.152264954516923 0.31 0 1 0 F 0 F 0.66676029865207376 #
point $-1 -1 -1 $-1 -28.329999999999998 46.769909417300845 0.22999999999999998 #
point $-1 -1 -1 $-1 -28.329999999999998 46.769909417300845 0.31 #
cstishape-cst-attrib $-1 -1 $-1 $50 $0 1 1 1 1 1 1 1 1 1 1 1 1 0 1 0 1 1 1 13 1 #
rh_material-rh_entity $-1 -1 4 4 @5 plain @5 color -4 1 1 1 @5 phong @14 ambient factor -2 1 @14 diffuse factor -2 0.75 @15 specular factor -2 0.5 @8 exponent -2 10 @14 specular color -4 1 1 1 @4 none @5 plain @5 color -4 0 0 0 #
string_attrib-name_attrib-gen-attrib $-1 -1 $-1 $53 $24 2 1 2 1 1 1 1 1 1 1 1 1 1 1 0 1 1 1 @15 ATTRIB_XACIS_ID @5 43515 #
rgb_color-st-attrib $-1 -1 $125 $55 $36 2 1 2 1 1 1 1 1 1 1 1 1 1 1 0 1 1 1 0.73000001907348633 0.40000000596046448 0 #
string_attrib-name_attrib-gen-attrib $-1 -1 $126 $-1 $56 2 1 2 1 1 1 1 1 1 1 1 1 1 1 0 1 1 1 @15 ATTRIB_XACIS_ID @5 41769 #
face $127 -1 -1 $-1 $128 $129 $5 $-1 $130 reversed double out F F #
loop $-1 -1 -1 $-1 $-1 $131 $56 F unknown #
plane-surface $-1 -1 -1 $-1 -27.699999999999999 46.745000000000005 0.15000000000000496 1 0 0 0 -1 0 forward_v I I I I #
coedge $-1 -1 -1 $-1 $132 $94 $-1 $133 reversed $57 $-1 #
coedge $-1 -1 -1 $-1 $134 $59 $135 $136 reversed $37 $-1 #
coedge $-1 -1 -1 $-1 $59 $134 $137 $138 reversed $37 $-1 #
edge $-1 -1 -1 $-1 $139 -0.05499999999999805 $140 0.055000000000001992 $59 $141 forward @7 unknown F #
coedge $-1 -1 -1 $-1 $61 $60 $142 $143 forward $25 $-1 #
coedge $-1 -1 -1 $-1 $89 $144 $60 $95 reversed $57 $-1 #
edge $-1 -1 -1 $-1 $99 0.3767605767108072 $145 0.41151347666750732 $60 $146 forward @7 unknown F #
tcoedge-coedge $-1 -1 -1 $-1 $147 $148 $61 $97 forward $149 $150 0.97874365059765411 0.99999999999999989 F #
tedge-edge $-1 -1 -1 $-1 $100 0.97874358934046479 $151 0.99999999999999989 $96 $152 forward @7 unknown T -27.645266560923506 46.76980069263309 0.41994561329485869 -27.639945613294859 46.770054386705148 0.420054386705149 -1 #
pcurve $-1 -1 -1 $-1 0 forward { exppc nubs 1 open 2 
	-0.99999999999999989 1 -0 1 
	-0.26913309123933205 1.570796326794873 
	-0.26913309123933205 -0 
	0.001 
	-1 
	cone -27.640000000000001 46.620000000000005 0.46036996368589989 0 0 -1 -0.15000000000000036 0 0 1 I I 0 -1 0.15000000000000036 reversed I I I I 
	} 0 0 #
vertex $-1 -1 -1 $-1 $95 $153 #
tvertex-vertex $-1 -1 -1 $-1 $97 $154 5.4385707189458498e-005 #
straight-curve $-1 -1 -1 $-1 -27.645212159295596 46.769909417300845 0.30500450515800903 -0 0 1 I I #
coedge $-1 -1 -1 $-1 $64 $155 $63 $103 reversed $105 $-1 #
edge $156 -1 -1 $-1 $106 0 $157 1 $63 $158 forward @7 unknown T -28.328066749318392 46.845500556794001 0.22999999999960563 -28.32000000000027 46.855761312012397 0.23000000000039433 #
coedge $-1 -1 -1 $-1 $159 $64 $-1 $160 reversed $105 $-1 #
loop $-1 -1 -1 $-1 $-1 $104 $161 F unknown #
vertex $162 -1 -1 $-1 $65 $163 #
ellipse-curve $-1 -1 -1 $-1 -28.045000450030098 47.069999161245839 0.22999999999999998 0 0 -1 -0.034999549969855437 -0.353269595898837 0 1 F 0 F 0.78740819271150064 #
coedge $-1 -1 -1 $-1 $164 $69 $66 $109 reversed $112 $-1 #
edge $165 -1 -1 $-1 $157 0 $72 1 $108 $166 forward @7 unknown T -28.330000000000076 46.819025253169002 0.22999999999960563 -28.328066749317603 46.855761312012397 0.23000000000039433 #
point $-1 -1 -1 $-1 -28.234659410966955 46.769909417300845 0.22999999999999998 #
coedge $-1 -1 -1 $-1 $69 $167 $74 $119 forward $112 $-1 #
loop $-1 -1 -1 $-1 $-1 $167 $168 T -28.33000000000008 46.819025253169002 0.22999999999956014 -28.248314214317158 47.043763951205605 0.31000000000044114 unknown #
named_attribute-st-attrib $-1 -1 $169 $-1 $70 1 1 1 1 1 1 1 1 1 1 1 1 1 1 0 1 1 1 @3 eif #
straight-curve $-1 -1 -1 $-1 -28.329999999999998 46.819025253169016 0.3100000000000081 0 0 -1 F 0 F 0.080000000000016253 #
integer_attrib-name_attrib-gen-attrib $-1 -1 $-1 $71 $44 2 1 1 1 1 1 1 1 1 1 1 1 1 1 0 1 1 1 @3 pid 7052 #
integer_attrib-name_attrib-gen-attrib $-1 -1 $-1 $-1 $72 2 1 1 1 1 1 1 1 1 1 1 1 1 1 0 1 1 1 @3 pid 4685 #
point $-1 -1 -1 $-1 -28.330000000000037 46.819025253169002 0.22999999999999751 #
coedge $-1 -1 -1 $-1 $120 $74 $170 $171 reversed $76 $-1 #
edge $172 -1 -1 $-1 $173 0 $77 0.23961771300772436 $111 $174 forward @7 unknown T -28.33000000000008 46.819025253169002 0.31 -28.32 46.902091491798593 0.31000000000000405 #
coedge $-1 -1 -1 $-1 $75 $118 $175 $176 reversed $76 $-1 #
edge $-1 -1 -1 $-1 $48 -0.21123611625174732 $177 -0.11589552721867946 $75 $178 forward @7 unknown F #
face $179 -1 -1 $-1 $180 $76 $5 $-1 $181 reversed double out F F #
integer_attrib-name_attrib-gen-attrib $-1 -1 $-1 $-1 $77 2 1 1 1 1 1 1 1 1 1 1 1 1 1 0 1 1 1 @3 pid 4108 #
point $-1 -1 -1 $-1 -28.329999999999831 46.819025253169009 0.31000000000000405 #
render-rbase-attrib $-1 -1 $-1 $84 $36 1 1 1 1 1 1 1 1 1 1 1 1 0 1 0 1 1 1 $182 $-1 0 2 0 -1 0 1 0 0 0 0 1 -36.899999999999999 52.719999999999999 0.079999999999999988 1 rotate no_reflect no_shear #
rgb_color-st-attrib $-1 -1 $183 $85 $56 2 1 2 1 1 1 1 1 1 1 1 1 1 1 0 1 1 1 0.73000001907348633 0.40000000596046448 0 #
string_attrib-name_attrib-gen-attrib $-1 -1 $184 $-1 $86 2 1 2 1 1 1 1 1 1 1 1 1 1 1 0 1 1 1 @15 ATTRIB_XACIS_ID @5 45258 #
face $185 -1 -1 $-1 $161 $186 $5 $-1 $187 reversed double out F F #
loop $-1 -1 -1 $-1 $-1 $188 $86 F unknown #
plane-surface $-1 -1 -1 $-1 -27.745000000000001 46.698738635424505 0.10999999999999999 0 0 1 0 1 0 forward_v I I I I #
coedge $-1 -1 -1 $-1 $189 $190 $-1 $191 reversed $87 $-1 #
coedge $-1 -1 -1 $-1 $192 $89 $190 $193 forward $57 $-1 #
edge $-1 -1 -1 $-1 $194 0.097500000000000142 $99 0.15228807235818209 $89 $195 forward @7 unknown F #
coedge $-1 -1 -1 $-1 $91 $90 $196 $197 forward $37 $-1 #
coedge $-1 -1 -1 $-1 $148 $198 $90 $136 forward $149 $-1 #
edge $199 -1 -1 $-1 $200 0 $139 0.32253910265041863 $135 $201 forward @7 unknown T -27.855340720830007 46.769908344373128 0.41999892707228359 -27.769999999999996 46.845500556794001 0.42000107292771649 #
coedge $-1 -1 -1 $-1 $202 $203 $91 $138 forward $204 $-1 #
edge $-1 -1 -1 $-1 $140 0.56363451079436366 $205 0.88617361344273293 $137 $206 forward @7 unknown F #
tvertex-vertex $-1 -1 -1 $-1 $92 $207 1.0729277164500672e-006 #
tvertex-vertex $-1 -1 -1 $-1 $138 $208 1.0729269952491904e-006 #
straight-curve $-1 -1 -1 $-1 -27.855340720830007 46.769909417300845 0.36500000000000199 0 -0 -1 I I #
coedge $-1 -1 -1 $-1 $209 $210 $93 $143 reversed $211 $-1 #
edge $212 -1 -1 $-1 $145 0 $151 0.23000000000001536 $142 $213 forward @7 tangent T -27.640000000000065 46.76999999999996 0.18999999999999731 -27.639999999999979 46.770000000000046 0.42000000000004928 #
coedge $-1 -1 -1 $-1 $94 $214 $209 $215 forward $57 $-1 #
vertex $216 -1 -1 $-1 $215 $217 #
ellipse-curve $-1 -1 -1 $-1 -27.639999747293103 46.619998789207948 0.19 0 0 -1 -0.060000252706975843 0.13747848164092247 0 1 F 0 F 0.41151347666750732 #
coedge $-1 -1 -1 $-1 $218 $96 $210 $219 forward $149 $-1 #
coedge $-1 -1 -1 $-1 $96 $135 $-1 $220 reversed $149 $-1 #
loop $-1 -1 -1 $-1 $-1 $221 $222 T -30.0700000000001 46.76980069263309 0.41994561329485869 -27.489999999999899 49.045000000000208 0.420054386705149 periphery $223 F #
pcurve $-1 -1 -1 $-1 0 forward { exppc nubs 3 open 5 
	0 3 0.24587984804513272 1 0.50063558777789263 1 0.7548919375206542 1 0.99999999999999989 3 
	-2.5 -4.9400000000000013 
	-2.5202301286810505 -4.939725653150008 
	-2.558171241623354 -4.932424954902757 
	-2.609096111845524 -4.8989300818166921 
	-2.6424689246501565 -4.8480121534994858 
	-2.6497292489714406 -4.8101608003436063 
	-2.6500000000000004 -4.7900000000000045 
	0 
	0 
	plane -22.849999999999998 44.120000000000005 0.42000000000000004 0 0 1 0 -1 0 forward_v I I I I 
	} 0 0 #
tvertex-vertex $224 -1 -1 $-1 $219 $225 4.3315348104415229e-014 #
intcurve-curve $-1 -1 -1 $-1 forward { exactcur full nubs 3 open 5 
	0 3 0.24587984804513272 1 0.50063558777789263 1 0.7548919375206542 1 0.99999999999999989 3 
	-27.789999999999999 46.620000000000005 0.42000000000000004 
	-27.789725653150008 46.640230128681054 0.42000000000000004 
	-27.782424954902755 46.678171241623353 0.42000000000000015 
	-27.748930081816688 46.729096111845529 0.41999999999999993 
	-27.698012153499484 46.762468924650157 0.42000000000000015 
	-27.660160800343604 46.769729248971444 0.42000000000000004 
	-27.640000000000001 46.770000000000003 0.42000000000000004 
	0 
	null_surface 
	null_surface 
	nullbs 
	nullbs 
	-1 
	-1 
	I I 
	0 
	0 
	3 0.24587984804513272 0.50063558777789263 0.7548919375206542 
	
	-1 
	none F F 1 F 0 } I I #
point $-1 -1 -1 $-1 -27.645211927641817 46.769909417300845 0.19 #
point $-1 -1 -1 $-1 -27.645212174218365 46.769909416781999 0.41999999999999998 #
tcoedge-coedge $-1 -1 -1 $-1 $102 $226 $227 $228 reversed $105 $229 -1 -0 F #
named_attribute-st-attrib $-1 -1 $230 $-1 $103 1 1 1 1 1 1 1 1 1 1 1 1 1 1 0 1 1 1 @3 eif #
tvertex-vertex $231 -1 -1 $-1 $232 $233 3.9435521913025354e-013 #
intcurve-curve $-1 -1 -1 $-1 forward { exactcur full nubs 3 open 4 
	0 3 0.33332810384280148 1 0.6666728042622394 1 1 3 
	-28.32000000000027 46.845500556794001 0.22999999999999998 
	-28.320917195020968 46.846624073467545 0.23000000000000001 
	-28.322737697857491 46.84888219956332 0.22999999999999995 
	-28.325426870064916 46.85230277675258 0.22999999999999998 
	-28.327191476088057 46.854604842499974 0.22999999999999998 
	-28.328066749317877 46.855761312012 0.22999999999999998 
	0 
	null_surface 
	null_surface 
	nullbs 
	nullbs 
	-1 
	-1 
	I I 
	0 
	0 
	2 0.33332810384280148 0.6666728042622394 
	
	-1 
	none F F 1 F 0 } I I #
coedge $-1 -1 -1 $-1 $234 $104 $235 $236 forward $105 $-1 #
edge $-1 -1 -1 $-1 $237 -0.075014651155774159 $67 0.074985348844225835 $104 $238 forward @7 unknown F #
face $239 -1 -1 $-1 $240 $105 $5 $-1 $241 reversed double out F F #
integer_attrib-name_attrib-gen-attrib $-1 -1 $-1 $-1 $106 2 1 1 1 1 1 1 1 1 1 1 1 1 1 0 1 1 1 @3 pid 3744 #
point $-1 -1 -1 $-1 -28.32000000000027 46.845500556794001 0.22999999999999998 #
coedge $-1 -1 -1 $-1 $242 $108 $243 $232 reversed $112 $-1 #
named_attribute-st-attrib $-1 -1 $244 $-1 $109 1 1 1 1 1 1 1 1 1 1 1 1 1 1 0 1 1 1 @3 eif #
intcurve-curve $-1 -1 -1 $-1 forward { exactcur full nubs 3 open 4 
	0 3 0.33329064919189538 1 0.66671684803269782 1 1 3 
	-28.328066749317877 46.855761312012 0.22999999999999998 
	-28.328496041580728 46.851693435186135 0.22999999999999998 
	-28.32921178635857 46.843546992114995 0.23000000000000001 
	-28.329856700113353 46.831292105696434 0.22999999999999995 
	-28.329999956004329 46.823115627283059 0.22999999999999998 
	-28.330000000000076 46.819025253169002 0.22999999999999998 
	0 
	null_surface 
	null_surface 
	nullbs 
	nullbs 
	-1 
	-1 
	I I 
	0 
	0 
	2 0.33329064919189538 0.66671684803269782 
	
	-1 
	none F F 1 F 0 } I I #
coedge $-1 -1 -1 $-1 $111 $242 $245 $246 reversed $112 $-1 #
face $247 -1 -1 $-1 $248 $112 $5 $-1 $249 reversed double out T -28.33000000000008 46.819025253169002 0.22999999999956014 -28.248314214317158 47.043763951205605 0.31000000000044114 F #
integer_attrib-name_attrib-gen-attrib $-1 -1 $-1 $113 $70 2 1 1 1 1 1 1 1 1 1 1 1 1 1 0 1 1 1 @3 pid 7481 #
coedge $-1 -1 -1 $-1 $250 $251 $118 $171 forward $252 $-1 #
edge $253 -1 -1 $-1 $254 0 $173 0.056590935004681597 $170 $255 forward @7 unknown T -28.320000000000103 46.845500556793866 0.31 -28.32 46.902091491798593 0.31000000000000211 #
named_attribute-st-attrib $-1 -1 $256 $-1 $119 1 1 1 1 1 1 1 1 1 1 1 1 1 1 0 1 1 1 @3 eif #
vertex $257 -1 -1 $-1 $171 $258 #
ellipse-curve $-1 -1 -1 $-1 -27.97999875621456 46.819025103434612 0.31 0 0 1 -0.34000124378551178 0.083066388363389976 0 1 F 0 F 0.23961771300772436 #
coedge $-1 -1 -1 $-1 $259 $260 $120 $176 forward $261 $-1 #
edge $-1 -1 -1 $-1 $177 0.46487158829839004 $254 0.78740819271343176 $120 $262 forward @7 unknown F #
vertex $-1 -1 -1 $-1 $176 $263 #
straight-curve $-1 -1 -1 $-1 -28.118763883748251 46.769909417300852 0.31 1 0 0 I I #
integer_attrib-name_attrib-gen-attrib $-1 -1 $264 $-1 $122 2 1 1 1 1 1 1 1 1 1 1 1 1 1 0 1 1 1 @3 pid 1834 #
face $265 -1 -1 $-1 $266 $267 $5 $-1 $268 forward double out T -28.320000000000118 46.902091491798593 0.30992537368916295 -28.109925373689162 47.418998567332004 0.31007462631084104 F #
plane-surface $-1 -1 -1 $-1 -28.172527767496497 46.519333207393998 0.31 0 0 1 0 -1 0 forward_v I I I I #
rh_material-rh_entity $-1 -1 4 4 @5 plain @5 color -4 1 1 1 @5 phong @14 ambient factor -2 1 @14 diffuse factor -2 0.75 @15 specular factor -2 0.5 @8 exponent -2 10 @14 specular color -4 1 1 1 @4 none @5 plain @5 color -4 0 0 0 #
render-rbase-attrib $-1 -1 $-1 $126 $56 1 1 1 1 1 1 1 1 1 1 1 1 0 1 0 1 1 1 $269 $-1 0 2 0 -1 0 1 0 0 0 0 1 -36.899999999999999 52.719999999999999 0.079999999999999988 1 rotate no_reflect no_shear #
rgb_color-st-attrib $-1 -1 $270 $127 $86 2 1 2 1 1 1 1 1 1 1 1 1 1 1 0 1 1 1 0.73000001907348633 0.40000000596046448 0 #
string_attrib-name_attrib-gen-attrib $-1 -1 $271 $-1 $128 2 1 2 1 1 1 1 1 1 1 1 1 1 1 0 1 1 1 @15 ATTRIB_XACIS_ID @5 43425 #
loop $-1 -1 -1 $-1 $-1 $272 $128 F unknown #
cone-surface $-1 -1 -1 $-1 -27.640000000000001 46.670000000000002 0.079400000000000054 0 0 1 0 0.14999999999999947 0 1 I I -0 1 0.14999999999999947 reversed I I I I #
coedge $-1 -1 -1 $-1 $273 $274 $-1 $275 reversed $129 $-1 #
coedge $-1 -1 -1 $-1 $276 $131 $274 $277 reversed $87 $-1 #
coedge $-1 -1 -1 $-1 $131 $278 $132 $193 reversed $87 $-1 #
edge $-1 -1 -1 $-1 $279 -0.004999999999995286 $194 0.07500000000000473 $131 $280 forward @7 unknown F #
coedge $-1 -1 -1 $-1 $214 $132 $281 $282 forward $57 $-1 #
edge $-1 -1 -1 $-1 $194 0.012432146451985204 $283 0.062522729151205603 $190 $284 forward @7 unknown F #
vertex $-1 -1 -1 $-1 $193 $285 #
straight-curve $-1 -1 -1 $-1 -27.797499999999999 46.769909417300845 0.19 1 0 0 I I #
coedge $-1 -1 -1 $-1 $286 $287 $134 $197 reversed $288 $-1 #
edge $289 -1 -1 $-1 $200 0 $205 0.10999999999999796 $196 $290 forward @7 unknown T -27.769999999999996 46.845500556793823 0.31000000000000094 -27.769999999999893 46.845500556793958 0.42000000000000393 #
coedge $-1 -1 -1 $-1 $135 $291 $286 $292 reversed $149 $-1 #
named_attribute-st-attrib $-1 -1 $293 $-1 $136 1 1 1 1 1 1 1 1 1 1 1 1 1 1 0 1 1 1 @3 eif #
vertex $294 -1 -1 $-1 $136 $295 #
ellipse-curve $-1 -1 -1 $-1 -28.04499724830816 47.06999420143967 0.42000000000000004 0 0 -1 0.27499724830816419 -0.22449364464566909 0 1 F 0 F 0.88617361345318646 #
coedge $-1 -1 -1 $-1 $296 $137 $287 $297 reversed $204 $-1 #
coedge $-1 -1 -1 $-1 $137 $298 $-1 $299 reversed $204 $-1 #
loop $-1 -1 -1 $-1 $-1 $203 $300 F unknown #
vertex $301 -1 -1 $-1 $297 $302 #
ellipse-curve $-1 -1 -1 $-1 -28.044997248310022 47.069994201443571 0.31 0 0 1 -2.7516899780977155e-006 -0.35499420144357252 0 1 F 0 F 0.88617361344273293 #
point $-1 -1 -1 $-1 -27.855339647902291 46.769909417300845 0.42000000000000004 #
point $-1 -1 -1 $-1 -27.855339647903012 46.769909417300845 0.31 #
coedge $-1 -1 -1 $-1 $303 $142 $144 $215 reversed $211 $-1 #
coedge $-1 -1 -1 $-1 $142 $304 $147 $219 reversed $211 $-1 #
loop $-1 -1 -1 $-1 $-1 $303 $305 T -27.710000000000157 46.769999999999946 0.10999999999999988 -27.059999999999924 46.770000000000046 0.51000000000000001 unknown #
named_attribute-st-attrib $-1 -1 $306 $-1 $143 1 1 1 1 1 1 1 1 1 1 1 1 1 1 0 1 1 1 @3 eif #
straight-curve $-1 -1 -1 $-1 -27.639999999999983 46.770000000000003 0.18999999999999731 0 0 1 F 0 F 0.23000000000001536 #
coedge $-1 -1 -1 $-1 $144 $192 $307 $308 forward $57 $-1 #
edge $309 -1 -1 $-1 $310 0 $145 0.28000000000008995 $209 $311 forward @7 unknown T -27.640000000000065 46.770000000000003 0.19 -27.359999999999975 46.770000000000003 0.19000000000000233 #
integer_attrib-name_attrib-gen-attrib $-1 -1 $-1 $-1 $145 2 1 1 1 1 1 1 1 1 1 1 1 1 1 0 1 1 1 @3 pid 3438 #
point $-1 -1 -1 $-1 -27.640000000000022 46.770000000000003 0.19000000000000233 #
coedge $-1 -1 -1 $-1 $312 $147 $313 $314 reversed $149 $-1 #
edge $315 -1 -1 $-1 $151 0 $316 0.0700000000000216 $147 $317 forward @7 unknown T -27.710000000000086 46.76999999999996 0.41999999999996612 -27.639999999999979 46.770000000000046 0.42000000000004928 #
edge $-1 -1 -1 $-1 $100 2.1877121742183618 $139 2.3978396479022877 $148 $318 forward @7 unknown T -27.855340720830007 46.769855031074812 0.41994561429281052 -27.645157788511174 46.769963802489187 0.42005438570718945 #
coedge $-1 -1 -1 $-1 $319 $320 $-1 $321 reversed $149 $-1 #
face $322 -1 -1 $-1 $323 $149 $5 $-1 $223 forward double out F F #
plane-surface $-1 -1 -1 $-1 -22.849999999999998 44.120000000000005 0.42000000000000004 0 0 1 0 -1 0 forward_v I I I I #
integer_attrib-name_attrib-gen-attrib $-1 -1 $-1 $-1 $151 2 1 1 1 1 1 1 1 1 1 1 1 1 1 0 1 1 1 @3 pid 2004 #
point $-1 -1 -1 $-1 -27.640000000000022 46.770000000000003 0.4200000000000077 #
coedge $-1 -1 -1 $-1 $155 $324 $325 $326 reversed $105 $-1 #
tcoedge-coedge $-1 -1 -1 $-1 $325 $243 $155 $228 forward $327 $328 0 1 F #
tedge-edge $329 -1 -1 $-1 $157 0 $330 1 $227 $331 forward @7 unknown T -28.407004314765299 46.855647383695221 0.22988607168322328 -28.319886071683225 47.294613371522942 0.23011392831678493 0.00011392831677668444 #
pcurve $-1 -1 -1 $-1 0 forward { exppc nubs 1 open 2 
	-1 1 -0 1 
	-0.11371820756591539 -0.88615811070912476 
	-0.11371820756591539 -2.2186661841318935 
	0.001 
	-1 
	cone -28.044999999999998 47.07 0.27036996368589999 0 0 -1 0 0.35500000000000043 0 1 I I 0 -1 0.35500000000000043 reversed I I I I 
	} 0 0 #
integer_attrib-name_attrib-gen-attrib $-1 -1 $-1 $156 $103 2 1 1 1 1 1 1 1 1 1 1 1 1 1 0 1 1 1 @3 pid 5604 #
integer_attrib-name_attrib-gen-attrib $-1 -1 $-1 $-1 $157 2 1 1 1 1 1 1 1 1 1 1 1 1 1 0 1 1 1 @3 pid 3746 #
edge $332 -1 -1 $-1 $333 0 $157 0.59208883800506218 $164 $334 forward @7 unknown T -28.328066749318392 46.855761312011602 0.22999999999956014 -28.248314214317158 47.043763951205598 0.23000000000043166 #
point $-1 -1 -1 $-1 -28.328066749317998 46.855761312012 0.22999999999999998 #
tcoedge-coedge $-1 -1 -1 $-1 $335 $159 $336 $337 forward $105 $338 0 1 F #
coedge $-1 -1 -1 $-1 $339 $336 $159 $236 reversed $340 $-1 #
edge $-1 -1 -1 $-1 $237 0.56363451080167071 $341 0.88617361345184364 $159 $342 forward @7 unknown F #
tvertex-vertex $-1 -1 -1 $-1 $236 $343 1.0729276134213706e-006 #
straight-curve $-1 -1 -1 $-1 -28.234659279169993 46.769909417300845 0.15501465115577415 -0 -0 1 I I #
string_attrib-name_attrib-gen-attrib $-1 -1 $344 $-1 $161 2 1 2 1 1 1 1 1 1 1 1 1 1 1 0 1 1 1 @15 ATTRIB_XACIS_ID @5 42734 #
face $345 -1 -1 $-1 $346 $347 $5 $-1 $348 forward double out F F #
cone-surface $-1 -1 -1 $-1 -28.044999999999998 47.07 0.27036996368589999 0 0 -1 0 0.35500000000000043 0 1 I I -0 1 0.35500000000000043 reversed I I I I #
coedge $-1 -1 -1 $-1 $167 $164 $349 $350 forward $112 $-1 #
coedge $-1 -1 -1 $-1 $227 $351 $164 $232 forward $327 $-1 #
integer_attrib-name_attrib-gen-attrib $-1 -1 $-1 $165 $109 2 1 1 1 1 1 1 1 1 1 1 1 1 1 0 1 1 1 @3 pid 7051 #
coedge $-1 -1 -1 $-1 $352 $353 $167 $246 forward $267 $-1 #
edge $354 -1 -1 $-1 $173 0 $355 0.4576254752628271 $167 $356 forward @7 unknown T -28.32 46.902091491798593 0.30999999999956696 -28.248314214317158 47.043763951205605 0.31000000000044114 #
integer_attrib-name_attrib-gen-attrib $-1 -1 $357 $-1 $168 2 0 0 1 1 1 1 1 1 1 1 1 1 1 0 1 1 1 @3 fif 0 #
face $358 -1 -1 $-1 $359 $360 $5 $-1 $361 reversed double out T -28.251246519288518 47.043689324893769 0.22992537368876606 -28.109925373688771 47.264496847263231 0.31007462631084104 F #
cone-surface $-1 -1 -1 $-1 -27.979999999999997 46.819025253169002 0.18963003631410005 0 0 1 -0.24748737341499952 0.24748737341500041 0 1 I I -0 1 0.34999999999958753 reversed I I I I #
coedge $-1 -1 -1 $-1 $362 $170 $353 $363 forward $252 $-1 #
coedge $-1 -1 -1 $-1 $170 $364 $259 $365 reversed $252 $-1 #
loop $-1 -1 -1 $-1 $-1 $250 $366 T -28.320000000000118 46.845500556793823 0.30999999999999994 -28.32 47.294499443206149 0.42000000000000337 unknown #
named_attribute-st-attrib $-1 -1 $367 $-1 $171 1 1 1 1 1 1 1 1 1 1 1 1 1 1 0 1 1 1 @3 eif #
vertex $368 -1 -1 $-1 $171 $369 #
straight-curve $-1 -1 -1 $-1 -28.32 46.845500556793908 0.31 0 1 0 F 0 F 0.056590935004681597 #
integer_attrib-name_attrib-gen-attrib $-1 -1 $-1 $172 $119 2 1 1 1 1 1 1 1 1 1 1 1 1 1 0 1 1 1 @3 pid 6203 #
integer_attrib-name_attrib-gen-attrib $-1 -1 $-1 $-1 $173 2 1 1 1 1 1 1 1 1 1 1 1 1 1 0 1 1 1 @3 pid 3097 #
point $-1 -1 -1 $-1 -28.32 46.902091491798593 0.31000000000000211 #
coedge $-1 -1 -1 $-1 $370 $175 $251 $365 forward $261 $-1 #
coedge $-1 -1 -1 $-1 $175 $370 $-1 $371 reversed $261 $-1 #
loop $-1 -1 -1 $-1 $-1 $260 $372 F unknown #
ellipse-curve $-1 -1 -1 $-1 -28.045000450030422 47.069999161244809 0.31 0 0 -1 -0.034999549969533916 -0.3532695958978076 0 1 F 0 F 0.78740819271343176 #
point $-1 -1 -1 $-1 -28.23465941096693 46.769909417300845 0.31 #
render-rbase-attrib $-1 -1 $373 $179 $122 1 1 1 1 1 1 1 1 1 1 1 1 0 1 0 1 1 1 $374 $-1 0 2 0 -1 0 1 0 0 0 0 1 -36.899999999999999 52.719999999999999 0.079999999999999988 1 rotate no_reflect no_shear #
integer_attrib-name_attrib-gen-attrib $-1 -1 $375 $-1 $180 2 0 0 1 1 1 1 1 1 1 1 1 1 1 0 1 1 1 @3 fif 0 #
face $376 -1 -1 $-1 $377 $378 $5 $-1 $379 reversed double out T -27.359999999999999 46.769999999999996 0.10999999999999999 -27.359999999999999 46.820000000000007 0.19 F #
loop $-1 -1 -1 $-1 $-1 $380 $180 T -28.320000000000118 46.902091491798593 0.30992537368916295 -28.109925373689162 47.418998567332004 0.31007462631084104 unknown #
plane-surface $-1 -1 -1 $-1 -28.215000000000003 47.160545029565505 0.30999999999999994 0 0 1 0 -1 0 forward_v I I I I #
rh_material-rh_entity $-1 -1 4 4 @5 plain @5 color -4 1 1 1 @5 phong @14 ambient factor -2 1 @14 diffuse factor -2 0.75 @15 specular factor -2 0.5 @8 exponent -2 10 @14 specular color -4 1 1 1 @4 none @5 plain @5 color -4 0 0 0 #
render-rbase-attrib $-1 -1 $-1 $184 $86 1 1 1 1 1 1 1 1 1 1 1 1 0 1 0 1 1 1 $381 $-1 0 2 0 -1 0 1 0 0 0 0 1 -36.899999999999999 52.719999999999999 0.079999999999999988 1 rotate no_reflect no_shear #
rgb_color-st-attrib $-1 -1 $382 $185 $128 2 1 2 1 1 1 1 1 1 1 1 1 1 1 0 1 1 1 0.73000001907348633 0.40000000596046448 0 #
coedge $-1 -1 -1 $-1 $383 $384 $-1 $385 reversed $186 $-1 #
tcoedge-coedge $-1 -1 -1 $-1 $274 $188 $384 $386 forward $129 $387 0.62853268202341228 0.99999999999999989 F #
coedge $-1 -1 -1 $-1 $188 $273 $189 $277 forward $129 $-1 #
edge $-1 -1 -1 $-1 $388 0.15314836363882023 $279 0.20500000000000185 $188 $389 forward @7 unknown F #
coedge $-1 -1 -1 $-1 $278 $189 $390 $391 reversed $87 $-1 #
edge $392 -1 -1 $-1 $393 0 $279 0.037567853548154062 $189 $394 forward @7 unknown F #
coedge $-1 -1 -1 $-1 $190 $276 $395 $396 reversed $87 $-1 #
vertex $-1 -1 -1 $-1 $275 $397 #
straight-curve $-1 -1 -1 $-1 -27.699999999999999 46.769909417300852 0.11499999999999527 0 0 1 I I #
coedge $-1 -1 -1 $-1 $395 $398 $192 $282 reversed $399 $-1 #
edge $400 -1 -1 $-1 $283 0 $401 0.340000000000094 $281 $402 forward @7 unknown T -27.700000000000088 46.82 0.19 -27.359999999999992 46.820000000000064 0.19000000000000744 #
vertex $403 -1 -1 $-1 $193 $404 #
straight-curve $-1 -1 -1 $-1 -27.699999999999999 46.75747727084886 0.19 0 1 0 F 0 F 0.062522729151205603 #
point $-1 -1 -1 $-1 -27.699999999999999 46.769909417300845 0.19 #
coedge $-1 -1 -1 $-1 $405 $196 $198 $292 forward $288 $-1 #
coedge $-1 -1 -1 $-1 $196 $406 $202 $297 forward $288 $-1 #
loop $-1 -1 -1 $-1 $-1 $287 $323 T -27.770000000000035 46.845500556793823 0.31 -27.769999999999893 47.294499443206263 0.42000000000000393 unknown #
named_attribute-st-attrib $-1 -1 $407 $-1 $197 1 1 1 1 1 1 1 1 1 1 1 1 1 1 0 1 1 1 @3 eif #
straight-curve $-1 -1 -1 $-1 -27.769999999999996 46.845500556793823 0.41999999999999893 0 0 -1 F 0 F 0.10999999999999796 #
coedge $-1 -1 -1 $-1 $198 $408 $409 $410 forward $149 $-1 #
edge $411 -1 -1 $-1 $200 0 $412 0.44899888641217967 $198 $413 forward @7 unknown T -27.769999999999996 46.845500556793908 0.42000000000000004 -27.769999999999996 47.294499443206085 0.42000000000000393 #
integer_attrib-name_attrib-gen-attrib $-1 -1 $-1 $199 $136 2 1 1 1 1 1 1 1 1 1 1 1 1 1 0 1 1 1 @3 pid 2421 #
integer_attrib-name_attrib-gen-attrib $-1 -1 $-1 $-1 $200 2 1 1 1 1 1 1 1 1 1 1 1 1 1 0 1 1 1 @3 pid 1738 #
point $-1 -1 -1 $-1 -27.769999999999996 46.845500556793958 0.42000000000000393 #
coedge $-1 -1 -1 $-1 $414 $202 $415 $416 forward $204 $-1 #
edge $417 -1 -1 $-1 $418 0 $205 0.40449944320620279 $202 $419 forward @7 unknown T -27.770000000000035 46.845500556793866 0.31 -27.769999999999893 47.250000000000114 0.31000000000000494 #
coedge $-1 -1 -1 $-1 $203 $420 $421 $422 forward $204 $-1 #
edge $-1 -1 -1 $-1 $140 -0.13966035209698902 $423 0.0849999999999973 $203 $424 forward @7 unknown F #
face $425 -1 -1 $-1 $426 $204 $5 $-1 $427 forward double out F F #
integer_attrib-name_attrib-gen-attrib $-1 -1 $-1 $-1 $205 2 1 1 1 1 1 1 1 1 1 1 1 1 1 0 1 1 1 @3 pid 3092 #
point $-1 -1 -1 $-1 -27.769999999999893 46.845500556793866 0.31000000000000155 #
coedge $-1 -1 -1 $-1 $428 $209 $429 $430 forward $211 $-1 #
coedge $-1 -1 -1 $-1 $210 $431 $432 $433 reversed $211 $-1 #
face $434 -1 -1 $-1 $435 $211 $5 $-1 $436 forward double out T -27.710000000000157 46.769999999999946 0.10999999999999988 -27.059999999999924 46.770000000000046 0.51000000000000001 F #
integer_attrib-name_attrib-gen-attrib $-1 -1 $-1 $212 $143 2 1 1 1 1 1 1 1 1 1 1 1 1 1 0 1 1 1 @3 pid 4834 #
coedge $-1 -1 -1 $-1 $437 $429 $214 $308 reversed $378 $-1 #
edge $438 -1 -1 $-1 $401 0 $310 0.050000000000000711 $307 $439 forward @7 unknown T -27.359999999999999 46.769999999999996 0.19 -27.359999999999999 46.82 0.19 #
named_attribute-st-attrib $-1 -1 $440 $-1 $215 1 1 1 1 1 1 1 1 1 1 1 1 1 1 0 1 1 1 @3 eif #
vertex $441 -1 -1 $-1 $430 $442 #
straight-curve $-1 -1 -1 $-1 -27.359999999999975 46.770000000000003 0.19 -1 0 0 F 0 F 0.28000000000008995 #
coedge $-1 -1 -1 $-1 $443 $218 $444 $445 forward $149 $-1 #
coedge $-1 -1 -1 $-1 $432 $446 $218 $314 forward $447 $-1 #
edge $448 -1 -1 $-1 $449 0 $316 0.94550055679405354 $313 $450 forward @7 unknown T -27.710000000000001 46.770000000000003 0.42000000000000004 -27.709999999999894 47.715500556794055 0.42000000000000648 #
named_attribute-st-attrib $-1 -1 $451 $-1 $219 1 1 1 1 1 1 1 1 1 1 1 1 1 1 0 1 1 1 @3 eif #
vertex $452 -1 -1 $-1 $433 $453 #
straight-curve $-1 -1 -1 $-1 -27.640000000000065 46.770000000000003 0.42000000000000004 -1 0 0 F 0 F 0.0700000000000216 #
straight-curve $-1 -1 -1 $-1 -25.457500000000003 46.769909417300852 0.42000000000000004 -1 0 0 I I #
coedge $-1 -1 -1 $-1 $454 $221 $370 $455 forward $149 $-1 #
coedge $-1 -1 -1 $-1 $221 $456 $457 $458 reversed $149 $-1 #
edge $-1 -1 -1 $-1 $459 2.7771603520969848 $460 3.0424999999999969 $221 $461 forward @7 unknown T -28.5 46.769908344373846 0.41999892707300124 -28.234659279169989 46.769910490227844 0.42000107292699884 #
integer_attrib-name_attrib-gen-attrib $-1 -1 $462 $-1 $222 2 1 1 1 1 1 1 1 1 1 1 1 1 1 0 1 1 1 @3 pid 641 #
face $463 -1 -1 $-1 $372 $288 $5 $-1 $464 reversed double out T -27.770000000000035 46.845500556793823 0.31 -27.769999999999893 47.294499443206263 0.42000000000000393 F #
coedge $-1 -1 -1 $-1 $226 $465 $466 $467 reversed $105 $-1 #
coedge $-1 -1 -1 $-1 $468 $227 $226 $326 forward $327 $-1 #
edge $469 -1 -1 $-1 $330 0 $470 0.70201720202415929 $226 $471 forward @7 unknown T -28.320000000000213 47.294499443205993 0.22999999999984047 -28.110000000000003 47.418998567332039 0.23000000000017604 #
loop $-1 -1 -1 $-1 $-1 $243 $472 T -28.407004314765299 46.855647383695221 0.22988607168322328 -28.109925373688771 47.418998567332039 0.23011392831678493 unknown #
pcurve $-1 -1 -1 $-1 0 forward { exppc nubs 3 open 5 
	0 3 0.24695099270134033 1 0.50042279494982911 1 0.75356941325742532 1 1 3 
	-0.28161862765999945 0.073063450651964956 
	-0.24927657165053407 0.097110509295012193 
	-0.18034820149762343 0.13344543762762306 
	-0.06057087827594021 0.15188708778249094 
	0.058334692317043135 0.12896395302554886 
	0.12575551245369265 0.090161335753327521 
	0.15711950353400095 0.064996701333964069 
	0 
	0 
	plane -28.255003298666033 47.137379939672002 0.22999999999999998 0 0 -1 0 1 0 reverse_v I I I I 
	} 0 0 #
named_attribute-st-attrib $-1 -1 $473 $-1 $228 1 1 1 1 1 1 1 1 1 1 1 1 1 1 0 1 1 1 @3 eif #
tvertex-vertex $474 -1 -1 $-1 $326 $475 1.6778516125981036e-013 #
intcurve-curve $-1 -1 -1 $-1 forward { exactcur full nubs 3 open 5 
	0 3 0.24695099270134033 1 0.50042279494982911 1 0.75356941325742532 1 1 3 
	-28.328066749317998 46.855761312012 0.22999999999999998 
	-28.352113807961047 46.888103368021468 0.23000000000000001 
	-28.388448736293658 46.957031738174379 0.22999999999999995 
	-28.406890386448524 47.076809061396062 0.23000000000000001 
	-28.383967251691583 47.195714631989041 0.22999999999999995 
	-28.345164634419362 47.263135452125695 0.23000000000000001 
	-28.32 47.294499443206 0.22999999999999998 
	0 
	null_surface 
	null_surface 
	nullbs 
	nullbs 
	-1 
	-1 
	I I 
	0 
	0 
	3 0.24695099270134033 0.50042279494982911 0.75356941325742532 
	
	-1 
	none F F 1 F 0 } I I #
named_attribute-st-attrib $-1 -1 $476 $-1 $232 1 1 1 1 1 1 1 1 1 1 1 1 1 1 0 1 1 1 @3 eif #
tvertex-vertex $477 -1 -1 $-1 $350 $478 4.357672547037572e-013 #
ellipse-curve $-1 -1 -1 $-1 -27.979996949370303 46.819023959062122 0.22999999999999998 0 0 1 -0.26831726494769725 0.22473999214288032 0 1 F 0 F 0.59208883800506218 #
coedge $-1 -1 -1 $-1 $479 $234 $480 $481 forward $105 $-1 #
tcoedge-coedge $-1 -1 -1 $-1 $235 $480 $234 $337 reversed $340 $482 -1 -0 F #
tedge-edge $483 -1 -1 $-1 $341 0 $484 1 $336 $485 forward @7 unknown T -28.401214008416499 46.845449854116744 0.079949297322812543 -28.319949297322815 47.294550145883186 0.080050702677184171 5.0702677184186246e-005 #
pcurve $-1 -1 -1 $-1 0 forward { exppc nubs 1 open 2 
	0 1 1 1 
	-0.53625341883352051 -2.2554345428806686 
	-0.53625341883352051 -0.88615811070912476 
	0.001 
	-1 
	cone -28.044999999999998 47.07 0.27036996368589999 0 0 -1 0 0.35500000000000043 0 1 I I 0 -1 0.35500000000000043 reversed I I I I 
	} 0 0 #
coedge $-1 -1 -1 $-1 $486 $235 $-1 $487 reversed $340 $-1 #
loop $-1 -1 -1 $-1 $488 $339 $346 F unknown #
tvertex-vertex $489 -1 -1 $-1 $236 $490 1.3996486564743094e-013 #
ellipse-curve $-1 -1 -1 $-1 -28.045002751691591 47.069994201440167 0.079999999999999988 0 0 -1 2.751691594582439e-006 -0.35499420144016458 0 1 F 0 F 0.88617361345184364 #
point $-1 -1 -1 $-1 -28.234660352097606 46.769909417300845 0.079999999999999988 #
rgb_color-st-attrib $-1 -1 $491 $239 $161 2 1 2 1 1 1 1 1 1 1 1 1 1 1 0 1 1 1 0.73000001907348633 0.40000000596046448 0 #
string_attrib-name_attrib-gen-attrib $-1 -1 $492 $-1 $240 2 1 2 1 1 1 1 1 1 1 1 1 1 1 0 1 1 1 @15 ATTRIB_XACIS_ID @5 44867 #
face $493 -1 -1 $-1 $222 $340 $5 $-1 $494 reversed double out F F #
loop $-1 -1 -1 $-1 $-1 $495 $240 F unknown #
plane-surface $-1 -1 -1 $-1 -30.475000000000041 48.384999999999962 0.25 0.66162163708717325 -0.74983785536480407 5.8784137356283038e-017 0.74983785536480407 0.66162163708717325 0 forward_v I I I I #
coedge $-1 -1 -1 $-1 $496 $497 $242 $350 reversed $360 $-1 #
edge $498 -1 -1 $-1 $333 0 $355 0.080000000000016253 $242 $499 forward @7 unknown T -28.248314214318032 47.043763951204724 0.22999999999956014 -28.248314214317158 47.043763951205605 0.31000000000044114 #
tcoedge-coedge $-1 -1 -1 $-1 $243 $468 $496 $500 forward $327 $501 0 1 F #
tcoedge-coedge $-1 -1 -1 $-1 $380 $245 $497 $502 forward $267 $503 0 1 F #
coedge $-1 -1 -1 $-1 $245 $504 $250 $363 reversed $267 $-1 #
named_attribute-st-attrib $-1 -1 $505 $-1 $246 1 1 1 1 1 1 1 1 1 1 1 1 1 1 0 1 1 1 @3 eif #
tvertex-vertex $506 -1 -1 $-1 $350 $507 4.370930784398312e-013 #
ellipse-curve $-1 -1 -1 $-1 -27.979997131856756 46.819023801897742 0.30999999999999994 0 0 -1 -0.34000286814324276 0.083067689901263897 0 1 F 0 F 0.4576254752628271 #
integer_attrib-name_attrib-gen-attrib $-1 -1 $508 $247 $168 2 1 1 1 1 1 1 1 1 1 1 1 1 1 0 1 1 1 @3 pid 2314 #
integer_attrib-name_attrib-gen-attrib $-1 -1 $509 $-1 $248 2 0 0 1 1 1 1 1 1 1 1 1 1 1 0 1 1 1 @3 fif 0 #
face $510 -1 -1 $-1 $511 $512 $5 $-1 $513 reversed double out T -27.490089336788419 47.069900477018329 0.18991842761679031 -27.339871958653934 47.220081572383208 0.51008934821464635 F #
loop $-1 -1 -1 $-1 $-1 $349 $248 T -28.251246519288518 47.043689324893769 0.22992537368876606 -28.109925373688771 47.264496847263231 0.31007462631084104 unknown #
cone-surface $-1 -1 -1 $-1 -28.044999999999998 47.07 0.1896300363141 0 0 1 0 -0.20500000000000007 0 1 I I -0 1 0.20500000000000007 reversed I I I I #
coedge $-1 -1 -1 $-1 $364 $250 $514 $515 reversed $252 $-1 #
edge $516 -1 -1 $-1 $173 0 $517 0.39240795140749896 $250 $518 forward @7 unknown T -28.320000000000118 46.902091491798593 0.30999999999999994 -28.32 47.294499443206092 0.31000000000000211 #
coedge $-1 -1 -1 $-1 $251 $362 $454 $519 forward $252 $-1 #
edge $520 -1 -1 $-1 $254 0 $521 0.10999999999999796 $251 $522 forward @7 unknown T -28.320000000000103 46.845500556793823 0.310000000000001 -28.32 46.845500556793908 0.41999999999999948 #
face $523 -1 -1 $-1 $524 $252 $5 $-1 $525 forward double out T -28.320000000000118 46.845500556793823 0.30999999999999994 -28.32 47.294499443206149 0.42000000000000337 F #
integer_attrib-name_attrib-gen-attrib $-1 -1 $-1 $253 $171 2 1 1 1 1 1 1 1 1 1 1 1 1 1 0 1 1 1 @3 pid 4216 #
integer_attrib-name_attrib-gen-attrib $-1 -1 $-1 $-1 $254 2 1 1 1 1 1 1 1 1 1 1 1 1 1 0 1 1 1 @3 pid 3094 #
point $-1 -1 -1 $-1 -28.320000000000103 46.845500556793866 0.31000000000000155 #
coedge $-1 -1 -1 $-1 $260 $259 $319 $455 reversed $261 $-1 #
edge $-1 -1 -1 $-1 $177 -0.055000000000001992 $459 0.05499999999999805 $260 $526 forward @7 unknown F #
face $527 -1 -1 $-1 $366 $261 $5 $-1 $38 reversed double out F F #
rgb_color-st-attrib $-1 -1 $528 $264 $122 2 1 2 1 1 1 1 1 1 1 1 1 1 1 0 1 1 1 0.73000001907348633 0.40000000596046448 0 #
rh_material-rh_entity $-1 -1 4 4 @5 plain @5 color -4 1 1 1 @5 phong @14 ambient factor -2 1 @14 diffuse factor -2 0.75 @15 specular factor -2 0.5 @8 exponent -2 10 @14 specular color -4 1 1 1 @4 none @5 plain @5 color -4 0 0 0 #
integer_attrib-name_attrib-gen-attrib $-1 -1 $529 $265 $180 2 1 1 1 1 1 1 1 1 1 1 1 1 1 0 1 1 1 @3 pid 1835 #
integer_attrib-name_attrib-gen-attrib $-1 -1 $530 $-1 $266 2 0 0 1 1 1 1 1 1 1 1 1 1 1 0 1 1 1 @3 fif 0 #
face $531 -1 -1 $-1 $532 $533 $5 $-1 $534 reversed double out T -27.359999999999999 46.769999999999996 0.10999999999999999 -27.059999999999953 46.820000000000007 0.10999999999999999 F #
loop $-1 -1 -1 $-1 $-1 $307 $266 T -27.359999999999999 46.769999999999996 0.10999999999999999 -27.359999999999999 46.820000000000007 0.19 unknown #
plane-surface $-1 -1 -1 $-1 -27.359999999999999 46.795000000000002 0.14999999999999999 1 0 0 0 1 0 forward_v I I I I #
coedge $-1 -1 -1 $-1 $504 $352 $535 $536 forward $267 $-1 #
rh_material-rh_entity $-1 -1 4 4 @5 plain @5 color -4 1 1 1 @5 phong @14 ambient factor -2 1 @14 diffuse factor -2 0.75 @15 specular factor -2 0.5 @8 exponent -2 10 @14 specular color -4 1 1 1 @4 none @5 plain @5 color -4 0 0 0 #
render-rbase-attrib $-1 -1 $-1 $271 $128 1 1 1 1 1 1 1 1 1 1 1 1 0 1 0 1 1 1 $537 $-1 0 2 0 -1 0 1 0 0 0 0 1 -36.899999999999999 52.719999999999999 0.079999999999999988 1 rotate no_reflect no_shear #
tcoedge-coedge $-1 -1 -1 $-1 $538 $272 $539 $540 forward $186 $541 0.46407776764367892 0.99999999999999989 F #
tcoedge-coedge $-1 -1 -1 $-1 $272 $542 $273 $386 reversed $186 $543 -0.99999999999999989 -0.6288932585322996 F #
edge $-1 -1 -1 $-1 $544 -0.014995494842026891 $388 0.015004505157973108 $272 $545 forward @7 unknown F #
tedge-edge $-1 -1 -1 $-1 $388 0.62853268202341228 $393 0.99999999999999989 $273 $546 forward @7 unknown F -1 #
pcurve $-1 -1 -1 $-1 0 forward { exppc nubs 3 open 4 
	0 3 0.32928883787533592 1 0.67208205311675118 1 0.99999999999999989 3 
	-0.028738635424499392 0.044999999999998153 
	-0.0087611135904808179 0.04473650086873171 
	0.028763951016002487 0.037713194996008781 
	0.079167681088097908 0.0046612497007618714 
	0.1005462116979734 -0.026875979391439486 
	0.10873863542449946 -0.045000000000001705 
	0 
	0 
	plane -27.745000000000001 46.698738635424505 0.10999999999999999 0 0 -1 0 1 0 reverse_v I I I I 
	} 0 0 #
tvertex-vertex $-1 -1 -1 $-1 $386 $547 3.271613998734324e-005 #
straight-curve $-1 -1 -1 $-1 -27.905000000000001 46.769909417300838 0.10999999999999999 1 0 0 I I #
coedge $-1 -1 -1 $-1 $548 $549 $276 $391 forward $550 $-1 #
edge $551 -1 -1 $-1 $552 0 $393 0.012522729151161371 $390 $553 forward @7 unknown T -27.700000000000284 46.807477270848686 0.10999999999973707 -27.699999999999758 46.820000000000071 0.11000000000026543 #
named_attribute-st-attrib $-1 -1 $554 $-1 $277 1 1 1 1 1 1 1 1 1 1 1 1 1 1 0 1 1 1 @3 eif #
tvertex-vertex $555 -1 -1 $-1 $556 $557 2.6417901165818931e-013 #
straight-curve $-1 -1 -1 $-1 -27.699999999999999 46.807477270848999 0.10999999999999999 0 -1 0 F 0 F 0.13747727084899886 #
coedge $-1 -1 -1 $-1 $558 $281 $278 $396 forward $399 $-1 #
edge $559 -1 -1 $-1 $283 0 $552 0.080000000000004942 $278 $560 forward @7 unknown T -27.699999999999999 46.82 0.1100000000000025 -27.699999999999999 46.820000000000071 0.19000000000000744 #
point $-1 -1 -1 $-1 -27.699999999999999 46.769909417300845 0.10999999999999999 #
coedge $-1 -1 -1 $-1 $281 $561 $437 $562 forward $399 $-1 #
loop $-1 -1 -1 $-1 $-1 $563 $564 T -27.700000000000088 46.819999999999965 0.079999999999964447 -27.05999999999991 46.820000000000071 0.19000000000000744 unknown #
named_attribute-st-attrib $-1 -1 $565 $-1 $282 1 1 1 1 1 1 1 1 1 1 1 1 1 1 0 1 1 1 @3 eif #
vertex $566 -1 -1 $-1 $562 $567 #
straight-curve $-1 -1 -1 $-1 -27.700000000000088 46.82 0.19 1 0 0 F 0 F 0.340000000000094 #
integer_attrib-name_attrib-gen-attrib $-1 -1 $-1 $-1 $283 2 1 1 1 1 1 1 1 1 1 1 1 1 1 0 1 1 1 @3 pid 3944 #
point $-1 -1 -1 $-1 -27.699999999999999 46.820000000000064 0.19000000000000744 #
coedge $-1 -1 -1 $-1 $406 $286 $568 $569 reversed $288 $-1 #
coedge $-1 -1 -1 $-1 $287 $405 $570 $571 forward $288 $-1 #
integer_attrib-name_attrib-gen-attrib $-1 -1 $-1 $289 $197 2 1 1 1 1 1 1 1 1 1 1 1 1 1 0 1 1 1 @3 pid 4207 #
coedge $-1 -1 -1 $-1 $291 $454 $572 $573 forward $149 $-1 #
coedge $-1 -1 -1 $-1 $572 $568 $291 $410 reversed $574 $-1 #
edge $575 -1 -1 $-1 $576 0 $412 0.88617361344264023 $291 $577 forward @7 unknown T -28.045000000000002 47.294499443206007 0.42000000000000004 -27.769999999999992 47.42500000001067 0.42000000000000393 #
named_attribute-st-attrib $-1 -1 $578 $-1 $292 1 1 1 1 1 1 1 1 1 1 1 1 1 1 0 1 1 1 @3 eif #
vertex $579 -1 -1 $-1 $410 $580 #
straight-curve $-1 -1 -1 $-1 -27.769999999999996 46.845500556793908 0.42000000000000004 0 1 0 F 0 F 0.44899888641217967 #
tcoedge-coedge $-1 -1 -1 $-1 $581 $296 $582 $583 forward $204 $584 0 1 F #
coedge $-1 -1 -1 $-1 $585 $586 $296 $416 reversed $587 $-1 #
edge $588 -1 -1 $-1 $418 0 $589 0.010000000000015774 $415 $590 forward @7 unknown T -27.780000000000062 47.249999999999964 0.30999999999996652 -27.770000000000035 47.250000000000036 0.31000000000003847 #
named_attribute-st-attrib $-1 -1 $591 $-1 $297 1 1 1 1 1 1 1 1 1 1 1 1 1 1 0 1 1 1 @3 eif #
vertex $592 -1 -1 $-1 $416 $593 #
straight-curve $-1 -1 -1 $-1 -27.769999999999996 47.250000000000114 0.31 0 -1 0 F 0 F 0.40449944320620279 #
tcoedge-coedge $-1 -1 -1 $-1 $298 $594 $595 $596 forward $204 $597 0 1 F #
coedge $-1 -1 -1 $-1 $598 $599 $298 $422 reversed $600 $-1 #
edge $601 -1 -1 $-1 $602 0 $423 0.057400107116222898 $421 $603 forward @7 unknown F #
vertex $-1 -1 -1 $-1 $604 $605 #
straight-curve $-1 -1 -1 $-1 -27.995000000000001 46.769909417300838 0.31 -1 0 0 I I #
integer_attrib-name_attrib-gen-attrib $-1 -1 $606 $-1 $300 2 1 1 1 1 1 1 1 1 1 1 1 1 1 0 1 1 1 @3 pid 1832 #
face $607 -1 -1 $-1 $122 $608 $5 $-1 $609 reversed double out T -28.110000000000099 47.249999999999851 0.30999999999985911 -27.715055534994939 47.690000000000126 0.31000000000015632 F #
plane-surface $-1 -1 -1 $-1 -27.924999999999997 46.982500000000002 0.31 0 0 1 0 -1 0 forward_v I I I I #
coedge $-1 -1 -1 $-1 $610 $303 $611 $612 reversed $211 $-1 #
coedge $-1 -1 -1 $-1 $307 $613 $303 $430 reversed $378 $-1 #
edge $614 -1 -1 $-1 $310 0 $615 0.080000000000000016 $429 $616 forward @7 unknown T -27.359999999999999 46.770000000000003 0.10999999999999999 -27.359999999999999 46.770000000000003 0.19 #
coedge $-1 -1 -1 $-1 $304 $617 $618 $619 reversed $211 $-1 #
coedge $-1 -1 -1 $-1 $620 $313 $304 $433 forward $447 $-1 #
edge $621 -1 -1 $-1 $316 0 $622 0.040000000000001812 $432 $623 forward @7 unknown T -27.71000000000015 46.769999999999953 0.42000000000000648 -27.710000000000001 46.770000000000003 0.46000000000001118 #
integer_attrib-name_attrib-gen-attrib $-1 -1 $624 $-1 $305 2 0 0 1 1 1 1 1 1 1 1 1 1 1 0 1 1 1 @3 fif 0 #
face $625 -1 -1 $-1 $626 $447 $5 $-1 $627 reversed double out T -27.71000000000015 46.769999999999911 0.30999999999999994 -27.709999999999894 48.4450000000001 0.46000000000012686 F #
plane-surface $-1 -1 -1 $-1 -27.384999999999991 46.770000000000003 0.30999999999997496 0 -1 0 -1 0 0 forward_v I I I I #
coedge $-1 -1 -1 $-1 $613 $307 $398 $562 reversed $378 $-1 #
named_attribute-st-attrib $-1 -1 $628 $-1 $308 1 1 1 1 1 1 1 1 1 1 1 1 1 1 0 1 1 1 @3 eif #
straight-curve $-1 -1 -1 $-1 -27.359999999999999 46.82 0.19 0 -1 0 F 0 F 0.050000000000000711 #
integer_attrib-name_attrib-gen-attrib $-1 -1 $-1 $309 $215 2 1 1 1 1 1 1 1 1 1 1 1 1 1 0 1 1 1 @3 pid 4844 #
integer_attrib-name_attrib-gen-attrib $-1 -1 $-1 $-1 $310 2 1 1 1 1 1 1 1 1 1 1 1 1 1 0 1 1 1 @3 pid 3440 #
point $-1 -1 -1 $-1 -27.359999999999999 46.770000000000003 0.19 #
coedge $-1 -1 -1 $-1 $629 $312 $630 $631 forward $149 $-1 #
coedge $-1 -1 -1 $-1 $632 $630 $312 $445 reversed $633 $-1 #
edge $634 -1 -1 $-1 $449 0 $635 0.88617361345316892 $444 $636 forward @7 unknown T -27.985000000000003 47.584999999989336 0.42000000000000004 -27.709999999999894 47.715500556794005 0.4200000000000027 #
coedge $-1 -1 -1 $-1 $313 $637 $632 $638 reversed $447 $-1 #
loop $-1 -1 -1 $-1 $-1 $639 $435 T -27.71000000000015 46.769999999999911 0.30999999999999994 -27.709999999999894 48.4450000000001 0.46000000000012686 unknown #
named_attribute-st-attrib $-1 -1 $640 $-1 $314 1 1 1 1 1 1 1 1 1 1 1 1 1 1 0 1 1 1 @3 eif #
vertex $641 -1 -1 $-1 $314 $642 #
straight-curve $-1 -1 -1 $-1 -27.710000000000001 47.715500556794055 0.42000000000000004 0 -1 0 F 0 F 0.94550055679405354 #
integer_attrib-name_attrib-gen-attrib $-1 -1 $-1 $315 $219 2 1 1 1 1 1 1 1 1 1 1 1 1 1 0 1 1 1 @3 pid 2698 #
integer_attrib-name_attrib-gen-attrib $-1 -1 $-1 $-1 $316 2 1 1 1 1 1 1 1 1 1 1 1 1 1 0 1 1 1 @3 pid 2005 #
point $-1 -1 -1 $-1 -27.710000000000001 46.770000000000003 0.42000000000000648 #
coedge $-1 -1 -1 $-1 $408 $319 $364 $519 reversed $149 $-1 #
edge $-1 -1 -1 $-1 $459 0.5636345107943812 $521 0.88617361344277257 $319 $643 forward @7 unknown T -28.320000000000103 46.769908344373846 0.41999892707300124 -28.234659279169989 46.845500556794001 0.42000107292699884 #
coedge $-1 -1 -1 $-1 $320 $644 $645 $646 forward $149 $-1 #
coedge $-1 -1 -1 $-1 $647 $648 $320 $458 forward $649 $-1 #
edge $-1 -1 -1 $-1 $460 0.48990941730083648 $650 1.4700000000001028 $320 $651 forward @7 unknown T -28.5 46.769909417300845 0.41999999999999993 -28.499999999999996 47.750000000000234 0.42000000000000004 #
tvertex-vertex $-1 -1 -1 $-1 $455 $652 1.0729269988019041e-006 #
vertex $-1 -1 -1 $-1 $458 $653 #
straight-curve $-1 -1 -1 $-1 -25.457500000000003 46.769909417300852 0.42000000000000004 -1 0 0 I I #
render-rbase-attrib $-1 -1 $654 $322 $222 1 1 1 1 1 1 1 1 1 1 1 1 0 1 0 1 1 1 $655 $-1 0 2 0 -1 0 1 0 0 0 0 1 -36.899999999999999 52.719999999999999 0.079999999999999988 1 rotate no_reflect no_shear #
integer_attrib-name_attrib-gen-attrib $-1 -1 $656 $-1 $323 2 0 0 1 1 1 1 1 1 1 1 1 1 1 0 1 1 1 @3 fif 0 #
plane-surface $-1 -1 -1 $-1 -27.769999999999996 47.07 0.36500000000000499 1 0 0 0 -1 0 forward_v I I I I #
tcoedge-coedge $-1 -1 -1 $-1 $324 $657 $658 $659 reversed $105 $660 -1.0390152864200524 -0 F #
coedge $-1 -1 -1 $-1 $658 $661 $324 $467 forward $662 $-1 #
edge $663 -1 -1 $-1 $470 0 $664 1 $324 $665 forward @7 unknown T -28.110000000000099 47.418998567332039 0.22999999999996001 -28.04500000000003 47.425000000000082 0.23000000000003995 #
coedge $-1 -1 -1 $-1 $351 $325 $666 $667 forward $327 $-1 #
named_attribute-st-attrib $-1 -1 $668 $-1 $326 1 1 1 1 1 1 1 1 1 1 1 1 1 1 0 1 1 1 @3 eif #
vertex $669 -1 -1 $-1 $467 $670 #
ellipse-curve $-1 -1 -1 $-1 -28.04499907823471 47.069998445204178 0.22999999999999998 0 0 -1 -0.27500092176528845 0.2245009980018251 0 1 F 0 F 0.70201720202415929 #
face $671 -1 -1 $-1 $672 $327 $5 $-1 $673 reversed double out T -28.407004314765299 46.855647383695221 0.22988607168322328 -28.109925373688771 47.418998567332039 0.23011392831678493 F #
integer_attrib-name_attrib-gen-attrib $-1 -1 $-1 $329 $228 2 1 1 1 1 1 1 1 1 1 1 1 1 1 0 1 1 1 @3 pid 5603 #
integer_attrib-name_attrib-gen-attrib $-1 -1 $-1 $-1 $330 2 1 1 1 1 1 1 1 1 1 1 1 1 1 0 1 1 1 @3 pid 3745 #
point $-1 -1 -1 $-1 -28.320000000000046 47.294499443206163 0.23000000000000825 #
integer_attrib-name_attrib-gen-attrib $-1 -1 $-1 $332 $232 2 1 1 1 1 1 1 1 1 1 1 1 1 1 0 1 1 1 @3 pid 7044 #
integer_attrib-name_attrib-gen-attrib $-1 -1 $-1 $-1 $333 2 1 1 1 1 1 1 1 1 1 1 1 1 1 0 1 1 1 @3 pid 4680 #
point $-1 -1 -1 $-1 -28.248314214317595 47.043763951205165 0.2299999999999959 #
tcoedge-coedge $-1 -1 -1 $-1 $674 $335 $675 $676 forward $105 $677 0 0.82063215145192359 F #
coedge $-1 -1 -1 $-1 $336 $675 $335 $481 reversed $340 $-1 #
edge $678 -1 -1 $-1 $484 0 $679 0.8861736134532483 $335 $680 forward @7 unknown T -28.320000000000334 47.294499443205666 0.079999999999666949 -28.044999999999995 47.425000000010662 0.080000000000333027 #
pcurve $-1 -1 -1 $-1 0 forward { exppc nubs 3 open 6 
	-1 3 -0.80231934514187975 1 -0.60096402599301701 1 -0.39945354132943311 1 -0.19796882516518163 1 
	-0 3 
	-3.2519994432060013 2.2699999999999996 
	-3.2264946885630268 2.2493823696090249 
	-3.1718822343554116 2.2158489346457042 
	-3.0769099238161361 2.1888654609539682 
	-2.9782740206643705 2.1888366942606847 
	-2.8832202492294403 2.2157940917692933 
	-2.8285446824988885 2.2493514642059917 
	-2.8030005567940011 2.2699999999999996 
	0 
	0 
	plane -30.589999999999996 44.042500000000004 0.079999999999999988 0 0 -1 0 -1 0 reverse_v I I I I 
	} 0 0 #
named_attribute-st-attrib $-1 -1 $681 $-1 $337 1 1 1 1 1 1 1 1 1 1 1 1 1 1 0 1 1 1 @3 eif #
tvertex-vertex $682 -1 -1 $-1 $481 $683 3.3303603366116201e-013 #
intcurve-curve $-1 -1 -1 $-1 forward { exactcur full nubs 3 open 6 
	0 3 0.19796882516518163 1 0.39945354132943311 1 0.60096402599301701 1 0.80231934514187975 1 
	1 3 
	-28.32 46.845500556794001 0.079999999999999988 
	-28.340648535794006 46.871044682498891 0.079999999999999988 
	-28.374205908230707 46.925720249229443 0.079999999999999988 
	-28.401163305739313 47.020774020664369 0.079999999999999988 
	-28.40113453904603 47.119409923816136 0.079999999999999988 
	-28.374151065354294 47.214382234355412 0.079999999999999988 
	-28.340617630390973 47.268994688563026 0.079999999999999988 
	-28.32 47.294499443206 0.079999999999999988 
	0 
	null_surface 
	null_surface 
	nullbs 
	nullbs 
	-1 
	-1 
	I I 
	0 
	0 
	4 0.19796882516518163 0.39945354132943311 0.60096402599301701 0.80231934514187975 
	
	-1 
	none F F 1 F 0 } I I #
coedge $-1 -1 -1 $-1 $684 $339 $685 $686 reversed $340 $-1 #
edge $-1 -1 -1 $-1 $687 0.82750000000000057 $237 1.0928396479023945 $339 $688 forward @7 unknown T -28.5 46.769908344373235 0.079998927072386566 -28.234659279169993 46.769910490228455 0.080001072927613409 #
loop $-1 -1 -1 $-1 $-1 $689 $346 T -28.34121400841649 47.584915373994768 0.079915373994765254 -27.623983941231742 48.295084626005234 0.080084626005234721 unknown #
integer_attrib-name_attrib-gen-attrib $-1 -1 $-1 $-1 $341 2 1 1 1 1 1 1 1 1 1 1 1 1 1 0 1 1 1 @3 pid 2663 #
point $-1 -1 -1 $-1 -28.320000000000114 46.84550055679393 0.079999999999996727 #
render-rbase-attrib $-1 -1 $-1 $344 $161 1 1 1 1 1 1 1 1 1 1 1 1 0 1 0 1 1 1 $690 $-1 0 2 0 -1 0 1 0 0 0 0 1 -36.899999999999999 52.719999999999999 0.079999999999999988 1 rotate no_reflect no_shear #
rgb_color-st-attrib $-1 -1 $691 $345 $240 2 1 2 1 1 1 1 1 1 1 1 1 1 1 0 1 1 1 0.73000001907348633 0.40000000596046448 0 #
string_attrib-name_attrib-gen-attrib $-1 -1 $692 $-1 $346 2 1 2 1 1 1 1 1 1 1 1 1 1 1 0 1 1 1 @15 ATTRIB_XACIS_ID @5 41812 #
plane-surface $-1 -1 -1 $-1 -30.589999999999996 44.042500000000004 0.079999999999999988 0 0 1 0 -1 0 forward_v I I I I #
coedge $-1 -1 -1 $-1 $693 $694 $-1 $695 reversed $347 $-1 #
tcoedge-coedge $-1 -1 -1 $-1 $696 $349 $351 $500 reversed $360 $697 -1 -0 F #
tcoedge-coedge $-1 -1 -1 $-1 $349 $696 $352 $502 reversed $360 $698 -1 -0 F #
named_attribute-st-attrib $-1 -1 $699 $-1 $350 1 1 1 1 1 1 1 1 1 1 1 1 1 1 0 1 1 1 @3 eif #
straight-curve $-1 -1 -1 $-1 -28.24831421431719 47.043763951205321 0.22999999999999185 0 0 1 F 0 F 0.080000000000016253 #
tedge-edge $700 -1 -1 $-1 $701 0 $333 1 $496 $702 forward @7 unknown T -28.251241044050378 47.043689324893769 0.22992537368876606 -28.109925373688771 47.264496847263231 0.23007462631122985 7.4626311229832921e-005 #
pcurve $-1 -1 -1 $-1 0 forward { exppc nubs 3 open 5 
	0 3 0.24676965763758671 1 0.50046315689655496 1 0.75379886160002274 1 1 3 
	0.1270422812800005 -0.14500329866603501 
	0.11919548491623733 -0.12224285927547918 
	0.097316771858896089 -0.081274050863248348 
	0.043694899012089117 -0.03260984092571384 
	-0.023445445912159357 -0.0056512020616317216 
	-0.069770405185626494 -0.0038368809268831683 
	-0.093615988466999589 -0.0066890843480358342 
	0 
	0 
	plane -28.255003298666033 47.137379939672002 0.22999999999999998 0 0 -1 0 1 0 reverse_v I I I I 
	} 0 0 #
tedge-edge $703 -1 -1 $-1 $355 0 $704 1 $352 $705 forward @7 unknown T -28.251246519288518 47.043689324894167 0.30992537368916295 -28.109925373689162 47.264496847262834 0.31007462631084104 7.4626310836997851e-005 #
pcurve $-1 -1 -1 $-1 0 forward { exppc nubs 3 open 5 
	0 3 0.2467696576524587 1 0.5004631569131317 1 0.7537988616103084 1 1 3 
	0.11678107836050078 -0.033314214317998747 
	0.092876194190564476 -0.036171892977678866 
	0.046467652615005406 -0.034336513796016987 
	-0.020701954244580101 -0.0072855527980060231 
	-0.074227981462220427 0.041392558669540946 
	-0.096051313050271148 0.082295319103662834 
	-0.1038771913865002 0.10500000000000043 
	0 
	0 
	plane -28.215000000000003 47.160545029565505 0.30999999999999994 0 0 1 0 -1 0 forward_v I I I I 
	} 0 0 #
coedge $-1 -1 -1 $-1 $353 $380 $706 $707 forward $267 $-1 #
integer_attrib-name_attrib-gen-attrib $-1 -1 $-1 $354 $246 2 1 1 1 1 1 1 1 1 1 1 1 1 1 0 1 1 1 @3 pid 6205 #
integer_attrib-name_attrib-gen-attrib $-1 -1 $-1 $-1 $355 2 1 1 1 1 1 1 1 1 1 1 1 1 1 0 1 1 1 @3 pid 4110 #
point $-1 -1 -1 $-1 -28.248314214317595 47.043763951205165 0.31000000000000405 #
render-rbase-attrib $-1 -1 $708 $357 $168 1 1 1 1 1 1 1 1 1 1 1 1 0 1 0 1 1 1 $709 $-1 0 2 0 -1 0 1 0 0 0 0 1 -36.899999999999999 52.719999999999999 0.079999999999999988 1 rotate no_reflect no_shear #
integer_attrib-name_attrib-gen-attrib $-1 -1 $710 $358 $248 2 1 1 1 1 1 1 1 1 1 1 1 1 1 0 1 1 1 @3 pid 2315 #
integer_attrib-name_attrib-gen-attrib $-1 -1 $711 $-1 $359 2 0 0 1 1 1 1 1 1 1 1 1 1 1 0 1 1 1 @3 fif 0 #
face $712 -1 -1 $-1 $713 $714 $5 $-1 $715 forward double out T -27.490020688410119 47.219917200659665 0.1899999999998675 -27.489979288737445 47.720000043142726 0.51002069983634646 F #
loop $-1 -1 -1 $-1 $-1 $716 $359 T -27.490089336788419 47.069900477018329 0.18991842761679031 -27.339871958653934 47.220081572383208 0.51008934821464635 unknown #
cone-surface $-1 -1 -1 $-1 -27.339999999999996 47.219999999999999 0.55036996368589974 0 0 -1 0 -0.15000000000000036 0 1 I I -0 1 0.15000000000000036 reversed I I I I #
coedge $-1 -1 -1 $-1 $706 $572 $362 $515 forward $574 $-1 #
edge $717 -1 -1 $-1 $718 0 $517 0.10999999999999796 $362 $719 forward @7 unknown T -28.320000000000118 47.294499443206078 0.3100000000000005 -28.32 47.294499443206149 0.42000000000000337 #
named_attribute-st-attrib $-1 -1 $720 $-1 $363 1 1 1 1 1 1 1 1 1 1 1 1 1 1 0 1 1 1 @3 eif #
vertex $721 -1 -1 $-1 $515 $722 #
straight-curve $-1 -1 -1 $-1 -28.32 46.902091491798593 0.30999999999999994 0 1 0 F 0 F 0.39240795140749896 #
edge $723 -1 -1 $-1 $718 0 $521 0.44899888641217967 $364 $724 forward @7 unknown T -28.320000000000114 46.845500556793908 0.41999999999999948 -28.32 47.294499443206121 0.42000000000000337 #
named_attribute-st-attrib $-1 -1 $725 $-1 $365 1 1 1 1 1 1 1 1 1 1 1 1 1 1 0 1 1 1 @3 eif #
vertex $726 -1 -1 $-1 $365 $727 #
straight-curve $-1 -1 -1 $-1 -28.32 46.845500556793823 0.310000000000001 0 0 1 F 0 F 0.10999999999999796 #
integer_attrib-name_attrib-gen-attrib $-1 -1 $728 $-1 $366 2 0 0 1 1 1 1 1 1 1 1 1 1 1 0 1 1 1 @3 fif 0 #
face $729 -1 -1 $-1 $730 $574 $5 $-1 $731 reversed double out T -28.320000000000118 47.294499443206 0.30999999999999994 -27.769999999999943 47.425000000010705 0.42000000000000393 F #
plane-surface $-1 -1 -1 $-1 -28.32 47.07 0.36500000000000499 1 0 0 0 1 0 forward_v I I I I #
straight-curve $-1 -1 -1 $-1 -28.234659279169989 46.769909417300845 0.36500000000000199 0 0 1 I I #
integer_attrib-name_attrib-gen-attrib $-1 -1 $732 $-1 $372 2 1 1 1 1 1 1 1 1 1 1 1 1 1 0 1 1 1 @3 pid 998 #
string_attrib-name_attrib-gen-attrib $-1 -1 $-1 $373 $122 2 1 2 1 1 1 1 1 1 1 1 1 1 1 0 1 1 1 @15 ATTRIB_XACIS_ID @5 42363 #
render-rbase-attrib $-1 -1 $733 $375 $180 1 1 1 1 1 1 1 1 1 1 1 1 0 1 0 1 1 1 $734 $-1 0 2 0 -1 0 1 0 0 0 0 1 -36.899999999999999 52.719999999999999 0.079999999999999988 1 rotate no_reflect no_shear #
integer_attrib-name_attrib-gen-attrib $-1 -1 $735 $376 $266 2 1 1 1 1 1 1 1 1 1 1 1 1 1 0 1 1 1 @3 pid 2009 #
integer_attrib-name_attrib-gen-attrib $-1 -1 $736 $-1 $377 2 0 0 1 1 1 1 1 1 1 1 1 1 1 0 1 1 1 @3 fif 0 #
face $737 -1 -1 $-1 $738 $739 $5 $-1 $740 forward double out T -27.215884572681247 46.769999999999946 0.41999741251996581 -27.059997412519909 47.070000000000007 0.50999999999996093 F #
loop $-1 -1 -1 $-1 $-1 $741 $377 T -27.359999999999999 46.769999999999996 0.10999999999999999 -27.059999999999953 46.820000000000007 0.10999999999999999 unknown #
plane-surface $-1 -1 -1 $-1 -27.210000000000001 46.795000000000002 0.10999999999999999 0 0 1 0 1 0 forward_v I I I I #
coedge $-1 -1 -1 $-1 $742 $743 $380 $536 reversed $744 $-1 #
edge $745 -1 -1 $-1 $704 0 $746 0.15457634637999895 $380 $747 forward @7 unknown T -28.110000000000227 47.264422220951772 0.30999999999977329 -28.109999999999772 47.418998567332004 0.31000000000022659 #
rh_material-rh_entity $-1 -1 4 4 @5 plain @5 color -4 1 1 1 @5 phong @14 ambient factor -2 1 @14 diffuse factor -2 0.75 @15 specular factor -2 0.5 @8 exponent -2 10 @14 specular color -4 1 1 1 @4 none @5 plain @5 color -4 0 0 0 #
coedge $-1 -1 -1 $-1 $542 $383 $748 $749 forward $186 $-1 #
tcoedge-coedge $-1 -1 -1 $-1 $750 $751 $383 $540 reversed $340 $752 -0.99999999999999989 -0.46430613667072762 F #
tedge-edge $-1 -1 -1 $-1 $544 0.46430613667072762 $753 0.99999999999999989 $539 $754 forward @7 unknown F -1 #
pcurve $-1 -1 -1 $-1 0 forward { exppc nubs 1 open 2 
	0 1 0.99999999999999989 1 
	-0.0039999999999995733 1.5707963267948908 
	-0.0039999999999995733 0 
	0.001 
	-1 
	cone -27.640000000000001 46.670000000000002 0.079400000000000054 0 0 1 0 0.14999999999999947 0 1 I I 0 -1 0.14999999999999947 reversed I I I I 
	} 0 0 #
coedge $-1 -1 -1 $-1 $384 $538 $548 $556 reversed $186 $-1 #
pcurve $-1 -1 -1 $-1 0 forward { exppc nubs 1 open 2 
	-0.99999999999999989 1 -0 1 
	-0.20400000000000026 0.41151684606662786 
	-0.20400000000000026 1.5707963267948908 
	0.001 
	-1 
	cone -27.640000000000001 46.670000000000002 0.079400000000000054 0 0 1 0 0.14999999999999947 0 1 I I 0 -1 0.14999999999999947 reversed I I I I 
	} 0 0 #
tvertex-vertex $-1 -1 -1 $-1 $540 $755 1.2137665574840639e-005 #
straight-curve $-1 -1 -1 $-1 -27.751884352501168 46.769909417300845 0.094995494842026879 0 -0 1 I I #
intcurve-curve $-1 -1 -1 $-1 forward { exactcur full nubs 3 open 4 
	0 3 0.32928883787533592 1 0.67208205311675118 1 0.99999999999999989 3 
	-27.789999999999999 46.670000000000002 0.10999999999999999 
	-27.789736500868734 46.689977521834024 0.10999999999999999 
	-27.78271319499601 46.727502586440508 0.10999999999999999 
	-27.749661249700765 46.777906316512599 0.10999999999999999 
	-27.718124020608563 46.799284847122479 0.10999999999999999 
	-27.699999999999999 46.807477270848999 0.10999999999999999 
	0 
	null_surface 
	null_surface 
	nullbs 
	nullbs 
	-1 
	-1 
	I I 
	0 
	0 
	2 0.32928883787533592 0.67208205311675118 
	
	-1 
	none F F 1 F 0 } I I #
point $-1 -1 -1 $-1 -27.751851636361181 46.769909417300838 0.10999999999999999 #
coedge $-1 -1 -1 $-1 $549 $390 $542 $556 forward $550 $-1 #
coedge $-1 -1 -1 $-1 $390 $548 $558 $756 forward $550 $-1 #
loop $-1 -1 -1 $-1 $-1 $549 $757 T -27.700000000000284 46.807477270848686 0.10999999999973707 -27.639999999999958 46.820000000000071 0.11000000000026543 unknown #
named_attribute-st-attrib $-1 -1 $758 $-1 $391 1 1 1 1 1 1 1 1 1 1 1 1 1 1 0 1 1 1 @3 eif #
vertex $759 -1 -1 $-1 $391 $760 #
straight-curve $-1 -1 -1 $-1 -27.699999999999999 46.820000000000071 0.10999999999999999 0 -1 0 F 0 F 0.012522729151161371 #
integer_attrib-name_attrib-gen-attrib $-1 -1 $-1 $392 $277 2 1 1 1 1 1 1 1 1 1 1 1 1 1 0 1 1 1 @3 pid 7288 #
integer_attrib-name_attrib-gen-attrib $-1 -1 $-1 $-1 $393 2 1 1 1 1 1 1 1 1 1 1 1 1 1 0 1 1 1 @3 pid 3947 #
edge $761 -1 -1 $-1 $393 0 $762 0.41151347665823285 $548 $763 forward @7 unknown T -27.700000000000284 46.807477270848686 0.10999999999973707 -27.639999999999958 46.820000000000007 0.11000000000026543 #
point $-1 -1 -1 $-1 -27.700000000000021 46.807477270848949 0.11000000000000125 #
coedge $-1 -1 -1 $-1 $748 $395 $549 $756 reversed $399 $-1 #
named_attribute-st-attrib $-1 -1 $764 $-1 $396 1 1 1 1 1 1 1 1 1 1 1 1 1 1 0 1 1 1 @3 eif #
straight-curve $-1 -1 -1 $-1 -27.699999999999999 46.82 0.19000000000000744 0 0 -1 F 0 F 0.080000000000004942 #
coedge $-1 -1 -1 $-1 $398 $765 $741 $766 reversed $399 $-1 #
edge $767 -1 -1 $-1 $768 0 $401 0.080000000000000016 $437 $769 forward @7 unknown T -27.359999999999999 46.82 0.10999999999999999 -27.359999999999999 46.82 0.19 #
coedge $-1 -1 -1 $-1 $765 $748 $751 $770 reversed $399 $-1 #
face $771 -1 -1 $-1 $300 $399 $5 $-1 $772 forward double out T -27.700000000000088 46.819999999999965 0.079999999999964447 -27.05999999999991 46.820000000000071 0.19000000000000744 F #
integer_attrib-name_attrib-gen-attrib $-1 -1 $-1 $400 $282 2 1 1 1 1 1 1 1 1 1 1 1 1 1 0 1 1 1 @3 pid 5938 #
integer_attrib-name_attrib-gen-attrib $-1 -1 $-1 $-1 $401 2 1 1 1 1 1 1 1 1 1 1 1 1 1 0 1 1 1 @3 pid 3943 #
point $-1 -1 -1 $-1 -27.359999999999999 46.82 0.19 #
coedge $-1 -1 -1 $-1 $409 $773 $405 $569 forward $574 $-1 #
edge $774 -1 -1 $-1 $775 0 $412 0.10999999999999796 $405 $776 forward @7 unknown T -27.769999999999996 47.29449944320605 0.310000000000001 -27.769999999999971 47.294499443206263 0.42000000000000393 #
coedge $-1 -1 -1 $-1 $777 $778 $406 $571 reversed $608 $-1 #
edge $779 -1 -1 $-1 $775 0 $418 0.044499443205977762 $570 $780 forward @7 unknown T -27.770000000000035 47.25 0.31 -27.769999999999971 47.294499443206092 0.31000000000000494 #
coedge $-1 -1 -1 $-1 $514 $409 $408 $573 reversed $574 $-1 #
edge $781 -1 -1 $-1 $718 0 $576 0.88617361345318091 $408 $782 forward @7 unknown T -28.320000000000114 47.294499443206007 0.42000000000000004 -28.044999999999998 47.425000000010677 0.42000000000000337 #
loop $-1 -1 -1 $-1 $-1 $568 $524 T -28.320000000000118 47.294499443206 0.30999999999999994 -27.769999999999943 47.425000000010705 0.42000000000000393 unknown #
named_attribute-st-attrib $-1 -1 $783 $-1 $410 1 1 1 1 1 1 1 1 1 1 1 1 1 1 0 1 1 1 @3 eif #
vertex $784 -1 -1 $-1 $410 $785 #
ellipse-curve $-1 -1 -1 $-1 -28.044997248310032 47.070005798556394 0.42000000000000004 0 0 -1 -2.7516899674395745e-006 0.35499420144361249 0 1 F 0 F 0.88617361344264023 #
integer_attrib-name_attrib-gen-attrib $-1 -1 $-1 $411 $292 2 1 1 1 1 1 1 1 1 1 1 1 1 1 0 1 1 1 @3 pid 2420 #
integer_attrib-name_attrib-gen-attrib $-1 -1 $-1 $-1 $412 2 1 1 1 1 1 1 1 1 1 1 1 1 1 0 1 1 1 @3 pid 1737 #
point $-1 -1 -1 $-1 -27.769999999999996 47.29449944320605 0.42000000000000393 #
coedge $-1 -1 -1 $-1 $786 $414 $787 $788 forward $204 $-1 #
tcoedge-coedge $-1 -1 -1 $-1 $789 $790 $414 $583 reversed $791 $792 -1 -0 F #
tedge-edge $793 -1 -1 $-1 $589 0 $794 1 $582 $795 forward @7 unknown T -27.860048311239485 47.169951688760513 0.30995168876051421 -27.779951688760516 47.250048311239489 0.31004831123948823 4.8311239485736118e-005 #
pcurve $-1 -1 -1 $-1 0 forward { exppc nubs 3 open 5 
	0 3 0.24587984805025806 1 0.50063558777631112 1 0.75489193751377215 1 1 3 
	-0.26750000000000096 0.1449999999999978 
	-0.26735368168008478 0.13421059803649449 
	-0.26345997594826809 0.11397533780061053 
	-0.24559604363586729 0.086815407015629731 
	-0.21843981520019451 0.069016573519832036 
	-0.19825242685028321 0.065144400548485137 
	-0.18750000000000089 0.06499999999999595 
	0 
	0 
	plane -27.924999999999997 46.982500000000002 0.31 0 0 1 0 -1 0 forward_v I I I I 
	} 0 0 #
coedge $-1 -1 -1 $-1 $796 $415 $778 $797 reversed $587 $-1 #
coedge $-1 -1 -1 $-1 $415 $798 $789 $799 forward $587 $-1 #
loop $-1 -1 -1 $-1 $-1 $800 $801 T -27.780000000000062 47.249998906000847 0.1099989059369109 -27.479999999995865 47.25000109399911 0.31000109406301951 unknown #
named_attribute-st-attrib $-1 -1 $802 $-1 $416 1 1 1 1 1 1 1 1 1 1 1 1 1 1 0 1 1 1 @3 eif #
tvertex-vertex $803 -1 -1 $-1 $583 $804 3.5971151040589738e-014 #
straight-curve $-1 -1 -1 $-1 -27.770000000000035 47.25 0.31 -1 0 0 F 0 F 0.010000000000015774 #
integer_attrib-name_attrib-gen-attrib $-1 -1 $-1 $417 $297 2 1 1 1 1 1 1 1 1 1 1 1 1 1 0 1 1 1 @3 pid 4206 #
integer_attrib-name_attrib-gen-attrib $-1 -1 $-1 $-1 $418 2 1 1 1 1 1 1 1 1 1 1 1 1 1 0 1 1 1 @3 pid 3091 #
point $-1 -1 -1 $-1 -27.770000000000035 47.25 0.31000000000000494 #
coedge $-1 -1 -1 $-1 $420 $786 $805 $806 forward $204 $-1 #
tcoedge-coedge $-1 -1 -1 $-1 $807 $808 $420 $596 reversed $809 $810 -1 -0 F #
tedge-edge $811 -1 -1 $-1 $812 0 $602 1 $420 $813 forward @7 unknown T -28.080001686415571 46.827307838001431 0.30999831358442864 -28.069742141692426 46.866500475189575 0.31000168641557369 1.6864155713018924e-006 #
pcurve $-1 -1 -1 $-1 0 forward { exppc nubs 3 open 4 
	0 3 0.33236506845879266 1 0.66782951894031772 1 1 3 
	0.11600121122599827 -0.14474382810800179 
	0.11999747020552665 -0.14698291444211087 
	0.12826059653109834 -0.15074616021484921 
	0.14156774888994228 -0.15422805599772005 
	0.15061242264516927 -0.15499441416419124 
	0.15519047558299892 -0.15500000000000114 
	0 
	0 
	plane -27.924999999999997 46.982500000000002 0.31 0 0 1 0 -1 0 forward_v I I I I 
	} 0 0 #
coedge $-1 -1 -1 $-1 $814 $421 $808 $815 forward $600 $-1 #
coedge $-1 -1 -1 $-1 $421 $814 $-1 $604 reversed $600 $-1 #
loop $-1 -1 -1 $-1 $-1 $599 $816 F unknown #
named_attribute-st-attrib $-1 -1 $817 $-1 $422 1 1 1 1 1 1 1 1 1 1 1 1 1 1 0 1 1 1 @3 eif #
tvertex-vertex $818 -1 -1 $-1 $422 $819 3.2999044961454205e-014 #
straight-curve $-1 -1 -1 $-1 -28.079999999999998 46.827309524417068 0.31 0 -1 0 F 0 F 0.11057995907014728 #
edge $-1 -1 -1 $-1 $423 -0.13500000000000725 $820 -0.055000000000007238 $599 $821 forward @7 unknown F #
point $-1 -1 -1 $-1 -28.079999999999998 46.769909417300845 0.31 #
render-rbase-attrib $-1 -1 $822 $425 $300 1 1 1 1 1 1 1 1 1 1 1 1 0 1 0 1 1 1 $823 $-1 0 2 0 -1 0 1 0 0 0 0 1 -36.899999999999999 52.719999999999999 0.079999999999999988 1 rotate no_reflect no_shear #
integer_attrib-name_attrib-gen-attrib $-1 -1 $824 $-1 $426 2 0 0 1 1 1 1 1 1 1 1 1 1 1 0 1 1 1 @3 fif 0 #
loop $-1 -1 -1 $-1 $-1 $825 $426 T -28.110000000000099 47.249999999999851 0.30999999999985911 -27.715055534994939 47.690000000000126 0.31000000000015632 unknown #
plane-surface $-1 -1 -1 $-1 -27.912527767497508 47.470000000000049 0.31 0 0 1 0 -1 0 forward_v I I I I #
coedge $-1 -1 -1 $-1 $826 $428 $827 $828 reversed $211 $-1 #
coedge $-1 -1 -1 $-1 $829 $830 $428 $612 forward $533 $-1 #
edge $831 -1 -1 $-1 $832 0 $615 0.30000000000000071 $428 $833 forward @7 unknown T -27.359999999999999 46.770000000000003 0.10999999999999999 -27.059999999999999 46.770000000000003 0.10999999999999999 #
coedge $-1 -1 -1 $-1 $429 $437 $829 $834 reversed $378 $-1 #
named_attribute-st-attrib $-1 -1 $835 $-1 $430 1 1 1 1 1 1 1 1 1 1 1 1 1 1 0 1 1 1 @3 eif #
vertex $836 -1 -1 $-1 $430 $837 #
straight-curve $-1 -1 -1 $-1 -27.359999999999999 46.770000000000003 0.19 0 0 -1 F 0 F 0.080000000000000016 #
coedge $-1 -1 -1 $-1 $431 $826 $838 $839 reversed $211 $-1 #
coedge $-1 -1 -1 $-1 $840 $841 $431 $619 forward $842 $-1 #
edge $843 -1 -1 $-1 $622 5.1028004955074142e-016 $844 0.070710678118552292 $431 $845 forward @7 unknown T -27.710000000000157 46.769999999999953 0.46000000000001118 -27.659999999999997 46.770000000000003 0.51000000000000001 #
coedge $-1 -1 -1 $-1 $639 $432 $841 $846 reversed $447 $-1 #
named_attribute-st-attrib $-1 -1 $847 $-1 $433 1 1 1 1 1 1 1 1 1 1 1 1 1 1 0 1 1 1 @3 eif #
vertex $848 -1 -1 $-1 $846 $849 #
straight-curve $-1 -1 -1 $-1 -27.710000000000001 46.770000000000003 0.42000000000000648 0 0 1 F 0 F 0.040000000000001812 #
integer_attrib-name_attrib-gen-attrib $-1 -1 $850 $434 $305 2 1 1 1 1 1 1 1 1 1 1 1 1 1 0 1 1 1 @3 pid 1220 #
integer_attrib-name_attrib-gen-attrib $-1 -1 $851 $-1 $435 2 0 0 1 1 1 1 1 1 1 1 1 1 1 0 1 1 1 @3 fif 0 #
face $852 -1 -1 $-1 $853 $633 $5 $-1 $854 reversed double out T -28.260000000000105 47.584999999989336 0.30999999999999994 -27.709999999999894 47.715500556794005 0.42000000000000393 F #
plane-surface $-1 -1 -1 $-1 -27.710000000000001 47.607500000000051 0.38500000000000489 1 0 0 0 -1 0 forward_v I I I I #
integer_attrib-name_attrib-gen-attrib $-1 -1 $-1 $438 $308 2 1 1 1 1 1 1 1 1 1 1 1 1 1 0 1 1 1 @3 pid 6795 #
coedge $-1 -1 -1 $-1 $855 $443 $856 $857 reversed $149 $-1 #
coedge $-1 -1 -1 $-1 $444 $858 $443 $631 reversed $633 $-1 #
edge $859 -1 -1 $-1 $635 0 $860 0.88617361344265866 $630 $861 forward @7 unknown T -28.260000000000002 47.584999999989336 0.42000000000000004 -27.985000000000003 47.715500556793998 0.42000000000000393 #
coedge $-1 -1 -1 $-1 $862 $444 $446 $638 forward $633 $-1 #
loop $-1 -1 -1 $-1 $-1 $863 $626 T -28.260000000000105 47.584999999989336 0.30999999999999994 -27.709999999999894 47.715500556794005 0.42000000000000393 unknown #
named_attribute-st-attrib $-1 -1 $864 $-1 $445 1 1 1 1 1 1 1 1 1 1 1 1 1 1 0 1 1 1 @3 eif #
vertex $865 -1 -1 $-1 $445 $866 #
ellipse-curve $-1 -1 -1 $-1 -27.984997248308169 47.939994201439674 0.42000000000000004 0 0 -1 0.27499724830816774 -0.2244936446456709 0 1 F 0 F 0.88617361345316892 #
coedge $-1 -1 -1 $-1 $446 $867 $868 $869 reversed $447 $-1 #
edge $870 -1 -1 $-1 $449 0 $871 0.10999999999999796 $446 $872 forward @7 unknown T -27.710000000000001 47.71550055679382 0.30999999999999994 -27.709999999999894 47.715500556794005 0.4200000000000027 #
coedge $-1 -1 -1 $-1 $873 $620 $874 $875 reversed $447 $-1 #
integer_attrib-name_attrib-gen-attrib $-1 -1 $-1 $448 $314 2 1 1 1 1 1 1 1 1 1 1 1 1 1 0 1 1 1 @3 pid 2699 #
integer_attrib-name_attrib-gen-attrib $-1 -1 $-1 $-1 $449 2 1 1 1 1 1 1 1 1 1 1 1 1 1 0 1 1 1 @3 pid 2006 #
point $-1 -1 -1 $-1 -27.709999999999894 47.715500556793941 0.4200000000000027 #
ellipse-curve $-1 -1 -1 $-1 -28.045002751689992 47.069994201443556 0.42000000000000004 0 0 -1 2.7516899887558566e-006 -0.35499420144355209 0 1 F 0 F 0.88617361344277257 #
coedge $-1 -1 -1 $-1 $456 $876 $877 $878 reversed $149 $-1 #
coedge $-1 -1 -1 $-1 $879 $880 $456 $646 reversed $881 $-1 #
edge $882 -1 -1 $-1 $883 8.124173385731544e-017 $650 1.5305554547287732 $456 $884 forward @7 unknown T -29.650000000000176 47.750000000000206 0.41999999999999993 -28.499999999999815 48.760000000000005 0.42000000000000004 #
coedge $-1 -1 -1 $-1 $685 $457 $880 $885 reversed $649 $-1 #
coedge $-1 -1 -1 $-1 $457 $685 $-1 $886 reversed $649 $-1 #
loop $-1 -1 -1 $-1 $-1 $648 $887 F unknown #
vertex $888 -1 -1 $-1 $458 $889 #
straight-curve $-1 -1 -1 $-1 -28.5 46.280000000000008 0.42000000000000004 0 1 0 F 0 F 1.4700000000001028 #
point $-1 -1 -1 $-1 -28.234660352096988 46.769909417300845 0.42000000000000004 #
point $-1 -1 -1 $-1 -28.5 46.769909417300845 0.42000000000000004 #
rgb_color-st-attrib $-1 -1 $890 $462 $222 2 1 2 1 1 1 1 1 1 1 1 1 1 1 0 1 1 1 0.73000001907348633 0.40000000596046448 0 #
rh_material-rh_entity $-1 -1 4 4 @5 plain @5 color -4 1 1 1 @5 phong @14 ambient factor -2 1 @14 diffuse factor -2 0.75 @15 specular factor -2 0.5 @8 exponent -2 10 @14 specular color -4 1 1 1 @4 none @5 plain @5 color -4 0 0 0 #
integer_attrib-name_attrib-gen-attrib $-1 -1 $891 $463 $323 2 1 1 1 1 1 1 1 1 1 1 1 1 1 0 1 1 1 @3 pid 997 #
tcoedge-coedge $-1 -1 -1 $-1 $465 $674 $892 $893 reversed $105 $894 -0.73196387846474908 -0 F #
tcoedge-coedge $-1 -1 -1 $-1 $895 $466 $465 $659 forward $662 $896 0 1.0390152864200524 F #
tedge-edge $897 -1 -1 $-1 $664 0 $898 1.0390152864200524 $465 $899 forward @7 unknown T -28.045001477605577 47.249998522394499 0.22999852239448776 -27.739016496778515 47.425001477605548 0.23000147760550974 1.4776055097470149e-006 #
pcurve $-1 -1 -1 $-1 0 forward { exppc nubs 1 open 2 
	-1.0390152864200524 1 -0 1 
	-0.11371820756591539 1.0390465880587043 
	-0.11371820756591539 -2.0015288331270401e-013 
	0.001 
	-1 
	cone -28.044999999999998 47.07 0.27036996368589999 0 0 -1 0 0.35500000000000043 0 1 I I 0 -1 0.35500000000000043 reversed I I I I 
	} 0 0 #
coedge $-1 -1 -1 $-1 $466 $900 $901 $902 forward $662 $-1 #
loop $-1 -1 -1 $-1 $-1 $895 $903 T -28.110000000000102 47.249998522394499 0.22999852239448776 -27.715055534994953 47.69000000000036 0.23000147760550974 unknown #
named_attribute-st-attrib $-1 -1 $904 $-1 $467 1 1 1 1 1 1 1 1 1 1 1 1 1 1 0 1 1 1 @3 eif #
tvertex-vertex $905 -1 -1 $-1 $467 $906 3.9968028886505635e-014 #
intcurve-curve $-1 -1 -1 $-1 forward { exactcur full nubs 3 open 4 
	0 3 0.33320296214693412 1 0.66682022671746577 1 1 3 
	-28.110000000000099 47.418998567332039 0.22999999999999998 
	-28.102853357717823 47.420329181369077 0.22999999999999998 
	-28.088502072879123 47.422549317975957 0.23000000000000001 
	-28.066783621897514 47.424554530054664 0.22999999999999995 
	-28.052268951581826 47.42499957940597 0.23000000000000001 
	-28.045000000000069 47.42500000000004 0.22999999999999998 
	0 
	null_surface 
	null_surface 
	nullbs 
	nullbs 
	-1 
	-1 
	I I 
	0 
	0 
	2 0.33320296214693412 0.66682022671746577 
	
	-1 
	none F F 1 F 0 } I I #
coedge $-1 -1 -1 $-1 $901 $742 $468 $667 reversed $744 $-1 #
edge $907 -1 -1 $-1 $470 0 $701 0.15457634637999984 $666 $908 forward @7 unknown T -28.110000000000227 47.264422220951772 0.22999999999977158 -28.109999999999772 47.418998567332039 0.23000000000022838 #
integer_attrib-name_attrib-gen-attrib $-1 -1 $-1 $469 $326 2 1 1 1 1 1 1 1 1 1 1 1 1 1 0 1 1 1 @3 pid 5605 #
integer_attrib-name_attrib-gen-attrib $-1 -1 $-1 $-1 $470 2 1 1 1 1 1 1 1 1 1 1 1 1 1 0 1 1 1 @3 pid 3747 #
point $-1 -1 -1 $-1 -28.110000000000099 47.418998567332039 0.22999999999999998 #
integer_attrib-name_attrib-gen-attrib $-1 -1 $909 $-1 $472 2 0 0 1 1 1 1 1 1 1 1 1 1 1 0 1 1 1 @3 fif 0 #
face $910 -1 -1 $-1 $911 $912 $5 $-1 $913 reversed double out F F #
plane-surface $-1 -1 -1 $-1 -28.255003298666033 47.137379939672002 0.22999999999999998 0 0 1 0 1 0 forward_v I I I I #
coedge $-1 -1 -1 $-1 $657 $479 $-1 $914 reversed $105 $-1 #
tcoedge-coedge $-1 -1 -1 $-1 $480 $750 $479 $676 reversed $340 $915 -0.8205657815016415 -0 F #
tedge-edge $916 -1 -1 $-1 $679 0 $917 0.8205657815016415 $479 $918 forward @7 unknown F -1 #
pcurve $-1 -1 -1 $-1 0 forward { exppc nubs 1 open 2 
	0 1 1 1 
	-0.53625341883352051 0 
	-0.53625341883352051 3.1415926535897931 
	0.001 
	-1 
	cone -28.044999999999998 47.07 0.27036996368589999 0 0 -1 0 0.35500000000000043 0 1 I I 0 -1 0.35500000000000043 reversed I I I I 
	} 0 0 #
named_attribute-st-attrib $-1 -1 $919 $-1 $481 1 1 1 1 1 1 1 1 1 1 1 1 1 1 0 1 1 1 @3 eif #
tvertex-vertex $920 -1 -1 $-1 $676 $921 1.7763568394002505e-015 #
ellipse-curve $-1 -1 -1 $-1 -28.045002751691847 47.070005798560359 0.079999999999999988 0 0 -1 -0.27499724830815175 0.22449364464563978 0 1 F 0 F 0.8861736134532483 #
integer_attrib-name_attrib-gen-attrib $-1 -1 $-1 $483 $337 2 1 1 1 1 1 1 1 1 1 1 1 1 1 0 1 1 1 @3 pid 3646 #
integer_attrib-name_attrib-gen-attrib $-1 -1 $-1 $-1 $484 2 1 1 1 1 1 1 1 1 1 1 1 1 1 0 1 1 1 @3 pid 2662 #
point $-1 -1 -1 $-1 -28.32 47.294499443206 0.079999999999999988 #
coedge $-1 -1 -1 $-1 $922 $486 $923 $924 reversed $340 $-1 #
coedge $-1 -1 -1 $-1 $648 $647 $486 $686 forward $649 $-1 #
edge $925 -1 -1 $-1 $926 0 $687 0.98009058269926186 $486 $927 forward @7 unknown F #
vertex $-1 -1 -1 $-1 $487 $928 #
straight-curve $-1 -1 -1 $-1 -29.327500000000001 46.769909417300838 0.079999999999999988 1 0 0 I I #
tcoedge-coedge $-1 -1 -1 $-1 $929 $930 $931 $932 reversed $488 $933 -1 -0 F #
rh_material-rh_entity $-1 -1 4 4 @5 plain @5 color -4 1 1 1 @5 phong @14 ambient factor -2 1 @14 diffuse factor -2 0.75 @15 specular factor -2 0.5 @8 exponent -2 10 @14 specular color -4 1 1 1 @4 none @5 plain @5 color -4 0 0 0 #
render-rbase-attrib $-1 -1 $-1 $492 $240 1 1 1 1 1 1 1 1 1 1 1 1 0 1 0 1 1 1 $934 $-1 0 2 0 -1 0 1 0 0 0 0 1 -36.899999999999999 52.719999999999999 0.079999999999999988 1 rotate no_reflect no_shear #
rgb_color-st-attrib $-1 -1 $935 $493 $346 2 1 2 1 1 1 1 1 1 1 1 1 1 1 0 1 1 1 0.73000001907348633 0.40000000596046448 0 #
coedge $-1 -1 -1 $-1 $936 $495 $937 $938 forward $347 $-1 #
coedge $-1 -1 -1 $-1 $495 $936 $876 $939 reversed $347 $-1 #
edge $-1 -1 -1 $-1 $940 -0.084999999999992776 $941 0.25500000000000728 $495 $942 forward @7 unknown F #
coedge $-1 -1 -1 $-1 $497 $496 $742 $943 forward $360 $-1 #
pcurve $-1 -1 -1 $-1 0 forward { exppc nubs 1 open 2 
	-1 1 -0 1 
	-0.19692665212634131 -1.4424636330734666 
	-0.19692665212634131 -2.8189508318673377 
	0.001 
	-1 
	cone -28.044999999999998 47.07 0.1896300363141 0 0 1 0 -0.20500000000000007 0 1 I I 0 -1 0.20500000000000007 reversed I I I I 
	} 0 0 #
pcurve $-1 -1 -1 $-1 0 forward { exppc nubs 1 open 2 
	-1 1 -0 1 
	-0.58717055456536549 -2.8189508318673298 
	-0.58717055456536549 -1.442463633073471 
	0.001 
	-1 
	cone -28.044999999999998 47.07 0.1896300363141 0 0 1 0 -0.20500000000000007 0 1 I I 0 -1 0.20500000000000007 reversed I I I I 
	} 0 0 #
integer_attrib-name_attrib-gen-attrib $-1 -1 $-1 $498 $350 2 1 1 1 1 1 1 1 1 1 1 1 1 1 0 1 1 1 @3 pid 7483 #
named_attribute-st-attrib $-1 -1 $944 $-1 $500 1 1 1 1 1 1 1 1 1 1 1 1 1 1 0 1 1 1 @3 eif #
tvertex-vertex $945 -1 -1 $-1 $667 $946 2.28406675893812e-013 #
intcurve-curve $-1 -1 -1 $-1 forward { exactcur full nubs 3 open 5 
	0 3 0.24676965763758671 1 0.50046315689655496 1 0.75379886160002274 1 1 3 
	-28.109999999999999 47.264422220952 0.22999999999999998 
	-28.132760439390555 47.256575424588235 0.22999999999999998 
	-28.173729247802786 47.234696711530894 0.23000000000000001 
	-28.222393457740321 47.18107483868409 0.22999999999999998 
	-28.249352096604404 47.113934493759842 0.22999999999999995 
	-28.251166417739149 47.067609534486373 0.23000000000000001 
	-28.248314214318 47.043763951205001 0.22999999999999998 
	0 
	null_surface 
	null_surface 
	nullbs 
	nullbs 
	-1 
	-1 
	I I 
	0 
	0 
	3 0.24676965763758671 0.50046315689655496 0.75379886160002274 
	
	-1 
	none F F 1 F 0 } I I #
named_attribute-st-attrib $-1 -1 $947 $-1 $502 1 1 1 1 1 1 1 1 1 1 1 1 1 1 0 1 1 1 @3 eif #
tvertex-vertex $948 -1 -1 $-1 $502 $949 2.2663841569675575e-013 #
intcurve-curve $-1 -1 -1 $-1 forward { exactcur full nubs 3 open 5 
	0 3 0.2467696576524587 1 0.5004631569131317 1 0.7537988616103084 1 1 3 
	-28.248314214318 47.043763951205001 0.30999999999999994 
	-28.25117189297768 47.067668835374938 0.30999999999999994 
	-28.249336513796017 47.114077376950497 0.30999999999999994 
	-28.222285552798006 47.181246983810084 0.30999999999999994 
	-28.173607441330461 47.234773011027727 0.31000000000000005 
	-28.132704680896339 47.256596342615772 0.30999999999999994 
	-28.109999999999999 47.264422220952 0.30999999999999994 
	0 
	null_surface 
	null_surface 
	nullbs 
	nullbs 
	-1 
	-1 
	I I 
	0 
	0 
	3 0.2467696576524587 0.5004631569131317 0.7537988616103084 
	
	-1 
	none F F 1 F 0 } I I #
coedge $-1 -1 -1 $-1 $950 $514 $504 $707 reversed $574 $-1 #
edge $951 -1 -1 $-1 $746 0 $517 0.70201720202029771 $504 $952 forward @7 unknown T -28.320000000000118 47.294499443206 0.30999999999999994 -28.109999999999999 47.418998567332004 0.3100000000000005 #
rgb_color-st-attrib $-1 -1 $953 $508 $168 2 1 2 1 1 1 1 1 1 1 1 1 1 1 0 1 1 1 0.73000001907348633 0.40000000596046448 0 #
rh_material-rh_entity $-1 -1 4 4 @5 plain @5 color -4 1 1 1 @5 phong @14 ambient factor -2 1 @14 diffuse factor -2 0.75 @15 specular factor -2 0.5 @8 exponent -2 10 @14 specular color -4 1 1 1 @4 none @5 plain @5 color -4 0 0 0 #
render-rbase-attrib $-1 -1 $954 $509 $248 1 1 1 1 1 1 1 1 1 1 1 1 0 1 0 1 1 1 $955 $-1 0 2 0 -1 0 1 0 0 0 0 1 -36.899999999999999 52.719999999999999 0.079999999999999988 1 rotate no_reflect no_shear #
integer_attrib-name_attrib-gen-attrib $-1 -1 $956 $510 $359 2 1 1 1 1 1 1 1 1 1 1 1 1 1 0 1 1 1 @3 pid 2587 #
integer_attrib-name_attrib-gen-attrib $-1 -1 $957 $-1 $511 2 0 0 1 1 1 1 1 1 1 1 1 1 1 0 1 1 1 @3 fif 0 #
face $958 -1 -1 $-1 $959 $960 $5 $-1 $961 reversed double out T -27.490090583900251 47.719909433173314 0.18991842761685515 -27.339909411814745 47.870090588185256 0.51009058818525221 F #
loop $-1 -1 -1 $-1 $-1 $962 $511 T -27.490020688410119 47.219917200659665 0.1899999999998675 -27.489979288737445 47.720000043142726 0.51002069983634646 unknown #
plane-surface $-1 -1 -1 $-1 -27.490000000000002 47.469979300165001 0.35000000000000497 1 0 0 0 -1 0 forward_v I I I I #
tcoedge-coedge $-1 -1 -1 $-1 $963 $964 $965 $966 reversed $512 $967 -1 -0 F #
named_attribute-st-attrib $-1 -1 $968 $-1 $515 1 1 1 1 1 1 1 1 1 1 1 1 1 1 0 1 1 1 @3 eif #
vertex $969 -1 -1 $-1 $519 $970 #
straight-curve $-1 -1 -1 $-1 -28.32 47.294499443206149 0.41999999999999893 0 0 -1 F 0 F 0.10999999999999796 #
integer_attrib-name_attrib-gen-attrib $-1 -1 $-1 $516 $363 2 1 1 1 1 1 1 1 1 1 1 1 1 1 0 1 1 1 @3 pid 4214 #
integer_attrib-name_attrib-gen-attrib $-1 -1 $-1 $-1 $517 2 1 1 1 1 1 1 1 1 1 1 1 1 1 0 1 1 1 @3 pid 3098 #
point $-1 -1 -1 $-1 -28.320000000000118 47.294499443206078 0.3100000000000005 #
named_attribute-st-attrib $-1 -1 $971 $-1 $519 1 1 1 1 1 1 1 1 1 1 1 1 1 1 0 1 1 1 @3 eif #
straight-curve $-1 -1 -1 $-1 -28.32 47.294499443206092 0.42000000000000004 0 -1 0 F 0 F 0.44899888641217967 #
integer_attrib-name_attrib-gen-attrib $-1 -1 $-1 $520 $365 2 1 1 1 1 1 1 1 1 1 1 1 1 1 0 1 1 1 @3 pid 4210 #
integer_attrib-name_attrib-gen-attrib $-1 -1 $-1 $-1 $521 2 1 1 1 1 1 1 1 1 1 1 1 1 1 0 1 1 1 @3 pid 1740 #
point $-1 -1 -1 $-1 -28.320000000000103 46.845500556793908 0.41999999999999948 #
integer_attrib-name_attrib-gen-attrib $-1 -1 $972 $523 $366 2 1 1 1 1 1 1 1 1 1 1 1 1 1 0 1 1 1 @3 pid 999 #
integer_attrib-name_attrib-gen-attrib $-1 -1 $973 $-1 $524 2 0 0 1 1 1 1 1 1 1 1 1 1 1 0 1 1 1 @3 fif 0 #
face $974 -1 -1 $-1 $975 $976 $5 $-1 $977 forward double out T -30.05000000000042 48.759999999999962 0.07999999999999996 -29.649999999999913 48.760000000000005 0.42000000000000004 F #
cone-surface $-1 -1 -1 $-1 -28.044999999999998 47.07 0.26963003631409999 0 0 1 0 -0.35499999999999954 0 1 I I -0 1 0.35499999999999954 reversed I I I I #
render-rbase-attrib $-1 -1 $978 $527 $372 1 1 1 1 1 1 1 1 1 1 1 1 0 1 0 1 1 1 $54 $-1 0 2 0 -1 0 1 0 0 0 0 1 -36.899999999999999 52.719999999999999 0.079999999999999988 1 rotate no_reflect no_shear #
rgb_color-st-attrib $-1 -1 $979 $529 $180 2 1 2 1 1 1 1 1 1 1 1 1 1 1 0 1 1 1 0.73000001907348633 0.40000000596046448 0 #
rh_material-rh_entity $-1 -1 4 4 @5 plain @5 color -4 1 1 1 @5 phong @14 ambient factor -2 1 @14 diffuse factor -2 0.75 @15 specular factor -2 0.5 @8 exponent -2 10 @14 specular color -4 1 1 1 @4 none @5 plain @5 color -4 0 0 0 #
render-rbase-attrib $-1 -1 $980 $530 $266 1 1 1 1 1 1 1 1 1 1 1 1 0 1 0 1 1 1 $981 $-1 0 2 0 -1 0 1 0 0 0 0 1 -36.899999999999999 52.719999999999999 0.079999999999999988 1 rotate no_reflect no_shear #
integer_attrib-name_attrib-gen-attrib $-1 -1 $982 $531 $377 2 1 1 1 1 1 1 1 1 1 1 1 1 1 0 1 1 1 @3 pid 2010 #
integer_attrib-name_attrib-gen-attrib $-1 -1 $983 $-1 $532 2 0 0 1 1 1 1 1 1 1 1 1 1 1 0 1 1 1 @3 fif 0 #
face $984 -1 -1 $-1 $985 $986 $5 $-1 $987 forward double out T -27.714115427319001 46.769999999999946 0.50990941181472738 -27.215884572680782 48.835000000000086 0.51009058818525221 F #
loop $-1 -1 -1 $-1 $-1 $988 $532 T -27.215884572681247 46.769999999999946 0.41999741251996581 -27.059997412519909 47.070000000000007 0.50999999999996093 unknown #
plane-surface $-1 -1 -1 $-1 -27.1379422863405 46.919997412520004 0.46499999999979991 0.4999999999995276 0 0.86602540378471138 0.86602540378471138 0 -0.4999999999995276 forward_v I I I I #
coedge $-1 -1 -1 $-1 $830 $829 $561 $766 forward $533 $-1 #
coedge $-1 -1 -1 $-1 $666 $535 $696 $943 reversed $744 $-1 #
coedge $-1 -1 -1 $-1 $535 $989 $990 $991 reversed $744 $-1 #
loop $-1 -1 -1 $-1 $-1 $989 $992 T -28.110000000000227 47.264422220951772 0.22999999999977158 -28.109999999999772 47.777519231907235 0.31000000000022659 unknown #
named_attribute-st-attrib $-1 -1 $993 $-1 $536 1 1 1 1 1 1 1 1 1 1 1 1 1 1 0 1 1 1 @3 eif #
vertex $994 -1 -1 $-1 $707 $995 #
straight-curve $-1 -1 -1 $-1 -28.109999999999999 47.264422220952 0.30999999999999994 0 1 0 F 0 F 0.15457634637999895 #
coedge $-1 -1 -1 $-1 $563 $558 $538 $749 reversed $399 $-1 #
edge $996 -1 -1 $-1 $753 -1.8431436932253575e-018 $762 0.029999999999999229 $748 $997 forward @7 tangent T -27.640000000000072 46.819999999999965 0.079999999999964447 -27.639999999999958 46.820000000000036 0.10999999999999999 #
coedge $-1 -1 -1 $-1 $675 $539 $-1 $998 reversed $340 $-1 #
coedge $-1 -1 -1 $-1 $539 $999 $563 $770 forward $340 $-1 #
pcurve $-1 -1 -1 $-1 0 forward { exppc nubs 3 open 5 
	-0.99999999999999989 3 -0.75489193752063033 1 -0.50063558777785178 1 -0.2458798480450918 1 -0 3 
	-2.777499999999999 2.9499999999999993 
	-2.7772292489714392 2.9298391996563975 
	-2.7699689246501524 2.8919878465005127 
	-2.7365961118455226 2.8410699181833028 
	-2.6856712416233472 2.807575045097245 
	-2.6477301286810482 2.800274346849994 
	-2.6275000000000013 2.7999999999999989 
	0 
	0 
	plane -30.589999999999996 44.042500000000004 0.079999999999999988 0 0 -1 0 -1 0 reverse_v I I I I 
	} 0 0 #
tvertex-vertex $1000 -1 -1 $-1 $540 $1001 3.5538759519499965e-014 #
intcurve-curve $-1 -1 -1 $-1 forward { exactcur full nubs 3 open 5 
	0 3 0.2458798480450918 1 0.50063558777785178 1 0.75489193752063033 1 0.99999999999999989 3 
	-27.789999999999999 46.670000000000002 0.079999999999999988 
	-27.789725653150004 46.690230128681051 0.079999999999999988 
	-27.782424954902751 46.72817124162335 0.079999999999999988 
	-27.748930081816695 46.779096111845526 0.079999999999999988 
	-27.698012153499484 46.812468924650155 0.079999999999999988 
	-27.660160800343601 46.819729248971441 0.079999999999999988 
	-27.640000000000001 46.82 0.079999999999999988 
	0 
	null_surface 
	null_surface 
	nullbs 
	nullbs 
	-1 
	-1 
	I I 
	0 
	0 
	3 0.2458798480450918 0.50063558777785178 0.75489193752063033 
	
	-1 
	none F F 1 F 0 } I I #
point $-1 -1 -1 $-1 -27.751872214835593 46.769909417300845 0.079999999999999988 #
edge $1002 -1 -1 $-1 $762 0 $552 0.060000000000083986 $549 $1003 forward @7 unknown T -27.700000000000042 46.82 0.10999999999999999 -27.639999999999958 46.820000000000071 0.11000000000000251 #
face $1004 -1 -1 $-1 $1005 $550 $5 $-1 $1006 forward double out T -27.700000000000284 46.807477270848686 0.10999999999973707 -27.639999999999958 46.820000000000071 0.11000000000026543 F #
integer_attrib-name_attrib-gen-attrib $-1 -1 $-1 $551 $391 2 1 1 1 1 1 1 1 1 1 1 1 1 1 0 1 1 1 @3 pid 7289 #
integer_attrib-name_attrib-gen-attrib $-1 -1 $-1 $-1 $552 2 1 1 1 1 1 1 1 1 1 1 1 1 1 0 1 1 1 @3 pid 3945 #
point $-1 -1 -1 $-1 -27.699999999999999 46.820000000000071 0.11000000000000251 #
named_attribute-st-attrib $-1 -1 $1007 $-1 $556 1 1 1 1 1 1 1 1 1 1 1 1 1 1 0 1 1 1 @3 eif #
vertex $1008 -1 -1 $-1 $556 $1009 #
ellipse-curve $-1 -1 -1 $-1 -27.639999747293018 46.66999878920447 0.10999999999999999 0 0 -1 -0.060000252707022028 0.13747848164452847 0 1 F 0 F 0.41151347665823285 #
integer_attrib-name_attrib-gen-attrib $-1 -1 $-1 $559 $396 2 1 1 1 1 1 1 1 1 1 1 1 1 1 0 1 1 1 @3 pid 5939 #
coedge $-1 -1 -1 $-1 $561 $563 $1010 $1011 reversed $399 $-1 #
edge $1012 -1 -1 $-1 $768 0 $1013 0.30000000000000071 $561 $1014 forward @7 unknown T -27.359999999999999 46.82 0.10999999999999999 -27.059999999999953 46.82 0.10999999999999999 #
named_attribute-st-attrib $-1 -1 $1015 $-1 $562 1 1 1 1 1 1 1 1 1 1 1 1 1 1 0 1 1 1 @3 eif #
vertex $1016 -1 -1 $-1 $834 $1017 #
straight-curve $-1 -1 -1 $-1 -27.359999999999999 46.82 0.10999999999999999 0 0 1 F 0 F 0.080000000000000016 #
edge $1018 -1 -1 $-1 $1019 0 $753 0.58000000000015994 $751 $1020 forward @7 unknown T -27.640000000000072 46.819999999999965 0.079999999999964447 -27.05999999999991 46.820000000000036 0.080000000000035529 #
integer_attrib-name_attrib-gen-attrib $-1 -1 $1021 $-1 $564 2 0 0 1 1 1 1 1 1 1 1 1 1 1 0 1 1 1 @3 fif 0 #
plane-surface $-1 -1 -1 $-1 -27.379999999999995 46.82 0.13499999999999995 0 -1 0 1 0 0 forward_v I I I I #
coedge $-1 -1 -1 $-1 $568 $950 $777 $1022 forward $574 $-1 #
named_attribute-st-attrib $-1 -1 $1023 $-1 $569 1 1 1 1 1 1 1 1 1 1 1 1 1 1 0 1 1 1 @3 eif #
vertex $1024 -1 -1 $-1 $1022 $1025 #
straight-curve $-1 -1 -1 $-1 -27.769999999999996 47.294499443206263 0.310000000000001 0 0 1 F 0 F 0.10999999999999796 #
coedge $-1 -1 -1 $-1 $1026 $570 $773 $1022 reversed $608 $-1 #
coedge $-1 -1 -1 $-1 $570 $1027 $585 $797 forward $608 $-1 #
named_attribute-st-attrib $-1 -1 $1028 $-1 $571 1 1 1 1 1 1 1 1 1 1 1 1 1 1 0 1 1 1 @3 eif #
straight-curve $-1 -1 -1 $-1 -27.769999999999996 47.294499443206092 0.31 0 -1 0 F 0 F 0.044499443205977762 #
named_attribute-st-attrib $-1 -1 $1029 $-1 $573 1 1 1 1 1 1 1 1 1 1 1 1 1 1 0 1 1 1 @3 eif #
ellipse-curve $-1 -1 -1 $-1 -28.045002751691833 47.070005798560345 0.42000000000000004 0 0 -1 -0.27499724830816419 0.22449364464566024 0 1 F 0 F 0.88617361345318091 #
integer_attrib-name_attrib-gen-attrib $-1 -1 $-1 $575 $410 2 1 1 1 1 1 1 1 1 1 1 1 1 1 0 1 1 1 @3 pid 2425 #
integer_attrib-name_attrib-gen-attrib $-1 -1 $-1 $-1 $576 2 1 1 1 1 1 1 1 1 1 1 1 1 1 0 1 1 1 @3 pid 1742 #
point $-1 -1 -1 $-1 -28.045000000000002 47.425000000000004 0.42000000000000004 #
tcoedge-coedge $-1 -1 -1 $-1 $594 $581 $1030 $1031 forward $204 $1032 0 1 F #
coedge $-1 -1 -1 $-1 $1033 $1034 $581 $788 reversed $1035 $-1 #
edge $1036 -1 -1 $-1 $794 0 $1037 0.011682391337497933 $787 $1038 forward @7 unknown T -27.860000000000209 47.158317608662664 0.30999999999979272 -27.85999999999979 47.17000000000025 0.31000000000021227 #
coedge $-1 -1 -1 $-1 $1039 $582 $586 $799 reversed $791 $-1 #
coedge $-1 -1 -1 $-1 $582 $1039 $1033 $1040 reversed $791 $-1 #
loop $-1 -1 -1 $-1 $-1 $789 $1041 T -27.860048311239485 47.169951688760513 0.22995168876051195 -27.779951688760516 47.250048311239489 0.31004831123948823 unknown #
pcurve $-1 -1 -1 $-1 0 forward { exppc nubs 1 open 2 
	-1 1 -0 1 
	-0.50462454607375007 -0 
	-0.50462454607375007 1.5707963267948966 
	0.001 
	-1 
	cone -27.780000000000001 47.170000000000002 0.35036996368590001 0 0 -1 -0.080000000000000071 0 0 1 I I -0 1 0.080000000000000071 reversed I I I I 
	} 0 0 #
named_attribute-st-attrib $-1 -1 $1042 $-1 $583 1 1 1 1 1 1 1 1 1 1 1 1 1 1 0 1 1 1 @3 eif #
tvertex-vertex $1043 -1 -1 $-1 $583 $1044 1.2437006776291331e-013 #
intcurve-curve $-1 -1 -1 $-1 forward { exactcur full nubs 3 open 5 
	0 3 0.24587984805025806 1 0.50063558777631112 1 0.75489193751377215 1 1 3 
	-27.780000000000001 47.25 0.31 
	-27.790789401963501 47.249853681680086 0.30999999999999994 
	-27.811024662199387 47.245959975948267 0.31 
	-27.838184592984369 47.228096043635865 0.31 
	-27.855983426480165 47.200939815200194 0.31000000000000005 
	-27.859855599451514 47.180752426850283 0.31 
	-27.859999999999999 47.170000000000002 0.31 
	0 
	null_surface 
	null_surface 
	nullbs 
	nullbs 
	-1 
	-1 
	I I 
	0 
	0 
	3 0.24587984805025806 0.50063558777631112 0.75489193751377215 
	
	-1 
	none F F 1 F 0 } I I #
tcoedge-coedge $-1 -1 -1 $-1 $1045 $585 $1046 $1047 reversed $587 $1048 -1.0472603067476436 -0 F #
edge $1049 -1 -1 $-1 $1050 0 $418 0.054944465005078769 $585 $1051 forward @7 unknown T -27.770000000000035 47.249999999999851 0.30999999999985911 -27.715055534994939 47.250000000000149 0.31000000000015632 #
coedge $-1 -1 -1 $-1 $586 $1052 $1053 $1054 reversed $587 $-1 #
edge $1055 -1 -1 $-1 $1056 0 $589 0.080000000000016253 $789 $1057 forward @7 tangent T -27.780000000000062 47.249999999999964 0.22999999999996154 -27.77999999999999 47.250000000000036 0.31000000000003847 #
coedge $-1 -1 -1 $-1 $1058 $1059 $1060 $1061 forward $587 $-1 #
face $1062 -1 -1 $-1 $1063 $587 $5 $-1 $1064 reversed double out T -27.780000000000062 47.249998906000847 0.1099989059369109 -27.479999999995865 47.25000109399911 0.31000109406301951 F #
integer_attrib-name_attrib-gen-attrib $-1 -1 $-1 $588 $416 2 1 1 1 1 1 1 1 1 1 1 1 1 1 0 1 1 1 @3 pid 6189 #
integer_attrib-name_attrib-gen-attrib $-1 -1 $-1 $-1 $589 2 1 1 1 1 1 1 1 1 1 1 1 1 1 0 1 1 1 @3 pid 4099 #
point $-1 -1 -1 $-1 -27.780000000000026 47.25 0.3100000000000025 #
coedge $-1 -1 -1 $-1 $1030 $1065 $594 $806 reversed $1066 $-1 #
edge $1067 -1 -1 $-1 $1068 0 $812 1 $805 $1069 forward @7 unknown T -28.069743828108006 46.865000000000002 0.30999999999999406 -28.045000000000002 46.86649878877401 0.31000000000000594 #
coedge $-1 -1 -1 $-1 $1070 $595 $1065 $1071 reversed $809 $-1 #
coedge $-1 -1 -1 $-1 $595 $1070 $598 $815 reversed $809 $-1 #
loop $-1 -1 -1 $-1 $-1 $1070 $1005 T -28.080001686415795 46.827307838001204 0.22999831358420222 -28.069742141692199 46.866500475189802 0.31000168641557369 unknown #
pcurve $-1 -1 -1 $-1 0 forward { exppc nubs 1 open 2 
	-1 1 -0 1 
	-0.019999999999997433 -0 
	-0.019999999999997433 0.51193581662669585 
	0.001 
	-1 
	cone -28 46.827309524417004 0.31159999999999977 0 0 -1 -0.080000000000000071 0 0 1 I I -0 1 0.080000000000000071 reversed I I I I 
	} 0 0 #
named_attribute-st-attrib $-1 -1 $1072 $-1 $596 1 1 1 1 1 1 1 1 1 1 1 1 1 1 0 1 1 1 @3 eif #
tvertex-vertex $1073 -1 -1 $-1 $806 $1074 5.9586637833280478e-015 #
intcurve-curve $-1 -1 -1 $-1 forward { exactcur full nubs 3 open 4 
	0 3 0.33236506845879266 1 0.66782951894031772 1 1 3 
	-28.069743828107999 46.866498788774003 0.31 
	-28.07198291444211 46.862502529794476 0.31000000000000005 
	-28.075746160214848 46.854239403468902 0.31 
	-28.079228055997717 46.840932251110061 0.30999999999999994 
	-28.07999441416419 46.831887577354834 0.31000000000000005 
	-28.079999999999998 46.827309524417004 0.31 
	0 
	null_surface 
	null_surface 
	nullbs 
	nullbs 
	-1 
	-1 
	I I 
	0 
	0 
	2 0.33236506845879266 0.66782951894031772 
	
	-1 
	none F F 1 F 0 } I I #
coedge $-1 -1 -1 $-1 $599 $598 $1075 $1076 reversed $600 $-1 #
edge $1077 -1 -1 $-1 $602 0 $1078 0.079999999999997351 $598 $1079 forward @7 tangent T -28.080000000000034 46.827309524416997 0.22999999999996498 -28.079999999999963 46.827309524417068 0.31000000000003536 #
face $1080 -1 -1 $-1 $1041 $600 $5 $-1 $1081 reversed double out F F #
integer_attrib-name_attrib-gen-attrib $-1 -1 $-1 $601 $422 2 1 1 1 1 1 1 1 1 1 1 1 1 1 0 1 1 1 @3 pid 6188 #
integer_attrib-name_attrib-gen-attrib $-1 -1 $-1 $-1 $602 2 1 1 1 1 1 1 1 1 1 1 1 1 1 0 1 1 1 @3 pid 4098 #
point $-1 -1 -1 $-1 -28.079999999999998 46.827309524417032 0.31000000000000238 #
vertex $-1 -1 -1 $-1 $1076 $1082 #
straight-curve $-1 -1 -1 $-1 -28.079999999999998 46.769909417300845 0.17499999999999274 0 0 -1 I I #
rgb_color-st-attrib $-1 -1 $1083 $606 $300 2 1 2 1 1 1 1 1 1 1 1 1 1 1 0 1 1 1 0.73000001907348633 0.40000000596046448 0 #
rh_material-rh_entity $-1 -1 4 4 @5 plain @5 color -4 1 1 1 @5 phong @14 ambient factor -2 1 @14 diffuse factor -2 0.75 @15 specular factor -2 0.5 @8 exponent -2 10 @14 specular color -4 1 1 1 @4 none @5 plain @5 color -4 0 0 0 #
integer_attrib-name_attrib-gen-attrib $-1 -1 $1084 $607 $426 2 1 1 1 1 1 1 1 1 1 1 1 1 1 0 1 1 1 @3 pid 1833 #
coedge $-1 -1 -1 $-1 $1027 $1085 $1086 $1087 reversed $608 $-1 #
coedge $-1 -1 -1 $-1 $617 $610 $1088 $1089 reversed $211 $-1 #
coedge $-1 -1 -1 $-1 $1090 $1091 $610 $828 forward $1092 $-1 #
edge $1093 -1 -1 $-1 $1094 0 $832 0.31000000000000005 $827 $1095 forward @7 unknown T -27.059999999999999 46.769999999999946 0.10999999999999988 -27.059999999999924 46.770000000000003 0.41999999999999993 #
coedge $-1 -1 -1 $-1 $741 $611 $613 $834 forward $533 $-1 #
coedge $-1 -1 -1 $-1 $611 $741 $1090 $1096 forward $533 $-1 #
named_attribute-st-attrib $-1 -1 $1097 $-1 $612 1 1 1 1 1 1 1 1 1 1 1 1 1 1 0 1 1 1 @3 eif #
vertex $1098 -1 -1 $-1 $1096 $1099 #
straight-curve $-1 -1 -1 $-1 -27.059999999999999 46.770000000000003 0.10999999999999999 -1 0 0 F 0 F 0.30000000000000071 #
edge $1100 -1 -1 $-1 $615 0 $768 0.050000000000000711 $613 $1101 forward @7 unknown T -27.359999999999999 46.770000000000003 0.10999999999999999 -27.359999999999999 46.820000000000007 0.10999999999999999 #
integer_attrib-name_attrib-gen-attrib $-1 -1 $-1 $614 $430 2 1 1 1 1 1 1 1 1 1 1 1 1 1 0 1 1 1 @3 pid 4837 #
integer_attrib-name_attrib-gen-attrib $-1 -1 $-1 $-1 $615 2 1 1 1 1 1 1 1 1 1 1 1 1 1 0 1 1 1 @3 pid 3441 #
point $-1 -1 -1 $-1 -27.359999999999999 46.770000000000003 0.10999999999999999 #
coedge $-1 -1 -1 $-1 $1102 $1103 $617 $839 forward $986 $-1 #
edge $1104 -1 -1 $-1 $844 0 $1105 0.44411542731899978 $838 $1106 forward @7 unknown T -27.659999999999997 46.769999999999946 0.50999999999985635 -27.215884572680999 46.770000000000003 0.51000000000000001 #
coedge $-1 -1 -1 $-1 $1107 $618 $1103 $1108 reversed $842 $-1 #
coedge $-1 -1 -1 $-1 $618 $1107 $620 $846 forward $842 $-1 #
loop $-1 -1 -1 $-1 $-1 $840 $985 T -27.710000000000157 46.769999999999911 0.46000000000001118 -27.65999999999983 48.4450000000001 0.51000000000000001 unknown #
named_attribute-st-attrib $-1 -1 $1109 $-1 $619 1 1 1 1 1 1 1 1 1 1 1 1 1 1 0 1 1 1 @3 eif #
vertex $1110 -1 -1 $-1 $1108 $1111 #
straight-curve $-1 -1 -1 $-1 -27.710000000000157 46.770000000000003 0.46000000000007391 0.70710678118984904 0 0.7071067811832461 F 5.1028004955074142e-016 F 0.070710678118552292 #
edge $1112 -1 -1 $-1 $1113 0 $622 1.6750000000001899 $620 $1114 forward @7 unknown T -27.71000000000015 46.769999999999911 0.46000000000001118 -27.70999999999993 48.4450000000001 0.46000000000012686 #
integer_attrib-name_attrib-gen-attrib $-1 -1 $-1 $621 $433 2 1 1 1 1 1 1 1 1 1 1 1 1 1 0 1 1 1 @3 pid 4843 #
integer_attrib-name_attrib-gen-attrib $-1 -1 $-1 $-1 $622 2 1 1 1 1 1 1 1 1 1 1 1 1 1 0 1 1 1 @3 pid 3446 #
point $-1 -1 -1 $-1 -27.71000000000015 46.769999999999953 0.46000000000001118 #
render-rbase-attrib $-1 -1 $1115 $624 $305 1 1 1 1 1 1 1 1 1 1 1 1 0 1 0 1 1 1 $1116 $-1 0 2 0 -1 0 1 0 0 0 0 1 -36.899999999999999 52.719999999999999 0.079999999999999988 1 rotate no_reflect no_shear #
integer_attrib-name_attrib-gen-attrib $-1 -1 $1117 $625 $435 2 1 1 1 1 1 1 1 1 1 1 1 1 1 0 1 1 1 @3 pid 1221 #
integer_attrib-name_attrib-gen-attrib $-1 -1 $1118 $-1 $626 2 0 0 1 1 1 1 1 1 1 1 1 1 1 0 1 1 1 @3 fif 0 #
face $1119 -1 -1 $-1 $1120 $1121 $5 $-1 $1122 forward double out T -28.260000000000105 47.71550055679382 0.30999999999999994 -28.259999999999998 48.164499443206147 0.42000000000000393 F #
cone-surface $-1 -1 -1 $-1 -27.984999999999999 47.939999999999998 0.26963003631409999 0 0 1 0 -0.35499999999999954 0 1 I I -0 1 0.35499999999999954 reversed I I I I #
coedge $-1 -1 -1 $-1 $1123 $629 $1124 $1125 forward $149 $-1 #
coedge $-1 -1 -1 $-1 $1126 $1127 $629 $857 forward $1121 $-1 #
edge $1128 -1 -1 $-1 $1129 0 $860 0.44899888641218055 $629 $1130 forward @7 unknown T -28.259999999999998 47.715500556793899 0.42000000000000004 -28.259999999999998 48.164499443206083 0.42000000000000393 #
coedge $-1 -1 -1 $-1 $630 $863 $1126 $1131 forward $633 $-1 #
named_attribute-st-attrib $-1 -1 $1132 $-1 $631 1 1 1 1 1 1 1 1 1 1 1 1 1 1 0 1 1 1 @3 eif #
vertex $1133 -1 -1 $-1 $631 $1134 #
ellipse-curve $-1 -1 -1 $-1 -27.985002751689969 47.939994201443596 0.42000000000000004 0 0 -1 2.7516899674395741e-006 -0.35499420144359739 0 1 F 0 F 0.88617361344265866 #
coedge $-1 -1 -1 $-1 $1135 $632 $1136 $1137 reversed $633 $-1 #
coedge $-1 -1 -1 $-1 $858 $1138 $1139 $1140 reversed $633 $-1 #
integer_attrib-name_attrib-gen-attrib $-1 -1 $-1 $634 $445 2 1 1 1 1 1 1 1 1 1 1 1 1 1 0 1 1 1 @3 pid 2700 #
integer_attrib-name_attrib-gen-attrib $-1 -1 $-1 $-1 $635 2 1 1 1 1 1 1 1 1 1 1 1 1 1 0 1 1 1 @3 pid 2007 #
point $-1 -1 -1 $-1 -27.985000000000003 47.585000000000001 0.42000000000000004 #
coedge $-1 -1 -1 $-1 $637 $873 $1141 $1142 reversed $447 $-1 #
coedge $-1 -1 -1 $-1 $1143 $1136 $637 $869 forward $1144 $-1 #
edge $1145 -1 -1 $-1 $871 0 $1146 0.44899888641199937 $868 $1147 forward @7 unknown T -27.710000000000001 47.715500556794005 0.30999999999999994 -27.710000000000001 48.164499443206005 0.30999999999999994 #
named_attribute-st-attrib $-1 -1 $1148 $-1 $638 1 1 1 1 1 1 1 1 1 1 1 1 1 1 0 1 1 1 @3 eif #
vertex $1149 -1 -1 $-1 $869 $1150 #
straight-curve $-1 -1 -1 $-1 -27.710000000000001 47.71550055679382 0.41999999999999893 0 0 -1 F 0 F 0.10999999999999796 #
coedge $-1 -1 -1 $-1 $867 $639 $1151 $1152 forward $447 $-1 #
coedge $-1 -1 -1 $-1 $1153 $1154 $639 $875 forward $1155 $-1 #
edge $1156 -1 -1 $-1 $1157 0 $1113 0.040000000000034452 $874 $1158 forward @7 unknown T -27.710000000000001 48.445 0.41999999999998605 -27.70999999999993 48.445 0.4600000000000205 #
coedge $-1 -1 -1 $-1 $644 $1159 $694 $939 forward $149 $-1 #
coedge $-1 -1 -1 $-1 $1160 $1161 $644 $878 forward $976 $-1 #
edge $1162 -1 -1 $-1 $883 0 $1163 0.40000000000017444 $877 $1164 forward @7 unknown T -30.050000000000274 48.759999999999962 0.41999999999999993 -29.649999999999917 48.760000000000005 0.42000000000000004 #
coedge $-1 -1 -1 $-1 $923 $645 $1161 $1165 reversed $881 $-1 #
coedge $-1 -1 -1 $-1 $645 $923 $647 $885 forward $881 $-1 #
loop $-1 -1 -1 $-1 $-1 $879 $975 T -29.650000000000176 47.750000000000057 0.07999999999999996 -28.499999999999815 48.760000000000005 0.42000000000000004 unknown #
named_attribute-st-attrib $-1 -1 $1166 $-1 $646 1 1 1 1 1 1 1 1 1 1 1 1 1 1 0 1 1 1 @3 eif #
vertex $1167 -1 -1 $-1 $878 $1168 #
straight-curve $-1 -1 -1 $-1 -29.650000000000176 48.759999999999799 0.42000000000000004 0.75136121102136066 -0.65989115054872083 0 F 8.124173385731544e-017 F 1.5305554547287732 #
edge $1169 -1 -1 $-1 $926 -1.160089566501488e-029 $650 0.33999999999999997 $647 $1170 forward @7 unknown T -28.5 47.750000000000057 0.07999999999999996 -28.499999999999996 47.750000000000362 0.41999999999999993 #
edge $-1 -1 -1 $-1 $460 -0.25500000000000722 $687 0.084999999999992804 $648 $1171 forward @7 unknown F #
face $1172 -1 -1 $-1 $305 $649 $5 $-1 $1173 reversed double out F F #
integer_attrib-name_attrib-gen-attrib $-1 -1 $-1 $-1 $650 2 1 1 1 1 1 1 1 1 1 1 1 1 1 0 1 1 1 @3 pid 1836 #
point $-1 -1 -1 $-1 -28.499999999999996 47.750000000000234 0.41999999999999993 #
string_attrib-name_attrib-gen-attrib $-1 -1 $-1 $654 $222 2 1 2 1 1 1 1 1 1 1 1 1 1 1 0 1 1 1 @15 ATTRIB_XACIS_ID @5 44216 #
render-rbase-attrib $-1 -1 $1174 $656 $323 1 1 1 1 1 1 1 1 1 1 1 1 0 1 0 1 1 1 $1175 $-1 0 2 0 -1 0 1 0 0 0 0 1 -36.899999999999999 52.719999999999999 0.079999999999999988 1 rotate no_reflect no_shear #
tcoedge-coedge $-1 -1 -1 $-1 $1176 $1053 $657 $893 forward $912 $1177 0 0.73191375729693775 F #
tedge-edge $1178 -1 -1 $-1 $898 0 $1179 0.73191375729693775 $657 $1180 forward @7 unknown F -1 #
pcurve $-1 -1 -1 $-1 0 forward { exppc nubs 1 open 2 
	-1 1 -0 1 
	-0.11371820756591539 3.1415926535897931 
	-0.11371820756591539 1.0390465880587625 
	0.001 
	-1 
	cone -28.044999999999998 47.07 0.27036996368589999 0 0 -1 0 0.35500000000000043 0 1 I I 0 -1 0.35500000000000043 reversed I I I I 
	} 0 0 #
coedge $-1 -1 -1 $-1 $1181 $658 $1052 $1182 forward $662 $-1 #
pcurve $-1 -1 -1 $-1 0 forward { exppc nurbs 2 open 2 
	0 2 1.0390152864200524 2 
	0.045000000000008811 -0.13247223250256113 1 
	0.045003177632529479 0.070560752161442863 0.86806371679115768 
	0.22000000000004238 0.17350979311348169 1 
	1e-008 
	-1 
	plane -27.912527767497508 47.470000000000049 0.22999999999999998 0 0 1 0 -1 0 forward_v I I I I 
	} 0 0 #
named_attribute-st-attrib $-1 -1 $1183 $-1 $659 1 1 1 1 1 1 1 1 1 1 1 1 1 1 0 1 1 1 @3 eif #
tvertex-vertex $1184 -1 -1 $-1 $659 $1185 7.2937433283633807e-014 #
ellipse-curve $-1 -1 -1 $-1 -28.045005556192905 47.069990285170434 0.22999999999999998 0 0 -1 5.5561928373748515e-006 0.35500971482960875 0 1 F 0 F 1.0390152864200524 #
coedge $-1 -1 -1 $-1 $661 $1186 $1187 $1188 forward $662 $-1 #
coedge $-1 -1 -1 $-1 $1189 $666 $661 $902 reversed $744 $-1 #
edge $1190 -1 -1 $-1 $1191 0 $470 0.18873647815103745 $901 $1192 forward @7 unknown T -28.110000000000099 47.418998567332039 0.22999999999999998 -28.109999999999999 47.607735045483082 0.22999999999999998 #
face $1193 -1 -1 $-1 $1194 $662 $5 $-1 $1195 forward double out T -28.110000000000102 47.249998522394499 0.22999852239448776 -27.715055534994953 47.69000000000036 0.23000147760550974 F #
integer_attrib-name_attrib-gen-attrib $-1 -1 $-1 $663 $467 2 1 1 1 1 1 1 1 1 1 1 1 1 1 0 1 1 1 @3 pid 5610 #
integer_attrib-name_attrib-gen-attrib $-1 -1 $-1 $-1 $664 2 1 1 1 1 1 1 1 1 1 1 1 1 1 0 1 1 1 @3 pid 3751 #
point $-1 -1 -1 $-1 -28.045000000000069 47.42500000000004 0.22999999999999998 #
named_attribute-st-attrib $-1 -1 $1196 $-1 $667 1 1 1 1 1 1 1 1 1 1 1 1 1 1 0 1 1 1 @3 eif #
straight-curve $-1 -1 -1 $-1 -28.109999999999999 47.418998567332004 0.22999999999999998 0 -1 0 F 0 F 0.15457634637999984 #
integer_attrib-name_attrib-gen-attrib $-1 -1 $1197 $671 $472 2 1 1 1 1 1 1 1 1 1 1 1 1 1 0 1 1 1 @3 pid 2122 #
integer_attrib-name_attrib-gen-attrib $-1 -1 $1198 $-1 $672 2 1 1 1 1 1 1 1 1 1 1 1 1 1 0 1 1 1 @3 pid 2124 #
face $1199 -1 -1 $-1 $1200 $1201 $5 $-1 $1202 reversed double out T -28.820000000065161 48.346568542418041 0.10999999993479646 -28.796568542417962 48.403137085001106 0.16000000006385492 F #
loop $-1 -1 -1 $-1 $-1 $1176 $672 F unknown #
plane-surface $-1 -1 -1 $-1 -27.88491800171656 46.982500000000002 0.22999999999999998 0 0 1 0 1 0 forward_v I I I I #
edge $-1 -1 -1 $-1 $1179 -0.074985348844225835 $917 0.075014651155774159 $674 $1203 forward @7 unknown F #
pcurve $-1 -1 -1 $-1 0 forward { exppc nubs 3 open 11 
	-1 3 -0.90202540474016057 1 -0.80154240742869076 1 -0.70101337065861846 1 -0.60061912727596034 1 
	-0.50016915195973732 1 -0.39972899456160582 1 -0.29933292576241399 1 -0.19883391831950373 1 -0.098255673097002047 1 
	-0 3 
	-2.6724999999999994 2.5449999999999999 
	-2.6727600270571834 2.582539914604828 
	-2.6837992545994167 2.6546370461186868 
	-2.73450512731009 2.755884894163998 
	-2.8143569918604392 2.8362555816373156 
	-2.9153141543762926 2.8880660912689642 
	-3.0273031470014011 2.9059314327630208 
	-3.1393122851544311 2.8881886674966957 
	-3.2403123982420476 2.8364938854369779 
	-3.3202772025100522 2.7562019289229056 
	-3.3711421033898024 2.6548799479181699 
	-3.3822355444914018 2.5826534929055267 
	-3.3824999999999994 2.5449999999999999 
	0 
	0 
	plane -30.589999999999996 44.042500000000004 0.079999999999999988 0 0 -1 0 -1 0 reverse_v I I I I 
	} 0 0 #
named_attribute-st-attrib $-1 -1 $1204 $-1 $676 1 1 1 1 1 1 1 1 1 1 1 1 1 1 0 1 1 1 @3 eif #
tvertex-vertex $-1 -1 -1 $-1 $998 $1205 5.0943157525296101e-005 #
intcurve-curve $-1 -1 -1 $-1 forward { exactcur full nubs 3 open 11 
	0 3 0.098255673097002047 1 0.19883391831950373 1 0.29933292576241399 1 0.39972899456160582 1 
	0.50016915195973732 1 0.60061912727596034 1 0.70101337065861846 1 0.80154240742869076 1 0.90202540474016057 1 
	1 3 
	-28.044999999999998 47.424999999999997 0.079999999999999988 
	-28.007346507094471 47.424735544491405 0.079999999999999988 
	-27.935120052081828 47.413642103389805 0.079999999999999988 
	-27.833798071077091 47.362777202510053 0.079999999999999988 
	-27.75350611456302 47.282812398242051 0.079999999999999988 
	-27.701811332503304 47.181812285154436 0.079999999999999988 
	-27.684068567236977 47.069803147001402 0.079999999999999988 
	-27.701933908731036 46.957814154376294 0.079999999999999988 
	-27.753744418362682 46.85685699186044 0.079999999999999988 
	-27.834115105835998 46.77700512731009 0.079999999999999988 
	-27.93536295388131 46.726299254599418 0.079999999999999988 
	-28.00746008539517 46.715260027057184 0.079999999999999988 
	-28.044999999999998 46.715000000000003 0.079999999999999988 
	0 
	null_surface 
	null_surface 
	nullbs 
	nullbs 
	-1 
	-1 
	I I 
	0 
	0 
	9 0.098255673097002047 0.19883391831950373 0.29933292576241399 0.39972899456160582 0.50016915195973732 0.60061912727596034 0.70101337065861846 0.80154240742869076 0.90202540474016057 
	
	-1 
	none F F 1 F 0 } I I #
integer_attrib-name_attrib-gen-attrib $-1 -1 $-1 $678 $481 2 1 1 1 1 1 1 1 1 1 1 1 1 1 0 1 1 1 @3 pid 3649 #
integer_attrib-name_attrib-gen-attrib $-1 -1 $-1 $-1 $679 2 1 1 1 1 1 1 1 1 1 1 1 1 1 0 1 1 1 @3 pid 2665 #
point $-1 -1 -1 $-1 -28.044999999999998 47.424999999999997 0.079999999999999988 #
coedge $-1 -1 -1 $-1 $937 $684 $1206 $1207 reversed $340 $-1 #
coedge $-1 -1 -1 $-1 $880 $879 $684 $924 forward $881 $-1 #
edge $1208 -1 -1 $-1 $1209 9.6935228033557931e-026 $926 1.5305554547287692 $684 $1210 forward @7 unknown T -29.650000000000176 47.750000000000057 0.07999999999999996 -28.499999999999819 48.760000000000005 0.079999999999999988 #
named_attribute-st-attrib $-1 -1 $1211 $-1 $686 1 1 1 1 1 1 1 1 1 1 1 1 1 1 0 1 1 1 @3 eif #
vertex $1212 -1 -1 $-1 $924 $1213 #
straight-curve $-1 -1 -1 $-1 -28.5 47.750000000000107 0.079999999999999988 0 -1 0 F 0 F 1.4700000000001037 #
point $-1 -1 -1 $-1 -28.5 46.769909417300845 0.079999999999999988 #
coedge $-1 -1 -1 $-1 $1214 $689 $1215 $1216 reversed $488 $-1 #
coedge $-1 -1 -1 $-1 $689 $1214 $1217 $1218 reversed $488 $-1 #
tcoedge-coedge $-1 -1 -1 $-1 $1217 $1215 $689 $932 forward $1219 $1220 0 1 F #
tedge-edge $1221 -1 -1 $-1 $1222 0 $1223 1 $689 $1224 forward @7 unknown T -28.34121400841649 47.715449854116741 0.079949297322811086 -28.259949297322812 48.16455014588319 0.080050702677185628 5.0702677185636027e-005 #
pcurve $-1 -1 -1 $-1 0 forward { exppc nubs 3 open 6 
	-1 3 -0.802319345141842 1 -0.60096402599296261 1 -0.39945354132937078 1 -0.1979688251651236 1 
	-0 3 
	-4.1219994432060005 2.3299999999999983 
	-4.0964946885630198 2.3093823696090219 
	-4.0418822343553957 2.2758489346456994 
	-3.9469099238161105 2.2488654609539598 
	-3.8482740206643431 2.2488366942606941 
	-3.7532202492294209 2.2757940917692991 
	-3.6985446824988806 2.3093514642059976 
	-3.6730005567940003 2.3299999999999983 
	0 
	0 
	plane -30.589999999999996 44.042500000000004 0.079999999999999988 0 0 -1 0 -1 0 reverse_v I I I I 
	} 0 0 #
rh_material-rh_entity $-1 -1 4 4 @5 plain @5 color -4 1 1 1 @5 phong @14 ambient factor -2 1 @14 diffuse factor -2 0.75 @15 specular factor -2 0.5 @8 exponent -2 10 @14 specular color -4 1 1 1 @4 none @5 plain @5 color -4 0 0 0 #
render-rbase-attrib $-1 -1 $-1 $692 $346 1 1 1 1 1 1 1 1 1 1 1 1 0 1 0 1 1 1 $1225 $-1 0 2 0 -1 0 1 0 0 0 0 1 -36.899999999999999 52.719999999999999 0.079999999999999988 1 rotate no_reflect no_shear #
coedge $-1 -1 -1 $-1 $694 $693 $1160 $1226 forward $347 $-1 #
coedge $-1 -1 -1 $-1 $1227 $922 $693 $938 reversed $340 $-1 #
edge $-1 -1 -1 $-1 $940 1.106905971819641 $1228 1.1335784048754634 $937 $1229 forward @7 unknown F #
edge $-1 -1 -1 $-1 $941 1.1069059718196457 $1163 1.1335784048754562 $694 $1230 forward @7 unknown T -30.0700000000001 48.742352941176705 0.41999999999999993 -30.050000000000168 48.76000000000019 0.42000000000000004 #
vertex $-1 -1 -1 $-1 $938 $1231 #
vertex $-1 -1 -1 $-1 $939 $1232 #
straight-curve $-1 -1 -1 $-1 -30.0700000000001 48.742352941176698 0.16499999999999276 -0 7.8395798419224823e-017 1 I I #
edge $1233 -1 -1 $-1 $701 0 $704 0.080000000000016253 $742 $1234 forward @7 unknown T -28.110000000000227 47.264422220951772 0.22999999999977158 -28.109999999999772 47.264422220952227 0.31000000000022659 #
integer_attrib-name_attrib-gen-attrib $-1 -1 $-1 $700 $500 2 1 1 1 1 1 1 1 1 1 1 1 1 1 0 1 1 1 @3 pid 7046 #
integer_attrib-name_attrib-gen-attrib $-1 -1 $-1 $-1 $701 2 1 1 1 1 1 1 1 1 1 1 1 1 1 0 1 1 1 @3 pid 4681 #
point $-1 -1 -1 $-1 -28.109999999999999 47.264422220952 0.22999999999999998 #
integer_attrib-name_attrib-gen-attrib $-1 -1 $-1 $703 $502 2 1 1 1 1 1 1 1 1 1 1 1 1 1 0 1 1 1 @3 pid 6206 #
integer_attrib-name_attrib-gen-attrib $-1 -1 $-1 $-1 $704 2 1 1 1 1 1 1 1 1 1 1 1 1 1 0 1 1 1 @3 pid 4109 #
point $-1 -1 -1 $-1 -28.109999999999999 47.264422220952 0.30999999999999994 #
coedge $-1 -1 -1 $-1 $773 $706 $1026 $1235 forward $574 $-1 #
named_attribute-st-attrib $-1 -1 $1236 $-1 $707 1 1 1 1 1 1 1 1 1 1 1 1 1 1 0 1 1 1 @3 eif #
ellipse-curve $-1 -1 -1 $-1 -28.044999078233694 47.069998445202458 0.30999999999999994 0 0 1 -0.065000921766307229 0.34900012212954135 0 1 F 0 F 0.70201720202029771 #
string_attrib-name_attrib-gen-attrib $-1 -1 $-1 $708 $168 2 1 2 1 1 1 1 1 1 1 1 1 1 1 0 1 1 1 @15 ATTRIB_XACIS_ID @5 42360 #
rgb_color-st-attrib $-1 -1 $1237 $710 $248 2 1 2 1 1 1 1 1 1 1 1 1 1 1 0 1 1 1 0.73000001907348633 0.40000000596046448 0 #
rh_material-rh_entity $-1 -1 4 4 @5 plain @5 color -4 1 1 1 @5 phong @14 ambient factor -2 1 @14 diffuse factor -2 0.75 @15 specular factor -2 0.5 @8 exponent -2 10 @14 specular color -4 1 1 1 @4 none @5 plain @5 color -4 0 0 0 #
render-rbase-attrib $-1 -1 $1238 $711 $359 1 1 1 1 1 1 1 1 1 1 1 1 0 1 0 1 1 1 $1239 $-1 0 2 0 -1 0 1 0 0 0 0 1 -36.899999999999999 52.719999999999999 0.079999999999999988 1 rotate no_reflect no_shear #
integer_attrib-name_attrib-gen-attrib $-1 -1 $1240 $712 $511 2 1 1 1 1 1 1 1 1 1 1 1 1 1 0 1 1 1 @3 pid 2588 #
integer_attrib-name_attrib-gen-attrib $-1 -1 $1241 $-1 $713 2 0 0 1 1 1 1 1 1 1 1 1 1 1 0 1 1 1 @3 fif 0 #
face $1242 -1 -1 $-1 $1243 $1244 $5 $-1 $1245 reversed double out T -27.860000000000262 47.770000000000003 0.22999999999973458 -27.859999999999737 47.777519231907213 0.3100000000002639 F #
loop $-1 -1 -1 $-1 $-1 $1246 $713 T -27.490090583900251 47.719909433173314 0.18991842761685515 -27.339909411814745 47.870090588185256 0.51009058818525221 unknown #
cone-surface $-1 -1 -1 $-1 -27.339999999999996 47.719999999999999 0.55036996368589974 0 0 -1 -0.15000000000000036 0 0 1 I I -0 1 0.15000000000000036 reversed I I I I #
coedge $-1 -1 -1 $-1 $1247 $1248 $1249 $1250 reversed $714 $-1 #
coedge $-1 -1 -1 $-1 $1251 $716 $1252 $1253 forward $512 $-1 #
coedge $-1 -1 -1 $-1 $716 $1254 $1255 $1256 forward $512 $-1 #
tcoedge-coedge $-1 -1 -1 $-1 $1257 $1258 $716 $966 forward $1259 $1260 0 1 F #
tedge-edge $1261 -1 -1 $-1 $1262 0 $1263 1 $716 $1264 forward @7 unknown T -27.490081572383207 47.082441156767793 0.18991842761679031 -27.399918427616793 47.220081572383208 0.19008157238320603 8.1572383206025001e-005 #
pcurve $-1 -1 -1 $-1 0 forward { exppc nubs 1 open 2 
	-1 1 -0 1 
	-2.4024664245726597 0.41151684606662553 
	-2.4024664245726597 1.5707963267948908 
	0.001 
	-1 
	cone -27.339999999999996 47.219999999999999 0.55036996368589974 0 0 -1 0 -0.15000000000000036 0 1 I I 0 -1 0.15000000000000036 reversed I I I I 
	} 0 0 #
integer_attrib-name_attrib-gen-attrib $-1 -1 $-1 $717 $515 2 1 1 1 1 1 1 1 1 1 1 1 1 1 0 1 1 1 @3 pid 4215 #
integer_attrib-name_attrib-gen-attrib $-1 -1 $-1 $-1 $718 2 1 1 1 1 1 1 1 1 1 1 1 1 1 0 1 1 1 @3 pid 1741 #
point $-1 -1 -1 $-1 -28.320000000000114 47.294499443206121 0.42000000000000337 #
integer_attrib-name_attrib-gen-attrib $-1 -1 $-1 $723 $519 2 1 1 1 1 1 1 1 1 1 1 1 1 1 0 1 1 1 @3 pid 2423 #
render-rbase-attrib $-1 -1 $1265 $728 $366 1 1 1 1 1 1 1 1 1 1 1 1 0 1 0 1 1 1 $1266 $-1 0 2 0 -1 0 1 0 0 0 0 1 -36.899999999999999 52.719999999999999 0.079999999999999988 1 rotate no_reflect no_shear #
integer_attrib-name_attrib-gen-attrib $-1 -1 $1267 $729 $524 2 1 1 1 1 1 1 1 1 1 1 1 1 1 0 1 1 1 @3 pid 1000 #
integer_attrib-name_attrib-gen-attrib $-1 -1 $1268 $-1 $730 2 0 0 1 1 1 1 1 1 1 1 1 1 1 0 1 1 1 @3 fif 0 #
face $1269 -1 -1 $-1 $887 $881 $5 $-1 $1270 forward double out T -29.650000000000176 47.750000000000057 0.07999999999999996 -28.499999999999815 48.760000000000005 0.42000000000000004 F #
loop $-1 -1 -1 $-1 $-1 $1160 $730 T -30.05000000000042 48.759999999999962 0.07999999999999996 -29.649999999999913 48.760000000000005 0.42000000000000004 unknown #
plane-surface $-1 -1 -1 $-1 -29.850000000000005 48.760000000000005 0.25 0 -1 0 1 0 0 forward_v I I I I #
rgb_color-st-attrib $-1 -1 $1271 $732 $372 2 1 2 1 1 1 1 1 1 1 1 1 1 1 0 1 1 1 0.73000001907348633 0.40000000596046448 0 #
string_attrib-name_attrib-gen-attrib $-1 -1 $-1 $733 $180 2 1 2 1 1 1 1 1 1 1 1 1 1 1 0 1 1 1 @15 ATTRIB_XACIS_ID @5 45471 #
rgb_color-st-attrib $-1 -1 $1272 $735 $266 2 1 2 1 1 1 1 1 1 1 1 1 1 1 0 1 1 1 0.73000001907348633 0.40000000596046448 0 #
rh_material-rh_entity $-1 -1 4 4 @5 plain @5 color -4 1 1 1 @5 phong @14 ambient factor -2 1 @14 diffuse factor -2 0.75 @15 specular factor -2 0.5 @8 exponent -2 10 @14 specular color -4 1 1 1 @4 none @5 plain @5 color -4 0 0 0 #
render-rbase-attrib $-1 -1 $1273 $736 $377 1 1 1 1 1 1 1 1 1 1 1 1 0 1 0 1 1 1 $1274 $-1 0 2 0 -1 0 1 0 0 0 0 1 -36.899999999999999 52.719999999999999 0.079999999999999988 1 rotate no_reflect no_shear #
integer_attrib-name_attrib-gen-attrib $-1 -1 $1275 $737 $532 2 1 1 1 1 1 1 1 1 1 1 1 1 1 0 1 1 1 @3 pid 2011 #
integer_attrib-name_attrib-gen-attrib $-1 -1 $1276 $-1 $738 2 0 0 1 1 1 1 1 1 1 1 1 1 1 0 1 1 1 @3 fif 0 #
face $1277 -1 -1 $-1 $1278 $842 $5 $-1 $1279 forward double out T -27.710000000000157 46.769999999999911 0.46000000000001118 -27.65999999999983 48.4450000000001 0.51000000000000001 F #
loop $-1 -1 -1 $-1 $-1 $838 $738 T -27.714115427319001 46.769999999999946 0.50990941181472738 -27.215884572680782 48.835000000000086 0.51009058818525221 unknown #
plane-surface $-1 -1 -1 $-1 -27.465 47.802500000000002 0.51000000000000001 0 0 1 0 -1 0 forward_v I I I I #
coedge $-1 -1 -1 $-1 $1088 $1280 $1102 $1281 forward $739 $-1 #
coedge $-1 -1 -1 $-1 $743 $1282 $1283 $1284 reversed $744 $-1 #
coedge $-1 -1 -1 $-1 $1285 $1026 $743 $991 forward $608 $-1 #
edge $1286 -1 -1 $-1 $746 0 $1287 0.18873647815096817 $743 $1288 forward @7 unknown T -28.110000000000049 47.418998567332004 0.30999999999999994 -28.109999999999999 47.607735045483061 0.3100000000000025 #
face $1289 -1 -1 $-1 $168 $744 $5 $-1 $1290 forward double out T -28.110000000000227 47.264422220951772 0.22999999999977158 -28.109999999999772 47.777519231907235 0.31000000000022659 F #
integer_attrib-name_attrib-gen-attrib $-1 -1 $-1 $745 $536 2 1 1 1 1 1 1 1 1 1 1 1 1 1 0 1 1 1 @3 pid 6204 #
integer_attrib-name_attrib-gen-attrib $-1 -1 $-1 $-1 $746 2 1 1 1 1 1 1 1 1 1 1 1 1 1 0 1 1 1 @3 pid 3099 #
point $-1 -1 -1 $-1 -28.109999999999999 47.418998567332004 0.30999999999999994 #
named_attribute-st-attrib $-1 -1 $1291 $-1 $749 1 1 1 1 1 1 1 1 1 1 1 1 1 1 0 1 1 1 @3 eif #
straight-curve $-1 -1 -1 $-1 -27.640000000000001 46.82 0.079999999999999807 0 0 1 F -1.8431436932253575e-018 F 0.029999999999999229 #
edge $-1 -1 -1 $-1 $917 1.4721083360124716 $544 1.5756277851644072 $750 $1292 forward @7 unknown T -27.855442607145054 46.769858474143312 0.079949056842474692 -27.751860077170019 46.769960360458363 0.080050943157525284 #
coedge $-1 -1 -1 $-1 $751 $1293 $1294 $1295 reversed $340 $-1 #
integer_attrib-name_attrib-gen-attrib $-1 -1 $-1 $-1 $753 2 1 1 1 1 1 1 1 1 1 1 1 1 1 0 1 1 1 @3 pid 2852 #
point $-1 -1 -1 $-1 -27.640000000000036 46.82 0.079999999999999988 #
named_attribute-st-attrib $-1 -1 $1296 $-1 $756 1 1 1 1 1 1 1 1 1 1 1 1 1 1 0 1 1 1 @3 eif #
straight-curve $-1 -1 -1 $-1 -27.639999999999958 46.82 0.10999999999999999 -1 0 0 F 0 F 0.060000000000083986 #
integer_attrib-name_attrib-gen-attrib $-1 -1 $1297 $-1 $757 2 0 0 1 1 1 1 1 1 1 1 1 1 1 0 1 1 1 @3 fif 0 #
face $1298 -1 -1 $-1 $816 $809 $5 $-1 $1299 forward double out T -28.080001686415795 46.827307838001204 0.22999831358420222 -28.069742141692199 46.866500475189802 0.31000168641557369 F #
plane-surface $-1 -1 -1 $-1 -27.669999999999998 46.8137386354245 0.10999999999999999 0 0 1 0 -1 0 forward_v I I I I #
integer_attrib-name_attrib-gen-attrib $-1 -1 $-1 $761 $556 2 1 1 1 1 1 1 1 1 1 1 1 1 1 0 1 1 1 @3 pid 5944 #
integer_attrib-name_attrib-gen-attrib $-1 -1 $-1 $-1 $762 2 1 1 1 1 1 1 1 1 1 1 1 1 1 0 1 1 1 @3 pid 3946 #
point $-1 -1 -1 $-1 -27.639999999999958 46.820000000000007 0.10999999999999999 #
coedge $-1 -1 -1 $-1 $1294 $1090 $765 $1011 forward $1092 $-1 #
edge $1300 -1 -1 $-1 $1013 -1.0408340855860843e-017 $1019 0.029999999999999964 $1010 $1301 forward @7 unknown T -27.059999999999999 46.82 0.079999999999999974 -27.059999999999953 46.82 0.10999999999999999 #
named_attribute-st-attrib $-1 -1 $1302 $-1 $766 1 1 1 1 1 1 1 1 1 1 1 1 1 1 0 1 1 1 @3 eif #
vertex $1303 -1 -1 $-1 $1011 $1304 #
straight-curve $-1 -1 -1 $-1 -27.359999999999999 46.82 0.10999999999999999 1 0 0 F 0 F 0.30000000000000071 #
integer_attrib-name_attrib-gen-attrib $-1 -1 $-1 $767 $562 2 1 1 1 1 1 1 1 1 1 1 1 1 1 0 1 1 1 @3 pid 5937 #
integer_attrib-name_attrib-gen-attrib $-1 -1 $-1 $-1 $768 2 1 1 1 1 1 1 1 1 1 1 1 1 1 0 1 1 1 @3 pid 3942 #
point $-1 -1 -1 $-1 -27.359999999999999 46.82 0.10999999999999999 #
named_attribute-st-attrib $-1 -1 $1305 $-1 $770 1 1 1 1 1 1 1 1 1 1 1 1 1 1 0 1 1 1 @3 eif #
vertex $1306 -1 -1 $-1 $1295 $1307 #
straight-curve $-1 -1 -1 $-1 -27.05999999999991 46.82 0.079999999999999988 -1 0 0 F 0 F 0.58000000000015994 #
integer_attrib-name_attrib-gen-attrib $-1 -1 $1308 $771 $564 2 1 1 1 1 1 1 1 1 1 1 1 1 1 0 1 1 1 @3 pid 1740 #
edge $1309 -1 -1 $-1 $1310 0 $775 0.88617361344827539 $777 $1311 forward @7 unknown T -28.045000000000069 47.294499443206014 0.31 -27.769999999999943 47.425000000010705 0.31000000000000105 #
integer_attrib-name_attrib-gen-attrib $-1 -1 $-1 $774 $569 2 1 1 1 1 1 1 1 1 1 1 1 1 1 0 1 1 1 @3 pid 4208 #
integer_attrib-name_attrib-gen-attrib $-1 -1 $-1 $-1 $775 2 1 1 1 1 1 1 1 1 1 1 1 1 1 0 1 1 1 @3 pid 3093 #
point $-1 -1 -1 $-1 -27.769999999999971 47.294499443206057 0.31000000000000105 #
coedge $-1 -1 -1 $-1 $990 $777 $950 $1235 reversed $608 $-1 #
coedge $-1 -1 -1 $-1 $778 $825 $1312 $1313 reversed $608 $-1 #
integer_attrib-name_attrib-gen-attrib $-1 -1 $-1 $779 $571 2 1 1 1 1 1 1 1 1 1 1 1 1 1 0 1 1 1 @3 pid 4209 #
integer_attrib-name_attrib-gen-attrib $-1 -1 $-1 $781 $573 2 1 1 1 1 1 1 1 1 1 1 1 1 1 0 1 1 1 @3 pid 2424 #
tcoedge-coedge $-1 -1 -1 $-1 $1314 $805 $786 $1031 reversed $1066 $1315 -1 -0 F #
tedge-edge $1316 -1 -1 $-1 $1037 0 $1068 1 $1030 $1317 forward @7 unknown T -28.045064744658358 46.864935255341649 0.30993525534164384 -27.837454209018876 47.15838235332135 0.31006474465835859 6.4744658356087313e-005 #
pcurve $-1 -1 -1 $-1 0 forward { exppc nubs 3 open 7 
	0 3 0.16390162620435139 1 0.33221045964319296 1 0.50025325538788612 1 0.6683498159860618 1 
	0.8364728431796884 1 1 3 
	-0.17581760866300034 0.06499999999999595 
	-0.15463513457534184 0.074889513556785303 
	-0.11125386414639138 0.087481046322762879 
	-0.04093715999832348 0.083761446444832188 
	0.024049686008906335 0.056646605240748826 
	0.076447178507362601 0.0096405261549392662 
	0.11000327493437645 -0.052178124828159866 
	0.11730081658959346 -0.096680553978631067 
	0.11749999999999972 -0.12000000000000277 
	0 
	0 
	plane -27.924999999999997 46.982500000000002 0.31 0 0 1 0 -1 0 forward_v I I I I 
	} 0 0 #
coedge $-1 -1 -1 $-1 $1318 $787 $790 $1040 forward $1035 $-1 #
coedge $-1 -1 -1 $-1 $787 $1318 $1314 $1319 reversed $1035 $-1 #
loop $-1 -1 -1 $-1 $-1 $787 $1320 T -27.860000000000248 47.158317608662664 0.22999999999974718 -27.859999999999751 47.170000000000258 0.31000000000021227 unknown #
named_attribute-st-attrib $-1 -1 $1321 $-1 $788 1 1 1 1 1 1 1 1 1 1 1 1 1 1 0 1 1 1 @3 eif #
tvertex-vertex $1322 -1 -1 $-1 $1031 $1323 2.0977734559177784e-013 #
straight-curve $-1 -1 -1 $-1 -27.859999999999999 47.17000000000025 0.31 0 -1 0 F 0 F 0.011682391337497933 #
tcoedge-coedge $-1 -1 -1 $-1 $790 $789 $1324 $1325 reversed $791 $1326 -1 -0 F #
edge $1327 -1 -1 $-1 $794 0 $1328 0.080000000000016253 $790 $1329 forward @7 tangent T -27.860000000000248 47.169999999999753 0.22999999999974718 -27.859999999999751 47.17000000000025 0.31000000000012684 #
face $1330 -1 -1 $-1 $1320 $791 $5 $-1 $1331 forward double out T -27.860048311239485 47.169951688760513 0.22995168876051195 -27.779951688760516 47.250048311239489 0.31004831123948823 F #
integer_attrib-name_attrib-gen-attrib $-1 -1 $-1 $793 $583 2 1 1 1 1 1 1 1 1 1 1 1 1 1 0 1 1 1 @3 pid 6190 #
integer_attrib-name_attrib-gen-attrib $-1 -1 $-1 $-1 $794 2 1 1 1 1 1 1 1 1 1 1 1 1 1 0 1 1 1 @3 pid 4100 #
point $-1 -1 -1 $-1 -27.859999999999999 47.170000000000122 0.3100000000000025 #
coedge $-1 -1 -1 $-1 $1332 $796 $1333 $1334 reversed $587 $-1 #
tcoedge-coedge $-1 -1 -1 $-1 $1312 $1335 $796 $1047 forward $1336 $1337 0 1.0472603067476436 F #
tedge-edge $1338 -1 -1 $-1 $1339 0 $1050 1.0472603067476436 $796 $1340 forward @7 unknown T -27.715056628994105 47.249998906000982 0.24499890600083218 -27.602471138503667 47.250001093999018 0.31000109406301951 1.0939990191225184e-006 #
pcurve $-1 -1 -1 $-1 0 forward { exppc nurbs 2 open 2 
	-1.0472603067476436 2 0 2 
	-0.20413030787608832 0.16000000000000217 1 
	-0.12907341315305842 0.16000235511837493 0.86600971447029906 
	-0.091547005383922908 0.094999999999849261 1 
	1e-008 
	-1 
	plane -27.510925227118999 47.25 0.15000000000000499 -0 1 -0 1 0 0 reverse_v I I I I 
	} 0 0 #
named_attribute-st-attrib $-1 -1 $1341 $-1 $797 1 1 1 1 1 1 1 1 1 1 1 1 1 1 0 1 1 1 @3 eif #
tvertex-vertex $1342 -1 -1 $-1 $797 $1343 1.4862337401437626e-013 #
straight-curve $-1 -1 -1 $-1 -27.715055534994956 47.25 0.31 -1 0 0 F 0 F 0.054944465005078769 #
coedge $-1 -1 -1 $-1 $798 $1344 $895 $1182 reversed $587 $-1 #
coedge $-1 -1 -1 $-1 $892 $1324 $798 $1054 forward $912 $-1 #
edge $1345 -1 -1 $-1 $1056 0 $898 0.040982025616008499 $798 $1346 forward @7 unknown T -27.780000000000062 47.249999999999936 0.22999999999992457 -27.739017974383959 47.250000000000078 0.23000000000007045 #
named_attribute-st-attrib $-1 -1 $1347 $-1 $799 1 1 1 1 1 1 1 1 1 1 1 1 1 1 0 1 1 1 @3 eif #
tvertex-vertex $1348 -1 -1 $-1 $1325 $1349 3.5975509010712645e-014 #
straight-curve $-1 -1 -1 $-1 -27.77999999999999 47.25 0.22999999999999185 0 0 1 F 0 F 0.080000000000016253 #
coedge $-1 -1 -1 $-1 $1350 $800 $1351 $1352 reversed $587 $-1 #
coedge $-1 -1 -1 $-1 $800 $1353 $1354 $1355 reversed $587 $-1 #
coedge $-1 -1 -1 $-1 $1356 $1357 $800 $1061 reversed $1358 $-1 #
edge $1359 -1 -1 $-1 $1360 0 $1361 0.08000000000001127 $800 $1362 forward @7 tangent T -27.480000000004136 47.249999999991729 0.10999999999586374 -27.479999999995865 47.250000000000014 0.19000000000001077 #
integer_attrib-name_attrib-gen-attrib $-1 -1 $1363 $-1 $801 2 0 0 1 1 1 1 1 1 1 1 1 1 1 0 1 1 1 @3 fif 0 #
face $1364 -1 -1 $-1 $1365 $1358 $5 $-1 $1366 forward double out T -27.480048311244687 47.169951688750906 0.10995168875531237 -27.399951688755312 47.250048311240555 0.1900483112394947 F #
plane-surface $-1 -1 -1 $-1 -27.510925227118999 47.25 0.15000000000000499 0 -1 0 1 0 0 forward_v I I I I #
coedge $-1 -1 -1 $-1 $805 $1367 $807 $1071 forward $1066 $-1 #
loop $-1 -1 -1 $-1 $-1 $1314 $1368 T -28.069743828108006 46.864935255341649 0.22993525534186629 -27.837454209018876 47.15838235332135 0.31006474465835859 unknown #
named_attribute-st-attrib $-1 -1 $1369 $-1 $806 1 1 1 1 1 1 1 1 1 1 1 1 1 1 0 1 1 1 @3 eif #
tvertex-vertex $1370 -1 -1 $-1 $1031 $1371 8.8861199474166826e-016 #
intcurve-curve $-1 -1 -1 $-1 forward { exactcur full nubs 3 open 4 
	0 3 0.33327685305162674 1 0.66673308636926654 1 1 3 
	-28.045000000000002 46.865000000000002 0.31 
	-28.047757060158979 46.86500004533918 0.30999999999999994 
	-28.053267288375519 46.865111125448927 0.31000000000000005 
	-28.061523733987123 46.865611241727741 0.31000000000000005 
	-28.067007001504589 46.866166062136713 0.31000000000000005 
	-28.069743828107999 46.866498788774003 0.31 
	0 
	null_surface 
	null_surface 
	nullbs 
	nullbs 
	-1 
	-1 
	I I 
	0 
	0 
	2 0.33327685305162674 0.66673308636926654 
	
	-1 
	none F F 1 F 0 } I I #
tcoedge-coedge $-1 -1 -1 $-1 $808 $807 $1372 $1373 reversed $809 $1374 -1 -0 F #
edge $1375 -1 -1 $-1 $1376 0 $812 0.079999999999997351 $1065 $1377 forward @7 unknown T -28.069743828108006 46.866498788773995 0.2299999999999974 -28.069743828107992 46.86649878877401 0.31000000000000594 #
integer_attrib-name_attrib-gen-attrib $-1 -1 $-1 $811 $596 2 1 1 1 1 1 1 1 1 1 1 1 1 1 0 1 1 1 @3 pid 6187 #
integer_attrib-name_attrib-gen-attrib $-1 -1 $-1 $-1 $812 2 1 1 1 1 1 1 1 1 1 1 1 1 1 0 1 1 1 @3 pid 4097 #
point $-1 -1 -1 $-1 -28.069743828107999 46.866498788774003 0.31 #
coedge $-1 -1 -1 $-1 $1372 $1176 $814 $1076 forward $912 $-1 #
edge $-1 -1 -1 $-1 $820 0.053179851953927937 $1078 0.11057995907014728 $814 $1378 forward @7 unknown F #
named_attribute-st-attrib $-1 -1 $1379 $-1 $815 1 1 1 1 1 1 1 1 1 1 1 1 1 1 0 1 1 1 @3 eif #
tvertex-vertex $1380 -1 -1 $-1 $1076 $1381 3.3818560119361883e-014 #
straight-curve $-1 -1 -1 $-1 -28.079999999999998 46.827309524417004 0.30999999999999994 0 0 -1 F 0 F 0.079999999999997351 #
integer_attrib-name_attrib-gen-attrib $-1 -1 $1382 $-1 $816 2 1 1 1 1 1 1 1 1 1 1 1 1 1 0 1 1 1 @3 pid 2303 #
plane-surface $-1 -1 -1 $-1 -28.079999999999998 46.748654762208496 0.26999999999999991 1 0 0 0 1 0 forward_v I I I I #
point $-1 -1 -1 $-1 -28.079999999999998 46.769909417300845 0.22999999999999998 #
string_attrib-name_attrib-gen-attrib $-1 -1 $-1 $822 $300 2 1 2 1 1 1 1 1 1 1 1 1 1 1 0 1 1 1 @15 ATTRIB_XACIS_ID @5 45391 #
render-rbase-attrib $-1 -1 $1383 $824 $426 1 1 1 1 1 1 1 1 1 1 1 1 0 1 0 1 1 1 $1384 $-1 0 2 0 -1 0 1 0 0 0 0 1 -36.899999999999999 52.719999999999999 0.079999999999999988 1 rotate no_reflect no_shear #
coedge $-1 -1 -1 $-1 $825 $1285 $1135 $1385 reversed $608 $-1 #
coedge $-1 -1 -1 $-1 $1386 $1387 $825 $1087 forward $1388 $-1 #
edge $1389 -1 -1 $-1 $1390 0 $1391 0.01790280178221515 $825 $1392 forward @7 unknown T -27.732958336777173 47.689999999999969 0.30999999999992633 -27.715055534994939 47.690000000000126 0.31000000000008143 #
coedge $-1 -1 -1 $-1 $1393 $988 $826 $1089 forward $739 $-1 #
edge $1394 -1 -1 $-1 $1105 -2.5850713647817551e-016 $1094 0.17999999999992156 $826 $1395 forward @7 unknown T -27.215884572681134 46.769999999999946 0.41999999999988569 -27.059999999999924 46.770000000000003 0.50999999999985635 #
coedge $-1 -1 -1 $-1 $1010 $827 $830 $1096 reversed $1092 $-1 #
coedge $-1 -1 -1 $-1 $827 $1396 $1393 $1397 reversed $1092 $-1 #
loop $-1 -1 -1 $-1 $-1 $1396 $1398 T -27.060002587479797 46.769999999999946 0.07999999999999996 -27.059997412519909 47.070000000000007 0.42000258747985575 unknown #
named_attribute-st-attrib $-1 -1 $1399 $-1 $828 1 1 1 1 1 1 1 1 1 1 1 1 1 1 0 1 1 1 @3 eif #
vertex $1400 -1 -1 $-1 $828 $1401 #
straight-curve $-1 -1 -1 $-1 -27.059999999999999 46.770000000000003 0.41999999999999993 0 0 -1 F 0 F 0.31000000000000005 #
edge $1402 -1 -1 $-1 $1013 0 $832 0.050000000000000711 $1090 $1403 forward @7 unknown T -27.059999999999999 46.769999999999996 0.10999999999999999 -27.059999999999953 46.82 0.10999999999999999 #
integer_attrib-name_attrib-gen-attrib $-1 -1 $-1 $831 $612 2 1 1 1 1 1 1 1 1 1 1 1 1 1 0 1 1 1 @3 pid 4838 #
integer_attrib-name_attrib-gen-attrib $-1 -1 $-1 $-1 $832 2 1 1 1 1 1 1 1 1 1 1 1 1 1 0 1 1 1 @3 pid 3442 #
point $-1 -1 -1 $-1 -27.059999999999999 46.770000000000003 0.10999999999999999 #
named_attribute-st-attrib $-1 -1 $1404 $-1 $834 1 1 1 1 1 1 1 1 1 1 1 1 1 1 0 1 1 1 @3 eif #
straight-curve $-1 -1 -1 $-1 -27.359999999999999 46.770000000000003 0.10999999999999999 0 1 0 F 0 F 0.050000000000000711 #
coedge $-1 -1 -1 $-1 $1405 $838 $988 $1281 reversed $986 $-1 #
coedge $-1 -1 -1 $-1 $838 $1406 $840 $1108 forward $986 $-1 #
named_attribute-st-attrib $-1 -1 $1407 $-1 $839 1 1 1 1 1 1 1 1 1 1 1 1 1 1 0 1 1 1 @3 eif #
vertex $1408 -1 -1 $-1 $1281 $1409 #
straight-curve $-1 -1 -1 $-1 -27.659999999999997 46.770000000000003 0.51000000000000001 1 0 0 F 0 F 0.44411542731899978 #
coedge $-1 -1 -1 $-1 $841 $840 $1153 $1410 reversed $842 $-1 #
edge $1411 -1 -1 $-1 $1412 0 $844 1.6749999999999998 $1103 $1413 forward @7 unknown T -27.659999999999997 46.770000000000003 0.51000000000000001 -27.659999999999883 48.445 0.51000000000000001 #
integer_attrib-name_attrib-gen-attrib $-1 -1 $-1 $843 $619 2 1 1 1 1 1 1 1 1 1 1 1 1 1 0 1 1 1 @3 pid 4842 #
integer_attrib-name_attrib-gen-attrib $-1 -1 $-1 $-1 $844 2 1 1 1 1 1 1 1 1 1 1 1 1 1 0 1 1 1 @3 pid 3445 #
point $-1 -1 -1 $-1 -27.659999999999997 46.770000000000003 0.51000000000000001 #
named_attribute-st-attrib $-1 -1 $1414 $-1 $846 1 1 1 1 1 1 1 1 1 1 1 1 1 1 0 1 1 1 @3 eif #
vertex $1415 -1 -1 $-1 $1410 $1416 #
straight-curve $-1 -1 -1 $-1 -27.710000000000107 48.4450000000001 0.46000000000012686 0 -1 0 F 0 F 1.6750000000001899 #
rgb_color-st-attrib $-1 -1 $1417 $850 $305 2 1 2 1 1 1 1 1 1 1 1 1 1 1 0 1 1 1 0.73000001907348633 0.40000000596046448 0 #
rh_material-rh_entity $-1 -1 4 4 @5 plain @5 color -4 1 1 1 @5 phong @14 ambient factor -2 1 @14 diffuse factor -2 0.75 @15 specular factor -2 0.5 @8 exponent -2 10 @14 specular color -4 1 1 1 @4 none @5 plain @5 color -4 0 0 0 #
render-rbase-attrib $-1 -1 $1418 $851 $435 1 1 1 1 1 1 1 1 1 1 1 1 0 1 0 1 1 1 $1419 $-1 0 2 0 -1 0 1 0 0 0 0 1 -36.899999999999999 52.719999999999999 0.079999999999999988 1 rotate no_reflect no_shear #
integer_attrib-name_attrib-gen-attrib $-1 -1 $1420 $852 $626 2 1 1 1 1 1 1 1 1 1 1 1 1 1 0 1 1 1 @3 pid 1222 #
integer_attrib-name_attrib-gen-attrib $-1 -1 $1421 $-1 $853 2 0 0 1 1 1 1 1 1 1 1 1 1 1 0 1 1 1 @3 fif 0 #
face $1422 -1 -1 $-1 $1423 $1424 $5 $-1 $1425 reversed double out T -28.260000000000005 48.164499443206005 0.30999999999999994 -27.70999999999993 48.295000000010667 0.42000000000000393 F #
loop $-1 -1 -1 $-1 $-1 $856 $853 T -28.260000000000105 47.71550055679382 0.30999999999999994 -28.259999999999998 48.164499443206147 0.42000000000000393 unknown #
plane-surface $-1 -1 -1 $-1 -28.259999999999998 47.939999999999998 0.36500000000000499 1 0 0 0 1 0 forward_v I I I I #
coedge $-1 -1 -1 $-1 $1151 $855 $1426 $1427 forward $149 $-1 #
coedge $-1 -1 -1 $-1 $1428 $1426 $855 $1125 reversed $1424 $-1 #
edge $1429 -1 -1 $-1 $1129 0 $1430 0.88617361345320877 $855 $1431 forward @7 unknown T -28.260000000000005 48.164499443206005 0.42000000000000004 -27.985000000000003 48.295000000010667 0.42000000000000393 #
coedge $-1 -1 -1 $-1 $1432 $856 $858 $1131 reversed $1121 $-1 #
coedge $-1 -1 -1 $-1 $856 $1432 $1428 $1433 reversed $1121 $-1 #
named_attribute-st-attrib $-1 -1 $1434 $-1 $857 1 1 1 1 1 1 1 1 1 1 1 1 1 1 0 1 1 1 @3 eif #
vertex $1435 -1 -1 $-1 $1125 $1436 #
straight-curve $-1 -1 -1 $-1 -28.259999999999998 48.164499443206083 0.42000000000000004 0 -1 0 F 0 F 0.44899888641218055 #
edge $1437 -1 -1 $-1 $1438 0 $860 0.10999999999999796 $858 $1439 forward @7 unknown T -28.260000000000105 47.71550055679382 0.3100000000000005 -28.259999999999998 47.715500556793955 0.42000000000000393 #
integer_attrib-name_attrib-gen-attrib $-1 -1 $-1 $859 $631 2 1 1 1 1 1 1 1 1 1 1 1 1 1 0 1 1 1 @3 pid 2701 #
integer_attrib-name_attrib-gen-attrib $-1 -1 $-1 $-1 $860 2 1 1 1 1 1 1 1 1 1 1 1 1 1 0 1 1 1 @3 pid 2008 #
point $-1 -1 -1 $-1 -28.259999999999998 47.715500556793955 0.42000000000000393 #
coedge $-1 -1 -1 $-1 $1138 $862 $1085 $1385 forward $633 $-1 #
coedge $-1 -1 -1 $-1 $868 $1440 $862 $1137 forward $1144 $-1 #
edge $1441 -1 -1 $-1 $1391 0 $871 1 $1136 $1442 forward @7 unknown T -27.732958336777088 47.690000000000005 0.30999999999999994 -27.710000000000001 47.715500556794005 0.3100000000000025 #
coedge $-1 -1 -1 $-1 $863 $1135 $1285 $1443 forward $633 $-1 #
coedge $-1 -1 -1 $-1 $1283 $1444 $863 $1140 forward $1445 $-1 #
edge $1446 -1 -1 $-1 $1438 0 $1287 0.52632557579221451 $863 $1447 forward @7 unknown T -28.260000000000105 47.607735045482997 0.30999999999999994 -28.109999999999999 47.715500556793998 0.3100000000000025 #
coedge $-1 -1 -1 $-1 $1426 $1448 $867 $1142 forward $1424 $-1 #
edge $1449 -1 -1 $-1 $1146 0 $1450 0.10999999999999796 $867 $1451 forward @7 unknown T -27.710000000000001 48.164499443206005 0.30999999999999994 -27.70999999999993 48.16449944320626 0.41999999999999948 #
coedge $-1 -1 -1 $-1 $1452 $868 $1448 $1453 forward $1144 $-1 #
loop $-1 -1 -1 $-1 $-1 $1454 $1278 T -27.860089910772697 47.689951688760523 0.30991008922738056 -27.710000000000001 48.256574922990005 0.31008991077262343 unknown #
named_attribute-st-attrib $-1 -1 $1455 $-1 $869 1 1 1 1 1 1 1 1 1 1 1 1 1 1 0 1 1 1 @3 eif #
vertex $1456 -1 -1 $-1 $1453 $1457 #
straight-curve $-1 -1 -1 $-1 -27.710000000000001 47.715500556794005 0.30999999999999994 0 1 0 F 0 F 0.44899888641199937 #
integer_attrib-name_attrib-gen-attrib $-1 -1 $-1 $870 $638 2 1 1 1 1 1 1 1 1 1 1 1 1 1 0 1 1 1 @3 pid 4848 #
integer_attrib-name_attrib-gen-attrib $-1 -1 $-1 $-1 $871 2 1 1 1 1 1 1 1 1 1 1 1 1 1 0 1 1 1 @3 pid 3449 #
point $-1 -1 -1 $-1 -27.710000000000001 47.715500556794005 0.30999999999999994 #
coedge $-1 -1 -1 $-1 $1458 $1123 $873 $1152 reversed $149 $-1 #
edge $1459 -1 -1 $-1 $1157 0 $1450 0.28050055679400554 $873 $1460 forward @7 unknown T -27.710000000000001 48.164499443206097 0.41999999999998605 -27.70999999999993 48.4450000000001 0.42000000000000004 #
coedge $-1 -1 -1 $-1 $1461 $874 $1107 $1410 forward $1155 $-1 #
coedge $-1 -1 -1 $-1 $874 $1462 $1458 $1463 forward $1155 $-1 #
loop $-1 -1 -1 $-1 $-1 $1462 $1423 T -27.870000000000047 48.444999999999958 0.41999999999991244 -27.65999999999983 48.445 0.51000000000000001 unknown #
named_attribute-st-attrib $-1 -1 $1464 $-1 $875 1 1 1 1 1 1 1 1 1 1 1 1 1 1 0 1 1 1 @3 eif #
vertex $1465 -1 -1 $-1 $875 $1466 #
straight-curve $-1 -1 -1 $-1 -27.710000000000001 48.445 0.41999999999998605 0 0 1 F 0 F 0.040000000000034452 #
coedge $-1 -1 -1 $-1 $876 $1467 $-1 $1468 reversed $149 $-1 #
coedge $-1 -1 -1 $-1 $1206 $877 $936 $1226 reversed $976 $-1 #
coedge $-1 -1 -1 $-1 $877 $1206 $879 $1165 forward $976 $-1 #
named_attribute-st-attrib $-1 -1 $1469 $-1 $878 1 1 1 1 1 1 1 1 1 1 1 1 1 1 0 1 1 1 @3 eif #
vertex $1470 -1 -1 $-1 $878 $1471 #
straight-curve $-1 -1 -1 $-1 -29.649999999999917 48.760000000000005 0.42000000000000004 -1 0 0 F 0 F 0.40000000000017444 #
edge $1472 -1 -1 $-1 $1209 0 $883 0.33999999999999997 $1161 $1473 forward @7 unknown T -29.650000000000134 48.760000000000005 0.07999999999999996 -29.649999999999917 48.760000000000005 0.41999999999999993 #
integer_attrib-name_attrib-gen-attrib $-1 -1 $-1 $882 $646 2 1 1 1 1 1 1 1 1 1 1 1 1 1 0 1 1 1 @3 pid 2518 #
integer_attrib-name_attrib-gen-attrib $-1 -1 $-1 $-1 $883 2 1 1 1 1 1 1 1 1 1 1 1 1 1 0 1 1 1 @3 pid 1835 #
point $-1 -1 -1 $-1 -29.649999999999917 48.760000000000005 0.41999999999999993 #
named_attribute-st-attrib $-1 -1 $1474 $-1 $885 1 1 1 1 1 1 1 1 1 1 1 1 1 1 0 1 1 1 @3 eif #
straight-curve $-1 -1 -1 $-1 -28.499999999999996 47.750000000000362 0.07999999999999996 0 2.6122894697062509e-015 1 F -1.160089566501488e-029 F 0.33999999999999997 #
straight-curve $-1 -1 -1 $-1 -28.5 46.769909417300838 0.16499999999999279 0 0 -1 I I #
integer_attrib-name_attrib-gen-attrib $-1 -1 $1475 $-1 $887 2 1 1 1 1 1 1 1 1 1 1 1 1 1 0 1 1 1 @3 pid 1087 #
plane-surface $-1 -1 -1 $-1 -28.5 47.015000000000057 0.25 1 0 0 0 -1 0 forward_v I I I I #
rgb_color-st-attrib $-1 -1 $1476 $891 $323 2 1 2 1 1 1 1 1 1 1 1 1 1 1 0 1 1 1 0.73000001907348633 0.40000000596046448 0 #
rh_material-rh_entity $-1 -1 4 4 @5 plain @5 color -4 1 1 1 @5 phong @14 ambient factor -2 1 @14 diffuse factor -2 0.75 @15 specular factor -2 0.5 @8 exponent -2 10 @14 specular color -4 1 1 1 @4 none @5 plain @5 color -4 0 0 0 #
coedge $-1 -1 -1 $-1 $1075 $892 $-1 $1477 reversed $912 $-1 #
pcurve $-1 -1 -1 $-1 0 forward { exppc nubs 3 open 8 
	0 3 0.14079456155553804 1 0.28463834803442134 1 0.4283918299472716 1 0.57195745972399692 1 
	0.71574008114178522 1 0.85945877209535571 1 1 3 
	0.26749999999999918 -0.14590002733256213 
	0.23633452232867302 -0.16397356625496684 
	0.17139965844745753 -0.19031963652510875 
	0.063372277732235638 -0.19960201223293694 
	-0.042410497346324405 -0.17611371970095568 
	-0.13661949415573371 -0.12218694628361959 
	-0.21042353996178687 -0.042879366822264231 
	-0.25709270361859193 0.054885079114690427 
	-0.26727745181164764 0.12412417409172782 
	-0.26750000000000185 0.16008199828343805 
	0 
	0 
	plane -27.88491800171656 46.982500000000002 0.22999999999999998 0 0 -1 0 1 0 reverse_v I I I I 
	} 0 0 #
named_attribute-st-attrib $-1 -1 $1478 $-1 $893 1 1 1 1 1 1 1 1 1 1 1 1 1 1 0 1 1 1 @3 eif #
tvertex-vertex $-1 -1 -1 $-1 $914 $1479 2.6765952448215558e-005 #
intcurve-curve $-1 -1 -1 $-1 forward { exactcur full nubs 3 open 8 
	0 3 0.14079456155553804 1 0.28463834803442134 1 0.4283918299472716 1 0.57195745972399692 1 
	0.71574008114178522 1 0.85945877209535571 1 1 3 
	-27.739017974383998 47.25 0.22999999999999998 
	-27.720944435461593 47.218834522328677 0.22999999999999998 
	-27.694598365191453 47.153899658447457 0.23000000000000004 
	-27.685315989483623 47.045872277732236 0.22999999999999993 
	-27.708804282015606 46.940089502653677 0.23000000000000001 
	-27.762731055432941 46.845880505844271 0.22999999999999995 
	-27.842038634894294 46.772076460038214 0.22999999999999998 
	-27.939803080831251 46.725407296381412 0.22999999999999995 
	-28.00904217580829 46.715222548188358 0.23000000000000001 
	-28.044999999999998 46.715000000000003 0.22999999999999998 
	0 
	null_surface 
	null_surface 
	nullbs 
	nullbs 
	-1 
	-1 
	I I 
	0 
	0 
	6 0.14079456155553804 0.28463834803442134 0.4283918299472716 0.57195745972399692 0.71574008114178522 0.85945877209535571 
	
	-1 
	none F F 1 F 0 } I I #
coedge $-1 -1 -1 $-1 $1480 $895 $1481 $1482 forward $662 $-1 #
edge $1483 -1 -1 $-1 $898 0 $1484 0.023962439389086043 $1052 $1485 forward @7 unknown T -27.739017974384108 47.249999999999936 0.22999999999992457 -27.715055534994953 47.250000000000078 0.23000000000007045 #
integer_attrib-name_attrib-gen-attrib $-1 -1 $-1 $897 $659 2 1 1 1 1 1 1 1 1 1 1 1 1 1 0 1 1 1 @3 pid 5609 #
integer_attrib-name_attrib-gen-attrib $-1 -1 $-1 $-1 $898 2 1 1 1 1 1 1 1 1 1 1 1 1 1 0 1 1 1 @3 pid 3750 #
point $-1 -1 -1 $-1 -27.739017974384033 47.250000000000007 0.22999999999999751 #
coedge $-1 -1 -1 $-1 $900 $1480 $1486 $1487 forward $662 $-1 #
coedge $-1 -1 -1 $-1 $1486 $1488 $900 $1188 reversed $1489 $-1 #
edge $1490 -1 -1 $-1 $1491 0 $1191 0.35982490218568064 $1187 $1492 forward @7 unknown T -28.110000000000102 47.585000000000072 0.22999999999999998 -27.985000000000042 47.607735045483075 0.22999999999999998 #
coedge $-1 -1 -1 $-1 $1282 $901 $1493 $1494 reversed $744 $-1 #
named_attribute-st-attrib $-1 -1 $1495 $-1 $902 1 1 1 1 1 1 1 1 1 1 1 1 1 1 0 1 1 1 @3 eif #
vertex $1496 -1 -1 $-1 $1494 $1497 #
straight-curve $-1 -1 -1 $-1 -28.109999999999999 47.607735045483082 0.22999999999999998 0 -1 0 F 0 F 0.18873647815103745 #
integer_attrib-name_attrib-gen-attrib $-1 -1 $1498 $-1 $903 2 0 0 1 1 1 1 1 1 1 1 1 1 1 0 1 1 1 @3 fif 0 #
face $1499 -1 -1 $-1 $1500 $1501 $5 $-1 $1502 reversed double out T -27.860089910772579 47.689913808584123 0.22991008922749503 -27.628285698715768 48.25666111440588 0.23008991077250088 F #
plane-surface $-1 -1 -1 $-1 -27.912527767497508 47.470000000000049 0.22999999999999998 0 0 1 0 -1 0 forward_v I I I I #
integer_attrib-name_attrib-gen-attrib $-1 -1 $-1 $907 $667 2 1 1 1 1 1 1 1 1 1 1 1 1 1 0 1 1 1 @3 pid 7045 #
render-rbase-attrib $-1 -1 $1503 $909 $472 1 1 1 1 1 1 1 1 1 1 1 1 0 1 0 1 1 1 $1504 $-1 0 2 0 -1 0 1 0 0 0 0 1 -36.899999999999999 52.719999999999999 0.079999999999999988 1 rotate no_reflect no_shear #
render-rbase-attrib $-1 -1 $1505 $910 $672 1 1 1 1 1 1 1 1 1 1 1 1 0 1 0 1 1 1 $1506 $-1 0 2 0 -1 0 1 0 0 0 0 1 -36.899999999999999 52.719999999999999 0.079999999999999988 1 rotate no_reflect no_shear #
integer_attrib-name_attrib-gen-attrib $-1 -1 $1507 $-1 $911 2 0 0 1 1 1 1 1 1 1 1 1 1 1 0 1 1 1 @3 fif 0 #
face $1508 -1 -1 $-1 $1509 $1510 $5 $-1 $1511 reversed double out T -28.796568542545675 48.293431457456485 0.10999999995239533 -28.743431457456484 48.346568542545754 0.16000000006385492 F #
loop $-1 -1 -1 $-1 $-1 $1512 $911 T -28.820000000065161 48.346568542418041 0.10999999993479646 -28.796568542417962 48.403137085001106 0.16000000006385492 unknown #
cone-surface $-1 -1 -1 $-1 -28.739999999999998 48.40313708499 0.1089999999999999 0 0 1 -0.080000000000000071 0 0 1 I I -0 1 0.080000000000000071 reversed I I I I #
straight-curve $-1 -1 -1 $-1 -27.855340720830004 46.769909417300845 0.15501465115577415 -0 0 -1 I I #
integer_attrib-name_attrib-gen-attrib $-1 -1 $-1 $916 $676 2 1 1 1 1 1 1 1 1 1 1 1 1 1 0 1 1 1 @3 pid 3648 #
point $-1 -1 -1 $-1 -27.855391663987529 46.769909417300838 0.079999999999999988 #
coedge $-1 -1 -1 $-1 $1161 $1160 $922 $1207 forward $976 $-1 #
edge $1513 -1 -1 $-1 $1228 0 $1209 0.40000000000017444 $1206 $1514 forward @7 unknown T -30.050000000000274 48.759999999999962 0.07999999999999996 -29.649999999999913 48.760000000000005 0.079999999999999988 #
named_attribute-st-attrib $-1 -1 $1515 $-1 $924 1 1 1 1 1 1 1 1 1 1 1 1 1 1 0 1 1 1 @3 eif #
vertex $1516 -1 -1 $-1 $1165 $1517 #
straight-curve $-1 -1 -1 $-1 -29.650000000000176 48.759999999999799 0.079999999999999988 0.75136121102136078 -0.65989115054872061 0 F 9.6935228033557931e-026 F 1.5305554547287692 #
integer_attrib-name_attrib-gen-attrib $-1 -1 $-1 $925 $686 2 1 1 1 1 1 1 1 1 1 1 1 1 1 0 1 1 1 @3 pid 3698 #
integer_attrib-name_attrib-gen-attrib $-1 -1 $-1 $-1 $926 2 1 1 1 1 1 1 1 1 1 1 1 1 1 0 1 1 1 @3 pid 2715 #
point $-1 -1 -1 $-1 -28.5 47.750000000000057 0.079999999999999974 #
tcoedge-coedge $-1 -1 -1 $-1 $930 $929 $1518 $1519 reversed $488 $1520 -1 -0 F #
coedge $-1 -1 -1 $-1 $931 $1518 $929 $1216 forward $1219 $-1 #
edge $1521 -1 -1 $-1 $1522 0 $1222 0.88617361345177703 $1215 $1523 forward @7 unknown T -28.260000000000257 47.584999999989336 0.079999999999857241 -27.984999999999996 47.715500556794069 0.080000000000136212 #
coedge $-1 -1 -1 $-1 $1518 $931 $930 $1218 forward $1219 $-1 #
edge $1524 -1 -1 $-1 $1223 0 $1525 0.88617361345328949 $1217 $1526 forward @7 unknown T -28.260000000000332 48.164499443205671 0.079999999999666949 -27.984999999999999 48.295000000010667 0.080000000000333027 #
loop $-1 -1 -1 $-1 $-1 $1215 $1527 T -28.34121400841649 47.584915373994768 0.079915373994765254 -27.623983941231742 48.295084626005234 0.080084626005234721 unknown #
pcurve $-1 -1 -1 $-1 0 forward { exppc nubs 1 open 2 
	0 1 1 1 
	-0.53625341883352051 -2.2554345428806837 
	-0.53625341883352051 -0.886158110709103 
	0.001 
	-1 
	cone -27.984999999999999 47.939999999999998 0.27036996368589999 0 0 -1 0 0.35500000000000043 0 1 I I 0 -1 0.35500000000000043 reversed I I I I 
	} 0 0 #
named_attribute-st-attrib $-1 -1 $1528 $-1 $932 1 1 1 1 1 1 1 1 1 1 1 1 1 1 0 1 1 1 @3 eif #
tvertex-vertex $1529 -1 -1 $-1 $1216 $1530 1.3948214366330409e-013 #
tvertex-vertex $1531 -1 -1 $-1 $1218 $1532 3.3303603366116201e-013 #
intcurve-curve $-1 -1 -1 $-1 forward { exactcur full nubs 3 open 6 
	0 3 0.1979688251651236 1 0.39945354132937078 1 0.60096402599296261 1 0.802319345141842 1 
	1 3 
	-28.259999999999998 47.715500556793998 0.079999999999999988 
	-28.280648535794001 47.741044682498881 0.079999999999999988 
	-28.314205908230697 47.795720249229419 0.079999999999999988 
	-28.341163305739304 47.890774020664345 0.079999999999999988 
	-28.341134539046038 47.989409923816112 0.079999999999999988 
	-28.314151065354299 48.084382234355395 0.079999999999999988 
	-28.280617630390978 48.138994688563024 0.079999999999999988 
	-28.259999999999998 48.164499443206005 0.079999999999999988 
	0 
	null_surface 
	null_surface 
	nullbs 
	nullbs 
	-1 
	-1 
	I I 
	0 
	0 
	4 0.1979688251651236 0.39945354132937078 0.60096402599296261 0.802319345141842 
	
	-1 
	none F F 1 F 0 } I I #
rh_material-rh_entity $-1 -1 4 4 @5 plain @5 color -4 1 1 1 @5 phong @14 ambient factor -2 1 @14 diffuse factor -2 0.75 @15 specular factor -2 0.5 @8 exponent -2 10 @14 specular color -4 1 1 1 @4 none @5 plain @5 color -4 0 0 0 #
edge $1533 -1 -1 $-1 $1228 0 $1163 0.33999999999999997 $1160 $1534 forward @7 unknown T -30.05000000000042 48.759999999999962 0.07999999999999996 -30.050000000000274 48.759999999999962 0.41999999999999993 #
coedge $-1 -1 -1 $-1 $1535 $937 $-1 $1536 reversed $340 $-1 #
vertex $1537 -1 -1 $-1 $1207 $1538 #
straight-curve $-1 -1 -1 $-1 -30.899999999999835 48.009999999999813 0.079999999999999988 0.74983785536480407 0.66162163708717325 0 F -3.134069652616449e-016 F 1.1335784048754634 #
straight-curve $-1 -1 -1 $-1 -30.899999999999835 48.00999999999982 0.42000000000000004 0.74983785536480396 0.66162163708717348 0 F -1.5670348257808868e-016 F 1.1335784048754562 #
point $-1 -1 -1 $-1 -30.0700000000001 48.742352941176691 0.079999999999999988 #
point $-1 -1 -1 $-1 -30.0700000000001 48.742352941176705 0.42000000000000004 #
named_attribute-st-attrib $-1 -1 $1539 $-1 $943 1 1 1 1 1 1 1 1 1 1 1 1 1 1 0 1 1 1 @3 eif #
straight-curve $-1 -1 -1 $-1 -28.109999999999999 47.264422220952227 0.22999999999999185 0 0 1 F 0 F 0.080000000000016253 #
edge $1540 -1 -1 $-1 $746 0 $1310 1 $1026 $1541 forward @7 unknown T -28.110000000000099 47.418998567332004 0.30999999999999994 -28.045000000000069 47.42500000000004 0.31000000000000005 #
integer_attrib-name_attrib-gen-attrib $-1 -1 $-1 $951 $707 2 1 1 1 1 1 1 1 1 1 1 1 1 1 0 1 1 1 @3 pid 4217 #
string_attrib-name_attrib-gen-attrib $-1 -1 $-1 $954 $248 2 1 2 1 1 1 1 1 1 1 1 1 1 1 0 1 1 1 @15 ATTRIB_XACIS_ID @5 44095 #
rgb_color-st-attrib $-1 -1 $1542 $956 $359 2 1 2 1 1 1 1 1 1 1 1 1 1 1 0 1 1 1 0.73000001907348633 0.40000000596046448 0 #
rh_material-rh_entity $-1 -1 4 4 @5 plain @5 color -4 1 1 1 @5 phong @14 ambient factor -2 1 @14 diffuse factor -2 0.75 @15 specular factor -2 0.5 @8 exponent -2 10 @14 specular color -4 1 1 1 @4 none @5 plain @5 color -4 0 0 0 #
render-rbase-attrib $-1 -1 $1543 $957 $511 1 1 1 1 1 1 1 1 1 1 1 1 0 1 0 1 1 1 $1544 $-1 0 2 0 -1 0 1 0 0 0 0 1 -36.899999999999999 52.719999999999999 0.079999999999999988 1 rotate no_reflect no_shear #
integer_attrib-name_attrib-gen-attrib $-1 -1 $1545 $958 $713 2 1 1 1 1 1 1 1 1 1 1 1 1 1 0 1 1 1 @3 pid 2589 #
integer_attrib-name_attrib-gen-attrib $-1 -1 $1546 $-1 $959 2 0 0 1 1 1 1 1 1 1 1 1 1 1 0 1 1 1 @3 fif 0 #
face $1547 -1 -1 $-1 $1548 $1549 $5 $-1 $1550 forward double out T -27.860048311239481 47.689951688760516 0.22995168876051034 -27.779951688760516 47.770048311239535 0.31004831123948878 F #
loop $-1 -1 -1 $-1 $-1 $1551 $959 T -27.860000000000262 47.770000000000003 0.22999999999973458 -27.859999999999737 47.777519231907213 0.3100000000002639 unknown #
plane-surface $-1 -1 -1 $-1 -27.859999999999999 47.773759615953502 0.27000000000000002 1 0 0 0 1 0 forward_v I I I I #
coedge $-1 -1 -1 $-1 $1552 $1553 $1554 $1555 forward $960 $-1 #
coedge $-1 -1 -1 $-1 $1556 $962 $1557 $1558 reversed $714 $-1 #
coedge $-1 -1 -1 $-1 $962 $1559 $1560 $1561 forward $714 $-1 #
coedge $-1 -1 -1 $-1 $1562 $1563 $962 $1250 forward $1564 $-1 #
edge $1565 -1 -1 $-1 $1566 0 $1567 0.029999999999979821 $962 $1568 forward @7 unknown T -27.49000000000013 47.690000000000005 0.1899999999998675 -27.489999999999768 47.720000000000134 0.19000000000012518 #
tcoedge-coedge $-1 -1 -1 $-1 $1254 $963 $1569 $1570 reversed $512 $1571 -0.99974859651098624 -5.2516704654956445e-005 F #
coedge $-1 -1 -1 $-1 $1559 $1556 $963 $1253 reversed $714 $-1 #
edge $1572 -1 -1 $-1 $1262 3.6187442099111989e-015 $1573 0.32000000535605588 $963 $1574 forward @7 tangent T -27.490020688410119 47.219917200659665 0.18999999999992961 -27.489979288737445 47.219999999999999 0.51002069983634646 #
coedge $-1 -1 -1 $-1 $964 $1251 $1575 $1576 forward $512 $-1 #
coedge $-1 -1 -1 $-1 $1577 $1578 $964 $1256 reversed $1579 $-1 #
edge $1580 -1 -1 $-1 $1581 -8.598404544059456e-005 $1263 0.41151347666717342 $964 $1582 forward @7 unknown T -27.400000000000329 47.069987102289019 0.1899871022891034 -27.339974204578198 47.082522729151378 0.19001289771090554 #
coedge $-1 -1 -1 $-1 $1583 $965 $1584 $1585 forward $1259 $-1 #
coedge $-1 -1 -1 $-1 $965 $1354 $1559 $1586 forward $1259 $-1 #
loop $-1 -1 -1 $-1 $-1 $1583 $1587 T -27.490081572383207 47.082441156767793 0.18991842761679031 -27.399918427616793 47.250048311239489 0.19008157238320603 unknown #
pcurve $-1 -1 -1 $-1 0 forward { exppc nubs 3 open 4 
	0 3 0.32928883787529667 1 0.67208205311667546 1 1 3 
	-0.05373863542449886 -0.045000000000001705 
	-0.03376111359048295 -0.04473650086873171 
	0.0037639510159968026 -0.037713194996008781 
	0.054167681088097552 -0.0046612497007725295 
	0.075546211697972154 0.026875979391432381 
	0.083738635424499108 0.045000000000001705 
	0 
	0 
	plane -27.445 47.166261364575504 0.18999999999999997 0 0 1 0 -1 0 forward_v I I I I 
	} 0 0 #
named_attribute-st-attrib $-1 -1 $1588 $-1 $966 1 1 1 1 1 1 1 1 1 1 1 1 1 1 0 1 1 1 @3 eif #
tvertex-vertex $1589 -1 -1 $-1 $1253 $1590 6.6736185004833231e-014 #
tvertex-vertex $1591 -1 -1 $-1 $1256 $1592 2.4748960620292413e-013 #
intcurve-curve $-1 -1 -1 $-1 forward { exactcur full nubs 3 open 4 
	0 3 0.32928883787529667 1 0.67208205311667546 1 1 3 
	-27.490000000000002 47.219999999999999 0.18999999999999997 
	-27.48973650086873 47.200022478165984 0.18999999999999997 
	-27.482713194996009 47.162497413559507 0.18999999999999997 
	-27.449661249700775 47.112093683487402 0.18999999999999997 
	-27.418124020608566 47.090715152877529 0.18999999999999997 
	-27.399999999999999 47.082522729151002 0.18999999999999997 
	0 
	null_surface 
	null_surface 
	nullbs 
	nullbs 
	-1 
	-1 
	I I 
	0 
	0 
	2 0.32928883787529667 0.67208205311667546 
	
	-1 
	none F F 1 F 0 } I I #
rgb_color-st-attrib $-1 -1 $1593 $972 $366 2 1 2 1 1 1 1 1 1 1 1 1 1 1 0 1 1 1 0.73000001907348633 0.40000000596046448 0 #
rh_material-rh_entity $-1 -1 4 4 @5 plain @5 color -4 1 1 1 @5 phong @14 ambient factor -2 1 @14 diffuse factor -2 0.75 @15 specular factor -2 0.5 @8 exponent -2 10 @14 specular color -4 1 1 1 @4 none @5 plain @5 color -4 0 0 0 #
render-rbase-attrib $-1 -1 $1594 $973 $524 1 1 1 1 1 1 1 1 1 1 1 1 0 1 0 1 1 1 $1595 $-1 0 2 0 -1 0 1 0 0 0 0 1 -36.899999999999999 52.719999999999999 0.079999999999999988 1 rotate no_reflect no_shear #
integer_attrib-name_attrib-gen-attrib $-1 -1 $1596 $974 $730 2 1 1 1 1 1 1 1 1 1 1 1 1 1 0 1 1 1 @3 pid 1085 #
integer_attrib-name_attrib-gen-attrib $-1 -1 $1597 $-1 $975 2 0 0 1 1 1 1 1 1 1 1 1 1 1 0 1 1 1 @3 fif 0 #
plane-surface $-1 -1 -1 $-1 -29.075000000000038 48.255000000000038 0.25 -0.65989115054872072 -0.75136121102136066 0 0.75136121102136066 -0.65989115054872072 0 forward_v I I I I #
string_attrib-name_attrib-gen-attrib $-1 -1 $-1 $978 $372 2 1 2 1 1 1 1 1 1 1 1 1 1 1 0 1 1 1 @15 ATTRIB_XACIS_ID @5 43515 #
string_attrib-name_attrib-gen-attrib $-1 -1 $-1 $980 $266 2 1 2 1 1 1 1 1 1 1 1 1 1 1 0 1 1 1 @15 ATTRIB_XACIS_ID @5 44341 #
rgb_color-st-attrib $-1 -1 $1598 $982 $377 2 1 2 1 1 1 1 1 1 1 1 1 1 1 0 1 1 1 0.73000001907348633 0.40000000596046448 0 #
rh_material-rh_entity $-1 -1 4 4 @5 plain @5 color -4 1 1 1 @5 phong @14 ambient factor -2 1 @14 diffuse factor -2 0.75 @15 specular factor -2 0.5 @8 exponent -2 10 @14 specular color -4 1 1 1 @4 none @5 plain @5 color -4 0 0 0 #
render-rbase-attrib $-1 -1 $1599 $983 $532 1 1 1 1 1 1 1 1 1 1 1 1 0 1 0 1 1 1 $1600 $-1 0 2 0 -1 0 1 0 0 0 0 1 -36.899999999999999 52.719999999999999 0.079999999999999988 1 rotate no_reflect no_shear #
integer_attrib-name_attrib-gen-attrib $-1 -1 $1601 $984 $738 2 1 1 1 1 1 1 1 1 1 1 1 1 1 0 1 1 1 @3 pid 2012 #
integer_attrib-name_attrib-gen-attrib $-1 -1 $1602 $-1 $985 2 0 0 1 1 1 1 1 1 1 1 1 1 1 0 1 1 1 @3 fif 0 #
face $1603 -1 -1 $-1 $1604 $1144 $5 $-1 $1605 forward double out T -27.860089910772697 47.689951688760523 0.30991008922738056 -27.710000000000001 48.256574922990005 0.31008991077262343 F #
plane-surface $-1 -1 -1 $-1 -27.684999999999999 47.607500000000002 0.48499999999999999 -0.70710678118324533 0 0.70710678118984971 -0.70710678118984971 -0 -0.70710678118324533 forward_v I I I I #
coedge $-1 -1 -1 $-1 $988 $1393 $1606 $1607 forward $739 $-1 #
edge $1608 -1 -1 $-1 $1609 -5.1749598890538095e-006 $1105 0.29999482504016584 $1102 $1610 forward @7 unknown T -27.215884572681247 46.769999999999946 0.50999999999982892 -27.215884572680782 47.07 0.50999999999996093 #
coedge $-1 -1 -1 $-1 $989 $1189 $1611 $1612 reversed $744 $-1 #
coedge $-1 -1 -1 $-1 $1613 $1139 $989 $1284 forward $1445 $-1 #
edge $1614 -1 -1 $-1 $1287 0 $1615 0.16978418642406012 $989 $1616 forward @7 unknown T -28.110000000000184 47.607735045483039 0.3099999999998172 -28.109999999999815 47.777519231907235 0.31000000000018779 #
coedge $-1 -1 -1 $-1 $1085 $990 $1138 $1443 reversed $608 $-1 #
named_attribute-st-attrib $-1 -1 $1617 $-1 $991 1 1 1 1 1 1 1 1 1 1 1 1 1 1 0 1 1 1 @3 eif #
vertex $1618 -1 -1 $-1 $1443 $1619 #
straight-curve $-1 -1 -1 $-1 -28.109999999999999 47.418998567332068 0.31 0 1 0 F 0 F 0.18873647815096817 #
integer_attrib-name_attrib-gen-attrib $-1 -1 $1620 $-1 $992 2 0 0 1 1 1 1 1 1 1 1 1 1 1 0 1 1 1 @3 fif 0 #
plane-surface $-1 -1 -1 $-1 -28.109999999999999 47.52097072642951 0.27000000000000002 1 0 0 0 -1 0 forward_v I I I I #
integer_attrib-name_attrib-gen-attrib $-1 -1 $-1 $996 $749 2 1 1 1 1 1 1 1 1 1 1 1 1 1 0 1 1 1 @3 pid 5941 #
straight-curve $-1 -1 -1 $-1 -29.327500000000001 46.769909417300838 0.079999999999999988 1 0 0 I I #
coedge $-1 -1 -1 $-1 $999 $1621 $1622 $1623 forward $340 $-1 #
coedge $-1 -1 -1 $-1 $1624 $1010 $999 $1295 forward $1092 $-1 #
edge $1625 -1 -1 $-1 $1019 0 $1626 0.20000000000000018 $1294 $1627 forward @7 unknown T -27.059999999999999 46.82 0.07999999999999996 -27.059999999999953 47.020000000000003 0.079999999999999988 #
integer_attrib-name_attrib-gen-attrib $-1 -1 $-1 $1002 $756 2 1 1 1 1 1 1 1 1 1 1 1 1 1 0 1 1 1 @3 pid 5940 #
integer_attrib-name_attrib-gen-attrib $-1 -1 $1628 $1004 $757 2 1 1 1 1 1 1 1 1 1 1 1 1 1 0 1 1 1 @3 pid 2208 #
integer_attrib-name_attrib-gen-attrib $-1 -1 $1629 $-1 $1005 2 0 0 1 1 1 1 1 1 1 1 1 1 1 0 1 1 1 @3 fif 0 #
cone-surface $-1 -1 -1 $-1 -28 46.827309524417004 0.31159999999999977 0 0 -1 -0.080000000000000071 0 0 1 I I -0 1 0.080000000000000071 reversed I I I I #
named_attribute-st-attrib $-1 -1 $1630 $-1 $1011 1 1 1 1 1 1 1 1 1 1 1 1 1 1 0 1 1 1 @3 eif #
straight-curve $-1 -1 -1 $-1 -27.059999999999999 46.82 0.10999999999999996 0 0 -1 F -1.0408340855860843e-017 F 0.029999999999999964 #
integer_attrib-name_attrib-gen-attrib $-1 -1 $-1 $1012 $766 2 1 1 1 1 1 1 1 1 1 1 1 1 1 0 1 1 1 @3 pid 5936 #
integer_attrib-name_attrib-gen-attrib $-1 -1 $-1 $-1 $1013 2 1 1 1 1 1 1 1 1 1 1 1 1 1 0 1 1 1 @3 pid 3941 #
point $-1 -1 -1 $-1 -27.059999999999953 46.82 0.10999999999999999 #
integer_attrib-name_attrib-gen-attrib $-1 -1 $-1 $1018 $770 2 1 1 1 1 1 1 1 1 1 1 1 1 1 0 1 1 1 @3 pid 3835 #
integer_attrib-name_attrib-gen-attrib $-1 -1 $-1 $-1 $1019 2 1 1 1 1 1 1 1 1 1 1 1 1 1 0 1 1 1 @3 pid 2851 #
point $-1 -1 -1 $-1 -27.059999999999953 46.82 0.079999999999999974 #
render-rbase-attrib $-1 -1 $1631 $1021 $564 1 1 1 1 1 1 1 1 1 1 1 1 0 1 0 1 1 1 $1632 $-1 0 2 0 -1 0 1 0 0 0 0 1 -36.899999999999999 52.719999999999999 0.079999999999999988 1 rotate no_reflect no_shear #
named_attribute-st-attrib $-1 -1 $1633 $-1 $1022 1 1 1 1 1 1 1 1 1 1 1 1 1 1 0 1 1 1 @3 eif #
vertex $1634 -1 -1 $-1 $1235 $1635 #
ellipse-curve $-1 -1 -1 $-1 -28.04499724830907 47.070005798558398 0.31 0 0 -1 -2.7516909995028982e-006 0.35499420144164429 0 1 F 0 F 0.88617361344827539 #
coedge $-1 -1 -1 $-1 $1636 $1046 $1027 $1313 forward $1336 $-1 #
edge $1637 -1 -1 $-1 $1050 0 $1390 0.44000000000018424 $1027 $1638 forward @7 tangent T -27.715055534995237 47.249999999999851 0.30999999999985911 -27.715055534994939 47.690000000000126 0.31000000000015632 #
coedge $-1 -1 -1 $-1 $1639 $1030 $1034 $1319 forward $1066 $-1 #
pcurve $-1 -1 -1 $-1 0 forward { exppc nubs 1 open 2 
	-1 1 -0 1 
	-0.5871705545653656 -8.6651553141475583e-015 
	-0.5871705545653656 2.0161949007851465 
	0.001 
	-1 
	cone -28.044999999999998 47.07 0.1896300363141 0 0 1 0 -0.20500000000000007 0 1 I I 0 -1 0.20500000000000007 reversed I I I I 
	} 0 0 #
named_attribute-st-attrib $-1 -1 $1640 $-1 $1031 1 1 1 1 1 1 1 1 1 1 1 1 1 1 0 1 1 1 @3 eif #
intcurve-curve $-1 -1 -1 $-1 forward { exactcur full nubs 3 open 7 
	0 3 0.16390162620435139 1 0.33221045964319296 1 0.50025325538788612 1 0.6683498159860618 1 
	0.8364728431796884 1 1 3 
	-27.859999999999999 47.158317608662998 0.31 
	-27.850110486443214 47.137135134575345 0.30999999999999994 
	-27.837518953677233 47.093753864146393 0.30999999999999994 
	-27.841238553555165 47.023437159998323 0.31 
	-27.868353394759247 46.958450313991094 0.31 
	-27.915359473845058 46.906052821492636 0.31000000000000005 
	-27.977178124828157 46.872496725065623 0.31 
	-28.021680553978626 46.865199183410411 0.31000000000000005 
	-28.045000000000002 46.865000000000002 0.31 
	0 
	null_surface 
	null_surface 
	nullbs 
	nullbs 
	-1 
	-1 
	I I 
	0 
	0 
	5 0.16390162620435139 0.33221045964319296 0.50025325538788612 0.6683498159860618 0.8364728431796884 
	
	-1 
	none F F 1 F 0 } I I #
coedge $-1 -1 -1 $-1 $1034 $1033 $1641 $1642 reversed $1035 $-1 #
edge $1643 -1 -1 $-1 $1037 0 $1644 0.080000000000016253 $1314 $1645 forward @7 unknown T -27.860000000000209 47.158317608662664 0.22999999999978923 -27.85999999999979 47.15831760866309 0.31000000000021227 #
face $1646 -1 -1 $-1 $1368 $1035 $5 $-1 $1647 reversed double out T -27.860000000000248 47.158317608662664 0.22999999999974718 -27.859999999999751 47.170000000000258 0.31000000000021227 F #
integer_attrib-name_attrib-gen-attrib $-1 -1 $-1 $1036 $788 2 1 1 1 1 1 1 1 1 1 1 1 1 1 0 1 1 1 @3 pid 6191 #
integer_attrib-name_attrib-gen-attrib $-1 -1 $-1 $-1 $1037 2 1 1 1 1 1 1 1 1 1 1 1 1 1 0 1 1 1 @3 pid 4101 #
point $-1 -1 -1 $-1 -27.859999999999999 47.158317608662877 0.3100000000000025 #
tcoedge-coedge $-1 -1 -1 $-1 $1053 $1641 $1039 $1325 forward $912 $1648 0 1 F #
tedge-edge $1649 -1 -1 $-1 $1328 0 $1056 1 $1039 $1650 forward @7 unknown T -27.860048311239485 47.16995168876052 0.22995168876051195 -27.779951688760516 47.250048311239482 0.23004831123948397 4.8311239483969133e-005 #
pcurve $-1 -1 -1 $-1 0 forward { exppc nubs 1 open 2 
	-1 1 -0 1 
	-1.5046245460737493 1.5707963267948744 
	-1.5046245460737493 -0 
	0.001 
	-1 
	cone -27.780000000000001 47.170000000000002 0.35036996368590001 0 0 -1 -0.080000000000000071 0 0 1 I I -0 1 0.080000000000000071 reversed I I I I 
	} 0 0 #
named_attribute-st-attrib $-1 -1 $1651 $-1 $1040 1 1 1 1 1 1 1 1 1 1 1 1 1 1 0 1 1 1 @3 eif #
tvertex-vertex $1652 -1 -1 $-1 $1040 $1653 2.4872342458520995e-013 #
straight-curve $-1 -1 -1 $-1 -27.859999999999999 47.170000000000002 0.3100000000000081 0 0 -1 F 0 F 0.080000000000016253 #
integer_attrib-name_attrib-gen-attrib $-1 -1 $1654 $-1 $1041 2 0 0 1 1 1 1 1 1 1 1 1 1 1 0 1 1 1 @3 fif 0 #
cone-surface $-1 -1 -1 $-1 -27.780000000000001 47.170000000000002 0.35036996368590001 0 0 -1 -0.080000000000000071 0 0 1 I I -0 1 0.080000000000000071 reversed I I I I #
coedge $-1 -1 -1 $-1 $1353 $1045 $1655 $1656 reversed $587 $-1 #
coedge $-1 -1 -1 $-1 $1657 $1658 $1045 $1334 forward $1659 $-1 #
edge $1660 -1 -1 $-1 $1661 -1.066972592050211e-016 $1339 0.034641016150902405 $1045 $1662 forward @7 unknown T -27.602472232503395 47.249999999999289 0.21499999999992056 -27.585151724427472 47.250000000000711 0.24500000000056268 #
coedge $-1 -1 -1 $-1 $1046 $1636 $1657 $1663 forward $1336 $-1 #
loop $-1 -1 -1 $-1 $-1 $1636 $1664 T -27.715056628994105 47.249998906000982 0.24499890600083218 -27.602471138503667 47.690001093999086 0.31000109406304138 unknown #
pcurve $-1 -1 -1 $-1 0 forward { exppc nubs 1 open 2 
	0 1 1.0472603067476436 1 
	-0.31053818220001017 -2.0943951023918448 
	-0.31053818220001017 -3.1415926535897931 
	0.001 
	-1 
	cone -27.715055534994999 47.209630036314003 0.17999999999999999 0 1 0 0 0 -0.13 1 I I 0 -1 0.13 reversed I I I I 
	} 0 0 #
named_attribute-st-attrib $-1 -1 $1665 $-1 $1047 1 1 1 1 1 1 1 1 1 1 1 1 1 1 0 1 1 1 @3 eif #
tvertex-vertex $1666 -1 -1 $-1 $1334 $1667 7.1138268734084031e-013 #
ellipse-curve $-1 -1 -1 $-1 -27.715051456105986 47.25 0.18000706484299694 0 -1 0 0.11257922360306338 0 0.064992935156857307 1 F 0 F 1.0472603067476436 #
integer_attrib-name_attrib-gen-attrib $-1 -1 $-1 $1049 $797 2 1 1 1 1 1 1 1 1 1 1 1 1 1 0 1 1 1 @3 pid 6196 #
integer_attrib-name_attrib-gen-attrib $-1 -1 $-1 $-1 $1050 2 1 1 1 1 1 1 1 1 1 1 1 1 1 0 1 1 1 @3 pid 4104 #
point $-1 -1 -1 $-1 -27.715055534995088 47.25 0.31000000000000771 #
coedge $-1 -1 -1 $-1 $1052 $1668 $1669 $1670 reversed $587 $-1 #
named_attribute-st-attrib $-1 -1 $1671 $-1 $1054 1 1 1 1 1 1 1 1 1 1 1 1 1 1 0 1 1 1 @3 eif #
straight-curve $-1 -1 -1 $-1 -27.780000000000051 47.25 0.22999999999999998 1 0 0 F 0 F 0.040982025616008499 #
integer_attrib-name_attrib-gen-attrib $-1 -1 $-1 $1055 $799 2 1 1 1 1 1 1 1 1 1 1 1 1 1 0 1 1 1 @3 pid 7468 #
integer_attrib-name_attrib-gen-attrib $-1 -1 $-1 $-1 $1056 2 1 1 1 1 1 1 1 1 1 1 1 1 1 0 1 1 1 @3 pid 4688 #
point $-1 -1 -1 $-1 -27.780000000000026 47.25 0.22999999999999751 #
coedge $-1 -1 -1 $-1 $1672 $1058 $1673 $1674 reversed $587 $-1 #
coedge $-1 -1 -1 $-1 $1675 $1676 $1058 $1352 forward $1677 $-1 #
edge $1678 -1 -1 $-1 $1679 0 $1361 0.010000000000001563 $1058 $1680 forward @7 unknown T -27.490000000000002 47.249999999991729 0.10999999999586374 -27.479999999995865 47.25 0.11000000000413623 #
coedge $-1 -1 -1 $-1 $1059 $1332 $1681 $1682 reversed $587 $-1 #
coedge $-1 -1 -1 $-1 $1258 $1583 $1059 $1355 forward $1259 $-1 #
edge $1683 -1 -1 $-1 $1360 0 $1684 0.010000000000001563 $1059 $1685 forward @7 unknown T -27.490000000000002 47.249999999999986 0.18999999999998918 -27.47999999999999 47.250000000000014 0.19000000000001077 #
tcoedge-coedge $-1 -1 -1 $-1 $1686 $1060 $1583 $1687 reversed $1358 $1688 -0.99999999999999989 -0 F #
tcoedge-coedge $-1 -1 -1 $-1 $1060 $1686 $1675 $1689 reversed $1358 $1690 -1 -0 F #
loop $-1 -1 -1 $-1 $-1 $1686 $1063 T -27.480048311244687 47.169951688750906 0.10995168875531237 -27.399951688755312 47.250048311240555 0.1900483112394947 unknown #
named_attribute-st-attrib $-1 -1 $1691 $-1 $1061 1 1 1 1 1 1 1 1 1 1 1 1 1 1 0 1 1 1 @3 eif #
tvertex-vertex $1692 -1 -1 $-1 $1355 $1693 1.0805156823142815e-014 #
tvertex-vertex $1694 -1 -1 $-1 $1352 $1695 4.1362473286033926e-012 #
straight-curve $-1 -1 -1 $-1 -27.479999999999997 47.25 0.19000000000001063 0 0 -1 F 0 F 0.08000000000001127 #
integer_attrib-name_attrib-gen-attrib $-1 -1 $1696 $1062 $801 2 1 1 1 1 1 1 1 1 1 1 1 1 1 0 1 1 1 @3 pid 2691 #
integer_attrib-name_attrib-gen-attrib $-1 -1 $1697 $-1 $1063 2 0 0 1 1 1 1 1 1 1 1 1 1 1 0 1 1 1 @3 fif 0 #
face $1698 -1 -1 $-1 $1587 $1699 $5 $-1 $1700 reversed double out T -27.654434850729327 47.249998906000847 0.1099989059369109 -27.541849360239034 47.690001093999136 0.17500109399917924 F #
cone-surface $-1 -1 -1 $-1 -27.479999999999997 47.170000000000002 0.23036996368589999 0 0 -1 0 0.080000000000000071 0 1 I I -0 1 0.080000000000000071 reversed I I I I #
coedge $-1 -1 -1 $-1 $1065 $1639 $1701 $1702 reversed $1066 $-1 #
face $1703 -1 -1 $-1 $1664 $1066 $5 $-1 $1704 reversed double out T -28.069743828108006 46.864935255341649 0.22993525534186629 -27.837454209018876 47.15838235332135 0.31006474465835859 F #
integer_attrib-name_attrib-gen-attrib $-1 -1 $-1 $1067 $806 2 1 1 1 1 1 1 1 1 1 1 1 1 1 0 1 1 1 @3 pid 6193 #
integer_attrib-name_attrib-gen-attrib $-1 -1 $-1 $-1 $1068 2 1 1 1 1 1 1 1 1 1 1 1 1 1 0 1 1 1 @3 pid 4102 #
point $-1 -1 -1 $-1 -28.045000000000002 46.865000000000002 0.31 #
tcoedge-coedge $-1 -1 -1 $-1 $1701 $1075 $1070 $1373 forward $912 $1705 0 1 F #
tedge-edge $1706 -1 -1 $-1 $1078 0 $1376 1 $1372 $1707 forward @7 unknown T -28.080001686415795 46.827307838001204 0.22999831358420222 -28.069742141692199 46.866500475189802 0.23000168641579785 1.6864157965733202e-006 #
pcurve $-1 -1 -1 $-1 0 forward { exppc nubs 1 open 2 
	-1 1 -0 1 
	-1.0199999999999967 0.5119358166266863 
	-1.0199999999999967 -1.1102230246251556e-014 
	0.001 
	-1 
	cone -28 46.827309524417004 0.31159999999999977 0 0 -1 -0.080000000000000071 0 0 1 I I -0 1 0.080000000000000071 reversed I I I I 
	} 0 0 #
named_attribute-st-attrib $-1 -1 $1708 $-1 $1071 1 1 1 1 1 1 1 1 1 1 1 1 1 1 0 1 1 1 @3 eif #
tvertex-vertex $1709 -1 -1 $-1 $1071 $1710 3.8874653808899393e-015 #
straight-curve $-1 -1 -1 $-1 -28.069743828107995 46.866498788774003 0.23000000000000256 0 0 1 F 0 F 0.079999999999997351 #
straight-curve $-1 -1 -1 $-1 -28.079999999999998 46.716729565346917 0.22999999999999998 0 1 0 F 0 F 0.11057995907014728 #
integer_attrib-name_attrib-gen-attrib $-1 -1 $-1 $1077 $815 2 1 1 1 1 1 1 1 1 1 1 1 1 1 0 1 1 1 @3 pid 7464 #
integer_attrib-name_attrib-gen-attrib $-1 -1 $-1 $-1 $1078 2 1 1 1 1 1 1 1 1 1 1 1 1 1 0 1 1 1 @3 pid 4689 #
point $-1 -1 -1 $-1 -28.079999999999998 46.827309524417032 0.22999999999999879 #
render-rbase-attrib $-1 -1 $1711 $1080 $816 1 1 1 1 1 1 1 1 1 1 1 1 0 1 0 1 1 1 $1712 $-1 0 2 0 -1 0 1 0 0 0 0 1 -36.899999999999999 52.719999999999999 0.079999999999999988 1 rotate no_reflect no_shear #
rgb_color-st-attrib $-1 -1 $1713 $1084 $426 2 1 2 1 1 1 1 1 1 1 1 1 1 1 0 1 1 1 0.73000001907348633 0.40000000596046448 0 #
rh_material-rh_entity $-1 -1 4 4 @5 plain @5 color -4 1 1 1 @5 phong @14 ambient factor -2 1 @14 diffuse factor -2 0.75 @15 specular factor -2 0.5 @8 exponent -2 10 @14 specular color -4 1 1 1 @4 none @5 plain @5 color -4 0 0 0 #
edge $1714 -1 -1 $-1 $1391 0 $1715 0.78946711257379432 $1135 $1716 forward @7 unknown T -27.985000000000042 47.584999999999859 0.31 -27.732958336777088 47.690000000000097 0.3100000000000025 #
coedge $-1 -1 -1 $-1 $1717 $1086 $1440 $1718 forward $1388 $-1 #
tcoedge-coedge $-1 -1 -1 $-1 $1086 $1719 $1636 $1720 forward $1388 $1721 0 1.0472603067464685 F #
loop $-1 -1 -1 $-1 $-1 $1719 $1722 T -27.780000000000051 47.689998906000916 0.10999890593693738 -27.479999999995844 47.690001093999136 0.31000109406304138 unknown #
named_attribute-st-attrib $-1 -1 $1723 $-1 $1087 1 1 1 1 1 1 1 1 1 1 1 1 1 1 0 1 1 1 @3 eif #
tvertex-vertex $1724 -1 -1 $-1 $1313 $1725 7.7547389472918873e-014 #
vertex $1726 -1 -1 $-1 $1137 $1727 #
straight-curve $-1 -1 -1 $-1 -27.715055534994956 47.689999999999998 0.31 -1 0 0 F 0 F 0.01790280178221515 #
coedge $-1 -1 -1 $-1 $1280 $1088 $1091 $1397 forward $739 $-1 #
named_attribute-st-attrib $-1 -1 $1728 $-1 $1089 1 1 1 1 1 1 1 1 1 1 1 1 1 1 0 1 1 1 @3 eif #
straight-curve $-1 -1 -1 $-1 -27.215884572681134 46.770000000000003 0.50999999999976187 0.86602540378471005 0 -0.49999999999953004 F -2.5850713647817551e-016 F 0.17999999999992156 #
coedge $-1 -1 -1 $-1 $1091 $1729 $1730 $1731 forward $1092 $-1 #
edge $1732 -1 -1 $-1 $1094 5.4178883601707639e-014 $1733 0.2999974125201641 $1091 $1734 forward @7 unknown T -27.060002587479797 46.769999999999946 0.41999741251996581 -27.059997412519909 47.070000000000007 0.42000258747985575 #
face $1735 -1 -1 $-1 $564 $1092 $5 $-1 $1736 forward double out T -27.060002587479797 46.769999999999946 0.07999999999999996 -27.059997412519909 47.070000000000007 0.42000258747985575 F #
integer_attrib-name_attrib-gen-attrib $-1 -1 $-1 $1093 $828 2 1 1 1 1 1 1 1 1 1 1 1 1 1 0 1 1 1 @3 pid 4839 #
integer_attrib-name_attrib-gen-attrib $-1 -1 $-1 $-1 $1094 2 1 1 1 1 1 1 1 1 1 1 1 1 1 0 1 1 1 @3 pid 3443 #
point $-1 -1 -1 $-1 -27.059999999999924 46.769999999999946 0.41999999999991433 #
named_attribute-st-attrib $-1 -1 $1737 $-1 $1096 1 1 1 1 1 1 1 1 1 1 1 1 1 1 0 1 1 1 @3 eif #
straight-curve $-1 -1 -1 $-1 -27.059999999999999 46.82 0.10999999999999999 0 -1 0 F 0 F 0.050000000000000711 #
integer_attrib-name_attrib-gen-attrib $-1 -1 $-1 $1100 $834 2 1 1 1 1 1 1 1 1 1 1 1 1 1 0 1 1 1 @3 pid 6796 #
coedge $-1 -1 -1 $-1 $1569 $1102 $1738 $1739 forward $986 $-1 #
coedge $-1 -1 -1 $-1 $1103 $1740 $1461 $1741 forward $986 $-1 #
integer_attrib-name_attrib-gen-attrib $-1 -1 $-1 $1104 $839 2 1 1 1 1 1 1 1 1 1 1 1 1 1 0 1 1 1 @3 pid 4841 #
integer_attrib-name_attrib-gen-attrib $-1 -1 $-1 $-1 $1105 2 1 1 1 1 1 1 1 1 1 1 1 1 1 0 1 1 1 @3 pid 3444 #
point $-1 -1 -1 $-1 -27.215884572681091 46.769999999999946 0.50999999999985635 #
edge $1742 -1 -1 $-1 $1113 -4.3177542520928719e-016 $1412 0.070710678118666867 $1153 $1743 forward @7 unknown T -27.710000000000072 48.445 0.4600000000000205 -27.65999999999983 48.445 0.51000000000000001 #
named_attribute-st-attrib $-1 -1 $1744 $-1 $1108 1 1 1 1 1 1 1 1 1 1 1 1 1 1 0 1 1 1 @3 eif #
vertex $1745 -1 -1 $-1 $1741 $1746 #
straight-curve $-1 -1 -1 $-1 -27.659999999999883 48.445 0.51000000000000001 0 -1 0 F 0 F 1.6749999999999998 #
integer_attrib-name_attrib-gen-attrib $-1 -1 $-1 $1112 $846 2 1 1 1 1 1 1 1 1 1 1 1 1 1 0 1 1 1 @3 pid 4849 #
integer_attrib-name_attrib-gen-attrib $-1 -1 $-1 $-1 $1113 2 1 1 1 1 1 1 1 1 1 1 1 1 1 0 1 1 1 @3 pid 3447 #
point $-1 -1 -1 $-1 -27.70999999999993 48.445 0.4600000000000205 #
string_attrib-name_attrib-gen-attrib $-1 -1 $-1 $1115 $305 2 1 2 1 1 1 1 1 1 1 1 1 1 1 0 1 1 1 @15 ATTRIB_XACIS_ID @5 40745 #
rgb_color-st-attrib $-1 -1 $1747 $1117 $435 2 1 2 1 1 1 1 1 1 1 1 1 1 1 0 1 1 1 0.73000001907348633 0.40000000596046448 0 #
rh_material-rh_entity $-1 -1 4 4 @5 plain @5 color -4 1 1 1 @5 phong @14 ambient factor -2 1 @14 diffuse factor -2 0.75 @15 specular factor -2 0.5 @8 exponent -2 10 @14 specular color -4 1 1 1 @4 none @5 plain @5 color -4 0 0 0 #
render-rbase-attrib $-1 -1 $1748 $1118 $626 1 1 1 1 1 1 1 1 1 1 1 1 0 1 0 1 1 1 $1749 $-1 0 2 0 -1 0 1 0 0 0 0 1 -36.899999999999999 52.719999999999999 0.079999999999999988 1 rotate no_reflect no_shear #
integer_attrib-name_attrib-gen-attrib $-1 -1 $1750 $1119 $853 2 1 1 1 1 1 1 1 1 1 1 1 1 1 0 1 1 1 @3 pid 1223 #
integer_attrib-name_attrib-gen-attrib $-1 -1 $1751 $-1 $1120 2 0 0 1 1 1 1 1 1 1 1 1 1 1 0 1 1 1 @3 fif 0 #
face $1752 -1 -1 $-1 $1753 $1155 $5 $-1 $1754 forward double out T -27.870000000000047 48.444999999999958 0.41999999999991244 -27.65999999999983 48.445 0.51000000000000001 F #
loop $-1 -1 -1 $-1 $-1 $1448 $1120 T -28.260000000000005 48.164499443206005 0.30999999999999994 -27.70999999999993 48.295000000010667 0.42000000000000393 unknown #
cone-surface $-1 -1 -1 $-1 -27.984999999999999 47.939999999999998 0.26963003631409999 0 0 1 0 -0.35499999999999954 0 1 I I -0 1 0.35499999999999954 reversed I I I I #
coedge $-1 -1 -1 $-1 $1124 $1141 $1123 $1427 reversed $1424 $-1 #
edge $1755 -1 -1 $-1 $1430 0 $1450 0.88617361344278189 $1123 $1756 forward @7 unknown T -27.985000000000003 48.164499443206012 0.41999999999999948 -27.70999999999993 48.295000000010667 0.42000000000000004 #
coedge $-1 -1 -1 $-1 $1757 $1124 $1127 $1433 forward $1424 $-1 #
named_attribute-st-attrib $-1 -1 $1758 $-1 $1125 1 1 1 1 1 1 1 1 1 1 1 1 1 1 0 1 1 1 @3 eif #
vertex $1759 -1 -1 $-1 $1427 $1760 #
ellipse-curve $-1 -1 -1 $-1 -27.985002751691844 47.94000579856035 0.42000000000000004 0 0 -1 -0.27499724830815886 0.22449364464565225 0 1 F 0 F 0.88617361345320877 #
coedge $-1 -1 -1 $-1 $1127 $1126 $1444 $1761 forward $1121 $-1 #
edge $1762 -1 -1 $-1 $1129 0 $1763 0.10999999999999796 $1428 $1764 forward @7 unknown T -28.259999999999998 48.164499443206047 0.31000000000000094 -28.259999999999998 48.164499443206147 0.42000000000000393 #
integer_attrib-name_attrib-gen-attrib $-1 -1 $-1 $1128 $857 2 1 1 1 1 1 1 1 1 1 1 1 1 1 0 1 1 1 @3 pid 2702 #
integer_attrib-name_attrib-gen-attrib $-1 -1 $-1 $-1 $1129 2 1 1 1 1 1 1 1 1 1 1 1 1 1 0 1 1 1 @3 pid 2009 #
point $-1 -1 -1 $-1 -28.259999999999998 48.164499443206047 0.42000000000000393 #
named_attribute-st-attrib $-1 -1 $1765 $-1 $1131 1 1 1 1 1 1 1 1 1 1 1 1 1 1 0 1 1 1 @3 eif #
vertex $1766 -1 -1 $-1 $1131 $1767 #
straight-curve $-1 -1 -1 $-1 -28.259999999999998 47.71550055679382 0.310000000000001 0 0 1 F 0 F 0.10999999999999796 #
coedge $-1 -1 -1 $-1 $1136 $1768 $1386 $1718 reversed $1144 $-1 #
named_attribute-st-attrib $-1 -1 $1769 $-1 $1137 1 1 1 1 1 1 1 1 1 1 1 1 1 1 0 1 1 1 @3 eif #
intcurve-curve $-1 -1 -1 $-1 forward { exactcur full nubs 3 open 4 
	0 3 0.33329723138732281 1 0.66670910531123695 1 1 3 
	-27.732958336777003 47.690000000000005 0.30999999999999994 
	-27.730271797211365 47.692708524915247 0.31 
	-27.724988334045271 47.698209619200426 0.30999999999999994 
	-27.717330520467158 47.706715402185097 0.31 
	-27.712412505711853 47.712545414749982 0.30999999999999994 
	-27.710000000000001 47.715500556794005 0.30999999999999994 
	0 
	null_surface 
	null_surface 
	nullbs 
	nullbs 
	-1 
	-1 
	I I 
	0 
	0 
	2 0.33329723138732281 0.66670910531123695 
	
	-1 
	none F F 1 F 0 } I I #
edge $1770 -1 -1 $-1 $1715 0 $1287 0.35982490218550045 $1138 $1771 forward @7 unknown T -28.110000000000099 47.585000000000072 0.31 -27.985000000000042 47.607735045483082 0.3100000000000025 #
coedge $-1 -1 -1 $-1 $1139 $1772 $1432 $1761 reversed $1445 $-1 #
loop $-1 -1 -1 $-1 $-1 $1773 $1604 T -28.260000000000105 47.607735045482997 0.30991008922737878 -28.109910089227153 48.256574922990005 0.31008991077262366 unknown #
named_attribute-st-attrib $-1 -1 $1774 $-1 $1140 1 1 1 1 1 1 1 1 1 1 1 1 1 1 0 1 1 1 @3 eif #
ellipse-curve $-1 -1 -1 $-1 -27.9849979487959 47.94000285509177 0.30999999999999994 0 0 1 -0.2750020512040976 -0.2245022982977698 0 1 F 0 F 0.52632557579221451 #
coedge $-1 -1 -1 $-1 $1141 $1775 $1143 $1453 reversed $1424 $-1 #
named_attribute-st-attrib $-1 -1 $1776 $-1 $1142 1 1 1 1 1 1 1 1 1 1 1 1 1 1 0 1 1 1 @3 eif #
vertex $1777 -1 -1 $-1 $1142 $1778 #
straight-curve $-1 -1 -1 $-1 -27.710000000000001 48.16449944320626 0.310000000000001 0 0 1 F 0 F 0.10999999999999796 #
coedge $-1 -1 -1 $-1 $1779 $1143 $1780 $1781 forward $1144 $-1 #
edge $1782 -1 -1 $-1 $1146 0 $1783 0.41657890568247452 $1143 $1784 forward @7 unknown T -27.824359662182001 48.164499443206005 0.30999999999999994 -27.710000000000001 48.256574922990005 0.30999999999999994 #
coedge $-1 -1 -1 $-1 $1768 $1785 $1786 $1787 forward $1144 $-1 #
integer_attrib-name_attrib-gen-attrib $-1 -1 $-1 $1145 $869 2 1 1 1 1 1 1 1 1 1 1 1 1 1 0 1 1 1 @3 pid 4847 #
integer_attrib-name_attrib-gen-attrib $-1 -1 $-1 $-1 $1146 2 1 1 1 1 1 1 1 1 1 1 1 1 1 0 1 1 1 @3 pid 3448 #
point $-1 -1 -1 $-1 -27.710000000000001 48.164499443206005 0.30999999999999994 #
coedge $-1 -1 -1 $-1 $1788 $1151 $1154 $1463 reversed $149 $-1 #
named_attribute-st-attrib $-1 -1 $1789 $-1 $1152 1 1 1 1 1 1 1 1 1 1 1 1 1 1 0 1 1 1 @3 eif #
straight-curve $-1 -1 -1 $-1 -27.710000000000001 48.4450000000001 0.42000000000000004 0 -1 0 F 0 F 0.28050055679400554 #
coedge $-1 -1 -1 $-1 $1462 $1153 $1406 $1741 reversed $1155 $-1 #
coedge $-1 -1 -1 $-1 $1154 $1461 $1790 $1791 forward $1155 $-1 #
edge $1792 -1 -1 $-1 $1793 0 $1157 0.16000000000011561 $1154 $1794 forward @7 unknown T -27.870000000000047 48.445 0.41999999999998605 -27.70999999999993 48.445 0.42000000000000004 #
integer_attrib-name_attrib-gen-attrib $-1 -1 $-1 $1156 $875 2 1 1 1 1 1 1 1 1 1 1 1 1 1 0 1 1 1 @3 pid 4845 #
integer_attrib-name_attrib-gen-attrib $-1 -1 $-1 $-1 $1157 2 1 1 1 1 1 1 1 1 1 1 1 1 1 0 1 1 1 @3 pid 2012 #
point $-1 -1 -1 $-1 -27.70999999999993 48.445 0.41999999999998605 #
coedge $-1 -1 -1 $-1 $1159 $1795 $1796 $1797 reversed $149 $-1 #
edge $-1 -1 -1 $-1 $941 2.478625586851436 $1798 2.7812726456747328 $1159 $1799 forward @7 unknown T -30.0700000000001 48.742352941176705 0.42000000000000004 -30.0700000000001 49.045000000000002 0.42000000000000004 #
integer_attrib-name_attrib-gen-attrib $-1 -1 $-1 $1162 $878 2 1 1 1 1 1 1 1 1 1 1 1 1 1 0 1 1 1 @3 pid 2517 #
integer_attrib-name_attrib-gen-attrib $-1 -1 $-1 $-1 $1163 2 1 1 1 1 1 1 1 1 1 1 1 1 1 0 1 1 1 @3 pid 1834 #
point $-1 -1 -1 $-1 -30.050000000000274 48.759999999999962 0.41999999999999993 #
named_attribute-st-attrib $-1 -1 $1800 $-1 $1165 1 1 1 1 1 1 1 1 1 1 1 1 1 1 0 1 1 1 @3 eif #
straight-curve $-1 -1 -1 $-1 -29.650000000000134 48.760000000000005 0.07999999999999996 0 0 1 F 0 F 0.33999999999999997 #
integer_attrib-name_attrib-gen-attrib $-1 -1 $-1 $1169 $885 2 1 1 1 1 1 1 1 1 1 1 1 1 1 0 1 1 1 @3 pid 4424 #
render-rbase-attrib $-1 -1 $1801 $1172 $887 1 1 1 1 1 1 1 1 1 1 1 1 0 1 0 1 1 1 $1802 $-1 0 2 0 -1 0 1 0 0 0 0 1 -36.899999999999999 52.719999999999999 0.079999999999999988 1 rotate no_reflect no_shear #
string_attrib-name_attrib-gen-attrib $-1 -1 $-1 $1174 $323 2 1 2 1 1 1 1 1 1 1 1 1 1 1 0 1 1 1 @15 ATTRIB_XACIS_ID @5 41206 #
edge $-1 -1 -1 $-1 $820 -0.10504099914171405 $1179 0.11959151407583235 $1176 $1803 forward @7 unknown F #
integer_attrib-name_attrib-gen-attrib $-1 -1 $-1 $1178 $893 2 1 1 1 1 1 1 1 1 1 1 1 1 1 0 1 1 1 @3 pid 5608 #
point $-1 -1 -1 $-1 -27.855367486782452 46.769909417300838 0.22999999999999998 #
coedge $-1 -1 -1 $-1 $1186 $1181 $1804 $1805 reversed $662 $-1 #
coedge $-1 -1 -1 $-1 $1669 $1806 $1181 $1482 reversed $1807 $-1 #
edge $1808 -1 -1 $-1 $1484 0 $1809 0.43999999999998529 $1181 $1810 forward @7 tangent T -27.715055534995024 47.25 0.22999999999999501 -27.715055534994956 47.689999999999998 0.22999999999999998 #
named_attribute-st-attrib $-1 -1 $1811 $-1 $1182 1 1 1 1 1 1 1 1 1 1 1 1 1 1 0 1 1 1 @3 eif #
vertex $1812 -1 -1 $-1 $1182 $1813 #
straight-curve $-1 -1 -1 $-1 -27.739017974384041 47.25 0.22999999999999998 1 0 0 F 0 F 0.023962439389086043 #
coedge $-1 -1 -1 $-1 $1814 $1187 $1186 $1487 reversed $1489 $-1 #
edge $1815 -1 -1 $-1 $1816 0 $1491 0.78946711257487068 $1486 $1817 forward @7 unknown T -27.985000000000042 47.584999999999859 0.22999999999963558 -27.732958336776715 47.69000000000036 0.23000000000035944 #
coedge $-1 -1 -1 $-1 $1187 $1818 $1819 $1820 reversed $1489 $-1 #
loop $-1 -1 -1 $-1 $1219 $1818 $1527 T -28.341214072706229 47.584999999999859 0.22991380858411967 -27.628285698715768 48.295000000000279 0.23008619141587786 unknown #
named_attribute-st-attrib $-1 -1 $1821 $-1 $1188 1 1 1 1 1 1 1 1 1 1 1 1 1 1 0 1 1 1 @3 eif #
vertex $1822 -1 -1 $-1 $1487 $1823 #
ellipse-curve $-1 -1 -1 $-1 -27.984999559704342 47.940002420802834 0.22999999999999998 0 0 -1 -4.4029570211989721e-007 -0.35500242080275957 0 1 F 0 F 0.35982490218568064 #
coedge $-1 -1 -1 $-1 $1819 $1824 $1189 $1494 forward $1825 $-1 #
edge $1826 -1 -1 $-1 $1827 0 $1191 0.16978418642400062 $1189 $1828 forward @7 unknown T -28.11000000000022 47.607735045482997 0.22999999999977827 -28.109999999999779 47.77751923190722 0.23000000000022169 #
integer_attrib-name_attrib-gen-attrib $-1 -1 $-1 $1190 $902 2 1 1 1 1 1 1 1 1 1 1 1 1 1 0 1 1 1 @3 pid 7030 #
integer_attrib-name_attrib-gen-attrib $-1 -1 $-1 $-1 $1191 2 1 1 1 1 1 1 1 1 1 1 1 1 1 0 1 1 1 @3 pid 3739 #
point $-1 -1 -1 $-1 -28.109999999999999 47.607735045483004 0.22999999999999998 #
integer_attrib-name_attrib-gen-attrib $-1 -1 $1829 $1193 $903 2 1 1 1 1 1 1 1 1 1 1 1 1 1 0 1 1 1 @3 pid 2119 #
integer_attrib-name_attrib-gen-attrib $-1 -1 $1830 $-1 $1194 2 0 0 1 1 1 1 1 1 1 1 1 1 1 0 1 1 1 @3 fif 0 #
face $1831 -1 -1 $-1 $472 $1832 $5 $-1 $1833 forward double out T -28.216862915012076 48.256574922989486 0.22999999999462217 -27.715055534989645 48.710000000005081 0.23000000000537629 F #
loop $-1 -1 -1 $-1 $-1 $1834 $1194 T -27.860089910772579 47.689913808584123 0.22991008922749503 -27.628285698715768 48.25666111440588 0.23008991077250088 unknown #
plane-surface $-1 -1 -1 $-1 -27.744404083691929 47.973287461495005 0.22999999999999998 0 0 1 0 1 0 forward_v I I I I #
rgb_color-st-attrib $-1 -1 $1835 $1197 $472 2 1 2 1 1 1 1 1 1 1 1 1 1 1 0 1 1 1 0.73000001907348633 0.40000000596046448 0 #
rh_material-rh_entity $-1 -1 4 4 @5 plain @5 color -4 1 1 1 @5 phong @14 ambient factor -2 1 @14 diffuse factor -2 0.75 @15 specular factor -2 0.5 @8 exponent -2 10 @14 specular color -4 1 1 1 @4 none @5 plain @5 color -4 0 0 0 #
rgb_color-st-attrib $-1 -1 $1836 $1198 $672 2 1 2 1 1 1 1 1 1 1 1 1 1 1 0 1 1 1 0.73000001907348633 0.40000000596046448 0 #
rh_material-rh_entity $-1 -1 4 4 @5 plain @5 color -4 1 1 1 @5 phong @14 ambient factor -2 1 @14 diffuse factor -2 0.75 @15 specular factor -2 0.5 @8 exponent -2 10 @14 specular color -4 1 1 1 @4 none @5 plain @5 color -4 0 0 0 #
integer_attrib-name_attrib-gen-attrib $-1 -1 $1837 $1199 $911 2 1 1 1 1 1 1 1 1 1 1 1 1 1 0 1 1 1 @3 pid 2171 #
integer_attrib-name_attrib-gen-attrib $-1 -1 $1838 $-1 $1200 2 0 0 1 1 1 1 1 1 1 1 1 1 1 0 1 1 1 @3 fif 0 #
face $1839 -1 -1 $-1 $1840 $1841 $5 $-1 $1842 reversed double out T -28.743431457565634 48.269999998214715 0.10999998959513523 -28.686862908906892 48.293431457565795 0.16000000004951445 F #
loop $-1 -1 -1 $-1 $-1 $1843 $1200 T -28.796568542545675 48.293431457456485 0.10999999995239533 -28.743431457456484 48.346568542545754 0.16000000006385492 unknown #
plane-surface $-1 -1 -1 $-1 -28.770000000000501 48.320000000000505 0.13499999999984999 -0.70710678118654746 -0.70710678118654757 0 0.70710678118654757 -0.70710678118654746 0 forward_v I I I I #
coedge $-1 -1 -1 $-1 $1844 $1845 $1846 $1847 forward $1201 $-1 #
named_attribute-st-attrib $-1 -1 $1848 $-1 $1207 1 1 1 1 1 1 1 1 1 1 1 1 1 1 0 1 1 1 @3 eif #
straight-curve $-1 -1 -1 $-1 -30.05000000000009 48.760000000000005 0.079999999999999988 1 0 0 F 0 F 0.40000000000017444 #
integer_attrib-name_attrib-gen-attrib $-1 -1 $-1 $1208 $924 2 1 1 1 1 1 1 1 1 1 1 1 1 1 0 1 1 1 @3 pid 3699 #
integer_attrib-name_attrib-gen-attrib $-1 -1 $-1 $-1 $1209 2 1 1 1 1 1 1 1 1 1 1 1 1 1 0 1 1 1 @3 pid 2716 #
point $-1 -1 -1 $-1 -29.649999999999917 48.760000000000005 0.07999999999999996 #
tcoedge-coedge $-1 -1 -1 $-1 $1215 $1217 $1214 $1519 forward $1219 $1849 0 1 F #
tedge-edge $1850 -1 -1 $-1 $1525 0 $1522 1 $1518 $1851 forward @7 unknown T -27.985084626005236 47.584915373994768 0.079915373994765254 -27.623983941231742 48.295084626005234 0.080084626005234721 8.462600523473082e-005 #
pcurve $-1 -1 -1 $-1 0 forward { exppc nubs 3 open 11 
	-1 3 -0.90202540474015946 1 -0.80154240742868688 1 -0.70101337065861669 1 -0.60061912727595967 1 
	-0.50016915195973277 1 -0.39972899456159289 1 -0.2993329257624171 1 -0.19883391831951008 1 -0.098255673097006668 1 
	-0 3 
	-3.5425000000000004 2.6049999999999969 
	-3.5427600270571871 2.6425399146048232 
	-3.5537992545994168 2.7146370461186891 
	-3.6045051273100928 2.8158848941639967 
	-3.6843569918604393 2.8962555816373179 
	-3.785314154376298 2.9480660912689594 
	-3.8973031470014083 2.9659314327630195 
	-4.0093122851544383 2.9481886674966962 
	-4.1103123982420486 2.8964938854369784 
	-4.1902772025100488 2.8162019289229097 
	-4.2411421033898016 2.7148799479181704 
	-4.2522355444914011 2.6426534929055272 
	-4.2524999999999995 2.6049999999999969 
	0 
	0 
	plane -30.589999999999996 44.042500000000004 0.079999999999999988 0 0 -1 0 -1 0 reverse_v I I I I 
	} 0 0 #
named_attribute-st-attrib $-1 -1 $1852 $-1 $1216 1 1 1 1 1 1 1 1 1 1 1 1 1 1 0 1 1 1 @3 eif #
tvertex-vertex $1853 -1 -1 $-1 $1216 $1854 1.9860273225978185e-015 #
ellipse-curve $-1 -1 -1 $-1 -27.985002751691589 47.939994201440186 0.079999999999999988 0 0 -1 2.7516915857006556e-006 -0.35499420144018767 0 1 F 0 F 0.88617361345177703 #
named_attribute-st-attrib $-1 -1 $1855 $-1 $1218 1 1 1 1 1 1 1 1 1 1 1 1 1 1 0 1 1 1 @3 eif #
tvertex-vertex $1856 -1 -1 $-1 $1519 $1857 8.8817841970012523e-016 #
ellipse-curve $-1 -1 -1 $-1 -27.985002751691855 47.940005798560378 0.079999999999999988 0 0 -1 -0.27499724830814465 0.22449364464562205 0 1 F 0 F 0.88617361345328949 #
face $1858 -1 -1 $-1 $1859 $1489 $5 $-1 $1860 reversed double out T -28.341214072706229 47.584915373994768 0.079915373994765254 -27.623983941231742 48.295084626005234 0.23008619141587786 F #
integer_attrib-name_attrib-gen-attrib $-1 -1 $-1 $1221 $932 2 1 1 1 1 1 1 1 1 1 1 1 1 1 0 1 1 1 @3 pid 3642 #
integer_attrib-name_attrib-gen-attrib $-1 -1 $-1 $-1 $1222 2 1 1 1 1 1 1 1 1 1 1 1 1 1 0 1 1 1 @3 pid 2659 #
point $-1 -1 -1 $-1 -28.260000000000119 47.715500556793927 0.079999999999996727 #
integer_attrib-name_attrib-gen-attrib $-1 -1 $-1 $-1 $1223 2 1 1 1 1 1 1 1 1 1 1 1 1 1 0 1 1 1 @3 pid 2658 #
point $-1 -1 -1 $-1 -28.259999999999998 48.164499443206005 0.079999999999999988 #
named_attribute-st-attrib $-1 -1 $1861 $-1 $1226 1 1 1 1 1 1 1 1 1 1 1 1 1 1 0 1 1 1 @3 eif #
straight-curve $-1 -1 -1 $-1 -30.05000000000042 48.759999999999962 0.07999999999999996 0 0 1 F 0 F 0.33999999999999997 #
coedge $-1 -1 -1 $-1 $1862 $1227 $1863 $1864 reversed $340 $-1 #
edge $-1 -1 -1 $-1 $1865 -2.6950226456747401 $940 -2.5173755868514291 $1227 $1866 forward @7 unknown T -30.0700000000001 48.742352941176691 0.079999999999999988 -30.0700000000001 48.920000000000002 0.079999999999999988 #
integer_attrib-name_attrib-gen-attrib $-1 -1 $-1 $-1 $1228 2 1 1 1 1 1 1 1 1 1 1 1 1 1 0 1 1 1 @3 pid 2717 #
point $-1 -1 -1 $-1 -30.050000000000274 48.759999999999962 0.07999999999999996 #
integer_attrib-name_attrib-gen-attrib $-1 -1 $-1 $1233 $943 2 1 1 1 1 1 1 1 1 1 1 1 1 1 0 1 1 1 @3 pid 7476 #
named_attribute-st-attrib $-1 -1 $1867 $-1 $1235 1 1 1 1 1 1 1 1 1 1 1 1 1 1 0 1 1 1 @3 eif #
intcurve-curve $-1 -1 -1 $-1 forward { exactcur full nubs 3 open 4 
	0 3 0.33320296214693229 1 0.66682022671743835 1 1 3 
	-28.110000000000099 47.418998567332039 0.31 
	-28.102853357717827 47.420329181369077 0.31000000000000005 
	-28.08850207287912 47.422549317975957 0.31000000000000005 
	-28.066783621897514 47.424554530054664 0.31 
	-28.052268951581826 47.42499957940597 0.31 
	-28.045000000000069 47.42500000000004 0.31 
	0 
	null_surface 
	null_surface 
	nullbs 
	nullbs 
	-1 
	-1 
	I I 
	0 
	0 
	2 0.33320296214693229 0.66682022671743835 
	
	-1 
	none F F 1 F 0 } I I #
string_attrib-name_attrib-gen-attrib $-1 -1 $-1 $1238 $359 2 1 2 1 1 1 1 1 1 1 1 1 1 1 0 1 1 1 @15 ATTRIB_XACIS_ID @5 43774 #
rgb_color-st-attrib $-1 -1 $1868 $1240 $511 2 1 2 1 1 1 1 1 1 1 1 1 1 1 0 1 1 1 0.73000001907348633 0.40000000596046448 0 #
rh_material-rh_entity $-1 -1 4 4 @5 plain @5 color -4 1 1 1 @5 phong @14 ambient factor -2 1 @14 diffuse factor -2 0.75 @15 specular factor -2 0.5 @8 exponent -2 10 @14 specular color -4 1 1 1 @4 none @5 plain @5 color -4 0 0 0 #
render-rbase-attrib $-1 -1 $1869 $1241 $713 1 1 1 1 1 1 1 1 1 1 1 1 0 1 0 1 1 1 $1870 $-1 0 2 0 -1 0 1 0 0 0 0 1 -36.899999999999999 52.719999999999999 0.079999999999999988 1 rotate no_reflect no_shear #
integer_attrib-name_attrib-gen-attrib $-1 -1 $1871 $1242 $959 2 1 1 1 1 1 1 1 1 1 1 1 1 1 0 1 1 1 @3 pid 2590 #
integer_attrib-name_attrib-gen-attrib $-1 -1 $1872 $-1 $1243 2 0 0 1 1 1 1 1 1 1 1 1 1 1 0 1 1 1 @3 fif 0 #
face $1873 -1 -1 $-1 $1874 $1875 $5 $-1 $1876 forward double out T -27.86000000001544 48.189999999999955 0.22999999999959322 -27.779999999999944 48.270000000000472 0.31000000000033956 F #
loop $-1 -1 -1 $-1 $-1 $1877 $1243 T -27.860048311239481 47.689951688760516 0.22995168876051034 -27.779951688760516 47.770048311239535 0.31004831123948878 unknown #
cone-surface $-1 -1 -1 $-1 -27.780000000000001 47.770000000000003 0.35036996368590001 0 0 -1 0 -0.080000000000000071 0 1 I I -0 1 0.080000000000000071 reversed I I I I #
coedge $-1 -1 -1 $-1 $1878 $1879 $1880 $1881 reversed $1244 $-1 #
tcoedge-coedge $-1 -1 -1 $-1 $1557 $1246 $1882 $1883 reversed $960 $1884 -1 -0 F #
coedge $-1 -1 -1 $-1 $1246 $1885 $1886 $1887 forward $960 $-1 #
coedge $-1 -1 -1 $-1 $1888 $1889 $1246 $1555 reversed $1890 $-1 #
edge $1891 -1 -1 $-1 $1892 0 $1893 0.32000000000002454 $1554 $1894 forward @7 tangent T -27.340000000000096 47.869999999999941 0.1899999999999927 -27.339999999999968 47.870000000000083 0.51000000000004186 #
coedge $-1 -1 -1 $-1 $1252 $1247 $1895 $1896 reversed $714 $-1 #
coedge $-1 -1 -1 $-1 $1885 $1552 $1247 $1558 forward $960 $-1 #
edge $1897 -1 -1 $-1 $1898 0 $1566 0.32000000000002454 $1247 $1899 forward @7 tangent T -27.490000017499156 47.719999999574405 0.1899999999998675 -27.489999973930843 47.720000043142726 0.51000002178415793 #
coedge $-1 -1 -1 $-1 $1248 $1252 $1258 $1586 reversed $714 $-1 #
coedge $-1 -1 -1 $-1 $1681 $1900 $1248 $1561 reversed $1901 $-1 #
edge $1902 -1 -1 $-1 $1684 0 $1567 0.43999999999999861 $1560 $1903 forward @7 unknown T -27.490000000000002 47.25 0.18999999999999997 -27.489999999999768 47.690000000000005 0.19000000000000372 #
coedge $-1 -1 -1 $-1 $1904 $1249 $1905 $1906 forward $1564 $-1 #
tcoedge-coedge $-1 -1 -1 $-1 $1249 $1907 $1885 $1908 forward $1564 $1909 0 1 F #
loop $-1 -1 -1 $-1 $-1 $1904 $1910 T -27.490081572383144 47.689951688760516 0.18991842761685515 -27.399918427616857 47.857558843232141 0.1900815723831486 unknown #
named_attribute-st-attrib $-1 -1 $1911 $-1 $1250 1 1 1 1 1 1 1 1 1 1 1 1 1 1 0 1 1 1 @3 eif #
tvertex-vertex $1912 -1 -1 $-1 $1558 $1913 1.2883718751114533e-013 #
vertex $1914 -1 -1 $-1 $1561 $1915 #
straight-curve $-1 -1 -1 $-1 -27.490000000000002 47.720000000000134 0.18999999999999997 0 -1 0 F 0 F 0.029999999999979821 #
tcoedge-coedge $-1 -1 -1 $-1 $1895 $1405 $1251 $1570 forward $986 $1916 5.2516704654956445e-005 0.99974859651098624 F #
tedge-edge $1917 -1 -1 $-1 $1918 5.2516704654956445e-005 $1573 0.99974859651098624 $1569 $1919 forward @7 unknown T -27.490089336788419 47.069900477018329 0.50991065178534323 -27.339871958653934 47.220027260292191 0.51008934821464635 8.9348214637230013e-005 #
pcurve $-1 -1 -1 $-1 0 forward { exppc nubs 1 open 2 
	-0.99974859651098624 1 -5.2516704654956445e-005 1 
	-0.26913309123933132 1.5703824049831185 
	-0.26913309123933132 -0.00025748527755870476 
	0.001 
	-1 
	cone -27.339999999999996 47.219999999999999 0.55036996368589974 0 0 -1 0 -0.15000000000000036 0 1 I I 0 -1 0.15000000000000036 reversed I I I I 
	} 0 0 #
named_attribute-st-attrib $-1 -1 $1920 $-1 $1253 1 1 1 1 1 1 1 1 1 1 1 1 1 1 0 1 1 1 @3 eif #
tvertex-vertex $1921 -1 -1 $-1 $1896 $1922 2.06998363372991e-005 #
straight-curve $-1 -1 -1 $-1 -27.490000000000002 47.219999999999871 0.1899999999999927 0 -0.00025874792179221426 0.99999996652475598 F 3.6187442099111989e-015 F 0.32000000535605588 #
coedge $-1 -1 -1 $-1 $1738 $1923 $1254 $1576 reversed $1924 $-1 #
edge $1925 -1 -1 $-1 $1918 3.6748382115092681e-014 $1581 0.32000000000001277 $1254 $1926 forward @7 tangent T -27.340000344525077 47.069955787383996 0.1899871022891034 -27.339922269212064 47.070033862697009 0.51003903765648695 #
coedge $-1 -1 -1 $-1 $1927 $1255 $1923 $1928 forward $1579 $-1 #
coedge $-1 -1 -1 $-1 $1255 $1929 $1930 $1931 reversed $1579 $-1 #
loop $-1 -1 -1 $-1 $-1 $1929 $1932 T -27.400000000000329 47.019999999999875 0.1899871022891034 -27.059999999999885 47.082522729151378 0.19001289771090554 unknown #
named_attribute-st-attrib $-1 -1 $1933 $-1 $1256 1 1 1 1 1 1 1 1 1 1 1 1 1 1 0 1 1 1 @3 eif #
tvertex-vertex $1934 -1 -1 $-1 $1256 $1935 1.2897710901071946e-005 #
ellipse-curve $-1 -1 -1 $-1 -27.339999747293085 47.220001210792176 0.19 0 0 -1 -2.5270696824009065e-007 -0.15000121079233431 0 1 F -8.598404544059456e-005 F 0.41151347666717342 #
tcoedge-coedge $-1 -1 -1 $-1 $1354 $1257 $1356 $1687 forward $1259 $1936 0 0.99999999999999989 F #
coedge $-1 -1 -1 $-1 $1930 $1937 $1257 $1585 reversed $1938 $-1 #
edge $1939 -1 -1 $-1 $1263 0 $1940 0.087477270848836497 $1584 $1941 forward @7 unknown T -27.400000000000329 47.082522729150881 0.18999999999975251 -27.399999999999832 47.170000000000066 0.1900000000002475 #
edge $1942 -1 -1 $-1 $1684 0 $1262 0.030000000000001137 $1559 $1943 forward @7 unknown T -27.490000000000069 47.219999999999871 0.18999999999992961 -27.489999999999874 47.25 0.19000000000006306 #
face $1944 -1 -1 $-1 $1945 $1259 $5 $-1 $1946 forward double out T -27.490081572383207 47.082441156767793 0.18991842761679031 -27.399918427616793 47.250048311239489 0.19008157238320603 F #
integer_attrib-name_attrib-gen-attrib $-1 -1 $-1 $1261 $966 2 1 1 1 1 1 1 1 1 1 1 1 1 1 0 1 1 1 @3 pid 7865 #
integer_attrib-name_attrib-gen-attrib $-1 -1 $-1 $-1 $1262 2 1 1 1 1 1 1 1 1 1 1 1 1 1 0 1 1 1 @3 pid 4968 #
point $-1 -1 -1 $-1 -27.490000000000002 47.219999999999935 0.18999999999999634 #
integer_attrib-name_attrib-gen-attrib $-1 -1 $-1 $-1 $1263 2 1 1 1 1 1 1 1 1 1 1 1 1 1 0 1 1 1 @3 pid 4814 #
point $-1 -1 -1 $-1 -27.40000000000008 47.08252272915113 0.19 #
string_attrib-name_attrib-gen-attrib $-1 -1 $-1 $1265 $366 2 1 2 1 1 1 1 1 1 1 1 1 1 1 0 1 1 1 @15 ATTRIB_XACIS_ID @5 42752 #
rgb_color-st-attrib $-1 -1 $1947 $1267 $524 2 1 2 1 1 1 1 1 1 1 1 1 1 1 0 1 1 1 0.73000001907348633 0.40000000596046448 0 #
rh_material-rh_entity $-1 -1 4 4 @5 plain @5 color -4 1 1 1 @5 phong @14 ambient factor -2 1 @14 diffuse factor -2 0.75 @15 specular factor -2 0.5 @8 exponent -2 10 @14 specular color -4 1 1 1 @4 none @5 plain @5 color -4 0 0 0 #
render-rbase-attrib $-1 -1 $1948 $1268 $730 1 1 1 1 1 1 1 1 1 1 1 1 0 1 0 1 1 1 $1949 $-1 0 2 0 -1 0 1 0 0 0 0 1 -36.899999999999999 52.719999999999999 0.079999999999999988 1 rotate no_reflect no_shear #
integer_attrib-name_attrib-gen-attrib $-1 -1 $1950 $1269 $975 2 1 1 1 1 1 1 1 1 1 1 1 1 1 0 1 1 1 @3 pid 1086 #
string_attrib-name_attrib-gen-attrib $-1 -1 $-1 $1273 $377 2 1 2 1 1 1 1 1 1 1 1 1 1 1 0 1 1 1 @15 ATTRIB_XACIS_ID @5 42987 #
rgb_color-st-attrib $-1 -1 $1951 $1275 $532 2 1 2 1 1 1 1 1 1 1 1 1 1 1 0 1 1 1 0.73000001907348633 0.40000000596046448 0 #
rh_material-rh_entity $-1 -1 4 4 @5 plain @5 color -4 1 1 1 @5 phong @14 ambient factor -2 1 @14 diffuse factor -2 0.75 @15 specular factor -2 0.5 @8 exponent -2 10 @14 specular color -4 1 1 1 @4 none @5 plain @5 color -4 0 0 0 #
render-rbase-attrib $-1 -1 $1952 $1276 $738 1 1 1 1 1 1 1 1 1 1 1 1 0 1 0 1 1 1 $1953 $-1 0 2 0 -1 0 1 0 0 0 0 1 -36.899999999999999 52.719999999999999 0.079999999999999988 1 rotate no_reflect no_shear #
integer_attrib-name_attrib-gen-attrib $-1 -1 $1954 $1277 $985 2 1 1 1 1 1 1 1 1 1 1 1 1 1 0 1 1 1 @3 pid 2013 #
integer_attrib-name_attrib-gen-attrib $-1 -1 $1955 $-1 $1278 2 0 0 1 1 1 1 1 1 1 1 1 1 1 0 1 1 1 @3 fif 0 #
face $1956 -1 -1 $-1 $1957 $1445 $5 $-1 $1958 forward double out T -28.260000000000105 47.607735045482997 0.30991008922737878 -28.109910089227153 48.256574922990005 0.31008991077262366 F #
plane-surface $-1 -1 -1 $-1 -27.785000000000004 47.973287461495005 0.30999999999999994 0 0 1 0 -1 0 forward_v I I I I #
coedge $-1 -1 -1 $-1 $1730 $1738 $1280 $1607 reversed $1924 $-1 #
edge $1959 -1 -1 $-1 $1733 -4.1134457886825499e-014 $1609 0.17999999999975 $1606 $1960 forward @7 unknown T -27.215884572680956 47.069994825040112 0.41999741251996581 -27.059997412519909 47.070000000000007 0.50999999999996093 #
named_attribute-st-attrib $-1 -1 $1961 $-1 $1281 1 1 1 1 1 1 1 1 1 1 1 1 1 1 0 1 1 1 @3 eif #
vertex $1962 -1 -1 $-1 $1739 $1963 #
straight-curve $-1 -1 -1 $-1 -27.215884572681247 47.069994825040112 0.5099999999998297 0 -1 -2.5905650776923135e-015 F -5.1749598890538095e-006 F 0.29999482504016584 #
coedge $-1 -1 -1 $-1 $1964 $1965 $1282 $1612 forward $1966 $-1 #
edge $1967 -1 -1 $-1 $1615 0 $1827 0.080000000000016253 $1611 $1968 forward @7 unknown T -28.11000000000022 47.77751923190678 0.22999999999977827 -28.109999999999779 47.777519231907235 0.31000000000018779 #
tcoedge-coedge $-1 -1 -1 $-1 $1773 $1283 $1965 $1969 forward $1445 $1970 0 1 F #
named_attribute-st-attrib $-1 -1 $1971 $-1 $1284 1 1 1 1 1 1 1 1 1 1 1 1 1 1 0 1 1 1 @3 eif #
tvertex-vertex $1972 -1 -1 $-1 $1969 $1973 1.8531435700658585e-013 #
straight-curve $-1 -1 -1 $-1 -28.109999999999999 47.607735045483039 0.30999999999999994 0 1 0 F 0 F 0.16978418642406012 #
integer_attrib-name_attrib-gen-attrib $-1 -1 $-1 $1286 $991 2 1 1 1 1 1 1 1 1 1 1 1 1 1 0 1 1 1 @3 pid 6197 #
integer_attrib-name_attrib-gen-attrib $-1 -1 $-1 $-1 $1287 2 1 1 1 1 1 1 1 1 1 1 1 1 1 0 1 1 1 @3 pid 3450 #
point $-1 -1 -1 $-1 -28.110000000000049 47.607735045483061 0.3100000000000025 #
integer_attrib-name_attrib-gen-attrib $-1 -1 $1974 $1289 $992 2 1 1 1 1 1 1 1 1 1 1 1 1 1 0 1 1 1 @3 pid 2310 #
tcoedge-coedge $-1 -1 -1 $-1 $1293 $1975 $1976 $1977 reversed $340 $1978 -1 -0 F #
coedge $-1 -1 -1 $-1 $1979 $1980 $1293 $1623 reversed $1981 $-1 #
edge $1982 -1 -1 $-1 $1983 0 $1626 0.28000000000014147 $1293 $1984 forward @7 unknown T -27.340000000000053 47.019999999999968 0.07999999999996614 -27.05999999999991 47.020000000000039 0.080000000000033641 #
coedge $-1 -1 -1 $-1 $1729 $1294 $1980 $1985 forward $1092 $-1 #
named_attribute-st-attrib $-1 -1 $1986 $-1 $1295 1 1 1 1 1 1 1 1 1 1 1 1 1 1 0 1 1 1 @3 eif #
vertex $1987 -1 -1 $-1 $1985 $1988 #
straight-curve $-1 -1 -1 $-1 -27.059999999999999 46.82 0.079999999999999988 0 1 0 F 0 F 0.20000000000000018 #
render-rbase-attrib $-1 -1 $1989 $1297 $757 1 1 1 1 1 1 1 1 1 1 1 1 0 1 0 1 1 1 $1990 $-1 0 2 0 -1 0 1 0 0 0 0 1 -36.899999999999999 52.719999999999999 0.079999999999999988 1 rotate no_reflect no_shear #
integer_attrib-name_attrib-gen-attrib $-1 -1 $1991 $1298 $1005 2 1 1 1 1 1 1 1 1 1 1 1 1 1 0 1 1 1 @3 pid 2302 #
integer_attrib-name_attrib-gen-attrib $-1 -1 $-1 $1300 $1011 2 1 1 1 1 1 1 1 1 1 1 1 1 1 0 1 1 1 @3 pid 5934 #
rgb_color-st-attrib $-1 -1 $1992 $1308 $564 2 1 2 1 1 1 1 1 1 1 1 1 1 1 0 1 1 1 0.73000001907348633 0.40000000596046448 0 #
rh_material-rh_entity $-1 -1 4 4 @5 plain @5 color -4 1 1 1 @5 phong @14 ambient factor -2 1 @14 diffuse factor -2 0.75 @15 specular factor -2 0.5 @8 exponent -2 10 @14 specular color -4 1 1 1 @4 none @5 plain @5 color -4 0 0 0 #
integer_attrib-name_attrib-gen-attrib $-1 -1 $-1 $1309 $1022 2 1 1 1 1 1 1 1 1 1 1 1 1 1 0 1 1 1 @3 pid 4219 #
integer_attrib-name_attrib-gen-attrib $-1 -1 $-1 $-1 $1310 2 1 1 1 1 1 1 1 1 1 1 1 1 1 0 1 1 1 @3 pid 3100 #
point $-1 -1 -1 $-1 -28.045000000000069 47.42500000000004 0.31 #
tcoedge-coedge $-1 -1 -1 $-1 $1335 $1312 $1387 $1720 reversed $1336 $1993 -1.0472603067464685 -0 F #
named_attribute-st-attrib $-1 -1 $1994 $-1 $1313 1 1 1 1 1 1 1 1 1 1 1 1 1 1 0 1 1 1 @3 eif #
straight-curve $-1 -1 -1 $-1 -27.715055534994974 47.249999999999908 0.31 0 1 0 F 0 F 0.44000000000018424 #
tcoedge-coedge $-1 -1 -1 $-1 $1367 $1314 $1995 $1996 reversed $1066 $1997 -1 -0 F #
integer_attrib-name_attrib-gen-attrib $-1 -1 $-1 $1316 $1031 2 1 1 1 1 1 1 1 1 1 1 1 1 1 0 1 1 1 @3 pid 6192 #
coedge $-1 -1 -1 $-1 $1324 $1995 $1318 $1642 forward $912 $-1 #
edge $1998 -1 -1 $-1 $1644 0 $1328 0.011682391337497933 $1318 $1999 forward @7 unknown T -27.860000000000248 47.158317608662671 0.22999999999974718 -27.859999999999751 47.170000000000258 0.23000000000024462 #
named_attribute-st-attrib $-1 -1 $2000 $-1 $1319 1 1 1 1 1 1 1 1 1 1 1 1 1 1 0 1 1 1 @3 eif #
tvertex-vertex $2001 -1 -1 $-1 $1996 $2002 2.0826739567865961e-013 #
straight-curve $-1 -1 -1 $-1 -27.859999999999999 47.158317608663026 0.3100000000000081 0 0 -1 F 0 F 0.080000000000016253 #
integer_attrib-name_attrib-gen-attrib $-1 -1 $2003 $-1 $1320 2 0 0 1 1 1 1 1 1 1 1 1 1 1 0 1 1 1 @3 fif 0 #
plane-surface $-1 -1 -1 $-1 -27.859999999999999 47.1641588043315 0.27000000000000002 1 0 0 0 1 0 forward_v I I I I #
pcurve $-1 -1 -1 $-1 0 forward { exppc nubs 3 open 5 
	0 3 0.24587984805035676 1 0.50063558777648065 1 0.75489193751392025 1 1 3 
	0.18749999999999911 -0.024918001716560667 
	0.19828940196350775 -0.025064320036474186 
	0.21852466219939792 -0.028958025768295315 
	0.24568459298437961 -0.04682195808070766 
	0.26348342648016843 -0.073978186516375999 
	0.26735559945151177 -0.094165574866284629 
	0.26749999999999918 -0.10491800171655896 
	0 
	0 
	plane -27.88491800171656 46.982500000000002 0.22999999999999998 0 0 -1 0 1 0 reverse_v I I I I 
	} 0 0 #
named_attribute-st-attrib $-1 -1 $2004 $-1 $1325 1 1 1 1 1 1 1 1 1 1 1 1 1 1 0 1 1 1 @3 eif #
intcurve-curve $-1 -1 -1 $-1 forward { exactcur full nubs 3 open 5 
	0 3 0.24587984805035676 1 0.50063558777648065 1 0.75489193751392025 1 1 3 
	-27.859999999999999 47.170000000000002 0.22999999999999998 
	-27.859853681680086 47.180789401963509 0.22999999999999995 
	-27.855959975948267 47.201024662199401 0.23000000000000001 
	-27.838096043635851 47.228184592984384 0.22999999999999998 
	-27.810939815200186 47.245983426480173 0.22999999999999995 
	-27.790752426850275 47.249855599451514 0.22999999999999998 
	-27.780000000000001 47.25 0.22999999999999998 
	0 
	null_surface 
	null_surface 
	nullbs 
	nullbs 
	-1 
	-1 
	I I 
	0 
	0 
	3 0.24587984805035676 0.50063558777648065 0.75489193751392025 
	
	-1 
	none F F 1 F 0 } I I #
integer_attrib-name_attrib-gen-attrib $-1 -1 $-1 $1327 $1040 2 1 1 1 1 1 1 1 1 1 1 1 1 1 0 1 1 1 @3 pid 7469 #
integer_attrib-name_attrib-gen-attrib $-1 -1 $-1 $-1 $1328 2 1 1 1 1 1 1 1 1 1 1 1 1 1 0 1 1 1 @3 pid 4687 #
point $-1 -1 -1 $-1 -27.859999999999999 47.170000000000002 0.2299999999999959 #
integer_attrib-name_attrib-gen-attrib $-1 -1 $2005 $1330 $1041 2 1 1 1 1 1 1 1 1 1 1 1 1 1 0 1 1 1 @3 pid 2305 #
coedge $-1 -1 -1 $-1 $2006 $2007 $1332 $1656 forward $2008 $-1 #
edge $2009 -1 -1 $-1 $2010 0 $1661 1.0472603067469759 $1332 $2011 forward @7 unknown T -27.585151724427472 47.25 0.18999999997537648 -27.541850454238052 47.250000000000007 0.21500000000003011 #
coedge $-1 -1 -1 $-1 $2012 $1333 $1335 $1663 reversed $1659 $-1 #
coedge $-1 -1 -1 $-1 $1333 $2012 $2006 $2013 forward $1659 $-1 #
loop $-1 -1 -1 $-1 $-1 $2012 $1945 T -27.60247223250342 47.249999999999289 0.21499999999954322 -27.585151724427359 47.690000000000708 0.24500000000073482 unknown #
named_attribute-st-attrib $-1 -1 $2014 $-1 $1334 1 1 1 1 1 1 1 1 1 1 1 1 1 1 0 1 1 1 @3 eif #
vertex $2015 -1 -1 $-1 $1656 $2016 #
straight-curve $-1 -1 -1 $-1 -27.585151724427586 47.25 0.21499999999992064 -0.50000000000345413 0 0.86602540378244453 F -1.066972592050211e-016 F 0.034641016150902405 #
edge $2017 -1 -1 $-1 $2018 0 $1339 0.44000000000018424 $1657 $2019 forward @7 tangent T -27.60247223250342 47.249999999999289 0.24499999999913993 -27.602472232501974 47.690000000000708 0.24500000000073482 #
face $2020 -1 -1 $-1 $992 $1336 $5 $-1 $2021 reversed double out T -27.715056628994105 47.249998906000982 0.24499890600083218 -27.602471138503667 47.690001093999086 0.31000109406304138 F #
integer_attrib-name_attrib-gen-attrib $-1 -1 $-1 $1338 $1047 2 1 1 1 1 1 1 1 1 1 1 1 1 1 0 1 1 1 @3 pid 7475 #
integer_attrib-name_attrib-gen-attrib $-1 -1 $-1 $-1 $1339 2 1 1 1 1 1 1 1 1 1 1 1 1 1 0 1 1 1 @3 pid 4885 #
point $-1 -1 -1 $-1 -27.602472232502684 47.25 0.24499999999985131 #
coedge $-1 -1 -1 $-1 $1344 $1672 $2022 $2023 reversed $587 $-1 #
coedge $-1 -1 -1 $-1 $2024 $1481 $1344 $1670 forward $1807 $-1 #
edge $2025 -1 -1 $-1 $1484 0 $2026 1.0472603067467565 $1669 $2027 forward @7 unknown T -27.715055534995091 47.25 0.20499999999968641 -27.671754264805585 47.25 0.23000000002461626 #
integer_attrib-name_attrib-gen-attrib $-1 -1 $-1 $1345 $1054 2 1 1 1 1 1 1 1 1 1 1 1 1 1 0 1 1 1 @3 pid 7055 #
tcoedge-coedge $-1 -1 -1 $-1 $1668 $1350 $2028 $2029 reversed $587 $2030 -1.0472603067467987 -0 F #
coedge $-1 -1 -1 $-1 $2031 $2032 $1350 $1674 forward $2033 $-1 #
edge $2034 -1 -1 $-1 $2035 0 $1679 0.051850454238071109 $1350 $2036 forward @7 unknown T -27.541850454238293 47.249999999997904 0.10999999999987468 -27.489999999999974 47.250000000000135 0.11000000000014705 #
tcoedge-coedge $-1 -1 -1 $-1 $2037 $1351 $1357 $1689 forward $1677 $2038 0 1 F #
coedge $-1 -1 -1 $-1 $1351 $2039 $2040 $2041 forward $1677 $-1 #
loop $-1 -1 -1 $-1 $-1 $2039 $2042 T -27.49008157238238 47.032441156762758 0.10991842761762141 -27.399918427617621 47.250048311240555 0.11008157238237809 unknown #
named_attribute-st-attrib $-1 -1 $2043 $-1 $1352 1 1 1 1 1 1 1 1 1 1 1 1 1 1 0 1 1 1 @3 eif #
vertex $2044 -1 -1 $-1 $2045 $2046 #
straight-curve $-1 -1 -1 $-1 -27.490000000000002 47.25 0.10999999999999999 1 0 0 F 0 F 0.010000000000001563 #
coedge $-1 -1 -1 $-1 $2047 $1560 $1353 $1682 forward $1901 $-1 #
edge $2048 -1 -1 $-1 $1684 0 $2010 0.051850454238071109 $1681 $2049 forward @7 unknown T -27.541850454238052 47.25 0.18999999999999997 -27.489999999999874 47.250000000000007 0.19000000000009021 #
named_attribute-st-attrib $-1 -1 $2050 $-1 $1355 1 1 1 1 1 1 1 1 1 1 1 1 1 1 0 1 1 1 @3 eif #
vertex $2051 -1 -1 $-1 $1561 $2052 #
straight-curve $-1 -1 -1 $-1 -27.48 47.25 0.18999999999999997 -1 0 0 F 0 F 0.010000000000001563 #
coedge $-1 -1 -1 $-1 $1357 $1356 $1937 $2053 reversed $1358 $-1 #
tedge-edge $2054 -1 -1 $-1 $1940 0 $1360 0.99999999999999989 $1583 $2055 forward @7 unknown T -27.480048311239486 47.169951688760513 0.1899516887605143 -27.399951688760513 47.250048311239489 0.1900483112394947 4.8311239485644971e-005 #
pcurve $-1 -1 -1 $-1 0 forward { exppc nubs 1 open 2 
	-0.99999999999999989 1 -0 1 
	-0.50462454607374974 -2.2204460492503112e-014 
	-0.50462454607374974 1.5707963267948855 
	0.001 
	-1 
	cone -27.479999999999997 47.170000000000002 0.23036996368589999 0 0 -1 0 0.080000000000000071 0 1 I I -0 1 0.080000000000000071 reversed I I I I 
	} 0 0 #
tedge-edge $2056 -1 -1 $-1 $1361 0 $2057 1 $1357 $2058 forward @7 unknown T -27.480048311244687 47.169951688750906 0.10995168875531237 -27.399951688755312 47.250048311240555 0.11004831124468729 4.8311244687309089e-005 #
pcurve $-1 -1 -1 $-1 0 forward { exppc nubs 1 open 2 
	-1 1 -0 1 
	-1.5046245460737486 1.5707963268499414 
	-1.5046245460737486 -2.2204460492503112e-014 
	0.001 
	-1 
	cone -27.479999999999997 47.170000000000002 0.23036996368589999 0 0 -1 0 0.080000000000000071 0 1 I I -0 1 0.080000000000000071 reversed I I I I 
	} 0 0 #
integer_attrib-name_attrib-gen-attrib $-1 -1 $-1 $1359 $1061 2 1 1 1 1 1 1 1 1 1 1 1 1 1 0 1 1 1 @3 pid 8043 #
integer_attrib-name_attrib-gen-attrib $-1 -1 $-1 $-1 $1360 2 1 1 1 1 1 1 1 1 1 1 1 1 1 0 1 1 1 @3 pid 5020 #
point $-1 -1 -1 $-1 -27.48 47.25 0.18999999999999997 #
integer_attrib-name_attrib-gen-attrib $-1 -1 $-1 $-1 $1361 2 1 1 1 1 1 1 1 1 1 1 1 1 1 0 1 1 1 @3 pid 4810 #
point $-1 -1 -1 $-1 -27.48 47.249999999995865 0.10999999999999999 #
render-rbase-attrib $-1 -1 $2059 $1363 $801 1 1 1 1 1 1 1 1 1 1 1 1 0 1 0 1 1 1 $2060 $-1 0 2 0 -1 0 1 0 0 0 0 1 -36.899999999999999 52.719999999999999 0.079999999999999988 1 rotate no_reflect no_shear #
integer_attrib-name_attrib-gen-attrib $-1 -1 $2061 $1364 $1063 2 1 1 1 1 1 1 1 1 1 1 1 1 1 0 1 1 1 @3 pid 2692 #
integer_attrib-name_attrib-gen-attrib $-1 -1 $2062 $-1 $1365 2 0 0 1 1 1 1 1 1 1 1 1 1 1 0 1 1 1 @3 fif 0 #
loop $-1 -1 -1 $-1 $-1 $2028 $1365 T -27.654434850729327 47.249998906000847 0.1099989059369109 -27.541849360239034 47.690001093999136 0.17500109399917924 unknown #
cone-surface $-1 -1 -1 $-1 -27.541850454237998 47.730369963686002 0.23999999999999999 0 -1 0 0.11258330249200041 0 0.065000000000000113 1 I I -0 1 0.13000000000002029 reversed I I I I #
coedge $-1 -1 -1 $-1 $1995 $1372 $1367 $1702 forward $912 $-1 #
edge $2063 -1 -1 $-1 $1376 0 $2064 0.99999999999999989 $1367 $2065 forward @7 unknown T -28.069743828107999 46.865000000000002 0.2299999999999974 -28.044999999999998 46.86649878877401 0.23000000000000517 #
integer_attrib-name_attrib-gen-attrib $-1 -1 $2066 $-1 $1368 2 0 0 1 1 1 1 1 1 1 1 1 1 1 0 1 1 1 @3 fif 0 #
cone-surface $-1 -1 -1 $-1 -28.044999999999998 47.07 0.1896300363141 0 0 1 0 -0.20500000000000007 0 1 I I -0 1 0.20500000000000007 reversed I I I I #
pcurve $-1 -1 -1 $-1 0 forward { exppc nubs 3 open 4 
	0 3 0.33236506876298544 1 0.66782951924329492 1 1 3 
	-0.15519047558300159 0.1950819982834382 
	-0.15060969375867739 0.19507639831829948 
	-0.1415624325607947 0.19430936487073858 
	-0.12825562404818136 0.19082615523694635 
	-0.11999508424668548 0.1870635882552989 
	-0.11600121122600093 0.18482582639143885 
	0 
	0 
	plane -27.88491800171656 46.982500000000002 0.22999999999999998 0 0 -1 0 1 0 reverse_v I I I I 
	} 0 0 #
named_attribute-st-attrib $-1 -1 $2067 $-1 $1373 1 1 1 1 1 1 1 1 1 1 1 1 1 1 0 1 1 1 @3 eif #
intcurve-curve $-1 -1 -1 $-1 forward { exactcur full nubs 3 open 4 
	0 3 0.33236506876298544 1 0.66782951924329492 1 1 3 
	-28.079999999999998 46.827309524417004 0.22999999999999998 
	-28.07999440003486 46.831890306241327 0.23000000000000001 
	-28.079227366587297 46.840937567439205 0.22999999999999998 
	-28.075744156953505 46.854244375951822 0.22999999999999998 
	-28.071981589971859 46.86250491575332 0.23000000000000001 
	-28.069743828107999 46.866498788774003 0.22999999999999998 
	0 
	null_surface 
	null_surface 
	nullbs 
	nullbs 
	-1 
	-1 
	I I 
	0 
	0 
	2 0.33236506876298544 0.66782951924329492 
	
	-1 
	none F F 1 F 0 } I I #
integer_attrib-name_attrib-gen-attrib $-1 -1 $-1 $1375 $1071 2 1 1 1 1 1 1 1 1 1 1 1 1 1 0 1 1 1 @3 pid 7465 #
integer_attrib-name_attrib-gen-attrib $-1 -1 $-1 $-1 $1376 2 1 1 1 1 1 1 1 1 1 1 1 1 1 0 1 1 1 @3 pid 4690 #
point $-1 -1 -1 $-1 -28.069743828107995 46.866498788774003 0.23000000000000129 #
rgb_color-st-attrib $-1 -1 $2068 $1382 $816 2 1 2 1 1 1 1 1 1 1 1 1 1 1 0 1 1 1 0.73000001907348633 0.40000000596046448 0 #
rh_material-rh_entity $-1 -1 4 4 @5 plain @5 color -4 1 1 1 @5 phong @14 ambient factor -2 1 @14 diffuse factor -2 0.75 @15 specular factor -2 0.5 @8 exponent -2 10 @14 specular color -4 1 1 1 @4 none @5 plain @5 color -4 0 0 0 #
string_attrib-name_attrib-gen-attrib $-1 -1 $-1 $1383 $426 2 1 2 1 1 1 1 1 1 1 1 1 1 1 0 1 1 1 @15 ATTRIB_XACIS_ID @5 45524 #
named_attribute-st-attrib $-1 -1 $2069 $-1 $1385 1 1 1 1 1 1 1 1 1 1 1 1 1 1 0 1 1 1 @3 eif #
vertex $2070 -1 -1 $-1 $1443 $2071 #
ellipse-curve $-1 -1 -1 $-1 -27.98499960046669 47.939999040961808 0.31 0 0 -1 0.25204126368936564 -0.24999904096171208 0 1 F 0 F 0.78946711257379432 #
coedge $-1 -1 -1 $-1 $2072 $1386 $2073 $2074 forward $1388 $-1 #
edge $2075 -1 -1 $-1 $1391 0 $2076 0.047041663222877617 $1440 $2077 forward @7 unknown T -27.780000000000051 47.689999999999976 0.30999999999998074 -27.732958336777088 47.690000000000033 0.31000000000003225 #
coedge $-1 -1 -1 $-1 $1387 $2078 $2012 $2079 forward $1388 $-1 #
tedge-edge $2080 -1 -1 $-1 $2018 0 $1390 1.0472603067464685 $1636 $2081 forward @7 unknown T -27.715056628994105 47.689998906000959 0.24499890600095489 -27.602471138503667 47.690001093999086 0.31000109406304138 1.0939990394242774e-006 #
pcurve $-1 -1 -1 $-1 0 forward { exppc nurbs 2 open 2 
	0 2 1.0472603067464685 2 
	-0.017320508075913565 0.039999999999690061 1 
	-0.092377402798845765 0.040002355117728428 0.86600971447069597 
	-0.12990381056772016 -0.025000000000837019 1 
	1e-008 
	-1 
	plane -27.628452994616246 47.689999999999998 0.21000000000005251 0 -1 0 0.49999999999674349 0 -0.86602540378631887 forward_v I I I I 
	} 0 0 #
face $2082 -1 -1 $-1 $2083 $1388 $5 $-1 $2084 forward double out T -27.780000000000051 47.689998906000916 0.10999890593693738 -27.479999999995844 47.690001093999136 0.31000109406304138 F #
integer_attrib-name_attrib-gen-attrib $-1 -1 $-1 $1389 $1087 2 1 1 1 1 1 1 1 1 1 1 1 1 1 0 1 1 1 @3 pid 6194 #
integer_attrib-name_attrib-gen-attrib $-1 -1 $-1 $-1 $1390 2 1 1 1 1 1 1 1 1 1 1 1 1 1 0 1 1 1 @3 pid 4103 #
point $-1 -1 -1 $-1 -27.715055534995017 47.690000000000047 0.31000000000000388 #
integer_attrib-name_attrib-gen-attrib $-1 -1 $-1 $-1 $1391 2 1 1 1 1 1 1 1 1 1 1 1 1 1 0 1 1 1 @3 pid 3452 #
point $-1 -1 -1 $-1 -27.732958336777088 47.690000000000005 0.3100000000000025 #
integer_attrib-name_attrib-gen-attrib $-1 -1 $-1 $1394 $1089 2 1 1 1 1 1 1 1 1 1 1 1 1 1 0 1 1 1 @3 pid 4840 #
coedge $-1 -1 -1 $-1 $1396 $1624 $1927 $2085 forward $1092 $-1 #
coedge $-1 -1 -1 $-1 $1923 $1606 $1396 $1731 reversed $1924 $-1 #
edge $2086 -1 -1 $-1 $2087 -4.496403249731884e-015 $1733 0.22999999999990184 $1396 $2088 forward @7 unknown T -27.060002587479797 47.069994825040112 0.19000000000000447 -27.059997412519909 47.070000000000007 0.42000258747985575 #
named_attribute-st-attrib $-1 -1 $2089 $-1 $1397 1 1 1 1 1 1 1 1 1 1 1 1 1 1 0 1 1 1 @3 eif #
tvertex-vertex $2090 -1 -1 $-1 $1397 $2091 2.5874799449709982e-006 #
straight-curve $-1 -1 -1 $-1 -27.05999999999996 46.769999999999897 0.41999999999989202 0 1 0 F 5.4178883601707639e-014 F 0.2999974125201641 #
integer_attrib-name_attrib-gen-attrib $-1 -1 $2092 $-1 $1398 2 0 0 1 1 1 1 1 1 1 1 1 1 1 0 1 1 1 @3 fif 0 #
plane-surface $-1 -1 -1 $-1 -27.059999999999999 46.920000000000002 0.25 1 0 0 0 1 0 forward_v I I I I #
integer_attrib-name_attrib-gen-attrib $-1 -1 $-1 $1402 $1096 2 1 1 1 1 1 1 1 1 1 1 1 1 1 0 1 1 1 @3 pid 5933 #
coedge $-1 -1 -1 $-1 $1606 $1575 $1405 $1739 reversed $1924 $-1 #
edge $2093 -1 -1 $-1 $1609 0 $1918 0.12407673418778842 $1405 $2094 forward @7 unknown T -27.340000344525077 47.069955787383996 0.50996096234347399 -27.215884572680782 47.070033862697009 0.51003903765648695 #
coedge $-1 -1 -1 $-1 $1406 $2095 $2096 $2097 reversed $986 $-1 #
edge $2098 -1 -1 $-1 $2099 0 $1412 0.054115427319002762 $1461 $2100 forward @7 unknown T -27.714115427319001 48.444999999999958 0.50999999999988954 -27.659999999999997 48.445 0.51000000000000001 #
named_attribute-st-attrib $-1 -1 $2101 $-1 $1410 1 1 1 1 1 1 1 1 1 1 1 1 1 1 0 1 1 1 @3 eif #
straight-curve $-1 -1 -1 $-1 -27.710000000000072 48.445 0.4600000000001615 0.70710678118984949 0 0.70710678118324566 F -4.3177542520928719e-016 F 0.070710678118666867 #
integer_attrib-name_attrib-gen-attrib $-1 -1 $-1 $1411 $1108 2 1 1 1 1 1 1 1 1 1 1 1 1 1 0 1 1 1 @3 pid 6807 #
integer_attrib-name_attrib-gen-attrib $-1 -1 $-1 $-1 $1412 2 1 1 1 1 1 1 1 1 1 1 1 1 1 0 1 1 1 @3 pid 3459 #
point $-1 -1 -1 $-1 -27.659999999999997 48.445 0.51000000000000001 #
string_attrib-name_attrib-gen-attrib $-1 -1 $-1 $1418 $435 2 1 2 1 1 1 1 1 1 1 1 1 1 1 0 1 1 1 @15 ATTRIB_XACIS_ID @5 42887 #
rgb_color-st-attrib $-1 -1 $2102 $1420 $626 2 1 2 1 1 1 1 1 1 1 1 1 1 1 0 1 1 1 0.73000001907348633 0.40000000596046448 0 #
rh_material-rh_entity $-1 -1 4 4 @5 plain @5 color -4 1 1 1 @5 phong @14 ambient factor -2 1 @14 diffuse factor -2 0.75 @15 specular factor -2 0.5 @8 exponent -2 10 @14 specular color -4 1 1 1 @4 none @5 plain @5 color -4 0 0 0 #
render-rbase-attrib $-1 -1 $2103 $1421 $853 1 1 1 1 1 1 1 1 1 1 1 1 0 1 0 1 1 1 $2104 $-1 0 2 0 -1 0 1 0 0 0 0 1 -36.899999999999999 52.719999999999999 0.079999999999999988 1 rotate no_reflect no_shear #
integer_attrib-name_attrib-gen-attrib $-1 -1 $2105 $1422 $1120 2 1 1 1 1 1 1 1 1 1 1 1 1 1 0 1 1 1 @3 pid 1224 #
integer_attrib-name_attrib-gen-attrib $-1 -1 $2106 $-1 $1423 2 0 0 1 1 1 1 1 1 1 1 1 1 1 0 1 1 1 @3 fif 0 #
face $2107 -1 -1 $-1 $2108 $2109 $5 $-1 $2110 forward double out T -27.87000000000009 48.444999999999922 0.41999999999987137 -27.714115427318681 48.835000000000086 0.50999999999988954 F #
plane-surface $-1 -1 -1 $-1 -27.764999999999951 48.445 0.46499999999997543 0 -1 0 1 0 0 forward_v I I I I #
named_attribute-st-attrib $-1 -1 $2111 $-1 $1427 1 1 1 1 1 1 1 1 1 1 1 1 1 1 0 1 1 1 @3 eif #
ellipse-curve $-1 -1 -1 $-1 -27.984997248310009 47.940005798556449 0.42000000000000004 0 0 -1 -2.7516899923085698e-006 0.35499420144355476 0 1 F 0 F 0.88617361344278189 #
coedge $-1 -1 -1 $-1 $2112 $1428 $1772 $2113 reversed $1424 $-1 #
integer_attrib-name_attrib-gen-attrib $-1 -1 $-1 $1429 $1125 2 1 1 1 1 1 1 1 1 1 1 1 1 1 0 1 1 1 @3 pid 2703 #
integer_attrib-name_attrib-gen-attrib $-1 -1 $-1 $-1 $1430 2 1 1 1 1 1 1 1 1 1 1 1 1 1 0 1 1 1 @3 pid 2010 #
point $-1 -1 -1 $-1 -27.985000000000003 48.295000000000002 0.42000000000000004 #
edge $2114 -1 -1 $-1 $1438 0 $1763 0.44899888641218055 $1432 $2115 forward @7 unknown T -28.260000000000105 47.715500556793906 0.30999999999999994 -28.259999999999998 48.164499443206083 0.31000000000000105 #
named_attribute-st-attrib $-1 -1 $2116 $-1 $1433 1 1 1 1 1 1 1 1 1 1 1 1 1 1 0 1 1 1 @3 eif #
vertex $2117 -1 -1 $-1 $2113 $2118 #
straight-curve $-1 -1 -1 $-1 -28.259999999999998 48.164499443206147 0.41999999999999893 0 0 -1 F 0 F 0.10999999999999796 #
integer_attrib-name_attrib-gen-attrib $-1 -1 $-1 $1437 $1131 2 1 1 1 1 1 1 1 1 1 1 1 1 1 0 1 1 1 @3 pid 4851 #
integer_attrib-name_attrib-gen-attrib $-1 -1 $-1 $-1 $1438 2 1 1 1 1 1 1 1 1 1 1 1 1 1 0 1 1 1 @3 pid 3451 #
point $-1 -1 -1 $-1 -28.260000000000105 47.715500556793913 0.3100000000000005 #
tcoedge-coedge $-1 -1 -1 $-1 $1440 $1454 $2119 $2120 forward $1144 $2121 0 1 F #
integer_attrib-name_attrib-gen-attrib $-1 -1 $-1 $1441 $1137 2 1 1 1 1 1 1 1 1 1 1 1 1 1 0 1 1 1 @3 pid 4852 #
named_attribute-st-attrib $-1 -1 $2122 $-1 $1443 1 1 1 1 1 1 1 1 1 1 1 1 1 1 0 1 1 1 @3 eif #
ellipse-curve $-1 -1 -1 $-1 -27.984999559704306 47.940002420803012 0.31 0 0 -1 -4.4029573409432032e-007 -0.35500242080293543 0 1 F 0 F 0.35982490218550045 #
coedge $-1 -1 -1 $-1 $1444 $2123 $1757 $2113 forward $1445 $-1 #
coedge $-1 -1 -1 $-1 $2123 $1613 $2124 $2125 forward $1445 $-1 #
integer_attrib-name_attrib-gen-attrib $-1 -1 $-1 $1446 $1140 2 1 1 1 1 1 1 1 1 1 1 1 1 1 0 1 1 1 @3 pid 4850 #
coedge $-1 -1 -1 $-1 $1448 $2112 $2126 $2127 forward $1424 $-1 #
integer_attrib-name_attrib-gen-attrib $-1 -1 $-1 $1449 $1142 2 1 1 1 1 1 1 1 1 1 1 1 1 1 0 1 1 1 @3 pid 4846 #
integer_attrib-name_attrib-gen-attrib $-1 -1 $-1 $-1 $1450 2 1 1 1 1 1 1 1 1 1 1 1 1 1 0 1 1 1 @3 pid 2011 #
point $-1 -1 -1 $-1 -27.70999999999993 48.164499443206132 0.41999999999999948 #
coedge $-1 -1 -1 $-1 $1785 $1452 $2128 $2129 forward $1144 $-1 #
coedge $-1 -1 -1 $-1 $2130 $2131 $1452 $1781 reversed $1875 $-1 #
edge $2132 -1 -1 $-1 $1783 0 $2133 0.98307867800379345 $1452 $2134 forward @7 unknown T -27.86000000001544 48.189999999999955 0.30999999999989108 -27.824359662182001 48.256574922990005 0.31000000000008837 #
named_attribute-st-attrib $-1 -1 $2135 $-1 $1453 1 1 1 1 1 1 1 1 1 1 1 1 1 1 0 1 1 1 @3 eif #
vertex $2136 -1 -1 $-1 $1781 $2137 #
ellipse-curve $-1 -1 -1 $-1 -27.985001861661548 47.939997687780888 0.30999999999999994 0 0 1 0.27500186166154705 0.22450175542511544 0 1 F 0 F 0.41657890568247452 #
tcoedge-coedge $-1 -1 -1 $-1 $1454 $1779 $2138 $2139 forward $1144 $2140 0 1 F #
coedge $-1 -1 -1 $-1 $1879 $1878 $1454 $1787 reversed $1244 $-1 #
edge $2141 -1 -1 $-1 $2142 0 $2143 0.0075192319068069224 $1454 $2144 forward @7 unknown T -27.860000000000262 47.770000000000003 0.30999999999974109 -27.859999999999737 47.777519231907213 0.3100000000002639 #
coedge $-1 -1 -1 $-1 $2145 $1458 $2146 $2147 reversed $149 $-1 #
integer_attrib-name_attrib-gen-attrib $-1 -1 $-1 $1459 $1152 2 1 1 1 1 1 1 1 1 1 1 1 1 1 0 1 1 1 @3 pid 2705 #
coedge $-1 -1 -1 $-1 $2096 $2146 $1462 $1791 reversed $2109 $-1 #
edge $2148 -1 -1 $-1 $2099 -4.3869349512747844e-016 $1793 0.18000000000008259 $1462 $2149 forward @7 unknown T -27.870000000000047 48.444999999999958 0.41999999999991244 -27.714115427318681 48.445 0.50999999999988954 #
named_attribute-st-attrib $-1 -1 $2150 $-1 $1463 1 1 1 1 1 1 1 1 1 1 1 1 1 1 0 1 1 1 @3 eif #
vertex $2151 -1 -1 $-1 $1463 $2152 #
straight-curve $-1 -1 -1 $-1 -27.870000000000047 48.445 0.42000000000000004 1 0 0 F 0 F 0.16000000000011561 #
coedge $-1 -1 -1 $-1 $1467 $2153 $2154 $2155 forward $149 $-1 #
coedge $-1 -1 -1 $-1 $2156 $2157 $1467 $1797 forward $2158 $-1 #
edge $-1 -1 -1 $-1 $1798 6.6299999999999031 $2159 7.6300000000000008 $1467 $2160 forward @7 unknown T -30.0700000000001 49.045000000000002 0.41999999999999993 -29.07 49.045000000000002 0.42000000000000004 #
vertex $-1 -1 -1 $-1 $1797 $2161 #
straight-curve $-1 -1 -1 $-1 -30.0700000000001 46.263727354325269 0.42000000000000004 0 1 0 I I #
integer_attrib-name_attrib-gen-attrib $-1 -1 $-1 $1472 $1165 2 1 1 1 1 1 1 1 1 1 1 1 1 1 0 1 1 1 @3 pid 4423 #
rgb_color-st-attrib $-1 -1 $2162 $1475 $887 2 1 2 1 1 1 1 1 1 1 1 1 1 1 0 1 1 1 0.73000001907348633 0.40000000596046448 0 #
rh_material-rh_entity $-1 -1 4 4 @5 plain @5 color -4 1 1 1 @5 phong @14 ambient factor -2 1 @14 diffuse factor -2 0.75 @15 specular factor -2 0.5 @8 exponent -2 10 @14 specular color -4 1 1 1 @4 none @5 plain @5 color -4 0 0 0 #
straight-curve $-1 -1 -1 $-1 -27.974959000858284 46.769909417300838 0.22999999999999998 1 0 0 I I #
coedge $-1 -1 -1 $-1 $2163 $2072 $1480 $1805 forward $1388 $-1 #
edge $2164 -1 -1 $-1 $1816 0 $1809 0.017902801782197386 $1480 $2165 forward @7 unknown T -27.73295833677744 47.689999999999635 0.22999999999963558 -27.715055534994953 47.69000000000036 0.23000000000035944 #
coedge $-1 -1 -1 $-1 $1481 $2024 $2163 $2166 reversed $1807 $-1 #
loop $-1 -1 -1 $-1 $-1 $1669 $2167 T -27.715055534995091 47.25 0.20499999999968641 -27.671754264805358 47.689999999999998 0.23000000002461626 unknown #
named_attribute-st-attrib $-1 -1 $2168 $-1 $1482 1 1 1 1 1 1 1 1 1 1 1 1 1 1 0 1 1 1 @3 eif #
vertex $2169 -1 -1 $-1 $1805 $2170 #
straight-curve $-1 -1 -1 $-1 -27.715055534994988 47.25 0.22999999999999998 0 1 0 F 0 F 0.43999999999998529 #
integer_attrib-name_attrib-gen-attrib $-1 -1 $-1 $1483 $1182 2 1 1 1 1 1 1 1 1 1 1 1 1 1 0 1 1 1 @3 pid 7027 #
integer_attrib-name_attrib-gen-attrib $-1 -1 $-1 $-1 $1484 2 1 1 1 1 1 1 1 1 1 1 1 1 1 0 1 1 1 @3 pid 4667 #
point $-1 -1 -1 $-1 -27.715055534995024 47.25 0.22999999999999923 #
tcoedge-coedge $-1 -1 -1 $-1 $2171 $1486 $2172 $2173 reversed $1489 $2174 -1 -0 F #
named_attribute-st-attrib $-1 -1 $2175 $-1 $1487 1 1 1 1 1 1 1 1 1 1 1 1 1 1 0 1 1 1 @3 eif #
tvertex-vertex $2176 -1 -1 $-1 $2173 $2177 3.6193650430730976e-013 #
ellipse-curve $-1 -1 -1 $-1 -27.984999600466551 47.939999040961226 0.22999999999999998 0 0 -1 0.25204126368912405 -0.24999904096112946 0 1 F 0 F 0.78946711257487068 #
tcoedge-coedge $-1 -1 -1 $-1 $1488 $2178 $2179 $2180 reversed $1489 $2181 -0.99999999999999989 -0 F #
coedge $-1 -1 -1 $-1 $2179 $1493 $1488 $1820 forward $1825 $-1 #
edge $2182 -1 -1 $-1 $1191 0 $2183 0.52632557580131556 $1488 $2184 forward @7 unknown T -28.260000000000279 47.607735045483004 0.2299999999997196 -28.109999999999999 47.715500556794275 0.23000000000028037 #
integer_attrib-name_attrib-gen-attrib $-1 -1 $-1 $1490 $1188 2 1 1 1 1 1 1 1 1 1 1 1 1 1 0 1 1 1 @3 pid 5596 #
integer_attrib-name_attrib-gen-attrib $-1 -1 $-1 $-1 $1491 2 1 1 1 1 1 1 1 1 1 1 1 1 1 0 1 1 1 @3 pid 3740 #
point $-1 -1 -1 $-1 -27.985000000000042 47.585000000000072 0.22999999999999998 #
tcoedge-coedge $-1 -1 -1 $-1 $1493 $2185 $1964 $2186 forward $1825 $2187 0 1 F #
loop $-1 -1 -1 $-1 $-1 $1493 $2188 T -28.341214072706229 47.607735045482997 0.22991008922749689 -28.109910089227455 48.256574922990005 0.23008991077249902 unknown #
named_attribute-st-attrib $-1 -1 $2189 $-1 $1494 1 1 1 1 1 1 1 1 1 1 1 1 1 1 0 1 1 1 @3 eif #
tvertex-vertex $2190 -1 -1 $-1 $2186 $2191 2.2170328207428685e-013 #
straight-curve $-1 -1 -1 $-1 -28.109999999999999 47.777519231907 0.22999999999999998 0 -1 0 F 0 F 0.16978418642400062 #
render-rbase-attrib $-1 -1 $2192 $1498 $903 1 1 1 1 1 1 1 1 1 1 1 1 0 1 0 1 1 1 $2193 $-1 0 2 0 -1 0 1 0 0 0 0 1 -36.899999999999999 52.719999999999999 0.079999999999999988 1 rotate no_reflect no_shear #
integer_attrib-name_attrib-gen-attrib $-1 -1 $2194 $1499 $1194 2 1 1 1 1 1 1 1 1 1 1 1 1 1 0 1 1 1 @3 pid 2120 #
integer_attrib-name_attrib-gen-attrib $-1 -1 $2195 $-1 $1500 2 0 0 1 1 1 1 1 1 1 1 1 1 1 0 1 1 1 @3 fif 0 #
loop $-1 -1 -1 $-1 $-1 $2196 $1500 T -28.216862915012076 48.256574922989486 0.22999999999462217 -27.715055534989645 48.710000000005081 0.23000000000537629 unknown #
plane-surface $-1 -1 -1 $-1 -27.965959225002504 48.483287461494953 0.22999999999999998 0 0 1 0 -1 0 forward_v I I I I #
coedge $-1 -1 -1 $-1 $2197 $2198 $2199 $2200 forward $1501 $-1 #
string_attrib-name_attrib-gen-attrib $-1 -1 $-1 $1503 $472 2 1 2 1 1 1 1 1 1 1 1 1 1 1 0 1 1 1 @15 ATTRIB_XACIS_ID @5 41402 #
string_attrib-name_attrib-gen-attrib $-1 -1 $-1 $1505 $672 2 1 2 1 1 1 1 1 1 1 1 1 1 1 0 1 1 1 @15 ATTRIB_XACIS_ID @5 44963 #
render-rbase-attrib $-1 -1 $2201 $1507 $911 1 1 1 1 1 1 1 1 1 1 1 1 0 1 0 1 1 1 $2202 $-1 0 2 0 -1 0 1 0 0 0 0 1 -36.899999999999999 52.719999999999999 0.079999999999999988 1 rotate no_reflect no_shear #
integer_attrib-name_attrib-gen-attrib $-1 -1 $2203 $1508 $1200 2 1 1 1 1 1 1 1 1 1 1 1 1 1 0 1 1 1 @3 pid 2172 #
integer_attrib-name_attrib-gen-attrib $-1 -1 $2204 $-1 $1509 2 0 0 1 1 1 1 1 1 1 1 1 1 1 0 1 1 1 @3 fif 0 #
face $2205 -1 -1 $-1 $2206 $2207 $5 $-1 $2208 forward double out T -28.353137084993563 48.269999999995605 0.12686291500657379 -28.273431457500692 48.710000000004328 0.20656854249931708 F #
loop $-1 -1 -1 $-1 $-1 $2209 $1509 T -28.743431457565634 48.269999998214715 0.10999998959513523 -28.686862908906892 48.293431457565795 0.16000000004951445 unknown #
cone-surface $-1 -1 -1 $-1 -28.686862915009996 48.350000000000001 0.16099999999999995 0 0 -1 0 -0.080000000000000071 0 1 I I -0 1 0.080000000000000071 reversed I I I I #
coedge $-1 -1 -1 $-1 $2210 $2211 $2212 $2213 reversed $1510 $-1 #
coedge $-1 -1 -1 $-1 $2212 $1512 $2214 $2215 reversed $1201 $-1 #
coedge $-1 -1 -1 $-1 $1512 $2212 $2216 $2217 reversed $1201 $-1 #
coedge $-1 -1 -1 $-1 $2218 $2219 $1512 $1847 reversed $2220 $-1 #
edge $2221 -1 -1 $-1 $2222 0 $2223 0.049999999999998365 $1512 $2224 forward @7 tangent T -28.820000000065161 48.403137084870707 0.10999999993479646 -28.819999999934762 48.403137085001106 0.16000000002005438 #
integer_attrib-name_attrib-gen-attrib $-1 -1 $-1 $1513 $1207 2 1 1 1 1 1 1 1 1 1 1 1 1 1 0 1 1 1 @3 pid 3700 #
pcurve $-1 -1 -1 $-1 0 forward { exppc nubs 1 open 2 
	0 1 1 1 
	-0.53625341883352051 -5.0038220828176003e-015 
	-0.53625341883352051 3.1415926535897931 
	0.001 
	-1 
	cone -27.984999999999999 47.939999999999998 0.27036996368589999 0 0 -1 0 0.35500000000000043 0 1 I I 0 -1 0.35500000000000043 reversed I I I I 
	} 0 0 #
named_attribute-st-attrib $-1 -1 $2225 $-1 $1519 1 1 1 1 1 1 1 1 1 1 1 1 1 1 0 1 1 1 @3 eif #
intcurve-curve $-1 -1 -1 $-1 forward { exactcur full nubs 3 open 11 
	0 3 0.098255673097006668 1 0.19883391831951008 1 0.2993329257624171 1 0.39972899456159289 1 
	0.50016915195973277 1 0.60061912727595967 1 0.70101337065861669 1 0.80154240742868688 1 0.90202540474015946 1 
	1 3 
	-27.984999999999999 48.295000000000002 0.079999999999999988 
	-27.947346507094473 48.294735544491402 0.079999999999999988 
	-27.875120052081826 48.283642103389802 0.079999999999999988 
	-27.773798071077088 48.23277720251005 0.079999999999999988 
	-27.693506114563021 48.152812398242048 0.079999999999999988 
	-27.641811332503302 48.05181228515444 0.079999999999999988 
	-27.624068567236979 47.939803147001413 0.079999999999999988 
	-27.641933908731041 47.827814154376298 0.079999999999999988 
	-27.69374441836268 47.726856991860444 0.079999999999999988 
	-27.774115105836003 47.647005127310095 0.079999999999999988 
	-27.875362953881307 47.596299254599415 0.079999999999999988 
	-27.947460085395175 47.585260027057188 0.079999999999999988 
	-27.984999999999999 47.585000000000001 0.079999999999999988 
	0 
	null_surface 
	null_surface 
	nullbs 
	nullbs 
	-1 
	-1 
	I I 
	0 
	0 
	9 0.098255673097006668 0.19883391831951008 0.2993329257624171 0.39972899456159289 0.50016915195973277 0.60061912727595967 0.70101337065861669 0.80154240742868688 0.90202540474015946 
	
	-1 
	none F F 1 F 0 } I I #
integer_attrib-name_attrib-gen-attrib $-1 -1 $-1 $1521 $1216 2 1 1 1 1 1 1 1 1 1 1 1 1 1 0 1 1 1 @3 pid 3643 #
integer_attrib-name_attrib-gen-attrib $-1 -1 $-1 $-1 $1522 2 1 1 1 1 1 1 1 1 1 1 1 1 1 0 1 1 1 @3 pid 2660 #
point $-1 -1 -1 $-1 -27.984999999999999 47.585000000000001 0.079999999999999988 #
integer_attrib-name_attrib-gen-attrib $-1 -1 $-1 $1524 $1218 2 1 1 1 1 1 1 1 1 1 1 1 1 1 0 1 1 1 @3 pid 3645 #
integer_attrib-name_attrib-gen-attrib $-1 -1 $-1 $-1 $1525 2 1 1 1 1 1 1 1 1 1 1 1 1 1 0 1 1 1 @3 pid 2661 #
point $-1 -1 -1 $-1 -27.984999999999999 48.295000000000002 0.079999999999999988 #
integer_attrib-name_attrib-gen-attrib $-1 -1 $2226 $-1 $1527 2 0 0 1 1 1 1 1 1 1 1 1 1 1 0 1 1 1 @3 fif 0 #
face $2227 -1 -1 $-1 $2228 $2229 $5 $-1 $2230 reversed double out F F #
cone-surface $-1 -1 -1 $-1 -27.984999999999999 47.939999999999998 0.27036996368589999 0 0 -1 0 0.35500000000000043 0 1 I I -0 1 0.35500000000000043 reversed I I I I #
integer_attrib-name_attrib-gen-attrib $-1 -1 $-1 $1533 $1226 2 1 1 1 1 1 1 1 1 1 1 1 1 1 0 1 1 1 @3 pid 4422 #
tcoedge-coedge $-1 -1 -1 $-1 $2231 $1535 $2232 $2233 reversed $340 $2234 -0.99999999999999989 -0 F #
coedge $-1 -1 -1 $-1 $2235 $2236 $1535 $1864 forward $2229 $-1 #
edge $2237 -1 -1 $-1 $2238 0 $1865 0.64000000000019241 $1535 $2239 forward @7 unknown F #
vertex $-1 -1 -1 $-1 $1536 $2240 #
straight-curve $-1 -1 -1 $-1 -30.0700000000001 46.224977354325262 0.079999999999999988 0 -1 0 I I #
integer_attrib-name_attrib-gen-attrib $-1 -1 $-1 $1540 $1235 2 1 1 1 1 1 1 1 1 1 1 1 1 1 0 1 1 1 @3 pid 4218 #
string_attrib-name_attrib-gen-attrib $-1 -1 $-1 $1543 $511 2 1 2 1 1 1 1 1 1 1 1 1 1 1 0 1 1 1 @15 ATTRIB_XACIS_ID @5 45195 #
rgb_color-st-attrib $-1 -1 $2241 $1545 $713 2 1 2 1 1 1 1 1 1 1 1 1 1 1 0 1 1 1 0.73000001907348633 0.40000000596046448 0 #
rh_material-rh_entity $-1 -1 4 4 @5 plain @5 color -4 1 1 1 @5 phong @14 ambient factor -2 1 @14 diffuse factor -2 0.75 @15 specular factor -2 0.5 @8 exponent -2 10 @14 specular color -4 1 1 1 @4 none @5 plain @5 color -4 0 0 0 #
render-rbase-attrib $-1 -1 $2242 $1546 $959 1 1 1 1 1 1 1 1 1 1 1 1 0 1 0 1 1 1 $2243 $-1 0 2 0 -1 0 1 0 0 0 0 1 -36.899999999999999 52.719999999999999 0.079999999999999988 1 rotate no_reflect no_shear #
integer_attrib-name_attrib-gen-attrib $-1 -1 $2244 $1547 $1243 2 1 1 1 1 1 1 1 1 1 1 1 1 1 0 1 1 1 @3 pid 2591 #
integer_attrib-name_attrib-gen-attrib $-1 -1 $2245 $-1 $1548 2 0 0 1 1 1 1 1 1 1 1 1 1 1 0 1 1 1 @3 fif 0 #
face $2246 -1 -1 $-1 $2247 $2248 $5 $-1 $2249 reversed double out T -27.860000000000387 48.102480768092612 0.22999999999968651 -27.859999999999769 48.190000000000154 0.31000000000031386 F #
loop $-1 -1 -1 $-1 $-1 $2130 $1548 T -27.86000000001544 48.189999999999955 0.22999999999959322 -27.779999999999944 48.270000000000472 0.31000000000033956 unknown #
cone-surface $-1 -1 -1 $-1 -27.780000000000001 48.189999999999998 0.35036996368590001 0 0 -1 -0.080000000000000071 0 0 1 I I -0 1 0.080000000000000071 reversed I I I I #
coedge $-1 -1 -1 $-1 $2250 $2119 $1878 $2251 reversed $1549 $-1 #
coedge $-1 -1 -1 $-1 $1786 $1551 $1877 $2251 forward $1244 $-1 #
coedge $-1 -1 -1 $-1 $1551 $1786 $2252 $2253 reversed $1244 $-1 #
coedge $-1 -1 -1 $-1 $2198 $2254 $1551 $1881 forward $1501 $-1 #
edge $2255 -1 -1 $-1 $2256 0 $2257 0.0075192319068086988 $1880 $2258 forward @7 unknown T -27.860000000000262 47.770000000000003 0.22999999999973458 -27.859999999999737 47.777519231907213 0.23000000000026044 #
tcoedge-coedge $-1 -1 -1 $-1 $2259 $1895 $1552 $1883 forward $986 $2260 0 1 F #
tedge-edge $2261 -1 -1 $-1 $1898 0 $1893 1 $1882 $2262 forward @7 unknown T -27.490090583900251 47.719909433173314 0.50990941181472738 -27.339909411814745 47.870090588185256 0.51009058818525221 9.0588185251705693e-005 #
pcurve $-1 -1 -1 $-1 0 forward { exppc nubs 1 open 2 
	-1 1 -0 1 
	-0.26913309123933132 1.5707963267948966 
	-0.26913309123933132 2.8478001586525828e-007 
	0.001 
	-1 
	cone -27.339999999999996 47.719999999999999 0.55036996368589974 0 0 -1 -0.15000000000000036 0 0 1 I I 0 -1 0.15000000000000036 reversed I I I I 
	} 0 0 #
tcoedge-coedge $-1 -1 -1 $-1 $1553 $1557 $1563 $1908 reversed $960 $2263 -1 -0 F #
coedge $-1 -1 -1 $-1 $2264 $2265 $1553 $1887 reversed $2266 $-1 #
edge $2267 -1 -1 $-1 $2268 0 $1892 0.41151347666752863 $1886 $2269 forward @7 unknown T -27.40000000000018 47.857477270848676 0.18999999999982611 -27.340000000000053 47.870000000000161 0.19000000000018871 #
coedge $-1 -1 -1 $-1 $2270 $1554 $2265 $2271 reversed $1890 $-1 #
coedge $-1 -1 -1 $-1 $1554 $2272 $2259 $2273 reversed $1890 $-1 #
loop $-1 -1 -1 $-1 $-1 $2270 $2274 T -27.340000000000096 47.869999999999941 0.1899999999999927 -27.059999999999917 47.870000000000083 0.51000000000004186 unknown #
named_attribute-st-attrib $-1 -1 $2275 $-1 $1555 1 1 1 1 1 1 1 1 1 1 1 1 1 1 0 1 1 1 @3 eif #
vertex $2276 -1 -1 $-1 $1887 $2277 #
tvertex-vertex $2278 -1 -1 $-1 $2273 $2279 6.2675629766673204e-014 #
straight-curve $-1 -1 -1 $-1 -27.339999999999982 47.870000000000005 0.1899999999999927 0 0 1 F 0 F 0.32000000000002454 #
coedge $-1 -1 -1 $-1 $1882 $1569 $1556 $1896 forward $986 $-1 #
edge $2280 -1 -1 $-1 $1573 -2.0699833875426066e-005 $1898 0.50004142102869231 $1895 $2281 forward @7 unknown T -27.490020688410119 47.219917200659665 0.50997930016367177 -27.489979288737445 47.720000043142726 0.51002069983634646 #
named_attribute-st-attrib $-1 -1 $2282 $-1 $1558 1 1 1 1 1 1 1 1 1 1 1 1 1 1 0 1 1 1 @3 eif #
tvertex-vertex $2283 -1 -1 $-1 $1883 $2284 2.1784157492548529e-008 #
straight-curve $-1 -1 -1 $-1 -27.490000000000002 47.719999999999999 0.51000000000001722 0 0 -1 F 0 F 0.32000000000002454 #
coedge $-1 -1 -1 $-1 $1560 $2047 $2285 $2286 reversed $1901 $-1 #
loop $-1 -1 -1 $-1 $-1 $1681 $2287 T -27.541850454238229 47.25 0.18999999999999997 -27.489999999999768 47.690000000000005 0.19000000000009554 unknown #
named_attribute-st-attrib $-1 -1 $2288 $-1 $1561 1 1 1 1 1 1 1 1 1 1 1 1 1 1 0 1 1 1 @3 eif #
straight-curve $-1 -1 -1 $-1 -27.490000000000002 47.25 0.18999999999999997 0 1 0 F 0 F 0.43999999999999861 #
tcoedge-coedge $-1 -1 -1 $-1 $1907 $1562 $2289 $2290 forward $1564 $2291 0 1 F #
coedge $-1 -1 -1 $-1 $2285 $2292 $1562 $1906 reversed $1388 $-1 #
edge $2293 -1 -1 $-1 $1567 0 $2294 0.010000000000001563 $1905 $2295 forward @7 unknown T -27.490000000000002 47.689999999999991 0.18999999999998712 -27.479999999999986 47.690000000000019 0.19000000000001283 #
coedge $-1 -1 -1 $-1 $1563 $1904 $2296 $2297 forward $1564 $-1 #
tedge-edge $2298 -1 -1 $-1 $2268 0 $1566 1 $1563 $2299 forward @7 unknown T -27.490081572383144 47.719918427616861 0.18991842761685515 -27.399918427616857 47.857558843232141 0.1900815723831486 8.1572383141187543e-005 #
pcurve $-1 -1 -1 $-1 0 forward { exppc nubs 3 open 4 
	0 3 0.32928883785325469 1 0.67208205310072056 1 1 3 
	-0.083738635424499996 0.045000000000001705 
	-0.075506125748615815 0.026795698453373262 
	-0.054059133748808108 -0.0047872690005501539 
	-0.0036050334842494536 -0.037762272556079779 
	0.033850726665695774 -0.044741127873026088 
	0.053738635424499748 -0.045000000000001705 
	0 
	0 
	plane -27.445 47.7737386354245 0.18999999999999997 0 0 1 0 -1 0 forward_v I I I I 
	} 0 0 #
face $2300 -1 -1 $-1 $801 $1564 $5 $-1 $2301 forward double out T -27.490081572383144 47.689951688760516 0.18991842761685515 -27.399918427616857 47.857558843232141 0.1900815723831486 F #
integer_attrib-name_attrib-gen-attrib $-1 -1 $-1 $1565 $1250 2 1 1 1 1 1 1 1 1 1 1 1 1 1 0 1 1 1 @3 pid 7867 #
integer_attrib-name_attrib-gen-attrib $-1 -1 $-1 $-1 $1566 2 1 1 1 1 1 1 1 1 1 1 1 1 1 0 1 1 1 @3 pid 4970 #
point $-1 -1 -1 $-1 -27.490000000000002 47.719999999999999 0.18999999999999634 #
integer_attrib-name_attrib-gen-attrib $-1 -1 $-1 $-1 $1567 2 1 1 1 1 1 1 1 1 1 1 1 1 1 0 1 1 1 @3 pid 4969 #
point $-1 -1 -1 $-1 -27.489999999999768 47.690000000000005 0.18999999999999997 #
pcurve $-1 -1 -1 $-1 0 forward { exppc nubs 3 open 5 
	5.2516704654956445e-005 3 0.24595748382088656 1 0.50071474002788341 1 0.75493002630529671 1 0.99974859651098624 3 
	0.73251017476704039 0.12503862541234234 
	0.73223608934158335 0.10480246356932277 
	0.72493396525904252 0.066851168852702259 
	0.69143973719216856 0.015910930374257504 
	0.64053288883530435 -0.017456664382541121 
	0.60270049296150496 -0.024721836501901961 
	0.58256208792245268 -0.024999147518228071 
	0 
	0 
	plane -27.465 47.802500000000002 0.51000000000000001 0 0 1 0 -1 0 forward_v I I I I 
	} 0 0 #
named_attribute-st-attrib $-1 -1 $2302 $-1 $1570 1 1 1 1 1 1 1 1 1 1 1 1 1 1 0 1 1 1 @3 eif #
tvertex-vertex $2303 -1 -1 $-1 $1570 $2304 3.9037656506446752e-005 #
intcurve-curve $-1 -1 -1 $-1 forward { exactcur full nubs 3 open 5 
	0 3 0.24595748382088656 1 0.50071474002788341 1 0.75493002630529671 1 1 3 
	-27.339948409159 47.069989650080998 0.51000000000000001 
	-27.360189574622026 47.070262378917448 0.51000000000000001 
	-27.398145287243253 47.077563704553 0.51000000000000012 
	-27.449089069625742 47.111060262807833 0.5099999999999999 
	-27.48246779310189 47.161984089554437 0.51000000000000001 
	-27.489729152842351 47.199837626527831 0.51000000000000001 
	-27.489999991429997 47.219999957283001 0.51000000000000001 
	0 
	null_surface 
	null_surface 
	nullbs 
	nullbs 
	-1 
	-1 
	I I 
	0 
	0 
	3 0.24595748382088656 0.50071474002788341 0.75493002630529671 
	
	-1 
	none F F 1 F 0 } F 5.2516704654956445e-005 F 0.99974859651098624 #
integer_attrib-name_attrib-gen-attrib $-1 -1 $-1 $1572 $1253 2 1 1 1 1 1 1 1 1 1 1 1 1 1 0 1 1 1 @3 pid 7866 #
integer_attrib-name_attrib-gen-attrib $-1 -1 $-1 $-1 $1573 2 1 1 1 1 1 1 1 1 1 1 1 1 1 0 1 1 1 @3 pid 4517 #
point $-1 -1 -1 $-1 -27.489999988573782 47.219937900495999 0.51000000000000911 #
coedge $-1 -1 -1 $-1 $1575 $1730 $1577 $1928 reversed $1924 $-1 #
loop $-1 -1 -1 $-1 $-1 $1575 $2305 T -27.340000344525077 47.069955787383996 0.1899871022891034 -27.059997412519909 47.070033862697009 0.51003903765648695 unknown #
named_attribute-st-attrib $-1 -1 $2306 $-1 $1576 1 1 1 1 1 1 1 1 1 1 1 1 1 1 0 1 1 1 @3 eif #
straight-curve $-1 -1 -1 $-1 -27.339999999999996 47.07 0.51000000000001722 0 0 -1 F 3.6748382115092681e-014 F 0.32000000000001277 #
coedge $-1 -1 -1 $-1 $1929 $1577 $1729 $2085 reversed $1579 $-1 #
edge $2307 -1 -1 $-1 $1581 -1.2897710952586294e-005 $2087 0.27997420457825939 $1577 $2308 forward @7 unknown T -27.339999999999996 47.069987102289019 0.1899871022891034 -27.059999999999885 47.070012897710825 0.19001289771090554 #
coedge $-1 -1 -1 $-1 $1578 $1927 $2309 $2310 reversed $1579 $-1 #
coedge $-1 -1 -1 $-1 $2311 $1584 $1578 $1931 forward $1938 $-1 #
edge $2312 -1 -1 $-1 $1263 0 $2313 0.062522729151257117 $1578 $2314 forward @7 unknown T -27.400000000000329 47.019999999999875 0.18999999999975251 -27.399999999999832 47.082522729151378 0.1900000000002475 #
face $2315 -1 -1 $-1 $2305 $1579 $5 $-1 $2316 reversed double out T -27.400000000000329 47.019999999999875 0.1899871022891034 -27.059999999999885 47.082522729151378 0.19001289771090554 F #
integer_attrib-name_attrib-gen-attrib $-1 -1 $-1 $1580 $1256 2 1 1 1 1 1 1 1 1 1 1 1 1 1 0 1 1 1 @3 pid 7284 #
integer_attrib-name_attrib-gen-attrib $-1 -1 $-1 $-1 $1581 2 1 1 1 1 1 1 1 1 1 1 1 1 1 0 1 1 1 @3 pid 4816 #
point $-1 -1 -1 $-1 -27.339987102289097 47.069999999999922 0.19000000000000447 #
pcurve $-1 -1 -1 $-1 0 forward { exppc nubs 3 open 5 
	0 3 0.24587984805024907 1 0.50063558777630146 1 0.75489193751380335 1 0.99999999999999989 3 
	-0.0037386354245008135 0.045000000000001705 
	-0.014528037388004122 0.044853681680082857 
	-0.034763297623886302 0.040959975948272387 
	-0.061923228408873321 0.023096043635868924 
	-0.07972206190466391 -0.004060184799806521 
	-0.083594234876011697 -0.024247573149722257 
	-0.083738635424499996 -0.035000000000000142 
	0 
	0 
	plane -27.445 47.166261364575504 0.18999999999999997 0 0 1 0 -1 0 forward_v I I I I 
	} 0 0 #
coedge $-1 -1 -1 $-1 $1584 $2317 $1686 $2053 forward $1938 $-1 #
loop $-1 -1 -1 $-1 $-1 $1930 $2318 T -27.400000000005772 47.019999999999875 0.10999999999422845 -27.399999999994225 47.170000000000066 0.1900000000002475 unknown #
named_attribute-st-attrib $-1 -1 $2319 $-1 $1585 1 1 1 1 1 1 1 1 1 1 1 1 1 1 0 1 1 1 @3 eif #
tvertex-vertex $2320 -1 -1 $-1 $1585 $2321 3.8429538984957528e-014 #
straight-curve $-1 -1 -1 $-1 -27.399999999999999 47.082522729151229 0.18999999999999997 0 1 0 F 0 F 0.087477270848836497 #
named_attribute-st-attrib $-1 -1 $2322 $-1 $1586 1 1 1 1 1 1 1 1 1 1 1 1 1 1 0 1 1 1 @3 eif #
straight-curve $-1 -1 -1 $-1 -27.490000000000002 47.25 0.18999999999999997 0 -1 0 F 0 F 0.030000000000001137 #
integer_attrib-name_attrib-gen-attrib $-1 -1 $2323 $-1 $1587 2 0 0 1 1 1 1 1 1 1 1 1 1 1 0 1 1 1 @3 fif 0 #
face $2324 -1 -1 $-1 $2287 $1659 $5 $-1 $2325 reversed double out T -27.60247223250342 47.249999999999289 0.21499999999954322 -27.585151724427359 47.690000000000708 0.24500000000073482 F #
plane-surface $-1 -1 -1 $-1 -27.445 47.166261364575504 0.18999999999999997 0 0 1 0 -1 0 forward_v I I I I #
string_attrib-name_attrib-gen-attrib $-1 -1 $-1 $1594 $524 2 1 2 1 1 1 1 1 1 1 1 1 1 1 0 1 1 1 @15 ATTRIB_XACIS_ID @5 44986 #
rgb_color-st-attrib $-1 -1 $2326 $1596 $730 2 1 2 1 1 1 1 1 1 1 1 1 1 1 0 1 1 1 0.73000001907348633 0.40000000596046448 0 #
rh_material-rh_entity $-1 -1 4 4 @5 plain @5 color -4 1 1 1 @5 phong @14 ambient factor -2 1 @14 diffuse factor -2 0.75 @15 specular factor -2 0.5 @8 exponent -2 10 @14 specular color -4 1 1 1 @4 none @5 plain @5 color -4 0 0 0 #
render-rbase-attrib $-1 -1 $2327 $1597 $975 1 1 1 1 1 1 1 1 1 1 1 1 0 1 0 1 1 1 $2328 $-1 0 2 0 -1 0 1 0 0 0 0 1 -36.899999999999999 52.719999999999999 0.079999999999999988 1 rotate no_reflect no_shear #
string_attrib-name_attrib-gen-attrib $-1 -1 $-1 $1599 $532 2 1 2 1 1 1 1 1 1 1 1 1 1 1 0 1 1 1 @15 ATTRIB_XACIS_ID @5 41466 #
rgb_color-st-attrib $-1 -1 $2329 $1601 $738 2 1 2 1 1 1 1 1 1 1 1 1 1 1 0 1 1 1 0.73000001907348633 0.40000000596046448 0 #
rh_material-rh_entity $-1 -1 4 4 @5 plain @5 color -4 1 1 1 @5 phong @14 ambient factor -2 1 @14 diffuse factor -2 0.75 @15 specular factor -2 0.5 @8 exponent -2 10 @14 specular color -4 1 1 1 @4 none @5 plain @5 color -4 0 0 0 #
render-rbase-attrib $-1 -1 $2330 $1602 $985 1 1 1 1 1 1 1 1 1 1 1 1 0 1 0 1 1 1 $2331 $-1 0 2 0 -1 0 1 0 0 0 0 1 -36.899999999999999 52.719999999999999 0.079999999999999988 1 rotate no_reflect no_shear #
integer_attrib-name_attrib-gen-attrib $-1 -1 $2332 $1603 $1278 2 1 1 1 1 1 1 1 1 1 1 1 1 1 0 1 1 1 @3 pid 2014 #
integer_attrib-name_attrib-gen-attrib $-1 -1 $2333 $-1 $1604 2 0 0 1 1 1 1 1 1 1 1 1 1 1 0 1 1 1 @3 fif 0 #
face $2334 -1 -1 $-1 $2335 $2336 $5 $-1 $2337 reversed double out T -28.216862915010623 48.256574922989785 0.3099999999945649 -27.715055534989645 48.710000000005017 0.31000000000545053 F #
plane-surface $-1 -1 -1 $-1 -28.185000000000002 47.932154984236504 0.30999999999999994 0 0 1 0 -1 0 forward_v I I I I #
named_attribute-st-attrib $-1 -1 $2338 $-1 $1607 1 1 1 1 1 1 1 1 1 1 1 1 1 1 0 1 1 1 @3 eif #
straight-curve $-1 -1 -1 $-1 -27.059999999999924 47.07 0.41999999999987003 -0.86602540378471182 0 0.49999999999952693 F -4.1134457886825499e-014 F 0.17999999999975 #
integer_attrib-name_attrib-gen-attrib $-1 -1 $-1 $1608 $1281 2 1 1 1 1 1 1 1 1 1 1 1 1 1 0 1 1 1 @3 pid 6797 #
integer_attrib-name_attrib-gen-attrib $-1 -1 $-1 $-1 $1609 2 1 1 1 1 1 1 1 1 1 1 1 1 1 0 1 1 1 @3 pid 4515 #
point $-1 -1 -1 $-1 -27.215884572680782 47.07 0.50999999999996093 #
tcoedge-coedge $-1 -1 -1 $-1 $2339 $1611 $1824 $2186 reversed $1966 $2340 -1 -0 F #
tcoedge-coedge $-1 -1 -1 $-1 $1611 $2339 $1613 $1969 reversed $1966 $2341 -1 -0 F #
loop $-1 -1 -1 $-1 $-1 $1611 $2342 T -28.191334000268004 47.777429321134377 0.22991008922749689 -28.109910089227153 48.10257067886571 0.31008991077262366 unknown #
named_attribute-st-attrib $-1 -1 $2343 $-1 $1612 1 1 1 1 1 1 1 1 1 1 1 1 1 1 0 1 1 1 @3 eif #
straight-curve $-1 -1 -1 $-1 -28.109999999999999 47.777519231907135 0.3100000000000081 0 0 -1 F 0 F 0.080000000000016253 #
tedge-edge $2344 -1 -1 $-1 $1615 0 $2345 1 $1965 $2346 forward @7 unknown T -28.191334000268004 47.777429321134377 0.30991008922737878 -28.109910089227153 48.10257067886571 0.31008991077262366 8.9910772621162454e-005 #
pcurve $-1 -1 -1 $-1 0 forward { exppc nubs 3 open 6 
	0 3 0.19656157685883577 1 0.39909268742379767 1 0.60173007705689618 1 0.8040007353534937 1 
	1 3 
	0.15463575232949989 0.074999999999999289 
	0.13880212416963289 0.054881147638621286 
	0.10246561318609082 0.021805455842976329 
	0.030517622935335886 -0.0062440894953805781 
	-0.046488976936245763 -0.0061839477523868425 
	-0.11829683484280196 0.021914181113722009 
	-0.15454298128172006 0.054941647251974146 
	-0.17032578385649888 0.074999999999999289 
	0 
	0 
	plane -28.185000000000002 47.932154984236504 0.30999999999999994 0 0 1 0 -1 0 forward_v I I I I 
	} 0 0 #
integer_attrib-name_attrib-gen-attrib $-1 -1 $-1 $1614 $1284 2 1 1 1 1 1 1 1 1 1 1 1 1 1 0 1 1 1 @3 pid 6816 #
integer_attrib-name_attrib-gen-attrib $-1 -1 $-1 $-1 $1615 2 1 1 1 1 1 1 1 1 1 1 1 1 1 0 1 1 1 @3 pid 4530 #
point $-1 -1 -1 $-1 -28.109999999999999 47.77751923190705 0.3100000000000025 #
render-rbase-attrib $-1 -1 $2347 $1620 $992 1 1 1 1 1 1 1 1 1 1 1 1 0 1 0 1 1 1 $2348 $-1 0 2 0 -1 0 1 0 0 0 0 1 -36.899999999999999 52.719999999999999 0.079999999999999988 1 rotate no_reflect no_shear #
coedge $-1 -1 -1 $-1 $1621 $2349 $2350 $2351 forward $340 $-1 #
tcoedge-coedge $-1 -1 -1 $-1 $2352 $2353 $1621 $1977 forward $2354 $2355 0 1 F #
tedge-edge $2356 -1 -1 $-1 $1983 0 $2357 1 $1621 $2358 forward @7 unknown T -27.49009058269915 47.019909417300852 0.079909417300848121 -27.339909417300845 47.170090582699153 0.080090582699151758 9.0582699151776114e-005 #
pcurve $-1 -1 -1 $-1 0 forward { exppc nubs 3 open 5 
	-1 3 -0.75489193752062367 1 -0.50063558777787431 1 -0.24587984804508972 1 -0 3 
	-3.1275000000000013 3.0999999999999996 
	-3.1073391996563968 3.1002707510285568 
	-3.0694878465005146 3.1075310753498453 
	-3.0185699181833066 3.1409038881544795 
	-2.9850750450972452 3.1918287583766514 
	-2.9777743468499924 3.2297698713189522 
	-2.9775 3.25 
	0 
	0 
	plane -30.589999999999996 44.042500000000004 0.079999999999999988 0 0 -1 0 -1 0 reverse_v I I I I 
	} 0 0 #
coedge $-1 -1 -1 $-1 $2359 $1622 $2353 $2360 reversed $1981 $-1 #
coedge $-1 -1 -1 $-1 $1622 $2309 $1624 $1985 reversed $1981 $-1 #
loop $-1 -1 -1 $-1 $-1 $1622 $2361 T -27.40000000000008 47.019999999999875 0.07999999999996614 -27.05999999999991 47.020000000000039 0.19 unknown #
named_attribute-st-attrib $-1 -1 $2362 $-1 $1623 1 1 1 1 1 1 1 1 1 1 1 1 1 1 0 1 1 1 @3 eif #
tvertex-vertex $2363 -1 -1 $-1 $1623 $2364 3.3750927182993319e-014 #
straight-curve $-1 -1 -1 $-1 -27.34000000000005 47.020000000000003 0.079999999999999988 1 0 0 F 0 F 0.28000000000014147 #
edge $2365 -1 -1 $-1 $1626 0 $2366 0.10999999999999993 $1624 $2367 forward @7 unknown T -27.059999999999999 47.019999999999875 0.07999999999999996 -27.059999999999917 47.020000000000003 0.19 #
integer_attrib-name_attrib-gen-attrib $-1 -1 $-1 $1625 $1295 2 1 1 1 1 1 1 1 1 1 1 1 1 1 0 1 1 1 @3 pid 3834 #
integer_attrib-name_attrib-gen-attrib $-1 -1 $-1 $-1 $1626 2 1 1 1 1 1 1 1 1 1 1 1 1 1 0 1 1 1 @3 pid 2850 #
point $-1 -1 -1 $-1 -27.059999999999999 47.020000000000003 0.07999999999999996 #
rgb_color-st-attrib $-1 -1 $2368 $1628 $757 2 1 2 1 1 1 1 1 1 1 1 1 1 1 0 1 1 1 0.73000001907348633 0.40000000596046448 0 #
rh_material-rh_entity $-1 -1 4 4 @5 plain @5 color -4 1 1 1 @5 phong @14 ambient factor -2 1 @14 diffuse factor -2 0.75 @15 specular factor -2 0.5 @8 exponent -2 10 @14 specular color -4 1 1 1 @4 none @5 plain @5 color -4 0 0 0 #
render-rbase-attrib $-1 -1 $2369 $1629 $1005 1 1 1 1 1 1 1 1 1 1 1 1 0 1 0 1 1 1 $2370 $-1 0 2 0 -1 0 1 0 0 0 0 1 -36.899999999999999 52.719999999999999 0.079999999999999988 1 rotate no_reflect no_shear #
string_attrib-name_attrib-gen-attrib $-1 -1 $-1 $1631 $564 2 1 2 1 1 1 1 1 1 1 1 1 1 1 0 1 1 1 @15 ATTRIB_XACIS_ID @5 42258 #
pcurve $-1 -1 -1 $-1 0 forward { exppc nubs 1 open 2 
	-1.0472603067464685 1 -0 1 
	-3.6951535668153839 -3.1415926535897931 
	-3.6951535668153839 -2.0943951023929239 
	0.001 
	-1 
	cone -27.715055534994999 47.209630036314003 0.17999999999999999 0 1 0 0 0 -0.13 1 I I 0 -1 0.13 reversed I I I I 
	} 0 0 #
integer_attrib-name_attrib-gen-attrib $-1 -1 $-1 $1637 $1313 2 1 1 1 1 1 1 1 1 1 1 1 1 1 0 1 1 1 @3 pid 6195 #
tcoedge-coedge $-1 -1 -1 $-1 $1641 $1701 $1639 $1996 forward $912 $2371 0 1 F #
tedge-edge $2372 -1 -1 $-1 $2064 0 $1644 1 $1639 $2373 forward @7 unknown T -28.045064744658131 46.864935255341869 0.22993525534186629 -27.837481734888037 47.15838235332113 0.23006474465813123 6.4744658131217888e-005 #
pcurve $-1 -1 -1 $-1 0 forward { exppc nubs 1 open 2 
	-1 1 -0 1 
	-0.19692665212634131 2.0161949007851385 
	-0.19692665212634131 0 
	0.001 
	-1 
	cone -28.044999999999998 47.07 0.1896300363141 0 0 1 0 -0.20500000000000007 0 1 I I 0 -1 0.20500000000000007 reversed I I I I 
	} 0 0 #
named_attribute-st-attrib $-1 -1 $2374 $-1 $1642 1 1 1 1 1 1 1 1 1 1 1 1 1 1 0 1 1 1 @3 eif #
straight-curve $-1 -1 -1 $-1 -27.859999999999999 47.158317608662756 0.22999999999999998 0 1 0 F 0 F 0.011682391337497933 #
integer_attrib-name_attrib-gen-attrib $-1 -1 $-1 $1643 $1319 2 1 1 1 1 1 1 1 1 1 1 1 1 1 0 1 1 1 @3 pid 7470 #
integer_attrib-name_attrib-gen-attrib $-1 -1 $-1 $-1 $1644 2 1 1 1 1 1 1 1 1 1 1 1 1 1 0 1 1 1 @3 pid 4686 #
point $-1 -1 -1 $-1 -27.859999999999999 47.158317608662877 0.22999999999999751 #
integer_attrib-name_attrib-gen-attrib $-1 -1 $2375 $1646 $1320 2 1 1 1 1 1 1 1 1 1 1 1 1 1 0 1 1 1 @3 pid 2306 #
integer_attrib-name_attrib-gen-attrib $-1 -1 $-1 $1649 $1325 2 1 1 1 1 1 1 1 1 1 1 1 1 1 0 1 1 1 @3 pid 7054 #
render-rbase-attrib $-1 -1 $2376 $1654 $1041 1 1 1 1 1 1 1 1 1 1 1 1 0 1 0 1 1 1 $2377 $-1 0 2 0 -1 0 1 0 0 0 0 1 -36.899999999999999 52.719999999999999 0.079999999999999988 1 rotate no_reflect no_shear #
coedge $-1 -1 -1 $-1 $2378 $1655 $1658 $2013 reversed $2008 $-1 #
coedge $-1 -1 -1 $-1 $1655 $2378 $2047 $2379 reversed $2008 $-1 #
loop $-1 -1 -1 $-1 $-1 $2378 $2083 T -27.585151724427508 47.25 0.18999999997537648 -27.541850454237906 47.690000000000005 0.21500000000008881 unknown #
named_attribute-st-attrib $-1 -1 $2380 $-1 $1656 1 1 1 1 1 1 1 1 1 1 1 1 1 1 0 1 1 1 @3 eif #
vertex $2381 -1 -1 $-1 $2379 $2382 #
ellipse-curve $-1 -1 -1 $-1 -27.541852023041688 47.25 0.23999728275268684 0 1 0 1.5688034888938773e-006 0 -0.049997282752697575 1 F 0 F 1.0472603067469759 #
coedge $-1 -1 -1 $-1 $1658 $1657 $1719 $2079 reversed $1659 $-1 #
edge $2383 -1 -1 $-1 $2384 -2.5847730699081556e-028 $1661 0.43999999999998529 $1658 $2385 forward @7 tangent T -27.585151724427472 47.25 0.21499999999954322 -27.585151724427359 47.690000000000005 0.21500000000008881 #
integer_attrib-name_attrib-gen-attrib $-1 -1 $-1 $1660 $1334 2 1 1 1 1 1 1 1 1 1 1 1 1 1 0 1 1 1 @3 pid 8125 #
integer_attrib-name_attrib-gen-attrib $-1 -1 $-1 $-1 $1661 2 1 1 1 1 1 1 1 1 1 1 1 1 1 0 1 1 1 @3 pid 5051 #
point $-1 -1 -1 $-1 -27.585151724427472 47.25 0.21500000000002994 #
named_attribute-st-attrib $-1 -1 $2386 $-1 $1663 1 1 1 1 1 1 1 1 1 1 1 1 1 1 0 1 1 1 @3 eif #
tvertex-vertex $2387 -1 -1 $-1 $2079 $2388 7.1391573245064166e-013 #
straight-curve $-1 -1 -1 $-1 -27.602472232503391 47.690000000000097 0.24499999999984484 0 -1 0 F 0 F 0.44000000000018424 #
integer_attrib-name_attrib-gen-attrib $-1 -1 $2389 $-1 $1664 2 0 0 1 1 1 1 1 1 1 1 1 1 1 0 1 1 1 @3 fif 0 #
cone-surface $-1 -1 -1 $-1 -27.715055534994999 47.209630036314003 0.17999999999999999 0 1 0 0 0 -0.13 1 I I -0 1 0.13 reversed I I I I #
coedge $-1 -1 -1 $-1 $2390 $2391 $1668 $2023 forward $2392 $-1 #
edge $2393 -1 -1 $-1 $2026 -1.2018516789813301e-016 $2394 0.034641016151196781 $2022 $2395 forward @7 unknown T -27.671754264805585 47.249999999999261 0.17499999999935995 -27.654433756729439 47.250000000000654 0.20500000000000718 #
coedge $-1 -1 -1 $-1 $1806 $1669 $2391 $2396 reversed $1807 $-1 #
named_attribute-st-attrib $-1 -1 $2397 $-1 $1670 1 1 1 1 1 1 1 1 1 1 1 1 1 1 0 1 1 1 @3 eif #
vertex $2398 -1 -1 $-1 $2396 $2399 #
ellipse-curve $-1 -1 -1 $-1 -27.715053966191718 47.25 0.18000271724696904 0 1 0 -1.5688033716543261e-006 0 0.049997282753034444 1 F 0 F 1.0472603067467565 #
tcoedge-coedge $-1 -1 -1 $-1 $2400 $2401 $1672 $2029 forward $1699 $2402 0 1.0472603067467987 F #
tedge-edge $2403 -1 -1 $-1 $2394 0 $2035 1.0472603067467987 $1672 $2404 forward @7 unknown T -27.654434850729327 47.249998906000847 0.1099989059369109 -27.541849360239052 47.25000109399911 0.17500109399916164 1.0939991065286243e-006 #
pcurve $-1 -1 -1 $-1 0 forward { exppc nurbs 2 open 2 
	-1.0472603067467987 2 0 2 
	-0.030925227119162457 -0.039999999999994373 1 
	-0.10598212184207867 -0.040002355118375327 0.86600971447060082 
	-0.14350852961122129 0.025000000000016148 1 
	1e-008 
	-1 
	plane -27.510925227118999 47.25 0.15000000000000499 -0 1 -0 1 0 0 reverse_v I I I I 
	} 0 0 #
coedge $-1 -1 -1 $-1 $2405 $1673 $2406 $2045 forward $2033 $-1 #
coedge $-1 -1 -1 $-1 $1673 $2405 $2400 $2407 reversed $2033 $-1 #
loop $-1 -1 -1 $-1 $-1 $2405 $2408 T -27.541850454238293 47.249999999997904 0.10999999999987468 -27.489999999999974 47.690000000002101 0.11000000000014705 unknown #
named_attribute-st-attrib $-1 -1 $2409 $-1 $1674 1 1 1 1 1 1 1 1 1 1 1 1 1 1 0 1 1 1 @3 eif #
tvertex-vertex $2410 -1 -1 $-1 $1674 $2411 1.3618459785909508e-013 #
straight-curve $-1 -1 -1 $-1 -27.541850454238045 47.25 0.10999999999999999 1 0 0 F 0 F 0.051850454238071109 #
coedge $-1 -1 -1 $-1 $2039 $1675 $2317 $2412 forward $1677 $-1 #
pcurve $-1 -1 -1 $-1 0 forward { exppc nubs 3 open 5 
	0 3 0.24587984827668091 1 0.50063558793241958 1 0.75489193759835438 1 1 3 
	0.10873863542536188 0.035000000000000142 
	0.10859231710370665 0.024210598026233043 
	0.10469861136530678 0.0039753377855156202 
	0.086834679046566166 -0.023184592998955367 
	0.05967845061457222 -0.04098342648166664 
	0.039491062271086896 -0.044855599451249617 
	0.028738635425094472 -0.045000000000001705 
	0 
	0 
	plane -27.445 47.141261364570504 0.10999999999999999 0 0 -1 0 1 0 reverse_v I I I I 
	} 0 0 #
tcoedge-coedge $-1 -1 -1 $-1 $1676 $2037 $2413 $2414 forward $1677 $2415 0 1 F #
coedge $-1 -1 -1 $-1 $2416 $2406 $1676 $2041 reversed $2417 $-1 #
edge $2418 -1 -1 $-1 $2419 0 $1679 0.080000000000268301 $2040 $2420 forward @7 unknown T -27.490000000002205 47.169999999995596 0.10999999999779683 -27.489999999997799 47.249999999997904 0.1100000000022022 #
face $2421 -1 -1 $-1 $2408 $1677 $5 $-1 $2422 reversed double out T -27.49008157238238 47.032441156762758 0.10991842761762141 -27.399918427617621 47.250048311240555 0.11008157238237809 F #
integer_attrib-name_attrib-gen-attrib $-1 -1 $-1 $1678 $1352 2 1 1 1 1 1 1 1 1 1 1 1 1 1 0 1 1 1 @3 pid 7274 #
integer_attrib-name_attrib-gen-attrib $-1 -1 $-1 $-1 $1679 2 1 1 1 1 1 1 1 1 1 1 1 1 1 0 1 1 1 @3 pid 3931 #
edge $2423 -1 -1 $-1 $1679 0 $2424 0.44000000000012829 $2406 $2425 forward @7 unknown T -27.490000000000002 47.249999999997904 0.10999999999999999 -27.489999999999998 47.690000000002101 0.10999999999999999 #
point $-1 -1 -1 $-1 -27.490000000000002 47.249999999997904 0.10999999999999999 #
coedge $-1 -1 -1 $-1 $1900 $1681 $2007 $2379 forward $1901 $-1 #
named_attribute-st-attrib $-1 -1 $2426 $-1 $1682 1 1 1 1 1 1 1 1 1 1 1 1 1 1 0 1 1 1 @3 eif #
straight-curve $-1 -1 -1 $-1 -27.489999999999974 47.25 0.18999999999999997 -1 0 0 F 0 F 0.051850454238071109 #
integer_attrib-name_attrib-gen-attrib $-1 -1 $-1 $1683 $1355 2 1 1 1 1 1 1 1 1 1 1 1 1 1 0 1 1 1 @3 pid 8046 #
integer_attrib-name_attrib-gen-attrib $-1 -1 $-1 $-1 $1684 2 1 1 1 1 1 1 1 1 1 1 1 1 1 0 1 1 1 @3 pid 4971 #
point $-1 -1 -1 $-1 -27.489999999999874 47.25 0.19000000000000372 #
edge $2427 -1 -1 $-1 $2057 0 $1940 0.08000000000001127 $1937 $2428 forward @7 tangent T -27.400000000002198 47.169999999995603 0.10999999999780144 -27.399999999997799 47.170000000000066 0.19000000000004749 #
named_attribute-st-attrib $-1 -1 $2429 $-1 $1687 1 1 1 1 1 1 1 1 1 1 1 1 1 1 0 1 1 1 @3 eif #
intcurve-curve $-1 -1 -1 $-1 forward { exactcur full nubs 3 open 5 
	0 3 0.24587984805024907 1 0.50063558777630146 1 0.75489193751380335 1 0.99999999999999989 3 
	-27.399999999999999 47.170000000000002 0.18999999999999997 
	-27.400146318319919 47.180789401963509 0.18999999999999995 
	-27.404040024051728 47.201024662199387 0.19 
	-27.421903956364133 47.228184592984377 0.18999999999999997 
	-27.449060184799805 47.245983426480166 0.19 
	-27.469247573149723 47.249855599451514 0.18999999999999995 
	-27.48 47.25 0.18999999999999997 
	0 
	null_surface 
	null_surface 
	nullbs 
	nullbs 
	-1 
	-1 
	I I 
	0 
	0 
	3 0.24587984805024907 0.50063558777630146 0.75489193751380335 
	
	-1 
	none F F 1 F 0 } I I #
named_attribute-st-attrib $-1 -1 $2430 $-1 $1689 1 1 1 1 1 1 1 1 1 1 1 1 1 1 0 1 1 1 @3 eif #
tvertex-vertex $2431 -1 -1 $-1 $2053 $2432 2.1982423281644019e-012 #
intcurve-curve $-1 -1 -1 $-1 forward { exactcur full nubs 3 open 5 
	0 3 0.24587984827668091 1 0.50063558793241958 1 0.75489193759835438 1 1 3 
	-27.48 47.249999999995865 0.10999999999999999 
	-27.469210598026233 47.24985368167421 0.10999999999999999 
	-27.448975337785516 47.245959975935811 0.10999999999999999 
	-27.421815407001045 47.228096043617072 0.10999999999999999 
	-27.404016573518334 47.200939815185073 0.10999999999999999 
	-27.400144400548751 47.180752426841593 0.10999999999999999 
	-27.399999999999999 47.169999999995596 0.10999999999999999 
	0 
	null_surface 
	null_surface 
	nullbs 
	nullbs 
	-1 
	-1 
	I I 
	0 
	0 
	3 0.24587984827668091 0.50063558793241958 0.75489193759835438 
	
	-1 
	none F F 1 F 0 } I I #
rgb_color-st-attrib $-1 -1 $2433 $1696 $801 2 1 2 1 1 1 1 1 1 1 1 1 1 1 0 1 1 1 0.73000001907348633 0.40000000596046448 0 #
rh_material-rh_entity $-1 -1 4 4 @5 plain @5 color -4 1 1 1 @5 phong @14 ambient factor -2 1 @14 diffuse factor -2 0.75 @15 specular factor -2 0.5 @8 exponent -2 10 @14 specular color -4 1 1 1 @4 none @5 plain @5 color -4 0 0 0 #
render-rbase-attrib $-1 -1 $2434 $1697 $1063 1 1 1 1 1 1 1 1 1 1 1 1 0 1 0 1 1 1 $2435 $-1 0 2 0 -1 0 1 0 0 0 0 1 -36.899999999999999 52.719999999999999 0.079999999999999988 1 rotate no_reflect no_shear #
integer_attrib-name_attrib-gen-attrib $-1 -1 $2436 $1698 $1365 2 1 1 1 1 1 1 1 1 1 1 1 1 1 0 1 1 1 @3 pid 2693 #
named_attribute-st-attrib $-1 -1 $2437 $-1 $1702 1 1 1 1 1 1 1 1 1 1 1 1 1 1 0 1 1 1 @3 eif #
tvertex-vertex $2438 -1 -1 $-1 $1702 $2439 0 #
intcurve-curve $-1 -1 -1 $-1 forward { exactcur full nubs 3 open 4 
	0 3 0.3332768520329617 1 0.66673308519280339 1 0.99999999999999989 3 
	-28.069743828107999 46.866498788774003 0.22999999999999998 
	-28.067006919819963 46.866166052039915 0.23000000000000001 
	-28.061523570270918 46.86561122643505 0.22999999999999995 
	-28.053267124040929 46.865111120078851 0.22999999999999998 
	-28.047756977867074 46.865000045164095 0.23000000000000001 
	-28.044999999999998 46.865000000000002 0.22999999999999998 
	0 
	null_surface 
	null_surface 
	nullbs 
	nullbs 
	-1 
	-1 
	I I 
	0 
	0 
	2 0.3332768520329617 0.66673308519280339 
	
	-1 
	none F F 1 F 0 } I I #
integer_attrib-name_attrib-gen-attrib $-1 -1 $2440 $1703 $1368 2 1 1 1 1 1 1 1 1 1 1 1 1 1 0 1 1 1 @3 pid 2307 #
integer_attrib-name_attrib-gen-attrib $-1 -1 $-1 $1706 $1373 2 1 1 1 1 1 1 1 1 1 1 1 1 1 0 1 1 1 @3 pid 7057 #
string_attrib-name_attrib-gen-attrib $-1 -1 $-1 $1711 $816 2 1 2 1 1 1 1 1 1 1 1 1 1 1 0 1 1 1 @15 ATTRIB_XACIS_ID @5 43727 #
integer_attrib-name_attrib-gen-attrib $-1 -1 $-1 $1714 $1385 2 1 1 1 1 1 1 1 1 1 1 1 1 1 0 1 1 1 @3 pid 4853 #
integer_attrib-name_attrib-gen-attrib $-1 -1 $-1 $-1 $1715 2 1 1 1 1 1 1 1 1 1 1 1 1 1 0 1 1 1 @3 pid 3453 #
point $-1 -1 -1 $-1 -27.985000000000042 47.585000000000072 0.31 #
coedge $-1 -1 -1 $-1 $1804 $1717 $2441 $2442 forward $1388 $-1 #
coedge $-1 -1 -1 $-1 $2119 $2250 $1717 $2074 reversed $1549 $-1 #
edge $2443 -1 -1 $-1 $2076 0 $2444 0.080000000000016253 $2073 $2445 forward @7 tangent T -27.780000000000051 47.689999999999969 0.22999999999997076 -27.779999999999994 47.690000000000033 0.31000000000003225 #
named_attribute-st-attrib $-1 -1 $2446 $-1 $1718 1 1 1 1 1 1 1 1 1 1 1 1 1 1 0 1 1 1 @3 eif #
tvertex-vertex $2447 -1 -1 $-1 $1718 $2448 2.5732517332580015e-014 #
straight-curve $-1 -1 -1 $-1 -27.732958336777173 47.689999999999998 0.30999999999999994 -1 0 0 F 0 F 0.047041663222877617 #
coedge $-1 -1 -1 $-1 $1719 $2285 $2378 $2449 forward $1388 $-1 #
edge $2450 -1 -1 $-1 $2384 4.2092565678939953e-016 $2018 0.034641016151077689 $1719 $2451 forward @7 unknown T -27.60247223250342 47.689999999999287 0.21499999999991978 -27.585151724427359 47.690000000000708 0.24500000000073482 #
named_attribute-st-attrib $-1 -1 $2452 $-1 $1720 1 1 1 1 1 1 1 1 1 1 1 1 1 1 0 1 1 1 @3 eif #
ellipse-curve $-1 -1 -1 $-1 -27.71505145610595 47.689999999999998 0.18000706484298931 0 -1 0 0.11257922360298878 0 0.064992935157004994 1 F 0 F 1.0472603067464685 #
integer_attrib-name_attrib-gen-attrib $-1 -1 $2453 $-1 $1722 2 0 0 1 1 1 1 1 1 1 1 1 1 1 0 1 1 1 @3 fif 0 #
face $2454 -1 -1 $-1 $2455 $2008 $5 $-1 $2456 forward double out T -27.585151724427508 47.25 0.18999999997537648 -27.541850454237906 47.690000000000005 0.21500000000008881 F #
plane-surface $-1 -1 -1 $-1 -27.628452994616246 47.689999999999998 0.21000000000005251 0 -1 0 0.49999999999674349 0 -0.86602540378631887 forward_v I I I I #
edge $2457 -1 -1 $-1 $2366 0 $2087 0.049999999999966072 $1729 $2458 forward @7 unknown T -27.059999999999999 47.019999999999875 0.19 -27.059999999999885 47.069999999999922 0.19000000000000447 #
named_attribute-st-attrib $-1 -1 $2459 $-1 $1731 1 1 1 1 1 1 1 1 1 1 1 1 1 1 0 1 1 1 @3 eif #
vertex $2460 -1 -1 $-1 $2085 $2461 #
straight-curve $-1 -1 -1 $-1 -27.059999999999999 47.07 0.19000000000000897 0 0 1 F -4.496403249731884e-015 F 0.22999999999990184 #
integer_attrib-name_attrib-gen-attrib $-1 -1 $-1 $1732 $1397 2 1 1 1 1 1 1 1 1 1 1 1 1 1 0 1 1 1 @3 pid 5932 #
integer_attrib-name_attrib-gen-attrib $-1 -1 $-1 $-1 $1733 2 1 1 1 1 1 1 1 1 1 1 1 1 1 0 1 1 1 @3 pid 3940 #
point $-1 -1 -1 $-1 -27.059999999999853 47.06999741252006 0.41999999999991078 #
integer_attrib-name_attrib-gen-attrib $-1 -1 $2462 $1735 $1398 2 1 1 1 1 1 1 1 1 1 1 1 1 1 0 1 1 1 @3 pid 1739 #
named_attribute-st-attrib $-1 -1 $2463 $-1 $1739 1 1 1 1 1 1 1 1 1 1 1 1 1 1 0 1 1 1 @3 eif #
straight-curve $-1 -1 -1 $-1 -27.215884572680782 47.07 0.51000000000000001 -1 0 0 F 0 F 0.12407673418778842 #
coedge $-1 -1 -1 $-1 $1740 $2464 $2465 $2466 reversed $986 $-1 #
coedge $-1 -1 -1 $-1 $2467 $1790 $1740 $2097 forward $2109 $-1 #
edge $2468 -1 -1 $-1 $2099 0 $2469 0.39000000000016577 $1740 $2470 forward @7 unknown T -27.714115427318919 48.444999999999922 0.50999999999983425 -27.714115427318742 48.835000000000086 0.50999999999988954 #
named_attribute-st-attrib $-1 -1 $2471 $-1 $1741 1 1 1 1 1 1 1 1 1 1 1 1 1 1 0 1 1 1 @3 eif #
vertex $2472 -1 -1 $-1 $1741 $2473 #
straight-curve $-1 -1 -1 $-1 -27.714115427319001 48.445 0.51000000000000001 1 0 0 F 0 F 0.054115427319002762 #
integer_attrib-name_attrib-gen-attrib $-1 -1 $-1 $1742 $1410 2 1 1 1 1 1 1 1 1 1 1 1 1 1 0 1 1 1 @3 pid 4862 #
string_attrib-name_attrib-gen-attrib $-1 -1 $-1 $1748 $626 2 1 2 1 1 1 1 1 1 1 1 1 1 1 0 1 1 1 @15 ATTRIB_XACIS_ID @5 44869 #
rgb_color-st-attrib $-1 -1 $2474 $1750 $853 2 1 2 1 1 1 1 1 1 1 1 1 1 1 0 1 1 1 0.73000001907348633 0.40000000596046448 0 #
rh_material-rh_entity $-1 -1 4 4 @5 plain @5 color -4 1 1 1 @5 phong @14 ambient factor -2 1 @14 diffuse factor -2 0.75 @15 specular factor -2 0.5 @8 exponent -2 10 @14 specular color -4 1 1 1 @4 none @5 plain @5 color -4 0 0 0 #
render-rbase-attrib $-1 -1 $2475 $1751 $1120 1 1 1 1 1 1 1 1 1 1 1 1 0 1 0 1 1 1 $2476 $-1 0 2 0 -1 0 1 0 0 0 0 1 -36.899999999999999 52.719999999999999 0.079999999999999988 1 rotate no_reflect no_shear #
integer_attrib-name_attrib-gen-attrib $-1 -1 $2477 $1752 $1423 2 1 1 1 1 1 1 1 1 1 1 1 1 1 0 1 1 1 @3 pid 1225 #
integer_attrib-name_attrib-gen-attrib $-1 -1 $2478 $-1 $1753 2 0 0 1 1 1 1 1 1 1 1 1 1 1 0 1 1 1 @3 fif 0 #
face $2479 -1 -1 $-1 $2480 $2481 $5 $-1 $2482 reversed double out T -27.87000000000009 48.835000000000001 0.41999999999987137 -27.489999999999899 48.835000000000065 0.51000000000000101 F #
loop $-1 -1 -1 $-1 $-1 $2096 $1753 T -27.87000000000009 48.444999999999922 0.41999999999987137 -27.714115427318681 48.835000000000086 0.50999999999988954 unknown #
plane-surface $-1 -1 -1 $-1 -27.79205771365946 48.640000000000001 0.46499999999982167 -0.49999999999952466 0 0.86602540378471315 -0.86602540378471315 -0 -0.49999999999952466 forward_v I I I I #
integer_attrib-name_attrib-gen-attrib $-1 -1 $-1 $1755 $1427 2 1 1 1 1 1 1 1 1 1 1 1 1 1 0 1 1 1 @3 pid 2704 #
coedge $-1 -1 -1 $-1 $1775 $1757 $2483 $2484 forward $1424 $-1 #
edge $2485 -1 -1 $-1 $2486 0 $1763 0.41657890567929506 $1757 $2487 forward @7 unknown T -28.260000000000002 48.164499443206005 0.30999999999999994 -28.145640337818001 48.256574922990005 0.31000000000000105 #
named_attribute-st-attrib $-1 -1 $2488 $-1 $1761 1 1 1 1 1 1 1 1 1 1 1 1 1 1 0 1 1 1 @3 eif #
straight-curve $-1 -1 -1 $-1 -28.259999999999998 47.715500556793906 0.30999999999999994 0 1 0 F 0 F 0.44899888641218055 #
integer_attrib-name_attrib-gen-attrib $-1 -1 $-1 $1762 $1433 2 1 1 1 1 1 1 1 1 1 1 1 1 1 0 1 1 1 @3 pid 4856 #
integer_attrib-name_attrib-gen-attrib $-1 -1 $-1 $-1 $1763 2 1 1 1 1 1 1 1 1 1 1 1 1 1 0 1 1 1 @3 pid 3454 #
point $-1 -1 -1 $-1 -28.259999999999998 48.164499443206047 0.31000000000000105 #
tcoedge-coedge $-1 -1 -1 $-1 $1877 $2073 $1768 $2120 reversed $1549 $2489 -1 -0 F #
tedge-edge $2490 -1 -1 $-1 $2143 0 $2076 1 $1768 $2491 forward @7 unknown T -27.860048311239481 47.689951688760523 0.3099516887605176 -27.779951688760519 47.770048311239535 0.31004831123948878 4.8311239482293302e-005 #
pcurve $-1 -1 -1 $-1 0 forward { exppc nubs 3 open 5 
	0 3 0.24587984805032465 1 0.50063558777646922 1 0.75489193751393135 1 1 3 
	0.2032874614949991 -0.074999999999997513 
	0.21407686345850507 -0.074853681680082218 
	0.23431212369439791 -0.070959975948262866 
	0.26147205447937605 -0.053096043635852297 
	0.2792708879751693 -0.025939815200178629 
	0.28314306094651176 -0.0057524268502735509 
	0.28328746149499917 0.0050000000000007816 
	0 
	0 
	plane -27.785000000000004 47.973287461495005 0.30999999999999994 0 0 1 0 -1 0 forward_v I I I I 
	} 0 0 #
integer_attrib-name_attrib-gen-attrib $-1 -1 $-1 $1770 $1443 2 1 1 1 1 1 1 1 1 1 1 1 1 1 0 1 1 1 @3 pid 4854 #
coedge $-1 -1 -1 $-1 $1772 $1773 $2492 $2493 forward $1445 $-1 #
coedge $-1 -1 -1 $-1 $2494 $2495 $1773 $2125 reversed $2496 $-1 #
edge $2497 -1 -1 $-1 $2345 0 $2498 0.087519231907102757 $2124 $2499 forward @7 unknown T -28.110000000000348 48.102480768092711 0.30999999999943262 -28.109999999999211 48.190000000001085 0.31000000000056738 #
coedge $-1 -1 -1 $-1 $2483 $2500 $1775 $2127 reversed $2336 $-1 #
edge $2501 -1 -1 $-1 $2502 0 $1783 0.46957138443778401 $1775 $2503 forward @7 unknown T -27.98500000000001 48.256574922989785 0.30999999999999994 -27.824359662182001 48.295000000000272 0.31 #
coedge $-1 -1 -1 $-1 $2504 $2505 $1779 $2129 reversed $2248 $-1 #
edge $2506 -1 -1 $-1 $2133 0 $2507 0.087519231907110751 $2128 $2508 forward @7 unknown T -27.860000000000387 48.102480768092612 0.30999999999969424 -27.859999999999769 48.190000000000154 0.31000000000031386 #
coedge $-1 -1 -1 $-1 $2509 $1780 $2500 $2510 forward $1875 $-1 #
coedge $-1 -1 -1 $-1 $1780 $2511 $2504 $2512 reversed $1875 $-1 #
named_attribute-st-attrib $-1 -1 $2513 $-1 $1781 1 1 1 1 1 1 1 1 1 1 1 1 1 1 0 1 1 1 @3 eif #
tvertex-vertex $2514 -1 -1 $-1 $-1 $2515 9.8619684743658273e-014 #
ellipse-curve $-1 -1 -1 $-1 -27.7800029358758 48.190001571697174 0.30999999999999994 0 0 1 -0.044356726306201473 0.066573351292830374 0 1 F 0 F 0.9830786780044819 #
integer_attrib-name_attrib-gen-attrib $-1 -1 $-1 $1782 $1453 2 1 1 1 1 1 1 1 1 1 1 1 1 1 0 1 1 1 @3 pid 4857 #
integer_attrib-name_attrib-gen-attrib $-1 -1 $-1 $-1 $1783 2 1 1 1 1 1 1 1 1 1 1 1 1 1 0 1 1 1 @3 pid 3455 #
point $-1 -1 -1 $-1 -27.824359662182001 48.256574922990005 0.30999999999999994 #
tcoedge-coedge $-1 -1 -1 $-1 $2516 $2252 $1785 $2139 reversed $2517 $2518 -1 -0 F #
tedge-edge $2519 -1 -1 $-1 $2507 0 $2142 1 $1785 $2520 forward @7 unknown T -27.860089910772697 47.777429321134328 0.30991008922738056 -27.778665999731995 48.102570678865625 0.31008991077262343 8.9910772619399134e-005 #
pcurve $-1 -1 -1 $-1 0 forward { exppc nubs 3 open 6 
	0 3 0.1965615768588409 1 0.39909268742379267 1 0.60173007705691373 1 0.80400073535351213 1 
	1 3 
	-0.12919330659800021 -0.074999999999997513 
	-0.1133596784381341 -0.05488114763861951 
	-0.077023167454592922 -0.021805455842974553 
	-0.0050751772038353238 0.0062440894953894599 
	0.071931422667748102 0.0061839477523850661 
	0.14373928057430696 -0.021914181113720232 
	0.17998542701322151 -0.054941647251974146 
	0.19576822958799767 -0.074999999999997513 
	0 
	0 
	plane -27.785000000000004 47.973287461495005 0.30999999999999994 0 0 1 0 -1 0 forward_v I I I I 
	} 0 0 #
named_attribute-st-attrib $-1 -1 $2521 $-1 $1787 1 1 1 1 1 1 1 1 1 1 1 1 1 1 0 1 1 1 @3 eif #
tvertex-vertex $2522 -1 -1 $-1 $2139 $2523 2.6139606977229248e-013 #
tvertex-vertex $2524 -1 -1 $-1 $2120 $2525 4.8059482480205392e-014 #
straight-curve $-1 -1 -1 $-1 -27.859999999999999 47.777519231906908 0.30999999999999994 0 -1 0 F 0 F 0.0075192319068069224 #
coedge $-1 -1 -1 $-1 $2526 $1788 $2527 $2528 reversed $149 $-1 #
coedge $-1 -1 -1 $-1 $1790 $2467 $1788 $2147 forward $2109 $-1 #
edge $2529 -1 -1 $-1 $2530 0 $1793 0.39000000000016577 $1788 $2531 forward @7 unknown T -27.87000000000009 48.444999999999922 0.41999999999989834 -27.870000000000026 48.835000000000086 0.41999999999998605 #
named_attribute-st-attrib $-1 -1 $2532 $-1 $1791 1 1 1 1 1 1 1 1 1 1 1 1 1 1 0 1 1 1 @3 eif #
straight-curve $-1 -1 -1 $-1 -27.714115427318681 48.445 0.50999999999986845 -0.86602540378471227 -0 -0.49999999999952621 F -4.3869349512747844e-016 F 0.18000000000008259 #
integer_attrib-name_attrib-gen-attrib $-1 -1 $-1 $1792 $1463 2 1 1 1 1 1 1 1 1 1 1 1 1 1 0 1 1 1 @3 pid 2706 #
integer_attrib-name_attrib-gen-attrib $-1 -1 $-1 $-1 $1793 2 1 1 1 1 1 1 1 1 1 1 1 1 1 0 1 1 1 @3 pid 2013 #
point $-1 -1 -1 $-1 -27.870000000000047 48.445 0.41999999999998605 #
coedge $-1 -1 -1 $-1 $1795 $2533 $2534 $2535 forward $149 $-1 #
coedge $-1 -1 -1 $-1 $2536 $2537 $1795 $2155 reversed $2538 $-1 #
edge $2539 -1 -1 $-1 $2540 4.4408920985006262e-016 $2159 0.21000000000015184 $1795 $2541 forward @7 unknown T -29.07 48.83499999999993 0.41999999999999993 -29.07 49.04500000000008 0.42000000000000992 #
coedge $-1 -1 -1 $-1 $2542 $1796 $2537 $2543 forward $2158 $-1 #
coedge $-1 -1 -1 $-1 $1796 $2544 $-1 $2545 reversed $2158 $-1 #
loop $-1 -1 -1 $-1 $-1 $2157 $2546 F unknown #
vertex $2547 -1 -1 $-1 $1797 $2548 #
straight-curve $-1 -1 -1 $-1 -36.700000000000003 49.045000000000002 0.42000000000000004 1 0 0 F 0 F 7.6300000000000008 #
point $-1 -1 -1 $-1 -30.0700000000001 49.045000000000002 0.42000000000000004 #
string_attrib-name_attrib-gen-attrib $-1 -1 $-1 $1801 $887 2 1 2 1 1 1 1 1 1 1 1 1 1 1 0 1 1 1 @15 ATTRIB_XACIS_ID @5 42786 #
coedge $-1 -1 -1 $-1 $2549 $1804 $1806 $2166 forward $1388 $-1 #
named_attribute-st-attrib $-1 -1 $2550 $-1 $1805 1 1 1 1 1 1 1 1 1 1 1 1 1 1 0 1 1 1 @3 eif #
straight-curve $-1 -1 -1 $-1 -27.732958336777152 47.689999999999998 0.22999999999999998 1 0 0 F 0 F 0.017902801782197386 #
edge $2551 -1 -1 $-1 $1809 0 $2552 1.0472603067472521 $1806 $2553 forward @7 unknown T -27.715055534995066 47.689999999999998 0.20499999999975643 -27.671754264805625 47.689999999999998 0.23000000002461626 #
face $2554 -1 -1 $-1 $2555 $1807 $5 $-1 $2556 forward double out T -27.715055534995091 47.25 0.20499999999968641 -27.671754264805358 47.689999999999998 0.23000000002461626 F #
integer_attrib-name_attrib-gen-attrib $-1 -1 $-1 $1808 $1482 2 1 1 1 1 1 1 1 1 1 1 1 1 1 0 1 1 1 @3 pid 7028 #
integer_attrib-name_attrib-gen-attrib $-1 -1 $-1 $-1 $1809 2 1 1 1 1 1 1 1 1 1 1 1 1 1 0 1 1 1 @3 pid 4668 #
point $-1 -1 -1 $-1 -27.715055534994956 47.689999999999998 0.22999999999999501 #
coedge $-1 -1 -1 $-1 $2557 $1814 $2558 $2559 reversed $1489 $-1 #
tcoedge-coedge $-1 -1 -1 $-1 $2441 $2197 $1814 $2173 forward $1501 $2560 0 1 F #
tedge-edge $2561 -1 -1 $-1 $2562 0 $1816 1 $1814 $2563 forward @7 unknown T -27.824445853598231 47.689913808584123 0.22991380858411967 -27.628285698715768 48.25666111440588 0.23008619141587786 8.619141587783872e-005 #
pcurve $-1 -1 -1 $-1 0 forward { exppc nubs 1 open 2 
	-1 1 -0 1 
	-0.11371820756591539 2.3521277919130696 
	-0.11371820756591539 0.46957574670954694 
	0.001 
	-1 
	cone -27.984999999999999 47.939999999999998 0.27036996368589999 0 0 -1 0 0.35500000000000043 0 1 I I 0 -1 0.35500000000000043 reversed I I I I 
	} 0 0 #
integer_attrib-name_attrib-gen-attrib $-1 -1 $-1 $1815 $1487 2 1 1 1 1 1 1 1 1 1 1 1 1 1 0 1 1 1 @3 pid 5597 #
integer_attrib-name_attrib-gen-attrib $-1 -1 $-1 $-1 $1816 2 1 1 1 1 1 1 1 1 1 1 1 1 1 0 1 1 1 @3 pid 3741 #
point $-1 -1 -1 $-1 -27.732958336777077 47.689999999999998 0.22999999999999751 #
coedge $-1 -1 -1 $-1 $1818 $2557 $2564 $2565 reversed $1489 $-1 #
tcoedge-coedge $-1 -1 -1 $-1 $2564 $1819 $1818 $2180 forward $1825 $2566 0 0.99999999999999989 F #
tedge-edge $2567 -1 -1 $-1 $2183 0 $2568 0.99999999999999989 $1818 $2569 forward @7 unknown T -28.341214072706229 47.715449849033895 0.22994929223989546 -28.259949292239895 48.164550150966264 0.23005070776011274 5.0707760104485566e-005 #
pcurve $-1 -1 -1 $-1 0 forward { exppc nubs 1 open 2 
	-0.99999999999999989 1 -0 1 
	-0.11371820756591539 -0.886158110709103 
	-0.11371820756591539 -2.2554345428806837 
	0.001 
	-1 
	cone -27.984999999999999 47.939999999999998 0.27036996368589999 0 0 -1 0 0.35500000000000043 0 1 I I 0 -1 0.35500000000000043 reversed I I I I 
	} 0 0 #
named_attribute-st-attrib $-1 -1 $2570 $-1 $1820 1 1 1 1 1 1 1 1 1 1 1 1 1 1 0 1 1 1 @3 eif #
tvertex-vertex $2571 -1 -1 $-1 $1820 $2572 2.8039427058391442e-013 #
ellipse-curve $-1 -1 -1 $-1 -27.984997948799524 47.940002855086732 0.22999999999999998 0 0 -1 -0.12500205120047525 -0.33226780960372704 0 1 F 0 F 0.52632557580131556 #
coedge $-1 -1 -1 $-1 $1824 $2573 $2574 $2575 forward $1825 $-1 #
tedge-edge $2576 -1 -1 $-1 $2577 0 $1827 1 $1964 $2578 forward @7 unknown T -28.19133400026735 47.777429321134498 0.22991008922749689 -28.109910089227455 48.102570678865504 0.23008991077249902 8.9910772498998795e-005 #
pcurve $-1 -1 -1 $-1 0 forward { exppc nubs 3 open 6 
	0 3 0.19656157684831832 1 0.39909268741538201 1 0.60173007705207815 1 0.8040007353509605 1 
	1 3 
	0.17032578385650066 -0.11547009460009861 
	0.15449215569765684 -0.095351242239727796 
	0.11815564471530582 -0.062275550444253369 
	0.046207654465402648 -0.034226005105246315 
	-0.03079894540722794 -0.034286146847163579 
	-0.10260680331505778 -0.06238427571323335 
	-0.13885294975448659 -0.095411741851794574 
	-0.15463575232949989 -0.11547009460009861 
	0 
	0 
	plane -28.225470094600098 47.932154984236504 0.22999999999999998 0 0 -1 0 1 0 reverse_v I I I I 
	} 0 0 #
face $2579 -1 -1 $-1 $903 $1825 $5 $-1 $2580 reversed double out T -28.341214072706229 47.607735045482997 0.22991008922749689 -28.109910089227455 48.256574922990005 0.23008991077249902 F #
integer_attrib-name_attrib-gen-attrib $-1 -1 $-1 $1826 $1494 2 1 1 1 1 1 1 1 1 1 1 1 1 1 0 1 1 1 @3 pid 7023 #
integer_attrib-name_attrib-gen-attrib $-1 -1 $-1 $-1 $1827 2 1 1 1 1 1 1 1 1 1 1 1 1 1 0 1 1 1 @3 pid 4664 #
point $-1 -1 -1 $-1 -28.109999999999999 47.777519231907 0.22999999999999998 #
rgb_color-st-attrib $-1 -1 $2581 $1829 $903 2 1 2 1 1 1 1 1 1 1 1 1 1 1 0 1 1 1 0.73000001907348633 0.40000000596046448 0 #
rh_material-rh_entity $-1 -1 4 4 @5 plain @5 color -4 1 1 1 @5 phong @14 ambient factor -2 1 @14 diffuse factor -2 0.75 @15 specular factor -2 0.5 @8 exponent -2 10 @14 specular color -4 1 1 1 @4 none @5 plain @5 color -4 0 0 0 #
render-rbase-attrib $-1 -1 $2582 $1830 $1194 1 1 1 1 1 1 1 1 1 1 1 1 0 1 0 1 1 1 $2583 $-1 0 2 0 -1 0 1 0 0 0 0 1 -36.899999999999999 52.719999999999999 0.079999999999999988 1 rotate no_reflect no_shear #
integer_attrib-name_attrib-gen-attrib $-1 -1 $2584 $1831 $1500 2 1 1 1 1 1 1 1 1 1 1 1 1 1 0 1 1 1 @3 pid 2121 #
coedge $-1 -1 -1 $-1 $2585 $2558 $2586 $2587 forward $1832 $-1 #
coedge $-1 -1 -1 $-1 $2172 $1834 $2511 $2588 forward $1501 $-1 #
tcoedge-coedge $-1 -1 -1 $-1 $1834 $1880 $2589 $2590 forward $1501 $2591 0 1 F #
coedge $-1 -1 -1 $-1 $2505 $2504 $1834 $2200 reversed $2248 $-1 #
edge $2592 -1 -1 $-1 $2593 0 $2594 0.087519231907110751 $2199 $2595 forward @7 unknown T -27.860000000000387 48.102480768092612 0.22999999999968651 -27.859999999999769 48.190000000000154 0.23000000000030529 #
rgb_color-st-attrib $-1 -1 $2596 $1837 $911 2 1 2 1 1 1 1 1 1 1 1 1 1 1 0 1 1 1 0.73000001907348633 0.40000000596046448 0 #
rh_material-rh_entity $-1 -1 4 4 @5 plain @5 color -4 1 1 1 @5 phong @14 ambient factor -2 1 @14 diffuse factor -2 0.75 @15 specular factor -2 0.5 @8 exponent -2 10 @14 specular color -4 1 1 1 @4 none @5 plain @5 color -4 0 0 0 #
render-rbase-attrib $-1 -1 $2597 $1838 $1200 1 1 1 1 1 1 1 1 1 1 1 1 0 1 0 1 1 1 $2598 $-1 0 2 0 -1 0 1 0 0 0 0 1 -36.899999999999999 52.719999999999999 0.079999999999999988 1 rotate no_reflect no_shear #
integer_attrib-name_attrib-gen-attrib $-1 -1 $2599 $1839 $1509 2 1 1 1 1 1 1 1 1 1 1 1 1 1 0 1 1 1 @3 pid 2173 #
integer_attrib-name_attrib-gen-attrib $-1 -1 $2600 $-1 $1840 2 0 0 1 1 1 1 1 1 1 1 1 1 1 0 1 1 1 @3 fif 0 #
face $2601 -1 -1 $-1 $2602 $2603 $5 $-1 $2604 forward double out T -28.550000000000011 48.789999999999992 0.07999999999999903 -28.549999999999983 48.984999999999999 0.16000000000002393 F #
loop $-1 -1 -1 $-1 $-1 $2605 $1840 T -28.353137084993563 48.269999999995605 0.12686291500657379 -28.273431457500692 48.710000000004328 0.20656854249931708 unknown #
plane-surface $-1 -1 -1 $-1 -28.313284271248001 48.490000000000009 0.16671572875260718 -0.70710678118649828 -9.0469772308080253e-018 0.70710678118659676 6.3971789491442024e-018 -1 -6.3971789491450937e-018 forward_v I I I I #
coedge $-1 -1 -1 $-1 $2606 $2607 $2608 $2609 forward $1841 $-1 #
coedge $-1 -1 -1 $-1 $2608 $1843 $2610 $2611 reversed $1510 $-1 #
coedge $-1 -1 -1 $-1 $1843 $2608 $2612 $2613 reversed $1510 $-1 #
coedge $-1 -1 -1 $-1 $1845 $1844 $1843 $2213 forward $1201 $-1 #
edge $2614 -1 -1 $-1 $2615 0 $2616 0.049999999999998365 $2212 $2617 forward @7 tangent T -28.796568542545675 48.346568542418041 0.10999999995239533 -28.796568542417962 48.346568542545754 0.16000000006385492 #
coedge $-1 -1 -1 $-1 $2618 $2610 $1844 $2215 forward $2619 $-1 #
edge $2620 -1 -1 $-1 $2615 0 $2223 0.78540003463560071 $1844 $2621 forward @7 unknown T -28.820000000020052 48.346568542418041 0.15999999993614347 -28.796568542417962 48.40313708499 0.16000000006385492 #
coedge $-1 -1 -1 $-1 $2622 $2623 $1845 $2217 forward $2624 $-1 #
edge $2625 -1 -1 $-1 $2222 0 $2616 0.78539816238194238 $1845 $2626 forward @7 unknown T -28.820000000065161 48.346568542420592 0.10999999993479646 -28.796568542420378 48.403137085001106 0.11000000006519779 #
coedge $-1 -1 -1 $-1 $2627 $1846 $2628 $2629 reversed $2220 $-1 #
coedge $-1 -1 -1 $-1 $1846 $2630 $2618 $2631 reversed $2220 $-1 #
loop $-1 -1 -1 $-1 $-1 $2630 $2632 T -28.820000000065161 48.403137084870707 0.079999999999617113 -28.819999999934762 48.835000000000107 0.16000000002005438 unknown #
named_attribute-st-attrib $-1 -1 $2633 $-1 $1847 1 1 1 1 1 1 1 1 1 1 1 1 1 1 0 1 1 1 @3 eif #
tvertex-vertex $2634 -1 -1 $-1 $-1 $2635 6.5200663194665189e-011 #
tvertex-vertex $2636 -1 -1 $-1 $-1 $2637 2.0050628618995452e-011 #
straight-curve $-1 -1 -1 $-1 -28.82 48.40313708499 0.11000000000000003 0 0 1 F 0 F 0.049999999999998365 #
integer_attrib-name_attrib-gen-attrib $-1 -1 $-1 $1850 $1519 2 1 1 1 1 1 1 1 1 1 1 1 1 1 0 1 1 1 @3 pid 3644 #
integer_attrib-name_attrib-gen-attrib $-1 -1 $2638 $1858 $1527 2 1 1 1 1 1 1 1 1 1 1 1 1 1 0 1 1 1 @3 pid 1619 #
integer_attrib-name_attrib-gen-attrib $-1 -1 $2639 $-1 $1859 2 1 1 1 1 1 1 1 1 1 1 1 1 1 0 1 1 1 @3 pid 1716 #
face $2640 -1 -1 $-1 $2641 $2642 $5 $-1 $2643 reversed double out T -29.430048311239485 48.91995168876052 0.079951688760516587 -29.349951688760516 49.000048311239489 0.16004831123948482 F #
loop $-1 -1 -1 $-1 $-1 $2235 $1859 F unknown #
plane-surface $-1 -1 -1 $-1 -29.830931457504999 48.920000000000002 0.12000000000000499 0 -1 0 -1 0 0 forward_v I I I I #
coedge $-1 -1 -1 $-1 $2644 $1862 $2645 $2646 reversed $340 $-1 #
tcoedge-coedge $-1 -1 -1 $-1 $2647 $2648 $1862 $2233 forward $2642 $2649 0 0.99999999999999989 F #
tedge-edge $2650 -1 -1 $-1 $2651 0 $2238 0.99999999999999989 $2232 $2652 forward @7 unknown T -29.430048311239482 48.91995168876052 0.079951688760516587 -29.349951688760516 49.000048311239489 0.080048311239484332 4.831123948308565e-005 #
pcurve $-1 -1 -1 $-1 0 forward { exppc nubs 3 open 5 
	-0.99999999999999989 3 -0.75489193751383532 1 -0.5006355877763643 1 -0.2458798480502464 1 -0 3 
	-4.8774999999999995 1.1599999999999975 
	-4.8776444005484869 1.170752426850278 
	-4.881516573519832 1.1909398152001893 
	-4.8993154070156297 1.2180960436358585 
	-4.9264753378006105 1.2359599759482709 
	-4.9467105980364963 1.239853681680084 
	-4.9575000000000005 1.2400000000000002 
	0 
	0 
	plane -30.589999999999996 44.042500000000004 0.079999999999999988 0 0 -1 0 -1 0 reverse_v I I I I 
	} 0 0 #
coedge $-1 -1 -1 $-1 $2653 $1863 $-1 $2654 reversed $2229 $-1 #
coedge $-1 -1 -1 $-1 $1863 $2653 $2647 $2655 reversed $2229 $-1 #
named_attribute-st-attrib $-1 -1 $2656 $-1 $1864 1 1 1 1 1 1 1 1 1 1 1 1 1 1 0 1 1 1 @3 eif #
tvertex-vertex $2657 -1 -1 $-1 $2233 $2658 4.7092487305079508e-014 #
straight-curve $-1 -1 -1 $-1 -29.429999999999907 48.920000000000002 0.079999999999999988 -1 0 0 F 0 F 0.80186291501018214 #
point $-1 -1 -1 $-1 -30.0700000000001 48.920000000000002 0.079999999999999988 #
string_attrib-name_attrib-gen-attrib $-1 -1 $-1 $1869 $713 2 1 2 1 1 1 1 1 1 1 1 1 1 1 0 1 1 1 @15 ATTRIB_XACIS_ID @5 45092 #
rgb_color-st-attrib $-1 -1 $2659 $1871 $959 2 1 2 1 1 1 1 1 1 1 1 1 1 1 0 1 1 1 0.73000001907348633 0.40000000596046448 0 #
rh_material-rh_entity $-1 -1 4 4 @5 plain @5 color -4 1 1 1 @5 phong @14 ambient factor -2 1 @14 diffuse factor -2 0.75 @15 specular factor -2 0.5 @8 exponent -2 10 @14 specular color -4 1 1 1 @4 none @5 plain @5 color -4 0 0 0 #
render-rbase-attrib $-1 -1 $2660 $1872 $1243 1 1 1 1 1 1 1 1 1 1 1 1 0 1 0 1 1 1 $2661 $-1 0 2 0 -1 0 1 0 0 0 0 1 -36.899999999999999 52.719999999999999 0.079999999999999988 1 rotate no_reflect no_shear #
integer_attrib-name_attrib-gen-attrib $-1 -1 $2662 $1873 $1548 2 1 1 1 1 1 1 1 1 1 1 1 1 1 0 1 1 1 @3 pid 2592 #
integer_attrib-name_attrib-gen-attrib $-1 -1 $2663 $-1 $1874 2 0 0 1 1 1 1 1 1 1 1 1 1 1 0 1 1 1 @3 fif 0 #
face $2664 -1 -1 $-1 $2665 $2517 $5 $-1 $2666 reversed double out T -27.860089910772697 47.777429321134328 0.22991008922749503 -27.778665999731995 48.102570678865625 0.31008991077262343 F #
loop $-1 -1 -1 $-1 $-1 $2128 $1874 T -27.860000000000387 48.102480768092612 0.22999999999968651 -27.859999999999769 48.190000000000154 0.31000000000031386 unknown #
plane-surface $-1 -1 -1 $-1 -27.859999999999999 48.146240384046493 0.27000000000000002 1 0 0 0 1 0 forward_v I I I I #
tcoedge-coedge $-1 -1 -1 $-1 $2073 $1877 $2254 $2667 reversed $1549 $2668 -1 -0 F #
edge $2669 -1 -1 $-1 $2256 0 $2143 0.080000000000016253 $1878 $2670 forward @7 tangent T -27.860000000000053 47.770000000000003 0.22999999999994059 -27.859999999999946 47.770000000000103 0.31000000000005057 #
coedge $-1 -1 -1 $-1 $2138 $2589 $1879 $2253 forward $2517 $-1 #
edge $2671 -1 -1 $-1 $2257 0 $2142 0.080000000000016253 $1879 $2672 forward @7 unknown T -27.860000000000262 47.777519231906687 0.22999999999973458 -27.859999999999737 47.777519231907213 0.3100000000002639 #
tcoedge-coedge $-1 -1 -1 $-1 $1880 $2441 $2250 $2667 forward $1501 $2673 0 1 F #
named_attribute-st-attrib $-1 -1 $2674 $-1 $1881 1 1 1 1 1 1 1 1 1 1 1 1 1 1 0 1 1 1 @3 eif #
tvertex-vertex $2675 -1 -1 $-1 $1881 $2676 5.2840201479255006e-014 #
tvertex-vertex $2677 -1 -1 $-1 $2590 $2678 2.6291841820591584e-013 #
straight-curve $-1 -1 -1 $-1 -27.859999999999999 47.770000000000095 0.22999999999999998 0 1 0 F 0 F 0.0075192319068086988 #
coedge $-1 -1 -1 $-1 $2679 $1882 $1889 $2273 forward $986 $-1 #
pcurve $-1 -1 -1 $-1 0 forward { exppc nubs 3 open 5 
	0 3 0.24587978379231923 1 0.5006355222935901 1 0.75489190603779366 1 1 3 
	0.082499957283000747 -0.024999991429998758 
	0.062269837740073442 -0.024725643240017803 
	0.024328736887056834 -0.017424945511526957 
	-0.026596117671426001 0.016069926175905636 
	-0.059968925579824806 0.066987849595099291 
	-0.067229249042872752 0.10483920093186327 
	-0.067499999999999893 0.12500000000000178 
	0 
	0 
	plane -27.465 47.802500000000002 0.51000000000000001 0 0 1 0 -1 0 forward_v I I I I 
	} 0 0 #
named_attribute-st-attrib $-1 -1 $2680 $-1 $1883 1 1 1 1 1 1 1 1 1 1 1 1 1 1 0 1 1 1 @3 eif #
intcurve-curve $-1 -1 -1 $-1 forward { exactcur full nubs 3 open 5 
	0 3 0.24587978379231923 1 0.5006355222935901 1 0.75489190603779366 1 1 3 
	-27.489999991429997 47.720000042717004 0.51000000000000001 
	-27.489725643240018 47.740230162259927 0.51000000000000012 
	-27.482424945511525 47.778171263112945 0.50999999999999979 
	-27.448930073824094 47.829096117671426 0.51000000000000001 
	-27.398012150404902 47.862468925579826 0.51000000000000001 
	-27.360160799068137 47.869729249042877 0.51000000000000001 
	-27.339999999999996 47.870000000000005 0.51000000000000001 
	0 
	null_surface 
	null_surface 
	nullbs 
	nullbs 
	-1 
	-1 
	I I 
	0 
	0 
	3 0.24587978379231923 0.5006355222935901 0.75489190603779366 
	
	-1 
	none F F 1 F 0 } I I #
pcurve $-1 -1 -1 $-1 0 forward { exppc nubs 1 open 2 
	-1 1 -0 1 
	-2.4024664245726597 1.1842378929334974e-014 
	-2.4024664245726597 1.1592794807282734 
	0.001 
	-1 
	cone -27.339999999999996 47.719999999999999 0.55036996368589974 0 0 -1 -0.15000000000000036 0 0 1 I I 0 -1 0.15000000000000036 reversed I I I I 
	} 0 0 #
coedge $-1 -1 -1 $-1 $2681 $1886 $2682 $2683 forward $2266 $-1 #
coedge $-1 -1 -1 $-1 $1886 $2684 $1888 $2271 forward $2266 $-1 #
loop $-1 -1 -1 $-1 $-1 $2265 $2685 T -27.40000000000018 47.857477270848676 0.18999999999982611 -27.059999999999917 47.920000000000066 0.19000000000018871 unknown #
named_attribute-st-attrib $-1 -1 $2686 $-1 $1887 1 1 1 1 1 1 1 1 1 1 1 1 1 1 0 1 1 1 @3 eif #
tvertex-vertex $2687 -1 -1 $-1 $2297 $2688 1.81306218465127e-013 #
ellipse-curve $-1 -1 -1 $-1 -27.339999747293106 47.719998789207956 0.19 0 0 -1 -0.060000252706975843 0.13747848164091447 0 1 F 0 F 0.41151347666752863 #
coedge $-1 -1 -1 $-1 $2272 $1888 $2689 $2690 reversed $1890 $-1 #
edge $2691 -1 -1 $-1 $2692 0 $1892 0.28000000000016279 $2265 $2693 forward @7 unknown T -27.340000000000082 47.870000000000005 0.18999999999999997 -27.059999999999917 47.870000000000083 0.19000000000000447 #
coedge $-1 -1 -1 $-1 $1889 $2270 $2694 $2695 reversed $1890 $-1 #
edge $2696 -1 -1 $-1 $1893 0 $2697 0.12411542731896397 $2259 $2698 forward @7 unknown T -27.340000000000096 47.869999999999941 0.50999999999985646 -27.215884572681119 47.870000000000068 0.51000000000004186 #
face $2699 -1 -1 $-1 $2685 $1890 $5 $-1 $2700 forward double out T -27.340000000000096 47.869999999999941 0.1899999999999927 -27.059999999999917 47.870000000000083 0.51000000000004186 F #
integer_attrib-name_attrib-gen-attrib $-1 -1 $-1 $1891 $1555 2 1 1 1 1 1 1 1 1 1 1 1 1 1 0 1 1 1 @3 pid 7264 #
integer_attrib-name_attrib-gen-attrib $-1 -1 $-1 $-1 $1892 2 1 1 1 1 1 1 1 1 1 1 1 1 1 0 1 1 1 @3 pid 4805 #
point $-1 -1 -1 $-1 -27.340000000000067 47.870000000000083 0.19000000000000447 #
integer_attrib-name_attrib-gen-attrib $-1 -1 $-1 $-1 $1893 2 1 1 1 1 1 1 1 1 1 1 1 1 1 0 1 1 1 @3 pid 4519 #
point $-1 -1 -1 $-1 -27.340000000000032 47.870000000000005 0.50999999999997914 #
named_attribute-st-attrib $-1 -1 $2701 $-1 $1896 1 1 1 1 1 1 1 1 1 1 1 1 1 1 0 1 1 1 @3 eif #
straight-curve $-1 -1 -1 $-1 -27.490000000000002 47.219958600329875 0.51000000000000001 0 1 0 F -2.0699833875426066e-005 F 0.50004142102869231 #
integer_attrib-name_attrib-gen-attrib $-1 -1 $-1 $1897 $1558 2 1 1 1 1 1 1 1 1 1 1 1 1 1 0 1 1 1 @3 pid 7868 #
integer_attrib-name_attrib-gen-attrib $-1 -1 $-1 $-1 $1898 2 1 1 1 1 1 1 1 1 1 1 1 1 1 0 1 1 1 @3 pid 4518 #
point $-1 -1 -1 $-1 -27.489999995714999 47.720000021358565 0.51000000000000045 #
coedge $-1 -1 -1 $-1 $2078 $1905 $1900 $2286 forward $1388 $-1 #
edge $2702 -1 -1 $-1 $1567 0 $2703 0.051850454238460131 $1900 $2704 forward @7 unknown T -27.541850454238229 47.689999999999998 0.18999999999999997 -27.489999999999768 47.690000000000005 0.19000000000009554 #
face $2705 -1 -1 $-1 $2706 $1901 $5 $-1 $2707 reversed double out T -27.541850454238229 47.25 0.18999999999999997 -27.489999999999768 47.690000000000005 0.19000000000009554 F #
integer_attrib-name_attrib-gen-attrib $-1 -1 $-1 $1902 $1561 2 1 1 1 1 1 1 1 1 1 1 1 1 1 0 1 1 1 @3 pid 7870 #
tcoedge-coedge $-1 -1 -1 $-1 $2708 $2709 $1904 $2290 reversed $2710 $2711 -1 -0 F #
tedge-edge $2712 -1 -1 $-1 $2294 0 $2713 1 $1904 $2714 forward @7 unknown T -27.480048311239486 47.689951688760516 0.18995168876051419 -27.399951688760513 47.770048311239492 0.19004831123949475 4.8311239485736118e-005 #
pcurve $-1 -1 -1 $-1 0 forward { exppc nubs 3 open 5 
	0 3 0.24587984805031887 1 0.50063558777640182 1 0.75489193751383976 1 1 3 
	0.083738635424500885 -0.035000000000000142 
	0.083592317104584701 -0.02421059803649328 
	0.079698611372767125 -0.0039753378006057716 
	0.061834679060361886 0.023184592984376806 
	0.034678450624686441 0.040983426480162066 
	0.014491062274778699 0.044855599451512518 
	0.0037386354245008135 0.045000000000001705 
	0 
	0 
	plane -27.445 47.7737386354245 0.18999999999999997 0 0 1 0 -1 0 forward_v I I I I 
	} 0 0 #
coedge $-1 -1 -1 $-1 $1905 $2715 $2708 $2716 forward $1388 $-1 #
named_attribute-st-attrib $-1 -1 $2717 $-1 $1906 1 1 1 1 1 1 1 1 1 1 1 1 1 1 0 1 1 1 @3 eif #
tvertex-vertex $2718 -1 -1 $-1 $1906 $2719 1.2840246461466052e-014 #
straight-curve $-1 -1 -1 $-1 -27.490000000000002 47.689999999999998 0.18999999999999997 1 0 0 F 0 F 0.010000000000001563 #
coedge $-1 -1 -1 $-1 $2720 $2682 $1907 $2297 reversed $2721 $-1 #
edge $2722 -1 -1 $-1 $2713 0 $2268 0.087477270848927091 $2296 $2723 forward @7 unknown T -27.40000000000018 47.769999999999932 0.18999999999982611 -27.399999999999817 47.857477270849046 0.19000000000018871 #
named_attribute-st-attrib $-1 -1 $2724 $-1 $1908 1 1 1 1 1 1 1 1 1 1 1 1 1 1 0 1 1 1 @3 eif #
intcurve-curve $-1 -1 -1 $-1 forward { exactcur full nubs 3 open 4 
	0 3 0.32928883785325469 1 0.67208205310072056 1 1 3 
	-27.399999999999999 47.857477270849003 0.18999999999999997 
	-27.418204301546627 47.849244761173118 0.18999999999999997 
	-27.449787269000552 47.827797769173308 0.18999999999999997 
	-27.48276227255608 47.777343668908756 0.18999999999999997 
	-27.489741127873025 47.73988790875881 0.18999999999999997 
	-27.490000000000002 47.720000000000006 0.18999999999999997 
	0 
	null_surface 
	null_surface 
	nullbs 
	nullbs 
	-1 
	-1 
	I I 
	0 
	0 
	2 0.32928883785325469 0.67208205310072056 
	
	-1 
	none F F 1 F 0 } I I #
integer_attrib-name_attrib-gen-attrib $-1 -1 $2725 $-1 $1910 2 0 0 1 1 1 1 1 1 1 1 1 1 1 0 1 1 1 @3 fif 0 #
plane-surface $-1 -1 -1 $-1 -27.445 47.7737386354245 0.18999999999999997 0 0 1 0 -1 0 forward_v I I I I #
integer_attrib-name_attrib-gen-attrib $-1 -1 $-1 $1917 $1570 2 1 1 1 1 1 1 1 1 1 1 1 1 1 0 1 1 1 @3 pid 6800 #
integer_attrib-name_attrib-gen-attrib $-1 -1 $-1 $-1 $1918 2 1 1 1 1 1 1 1 1 1 1 1 1 1 0 1 1 1 @3 pid 4516 #
point $-1 -1 -1 $-1 -27.33996130686857 47.069994825040503 0.50999999999998047 #
face $2726 -1 -1 $-1 $757 $1924 $5 $-1 $2727 reversed double out T -27.340000344525077 47.069955787383996 0.1899871022891034 -27.059997412519909 47.070033862697009 0.51003903765648695 F #
integer_attrib-name_attrib-gen-attrib $-1 -1 $-1 $1925 $1576 2 1 1 1 1 1 1 1 1 1 1 1 1 1 0 1 1 1 @3 pid 7286 #
named_attribute-st-attrib $-1 -1 $2728 $-1 $1928 1 1 1 1 1 1 1 1 1 1 1 1 1 1 0 1 1 1 @3 eif #
straight-curve $-1 -1 -1 $-1 -27.339974204578144 47.07 0.18999999999999997 1 0 0 F -1.2897710952586294e-005 F 0.27997420457825939 #
coedge $-1 -1 -1 $-1 $1980 $2729 $1929 $2310 forward $1981 $-1 #
edge $2730 -1 -1 $-1 $2313 0 $2366 0.34000000000016151 $1929 $2731 forward @7 unknown T -27.40000000000008 47.019999999999875 0.19 -27.059999999999917 47.020000000000003 0.19 #
coedge $-1 -1 -1 $-1 $2732 $1930 $2729 $2733 forward $1938 $-1 #
named_attribute-st-attrib $-1 -1 $2734 $-1 $1931 1 1 1 1 1 1 1 1 1 1 1 1 1 1 0 1 1 1 @3 eif #
vertex $2735 -1 -1 $-1 $1931 $2736 #
straight-curve $-1 -1 -1 $-1 -27.399999999999999 47.08252272915113 0.19 0 -1 0 F 0 F 0.062522729151257117 #
integer_attrib-name_attrib-gen-attrib $-1 -1 $2737 $-1 $1932 2 0 0 1 1 1 1 1 1 1 1 1 1 1 0 1 1 1 @3 fif 0 #
plane-surface $-1 -1 -1 $-1 -27.229999999999997 47.051261364575502 0.19 0 0 1 0 -1 0 forward_v I I I I #
coedge $-1 -1 -1 $-1 $1937 $2732 $2037 $2412 reversed $1938 $-1 #
face $2738 -1 -1 $-1 $1932 $1938 $5 $-1 $2739 forward double out T -27.400000000005772 47.019999999999875 0.10999999999422845 -27.399999999994225 47.170000000000066 0.1900000000002475 F #
integer_attrib-name_attrib-gen-attrib $-1 -1 $-1 $1939 $1585 2 1 1 1 1 1 1 1 1 1 1 1 1 1 0 1 1 1 @3 pid 7283 #
integer_attrib-name_attrib-gen-attrib $-1 -1 $-1 $-1 $1940 2 1 1 1 1 1 1 1 1 1 1 1 1 1 0 1 1 1 @3 pid 4815 #
point $-1 -1 -1 $-1 -27.399999999999999 47.17000000000003 0.19000000000000905 #
integer_attrib-name_attrib-gen-attrib $-1 -1 $-1 $1942 $1586 2 1 1 1 1 1 1 1 1 1 1 1 1 1 0 1 1 1 @3 pid 7869 #
integer_attrib-name_attrib-gen-attrib $-1 -1 $2740 $1944 $1587 2 1 1 1 1 1 1 1 1 1 1 1 1 1 0 1 1 1 @3 pid 2694 #
integer_attrib-name_attrib-gen-attrib $-1 -1 $2741 $-1 $1945 2 0 0 1 1 1 1 1 1 1 1 1 1 1 0 1 1 1 @3 fif 0 #
plane-surface $-1 -1 -1 $-1 -27.593811978465496 47.469999999999999 0.22999999999989842 0.86602540378243487 0 0.50000000000347067 0 -1 0 forward_v I I I I #
string_attrib-name_attrib-gen-attrib $-1 -1 $-1 $1948 $730 2 1 2 1 1 1 1 1 1 1 1 1 1 1 0 1 1 1 @15 ATTRIB_XACIS_ID @5 42889 #
rgb_color-st-attrib $-1 -1 $2742 $1950 $975 2 1 2 1 1 1 1 1 1 1 1 1 1 1 0 1 1 1 0.73000001907348633 0.40000000596046448 0 #
rh_material-rh_entity $-1 -1 4 4 @5 plain @5 color -4 1 1 1 @5 phong @14 ambient factor -2 1 @14 diffuse factor -2 0.75 @15 specular factor -2 0.5 @8 exponent -2 10 @14 specular color -4 1 1 1 @4 none @5 plain @5 color -4 0 0 0 #
string_attrib-name_attrib-gen-attrib $-1 -1 $-1 $1952 $738 2 1 2 1 1 1 1 1 1 1 1 1 1 1 0 1 1 1 @15 ATTRIB_XACIS_ID @5 42349 #
rgb_color-st-attrib $-1 -1 $2743 $1954 $985 2 1 2 1 1 1 1 1 1 1 1 1 1 1 0 1 1 1 0.73000001907348633 0.40000000596046448 0 #
rh_material-rh_entity $-1 -1 4 4 @5 plain @5 color -4 1 1 1 @5 phong @14 ambient factor -2 1 @14 diffuse factor -2 0.75 @15 specular factor -2 0.5 @8 exponent -2 10 @14 specular color -4 1 1 1 @4 none @5 plain @5 color -4 0 0 0 #
render-rbase-attrib $-1 -1 $2744 $1955 $1278 1 1 1 1 1 1 1 1 1 1 1 1 0 1 0 1 1 1 $2745 $-1 0 2 0 -1 0 1 0 0 0 0 1 -36.899999999999999 52.719999999999999 0.079999999999999988 1 rotate no_reflect no_shear #
integer_attrib-name_attrib-gen-attrib $-1 -1 $2746 $1956 $1604 2 1 1 1 1 1 1 1 1 1 1 1 1 1 0 1 1 1 @3 pid 2015 #
integer_attrib-name_attrib-gen-attrib $-1 -1 $2747 $-1 $1957 2 0 0 1 1 1 1 1 1 1 1 1 1 1 0 1 1 1 @3 fif 0 #
face $2748 -1 -1 $-1 $2749 $2750 $5 $-1 $2751 forward double out T -27.490000000000002 48.709951688760512 0.18995168876050372 -27.399951688760513 48.945000000000093 0.19004831123948643 F #
loop $-1 -1 -1 $-1 $-1 $2752 $1957 T -28.216862915010623 48.256574922989785 0.3099999999945649 -27.715055534989645 48.710000000005017 0.31000000000545053 unknown #
plane-surface $-1 -1 -1 $-1 -27.965959225002504 48.483287461494953 0.31 0 0 1 0 -1 0 forward_v I I I I #
integer_attrib-name_attrib-gen-attrib $-1 -1 $-1 $1959 $1607 2 1 1 1 1 1 1 1 1 1 1 1 1 1 0 1 1 1 @3 pid 6798 #
coedge $-1 -1 -1 $-1 $1965 $1964 $2494 $2753 forward $1966 $-1 #
pcurve $-1 -1 -1 $-1 0 forward { exppc nubs 1 open 2 
	-1 1 -0 1 
	-0.19692665212634131 -0.65575282575693383 
	-0.19692665212634131 -2.4858398278328684 
	0.001 
	-1 
	cone -27.984999999999999 47.939999999999998 0.1896300363141 0 0 1 0 -0.20500000000000007 0 1 I I 0 -1 0.20500000000000007 reversed I I I I 
	} 0 0 #
pcurve $-1 -1 -1 $-1 0 forward { exppc nubs 1 open 2 
	-1 1 -0 1 
	-0.58717055456536549 -2.485839827832856 
	-0.58717055456536549 -0.65575282575694338 
	0.001 
	-1 
	cone -27.984999999999999 47.939999999999998 0.1896300363141 0 0 1 0 -0.20500000000000007 0 1 I I 0 -1 0.20500000000000007 reversed I I I I 
	} 0 0 #
face $2754 -1 -1 $-1 $2755 $1966 $5 $-1 $2756 reversed double out T -28.191334000268004 47.777429321134377 0.22991008922749689 -28.109910089227153 48.10257067886571 0.31008991077262366 F #
integer_attrib-name_attrib-gen-attrib $-1 -1 $-1 $1967 $1612 2 1 1 1 1 1 1 1 1 1 1 1 1 1 0 1 1 1 @3 pid 7477 #
named_attribute-st-attrib $-1 -1 $2757 $-1 $1969 1 1 1 1 1 1 1 1 1 1 1 1 1 1 0 1 1 1 @3 eif #
tvertex-vertex $2758 -1 -1 $-1 $-1 $2759 3.7560945197587795e-013 #
intcurve-curve $-1 -1 -1 $-1 forward { exactcur full nubs 3 open 6 
	0 3 0.19656157685883577 1 0.39909268742379767 1 0.60173007705689618 1 0.8040007353534937 1 
	1 3 
	-28.109999999999999 47.777519231907 0.30999999999999994 
	-28.130118852361377 47.793352860066868 0.30999999999999994 
	-28.163194544157022 47.829689371050414 0.30999999999999994 
	-28.191244089495381 47.901637361301169 0.31 
	-28.191183947752386 47.97864396117275 0.30999999999999994 
	-28.16308581888628 48.050451819079306 0.30999999999999994 
	-28.130058352748026 48.086697965518226 0.31 
	-28.109999999999999 48.102480768093002 0.30999999999999994 
	0 
	null_surface 
	null_surface 
	nullbs 
	nullbs 
	-1 
	-1 
	I I 
	0 
	0 
	4 0.19656157685883577 0.39909268742379767 0.60173007705689618 0.8040007353534937 
	
	-1 
	none F F 1 F 0 } I I #
rgb_color-st-attrib $-1 -1 $2760 $1974 $992 2 1 2 1 1 1 1 1 1 1 1 1 1 1 0 1 1 1 0.73000001907348633 0.40000000596046448 0 #
rh_material-rh_entity $-1 -1 4 4 @5 plain @5 color -4 1 1 1 @5 phong @14 ambient factor -2 1 @14 diffuse factor -2 0.75 @15 specular factor -2 0.5 @8 exponent -2 10 @14 specular color -4 1 1 1 @4 none @5 plain @5 color -4 0 0 0 #
tcoedge-coedge $-1 -1 -1 $-1 $1975 $2761 $2762 $2763 reversed $340 $2764 -1 -0 F #
coedge $-1 -1 -1 $-1 $2765 $2416 $1975 $2351 reversed $2417 $-1 #
edge $2766 -1 -1 $-1 $2767 0 $2357 0.60000000000017728 $2350 $2768 forward @7 unknown T -27.490000000000094 47.169999999999909 0.079999999999903079 -27.489999999999903 47.770000000000095 0.080000000000096702 #
coedge $-1 -1 -1 $-1 $2413 $1976 $2416 $2769 forward $2354 $-1 #
coedge $-1 -1 -1 $-1 $1976 $2770 $1979 $2360 forward $2354 $-1 #
loop $-1 -1 -1 $-1 $-1 $2353 $2771 T -27.49009058269915 47.019909417300852 0.079909417300848121 -27.339909417300845 47.170090582699153 0.11008157238237809 unknown #
pcurve $-1 -1 -1 $-1 0 forward { exppc nubs 1 open 2 
	0 1 1 1 
	-0.0039999999999995499 1.5707963267948966 
	-0.0039999999999995499 -5.9211894646674868e-015 
	0.001 
	-1 
	cone -27.339999999999996 47.170000000000002 0.079400000000000054 0 0 1 -0.15000000000000036 0 0 1 I I 0 -1 0.15000000000000036 reversed I I I I 
	} 0 0 #
named_attribute-st-attrib $-1 -1 $2772 $-1 $1977 1 1 1 1 1 1 1 1 1 1 1 1 1 1 0 1 1 1 @3 eif #
tvertex-vertex $2773 -1 -1 $-1 $2351 $2774 4.5297196377451118e-014 #
intcurve-curve $-1 -1 -1 $-1 forward { exactcur full nubs 3 open 5 
	0 3 0.24587984804508972 1 0.50063558777787431 1 0.75489193752062367 1 1 3 
	-27.339999999999996 47.020000000000003 0.079999999999999988 
	-27.360230128681046 47.020274346849995 0.079999999999999988 
	-27.398171241623345 47.027575045097244 0.079999999999999988 
	-27.44909611184552 47.061069918183307 0.079999999999999988 
	-27.482468924650153 47.111987846500519 0.079999999999999988 
	-27.489729248971443 47.149839199656398 0.079999999999999988 
	-27.489999999999998 47.170000000000002 0.079999999999999988 
	0 
	null_surface 
	null_surface 
	nullbs 
	nullbs 
	-1 
	-1 
	I I 
	0 
	0 
	3 0.24587984804508972 0.50063558777787431 0.75489193752062367 
	
	-1 
	none F F 1 F 0 } I I #
coedge $-1 -1 -1 $-1 $2729 $1979 $2775 $2776 reversed $1981 $-1 #
edge $2777 -1 -1 $-1 $2778 0 $1983 0.029999999999999232 $1979 $2779 forward @7 tangent T -27.340000000000053 47.019999999999968 0.07999999999996614 -27.339999999999982 47.020000000000039 0.1099999999999995 #
face $2780 -1 -1 $-1 $1398 $1981 $5 $-1 $2781 reversed double out T -27.40000000000008 47.019999999999875 0.07999999999996614 -27.05999999999991 47.020000000000039 0.19 F #
integer_attrib-name_attrib-gen-attrib $-1 -1 $-1 $1982 $1623 2 1 1 1 1 1 1 1 1 1 1 1 1 1 0 1 1 1 @3 pid 3833 #
integer_attrib-name_attrib-gen-attrib $-1 -1 $-1 $-1 $1983 2 1 1 1 1 1 1 1 1 1 1 1 1 1 0 1 1 1 @3 pid 2849 #
point $-1 -1 -1 $-1 -27.340000000000018 47.020000000000003 0.079999999999999891 #
named_attribute-st-attrib $-1 -1 $2782 $-1 $1985 1 1 1 1 1 1 1 1 1 1 1 1 1 1 0 1 1 1 @3 eif #
vertex $2783 -1 -1 $-1 $2085 $2784 #
straight-curve $-1 -1 -1 $-1 -27.059999999999999 47.020000000000003 0.07999999999999996 0 0 1 F 0 F 0.10999999999999993 #
string_attrib-name_attrib-gen-attrib $-1 -1 $-1 $1989 $757 2 1 2 1 1 1 1 1 1 1 1 1 1 1 0 1 1 1 @15 ATTRIB_XACIS_ID @5 42627 #
rgb_color-st-attrib $-1 -1 $2785 $1991 $1005 2 1 2 1 1 1 1 1 1 1 1 1 1 1 0 1 1 1 0.73000001907348633 0.40000000596046448 0 #
rh_material-rh_entity $-1 -1 4 4 @5 plain @5 color -4 1 1 1 @5 phong @14 ambient factor -2 1 @14 diffuse factor -2 0.75 @15 specular factor -2 0.5 @8 exponent -2 10 @14 specular color -4 1 1 1 @4 none @5 plain @5 color -4 0 0 0 #
pcurve $-1 -1 -1 $-1 0 forward { exppc nubs 3 open 7 
	0 3 0.1639016262023863 1 0.33221045964522145 1 0.50025325539216381 1 0.66834981599539556 1 
	0.83647284319323389 1 1 3 
	-0.1175000000000006 0.16008199828343805 
	-0.11729890024901479 0.13670553050614664 
	-0.10997257584270947 0.092131925175776175 
	-0.076322189808660568 0.030277856389986368 
	-0.023855221725963993 -0.016687258620347478 
	0.041138660560526397 -0.043721754301147442 
	0.11138278067895602 -0.047371522170390534 
	0.15468741882855053 -0.03478467867699564 
	0.17581760866299767 -0.024918001716560667 
	0 
	0 
	plane -27.88491800171656 46.982500000000002 0.22999999999999998 0 0 -1 0 1 0 reverse_v I I I I 
	} 0 0 #
named_attribute-st-attrib $-1 -1 $2786 $-1 $1996 1 1 1 1 1 1 1 1 1 1 1 1 1 1 0 1 1 1 @3 eif #
intcurve-curve $-1 -1 -1 $-1 forward { exactcur full nubs 3 open 7 
	0 3 0.1639016262023863 1 0.33221045964522145 1 0.50025325539216381 1 0.66834981599539556 1 
	0.83647284319323389 1 1 3 
	-28.044999999999998 46.865000000000002 0.22999999999999998 
	-28.021623532222705 46.86520109975099 0.22999999999999998 
	-27.977049926892334 46.87252742415729 0.22999999999999998 
	-27.915195858106546 46.906177810191345 0.22999999999999995 
	-27.868230743096213 46.958644778274035 0.22999999999999995 
	-27.841196247415411 47.023638660560529 0.23000000000000001 
	-27.83754647954617 47.09388278067896 0.23000000000000001 
	-27.850133323039564 47.137187418828553 0.22999999999999995 
	-27.859999999999999 47.158317608662998 0.22999999999999998 
	0 
	null_surface 
	null_surface 
	nullbs 
	nullbs 
	-1 
	-1 
	I I 
	0 
	0 
	5 0.1639016262023863 0.33221045964522145 0.50025325539216381 0.66834981599539556 0.83647284319323389 
	
	-1 
	none F F 1 F 0 } I I #
integer_attrib-name_attrib-gen-attrib $-1 -1 $-1 $1998 $1642 2 1 1 1 1 1 1 1 1 1 1 1 1 1 0 1 1 1 @3 pid 7053 #
render-rbase-attrib $-1 -1 $2787 $2003 $1320 1 1 1 1 1 1 1 1 1 1 1 1 0 1 0 1 1 1 $2788 $-1 0 2 0 -1 0 1 0 0 0 0 1 -36.899999999999999 52.719999999999999 0.079999999999999988 1 rotate no_reflect no_shear #
rgb_color-st-attrib $-1 -1 $2789 $2005 $1041 2 1 2 1 1 1 1 1 1 1 1 1 1 1 0 1 1 1 0.73000001907348633 0.40000000596046448 0 #
rh_material-rh_entity $-1 -1 4 4 @5 plain @5 color -4 1 1 1 @5 phong @14 ambient factor -2 1 @14 diffuse factor -2 0.75 @15 specular factor -2 0.5 @8 exponent -2 10 @14 specular color -4 1 1 1 @4 none @5 plain @5 color -4 0 0 0 #
coedge $-1 -1 -1 $-1 $2007 $2006 $2078 $2449 reversed $2008 $-1 #
edge $2790 -1 -1 $-1 $2010 0 $2703 0.43999999999998529 $2047 $2791 forward @7 tangent T -27.541850454238066 47.250000000000007 0.18999999999999997 -27.541850454237906 47.690000000000005 0.19000000000009554 #
integer_attrib-name_attrib-gen-attrib $-1 -1 $-1 $2009 $1656 2 1 1 1 1 1 1 1 1 1 1 1 1 1 0 1 1 1 @3 pid 8237 #
integer_attrib-name_attrib-gen-attrib $-1 -1 $-1 $-1 $2010 2 1 1 1 1 1 1 1 1 1 1 1 1 1 0 1 1 1 @3 pid 5021 #
point $-1 -1 -1 $-1 -27.541850454238052 47.250000000000007 0.19000000000009021 #
named_attribute-st-attrib $-1 -1 $2792 $-1 $2013 1 1 1 1 1 1 1 1 1 1 1 1 1 1 0 1 1 1 @3 eif #
vertex $2793 -1 -1 $-1 $2079 $2794 #
straight-curve $-1 -1 -1 $-1 -27.585151724427369 47.689999999999998 0.21499999999954364 0 -1 -9.4621280507829004e-016 F -2.5847730699081556e-028 F 0.43999999999998529 #
integer_attrib-name_attrib-gen-attrib $-1 -1 $-1 $2017 $1663 2 1 1 1 1 1 1 1 1 1 1 1 1 1 0 1 1 1 @3 pid 7474 #
integer_attrib-name_attrib-gen-attrib $-1 -1 $-1 $-1 $2018 2 1 1 1 1 1 1 1 1 1 1 1 1 1 0 1 1 1 @3 pid 4884 #
point $-1 -1 -1 $-1 -27.602472232502706 47.689999999999998 0.2450000000000209 #
integer_attrib-name_attrib-gen-attrib $-1 -1 $2795 $2020 $1664 2 1 1 1 1 1 1 1 1 1 1 1 1 1 0 1 1 1 @3 pid 2309 #
coedge $-1 -1 -1 $-1 $2796 $2022 $2401 $2797 reversed $2392 $-1 #
coedge $-1 -1 -1 $-1 $2022 $2796 $2024 $2396 forward $2392 $-1 #
loop $-1 -1 -1 $-1 $-1 $2022 $2798 T -27.671754264805625 47.249999999999261 0.17499999999935995 -27.654433756729421 47.690000000000587 0.20500000000000718 unknown #
named_attribute-st-attrib $-1 -1 $2799 $-1 $2023 1 1 1 1 1 1 1 1 1 1 1 1 1 1 0 1 1 1 @3 eif #
tvertex-vertex $2800 -1 -1 $-1 $2797 $2801 6.9517532534214824e-013 #
straight-curve $-1 -1 -1 $-1 -27.671754264805479 47.25 0.20500000000000707 0.50000000001048051 0 -0.86602540377838777 F -1.2018516789813301e-016 F 0.034641016151196781 #
edge $2802 -1 -1 $-1 $2552 0 $2026 0.43999999999998529 $2391 $2803 forward @7 tangent T -27.671754264805625 47.25 0.20499999999968641 -27.671754264805358 47.689999999999998 0.20499999999980159 #
integer_attrib-name_attrib-gen-attrib $-1 -1 $-1 $2025 $1670 2 1 1 1 1 1 1 1 1 1 1 1 1 1 0 1 1 1 @3 pid 7926 #
integer_attrib-name_attrib-gen-attrib $-1 -1 $-1 $-1 $2026 2 1 1 1 1 1 1 1 1 1 1 1 1 1 0 1 1 1 @3 pid 4978 #
point $-1 -1 -1 $-1 -27.671754264805585 47.25 0.20499999999968641 #
coedge $-1 -1 -1 $-1 $2804 $2028 $2032 $2407 forward $1699 $-1 #
coedge $-1 -1 -1 $-1 $2028 $2804 $2390 $2797 forward $1699 $-1 #
pcurve $-1 -1 -1 $-1 0 forward { exppc nubs 1 open 2 
	0 1 1.0472603067467987 1 
	-3.6951535668148074 -3.1415926535897931 
	-3.6951535668148074 -2.0943951023943495 
	0.001 
	-1 
	cone -27.541850454237998 47.730369963686002 0.23999999999999999 0 -1 0 0.11258330249200041 0 0.065000000000000113 1 I I 0 -1 0.13000000000002029 reversed I I I I 
	} 0 0 #
named_attribute-st-attrib $-1 -1 $2805 $-1 $2029 1 1 1 1 1 1 1 1 1 1 1 1 1 1 0 1 1 1 @3 eif #
ellipse-curve $-1 -1 -1 $-1 -27.541854533127278 47.25 0.23999293515695094 0 -1 0 -0.11257922360294081 -0 -0.06499293515692979 1 F 0 F 1.0472603067467987 #
coedge $-1 -1 -1 $-1 $2032 $2031 $2806 $2807 reversed $2033 $-1 #
coedge $-1 -1 -1 $-1 $2040 $2808 $2031 $2045 reversed $2417 $-1 #
edge $2809 -1 -1 $-1 $2035 0 $2810 0.44000000000018424 $2032 $2811 forward @7 tangent T -27.541850454238293 47.249999999999865 0.10999999999987468 -27.541850454238023 47.690000000000133 0.11000000000014705 #
face $2812 -1 -1 $-1 $2813 $2033 $5 $-1 $2814 forward double out T -27.541850454238293 47.249999999997904 0.10999999999987468 -27.489999999999974 47.690000000002101 0.11000000000014705 F #
integer_attrib-name_attrib-gen-attrib $-1 -1 $-1 $2034 $1674 2 1 1 1 1 1 1 1 1 1 1 1 1 1 0 1 1 1 @3 pid 7279 #
integer_attrib-name_attrib-gen-attrib $-1 -1 $-1 $-1 $2035 2 1 1 1 1 1 1 1 1 1 1 1 1 1 0 1 1 1 @3 pid 4813 #
point $-1 -1 -1 $-1 -27.541850454238158 47.25 0.11000000000001087 #
edge $2815 -1 -1 $-1 $2057 0 $2816 0.13747727085045991 $2317 $2817 forward @7 unknown T -27.400000000005772 47.032522729139366 0.10999999999422845 -27.399999999994225 47.169999999999995 0.11000000000577152 #
tcoedge-coedge $-1 -1 -1 $-1 $2770 $2352 $2039 $2414 reversed $2354 $2818 -1 -0 F #
tedge-edge $2819 -1 -1 $-1 $2816 0 $2419 1 $2039 $2820 forward @7 unknown T -27.49008157238238 47.032441156762758 0.10991842761762141 -27.399918427617621 47.170081572380177 0.11008157238237809 8.1572382378105996e-005 #
pcurve $-1 -1 -1 $-1 0 forward { exppc nubs 3 open 4 
	0 3 0.32928883788066121 1 0.67208205313095637 1 1 3 
	-0.10873863542536544 -0.045000000000001705 
	-0.10050612574744999 -0.026795698452712458 
	-0.079059133744413757 0.0047872690009747032 
	-0.028605033480291198 0.037762272556252086 
	0.0088507266683084396 0.044741127872757858 
	0.028738635425093584 0.045000000000001705 
	0 
	0 
	plane -27.445 47.141261364570504 0.10999999999999999 0 0 -1 0 1 0 reverse_v I I I I 
	} 0 0 #
coedge $-1 -1 -1 $-1 $2350 $2040 $2352 $2769 reversed $2417 $-1 #
loop $-1 -1 -1 $-1 $-1 $2040 $2821 T -27.490000000004422 47.169999999995596 0.079999999999903079 -27.489999999995582 47.770000000008821 0.11000000000441779 unknown #
named_attribute-st-attrib $-1 -1 $2822 $-1 $2041 1 1 1 1 1 1 1 1 1 1 1 1 1 1 0 1 1 1 @3 eif #
tvertex-vertex $2823 -1 -1 $-1 $2769 $2824 2.2026832484128423e-012 #
straight-curve $-1 -1 -1 $-1 -27.489999999999998 47.169999999995596 0.10999999999999999 0 1 0 F 0 F 0.080000000000268301 #
integer_attrib-name_attrib-gen-attrib $-1 -1 $2825 $-1 $2042 2 0 0 1 1 1 1 1 1 1 1 1 1 1 0 1 1 1 @3 fif 0 #
plane-surface $-1 -1 -1 $-1 -27.445 47.141261364570504 0.10999999999999999 0 0 1 0 1 0 forward_v I I I I #
named_attribute-st-attrib $-1 -1 $2826 $-1 $2045 1 1 1 1 1 1 1 1 1 1 1 1 1 1 0 1 1 1 @3 eif #
vertex $2827 -1 -1 $-1 $2045 $2828 #
straight-curve $-1 -1 -1 $-1 -27.489999999999998 47.249999999999936 0.10999999999999999 0 1 0 F 0 F 0.44000000000012829 #
integer_attrib-name_attrib-gen-attrib $-1 -1 $-1 $2048 $1682 2 1 1 1 1 1 1 1 1 1 1 1 1 1 0 1 1 1 @3 pid 8045 #
named_attribute-st-attrib $-1 -1 $2829 $-1 $2053 1 1 1 1 1 1 1 1 1 1 1 1 1 1 0 1 1 1 @3 eif #
straight-curve $-1 -1 -1 $-1 -27.399999999999999 47.169999999999995 0.10999999999999936 0 0 1 F 0 F 0.08000000000001127 #
integer_attrib-name_attrib-gen-attrib $-1 -1 $-1 $2054 $1687 2 1 1 1 1 1 1 1 1 1 1 1 1 1 0 1 1 1 @3 pid 8047 #
integer_attrib-name_attrib-gen-attrib $-1 -1 $-1 $2056 $1689 2 1 1 1 1 1 1 1 1 1 1 1 1 1 0 1 1 1 @3 pid 7275 #
integer_attrib-name_attrib-gen-attrib $-1 -1 $-1 $-1 $2057 2 1 1 1 1 1 1 1 1 1 1 1 1 1 0 1 1 1 @3 pid 4811 #
point $-1 -1 -1 $-1 -27.399999999999999 47.169999999997799 0.10999999999999968 #
string_attrib-name_attrib-gen-attrib $-1 -1 $-1 $2059 $801 2 1 2 1 1 1 1 1 1 1 1 1 1 1 0 1 1 1 @15 ATTRIB_XACIS_ID @5 43224 #
rgb_color-st-attrib $-1 -1 $2830 $2061 $1063 2 1 2 1 1 1 1 1 1 1 1 1 1 1 0 1 1 1 0.73000001907348633 0.40000000596046448 0 #
rh_material-rh_entity $-1 -1 4 4 @5 plain @5 color -4 1 1 1 @5 phong @14 ambient factor -2 1 @14 diffuse factor -2 0.75 @15 specular factor -2 0.5 @8 exponent -2 10 @14 specular color -4 1 1 1 @4 none @5 plain @5 color -4 0 0 0 #
render-rbase-attrib $-1 -1 $2831 $2062 $1365 1 1 1 1 1 1 1 1 1 1 1 1 0 1 0 1 1 1 $2832 $-1 0 2 0 -1 0 1 0 0 0 0 1 -36.899999999999999 52.719999999999999 0.079999999999999988 1 rotate no_reflect no_shear #
integer_attrib-name_attrib-gen-attrib $-1 -1 $-1 $2063 $1702 2 1 1 1 1 1 1 1 1 1 1 1 1 1 0 1 1 1 @3 pid 7058 #
integer_attrib-name_attrib-gen-attrib $-1 -1 $-1 $-1 $2064 2 1 1 1 1 1 1 1 1 1 1 1 1 1 0 1 1 1 @3 pid 4691 #
point $-1 -1 -1 $-1 -28.044999999999998 46.865000000000002 0.22999999999999998 #
render-rbase-attrib $-1 -1 $2833 $2066 $1368 1 1 1 1 1 1 1 1 1 1 1 1 0 1 0 1 1 1 $2834 $-1 0 2 0 -1 0 1 0 0 0 0 1 -36.899999999999999 52.719999999999999 0.079999999999999988 1 rotate no_reflect no_shear #
coedge $-1 -1 -1 $-1 $2254 $2172 $2072 $2442 reversed $1501 $-1 #
edge $2835 -1 -1 $-1 $2444 0 $1816 0.04704166322289538 $2441 $2836 forward @7 unknown T -27.780000000000051 47.689999999999635 0.22999999999963558 -27.732958336776715 47.69000000000036 0.23000000000035944 #
named_attribute-st-attrib $-1 -1 $2837 $-1 $2074 1 1 1 1 1 1 1 1 1 1 1 1 1 1 0 1 1 1 @3 eif #
tvertex-vertex $2838 -1 -1 $-1 $2667 $2839 2.6759613807652517e-014 #
straight-curve $-1 -1 -1 $-1 -27.780000000000001 47.689999999999998 0.3100000000000081 0 0 -1 F 0 F 0.080000000000016253 #
integer_attrib-name_attrib-gen-attrib $-1 -1 $-1 $2075 $1718 2 1 1 1 1 1 1 1 1 1 1 1 1 1 0 1 1 1 @3 pid 6810 #
integer_attrib-name_attrib-gen-attrib $-1 -1 $-1 $-1 $2076 2 1 1 1 1 1 1 1 1 1 1 1 1 1 0 1 1 1 @3 pid 4525 #
point $-1 -1 -1 $-1 -27.780000000000022 47.690000000000005 0.31000000000000649 #
edge $2840 -1 -1 $-1 $2703 0 $2384 1.0472603067455026 $2078 $2841 forward @7 unknown T -27.585151724427508 47.690000000000005 0.18999999997540468 -27.541850454238066 47.690000000000005 0.21500000000008881 #
named_attribute-st-attrib $-1 -1 $2842 $-1 $2079 1 1 1 1 1 1 1 1 1 1 1 1 1 1 0 1 1 1 @3 eif #
straight-curve $-1 -1 -1 $-1 -27.585151724427583 47.689999999999998 0.21499999999991942 -0.50000000000348543 0 0.86602540378242632 F 4.2092565678939953e-016 F 0.034641016151077689 #
integer_attrib-name_attrib-gen-attrib $-1 -1 $-1 $2080 $1720 2 1 1 1 1 1 1 1 1 1 1 1 1 1 0 1 1 1 @3 pid 7473 #
integer_attrib-name_attrib-gen-attrib $-1 -1 $2843 $2082 $1722 2 1 1 1 1 1 1 1 1 1 1 1 1 1 0 1 1 1 @3 pid 2842 #
integer_attrib-name_attrib-gen-attrib $-1 -1 $2844 $-1 $2083 2 0 0 1 1 1 1 1 1 1 1 1 1 1 0 1 1 1 @3 fif 0 #
face $2845 -1 -1 $-1 $2846 $2847 $5 $-1 $2848 forward double out T -28.467012493379599 48.709261676600448 0.079274121510437029 -27.479999999997098 48.710738323399553 0.31000109406304138 F #
cone-surface $-1 -1 -1 $-1 -27.541850454237998 47.698799999999999 0.23999999999999999 0 -1 0 0.043301270189000832 0 0.025000000000000678 1 I I -0 1 0.049999999999808857 reversed I I I I #
named_attribute-st-attrib $-1 -1 $2849 $-1 $2085 1 1 1 1 1 1 1 1 1 1 1 1 1 1 0 1 1 1 @3 eif #
straight-curve $-1 -1 -1 $-1 -27.059999999999999 47.019999999999875 0.19 0 1 0 F 0 F 0.049999999999966072 #
integer_attrib-name_attrib-gen-attrib $-1 -1 $-1 $2086 $1731 2 1 1 1 1 1 1 1 1 1 1 1 1 1 0 1 1 1 @3 pid 5931 #
integer_attrib-name_attrib-gen-attrib $-1 -1 $-1 $-1 $2087 2 1 1 1 1 1 1 1 1 1 1 1 1 1 0 1 1 1 @3 pid 3939 #
point $-1 -1 -1 $-1 -27.059999999999885 47.069999999999922 0.19000000000000447 #
render-rbase-attrib $-1 -1 $2850 $2092 $1398 1 1 1 1 1 1 1 1 1 1 1 1 0 1 0 1 1 1 $2851 $-1 0 2 0 -1 0 1 0 0 0 0 1 -36.899999999999999 52.719999999999999 0.079999999999999988 1 rotate no_reflect no_shear #
integer_attrib-name_attrib-gen-attrib $-1 -1 $-1 $2093 $1739 2 1 1 1 1 1 1 1 1 1 1 1 1 1 0 1 1 1 @3 pid 6799 #
coedge $-1 -1 -1 $-1 $2095 $2852 $2853 $2854 forward $986 $-1 #
coedge $-1 -1 -1 $-1 $2855 $2856 $2095 $2466 forward $2481 $-1 #
edge $2857 -1 -1 $-1 $2469 0 $2858 0.22411542731895118 $2095 $2859 forward @7 unknown T -27.714115427318852 48.835000000000001 0.5099999999998549 -27.489999999999903 48.835000000000043 0.51000000000000001 #
coedge $-1 -1 -1 $-1 $2146 $2096 $2856 $2860 reversed $2109 $-1 #
named_attribute-st-attrib $-1 -1 $2861 $-1 $2097 1 1 1 1 1 1 1 1 1 1 1 1 1 1 0 1 1 1 @3 eif #
vertex $2862 -1 -1 $-1 $2097 $2863 #
straight-curve $-1 -1 -1 $-1 -27.714115427318742 48.444999999999922 0.50999999999983425 0 1 0 F 0 F 0.39000000000016577 #
integer_attrib-name_attrib-gen-attrib $-1 -1 $-1 $2098 $1741 2 1 1 1 1 1 1 1 1 1 1 1 1 1 0 1 1 1 @3 pid 4863 #
integer_attrib-name_attrib-gen-attrib $-1 -1 $-1 $-1 $2099 2 1 1 1 1 1 1 1 1 1 1 1 1 1 0 1 1 1 @3 pid 3458 #
point $-1 -1 -1 $-1 -27.714115427318919 48.444999999999958 0.50999999999988954 #
string_attrib-name_attrib-gen-attrib $-1 -1 $-1 $2103 $853 2 1 2 1 1 1 1 1 1 1 1 1 1 1 0 1 1 1 @15 ATTRIB_XACIS_ID @5 45221 #
rgb_color-st-attrib $-1 -1 $2864 $2105 $1120 2 1 2 1 1 1 1 1 1 1 1 1 1 1 0 1 1 1 0.73000001907348633 0.40000000596046448 0 #
rh_material-rh_entity $-1 -1 4 4 @5 plain @5 color -4 1 1 1 @5 phong @14 ambient factor -2 1 @14 diffuse factor -2 0.75 @15 specular factor -2 0.5 @8 exponent -2 10 @14 specular color -4 1 1 1 @4 none @5 plain @5 color -4 0 0 0 #
render-rbase-attrib $-1 -1 $2865 $2106 $1423 1 1 1 1 1 1 1 1 1 1 1 1 0 1 0 1 1 1 $2866 $-1 0 2 0 -1 0 1 0 0 0 0 1 -36.899999999999999 52.719999999999999 0.079999999999999988 1 rotate no_reflect no_shear #
integer_attrib-name_attrib-gen-attrib $-1 -1 $2867 $2107 $1753 2 1 1 1 1 1 1 1 1 1 1 1 1 1 0 1 1 1 @3 pid 1226 #
integer_attrib-name_attrib-gen-attrib $-1 -1 $2868 $-1 $2108 2 0 0 1 1 1 1 1 1 1 1 1 1 1 0 1 1 1 @3 fif 0 #
face $2869 -1 -1 $-1 $2870 $2871 $5 $-1 $2872 forward double out T -27.490000000000052 48.319999999999666 0.1899999999997572 -27.489999999999544 48.9450000000001 0.51000000000006063 F #
loop $-1 -1 -1 $-1 $-1 $2465 $2108 T -27.87000000000009 48.835000000000001 0.41999999999987137 -27.489999999999899 48.835000000000065 0.51000000000000101 unknown #
plane-surface $-1 -1 -1 $-1 -27.679999999999993 48.835000000000001 0.46499999999991448 0 -1 0 -1 0 0 forward_v I I I I #
coedge $-1 -1 -1 $-1 $2752 $2126 $2112 $2484 reversed $2336 $-1 #
edge $2873 -1 -1 $-1 $2486 0 $2502 0.46957138443495167 $2112 $2874 forward @7 unknown T -28.145640337818001 48.256574922989891 0.30999999999999994 -27.985000000000007 48.295000000000272 0.31 #
named_attribute-st-attrib $-1 -1 $2875 $-1 $2113 1 1 1 1 1 1 1 1 1 1 1 1 1 1 0 1 1 1 @3 eif #
vertex $2876 -1 -1 $-1 $2493 $2877 #
ellipse-curve $-1 -1 -1 $-1 -27.984998138336749 47.939997687778764 0.30999999999999994 0 0 1 -0.16064219948125213 0.31657723521124126 0 1 F 0 F 0.41657890567929506 #
integer_attrib-name_attrib-gen-attrib $-1 -1 $-1 $2114 $1761 2 1 1 1 1 1 1 1 1 1 1 1 1 1 0 1 1 1 @3 pid 4855 #
pcurve $-1 -1 -1 $-1 0 forward { exppc nubs 1 open 2 
	-1 1 -0 1 
	-0.5046245460737504 4.4408920985006224e-014 
	-0.5046245460737504 1.5707963267948966 
	0.001 
	-1 
	cone -27.780000000000001 47.770000000000003 0.35036996368590001 0 0 -1 0 -0.080000000000000071 0 1 I I -0 1 0.080000000000000071 reversed I I I I 
	} 0 0 #
named_attribute-st-attrib $-1 -1 $2878 $-1 $2120 1 1 1 1 1 1 1 1 1 1 1 1 1 1 0 1 1 1 @3 eif #
intcurve-curve $-1 -1 -1 $-1 forward { exactcur full nubs 3 open 5 
	0 3 0.24587984805032465 1 0.50063558777646922 1 0.75489193751393135 1 1 3 
	-27.859999999999999 47.770000000000003 0.30999999999999994 
	-27.859853681680086 47.759210598036496 0.30999999999999989 
	-27.855959975948267 47.738975337800603 0.31000000000000005 
	-27.838096043635858 47.711815407015628 0.30999999999999989 
	-27.810939815200182 47.694016573519832 0.31 
	-27.790752426850275 47.69014440054849 0.31 
	-27.780000000000001 47.690000000000005 0.30999999999999994 
	0 
	null_surface 
	null_surface 
	nullbs 
	nullbs 
	-1 
	-1 
	I I 
	0 
	0 
	3 0.24587984805032465 0.50063558777646922 0.75489193751393135 
	
	-1 
	none F F 1 F 0 } I I #
coedge $-1 -1 -1 $-1 $2879 $2880 $2123 $2493 reversed $2881 $-1 #
edge $2882 -1 -1 $-1 $2498 6.4062219488603378e-012 $2486 0.98307867804094795 $2492 $2883 forward @7 unknown T -28.145640337818001 48.189999999999948 0.30999999999943262 -28.109999999984559 48.256574922990005 0.31000000000056738 #
coedge $-1 -1 -1 $-1 $2574 $2124 $2339 $2753 reversed $2496 $-1 #
coedge $-1 -1 -1 $-1 $2124 $2574 $2879 $2884 forward $2496 $-1 #
loop $-1 -1 -1 $-1 $-1 $2574 $2665 T -28.110000000000348 48.102480768092612 0.22999999999971368 -28.109999999999211 48.190000000001085 0.31000000000056738 unknown #
named_attribute-st-attrib $-1 -1 $2885 $-1 $2125 1 1 1 1 1 1 1 1 1 1 1 1 1 1 0 1 1 1 @3 eif #
tvertex-vertex $2886 -1 -1 $-1 $-1 $2887 5.6737363013824847e-013 #
straight-curve $-1 -1 -1 $-1 -28.109999999999999 48.102480768092953 0.30999999999999994 0 1 0 F 0 F 0.087519231907102757 #
coedge $-1 -1 -1 $-1 $2126 $2888 $2130 $2510 reversed $2336 $-1 #
named_attribute-st-attrib $-1 -1 $2889 $-1 $2127 1 1 1 1 1 1 1 1 1 1 1 1 1 1 0 1 1 1 @3 eif #
vertex $2890 -1 -1 $-1 $2127 $2891 #
ellipse-curve $-1 -1 -1 $-1 -27.985000774310301 47.939996762909537 0.31 0 0 -1 7.7431029055219369e-007 0.35500323709073456 0 1 F 0 F 0.46957138443778401 #
coedge $-1 -1 -1 $-1 $2199 $2128 $2131 $2512 forward $2248 $-1 #
coedge $-1 -1 -1 $-1 $2128 $2199 $2516 $2892 reversed $2248 $-1 #
named_attribute-st-attrib $-1 -1 $2893 $-1 $2129 1 1 1 1 1 1 1 1 1 1 1 1 1 1 0 1 1 1 @3 eif #
tvertex-vertex $2894 -1 -1 $-1 $-1 $2895 3.0983239751221561e-013 #
straight-curve $-1 -1 -1 $-1 -27.859999999999999 48.190000000000055 0.30999999999999994 0 -1 0 F 0 F 0.087519231907110751 #
coedge $-1 -1 -1 $-1 $2586 $2130 $2896 $2897 reversed $1875 $-1 #
edge $2898 -1 -1 $-1 $1783 5.1237781446952656e-012 $2899 0.58775141652497287 $2130 $2900 forward @7 unknown T -27.824359662182012 48.256574922990005 0.30999999999964167 -27.779999999999969 48.270000000000472 0.31000000000033956 #
coedge $-1 -1 -1 $-1 $2131 $2586 $2197 $2588 reversed $1875 $-1 #
edge $2901 -1 -1 $-1 $2133 1.8346435481930712e-014 $2594 0.079999999999998322 $2504 $2902 forward @7 tangent T -27.860000000000177 48.189999999999955 0.22999999999991119 -27.859999999999978 48.190000000000154 0.31000000000008837 #
integer_attrib-name_attrib-gen-attrib $-1 -1 $-1 $2132 $1781 2 1 1 1 1 1 1 1 1 1 1 1 1 1 0 1 1 1 @3 pid 6811 #
integer_attrib-name_attrib-gen-attrib $-1 -1 $2903 $-1 $2133 2 1 1 1 1 1 1 1 1 1 1 1 1 1 0 1 1 1 @3 pid 4526 #
point $-1 -1 -1 $-1 -27.860000000000078 48.190000000000055 0.30999999999998973 #
coedge $-1 -1 -1 $-1 $2589 $2138 $2505 $2892 forward $2517 $-1 #
loop $-1 -1 -1 $-1 $-1 $2516 $2247 T -27.860089910772697 47.777429321134328 0.22991008922749503 -27.778665999731995 48.102570678865625 0.31008991077262343 unknown #
pcurve $-1 -1 -1 $-1 0 forward { exppc nubs 1 open 2 
	-1 1 -0 1 
	-0.58717055456536549 0.65575282575693383 
	-0.58717055456536549 2.4858398278328684 
	0.001 
	-1 
	cone -27.984999999999999 47.939999999999998 0.1896300363141 0 0 1 0 -0.20500000000000007 0 1 I I 0 -1 0.20500000000000007 reversed I I I I 
	} 0 0 #
named_attribute-st-attrib $-1 -1 $2904 $-1 $2139 1 1 1 1 1 1 1 1 1 1 1 1 1 1 0 1 1 1 @3 eif #
intcurve-curve $-1 -1 -1 $-1 forward { exactcur full nubs 3 open 6 
	0 3 0.1965615768588409 1 0.39909268742379267 1 0.60173007705691373 1 0.80400073535351213 1 
	1 3 
	-27.859999999999999 48.102480768093002 0.30999999999999994 
	-27.839881147638621 48.086647139933135 0.30999999999999994 
	-27.806805455842976 48.050310628949596 0.31 
	-27.778755910504614 47.97836263869884 0.30999999999999994 
	-27.77881605224762 47.901356038827252 0.31 
	-27.806914181113726 47.829548180920696 0.30999999999999994 
	-27.839941647251976 47.793302034481783 0.30999999999999994 
	-27.859999999999999 47.777519231907007 0.30999999999999994 
	0 
	null_surface 
	null_surface 
	nullbs 
	nullbs 
	-1 
	-1 
	I I 
	0 
	0 
	4 0.1965615768588409 0.39909268742379267 0.60173007705691373 0.80400073535351213 
	
	-1 
	none F F 1 F 0 } I I #
integer_attrib-name_attrib-gen-attrib $-1 -1 $-1 $2141 $1787 2 1 1 1 1 1 1 1 1 1 1 1 1 1 0 1 1 1 @3 pid 6808 #
integer_attrib-name_attrib-gen-attrib $-1 -1 $-1 $-1 $2142 2 1 1 1 1 1 1 1 1 1 1 1 1 1 0 1 1 1 @3 pid 4523 #
point $-1 -1 -1 $-1 -27.859999999999999 47.77751923190695 0.3100000000000025 #
integer_attrib-name_attrib-gen-attrib $-1 -1 $-1 $-1 $2143 2 1 1 1 1 1 1 1 1 1 1 1 1 1 0 1 1 1 @3 pid 4524 #
point $-1 -1 -1 $-1 -27.859999999999999 47.770000000000053 0.3100000000000025 #
coedge $-1 -1 -1 $-1 $2905 $2145 $2906 $2907 forward $149 $-1 #
coedge $-1 -1 -1 $-1 $2856 $2855 $2145 $2528 forward $2481 $-1 #
edge $2908 -1 -1 $-1 $2909 0 $2530 0.38000000000019085 $2145 $2910 forward @7 unknown T -27.87000000000009 48.835000000000001 0.41999999999989868 -27.489999999999899 48.835000000000065 0.42000000000000315 #
named_attribute-st-attrib $-1 -1 $2911 $-1 $2147 1 1 1 1 1 1 1 1 1 1 1 1 1 1 0 1 1 1 @3 eif #
vertex $2912 -1 -1 $-1 $2528 $2913 #
straight-curve $-1 -1 -1 $-1 -27.870000000000026 48.835000000000086 0.41999999999989834 0 -1 0 F 0 F 0.39000000000016577 #
integer_attrib-name_attrib-gen-attrib $-1 -1 $-1 $2148 $1791 2 1 1 1 1 1 1 1 1 1 1 1 1 1 0 1 1 1 @3 pid 4861 #
coedge $-1 -1 -1 $-1 $2153 $2914 $2915 $2916 forward $149 $-1 #
coedge $-1 -1 -1 $-1 $2917 $2918 $2153 $2535 reversed $2919 $-1 #
edge $2920 -1 -1 $-1 $2921 0 $2540 0.72000000000018982 $2153 $2922 forward @7 unknown T -29.0700000000001 48.83499999999993 0.42000000000000004 -28.349999999999909 48.835000000000001 0.42000000000000992 #
coedge $-1 -1 -1 $-1 $2923 $2154 $2918 $2924 reversed $2538 $-1 #
coedge $-1 -1 -1 $-1 $2154 $2923 $2156 $2543 reversed $2538 $-1 #
loop $-1 -1 -1 $-1 $-1 $2537 $2925 T -29.07000000000005 48.83499999999993 0.07999999999999996 -29.07 49.04500000000008 0.42000000000000992 unknown #
named_attribute-st-attrib $-1 -1 $2926 $-1 $2155 1 1 1 1 1 1 1 1 1 1 1 1 1 1 0 1 1 1 @3 eif #
vertex $2927 -1 -1 $-1 $2155 $2928 #
straight-curve $-1 -1 -1 $-1 -29.07 48.83499999999993 0.42000000000000004 0 1 0 F 4.4408920985006262e-016 F 0.21000000000015184 #
coedge $-1 -1 -1 $-1 $2929 $2156 $2644 $2930 forward $2158 $-1 #
edge $2931 -1 -1 $-1 $2159 0 $2932 0.33999999999999997 $2537 $2933 forward @7 unknown T -29.07 49.045000000000002 0.07999999999999996 -29.07 49.045000000000044 0.41999999999999993 #
coedge $-1 -1 -1 $-1 $2157 $2929 $2934 $2935 reversed $2158 $-1 #
edge $-1 -1 -1 $-1 $1798 -0.25500000000000722 $2936 0.0049999999999928157 $2157 $2937 forward @7 unknown F #
face $2938 -1 -1 $-1 $1527 $2158 $5 $-1 $2939 reversed double out F F #
integer_attrib-name_attrib-gen-attrib $-1 -1 $-1 $-1 $2159 2 1 1 1 1 1 1 1 1 1 1 1 1 1 0 1 1 1 @3 pid 2022 #
point $-1 -1 -1 $-1 -29.07 49.045000000000002 0.41999999999999993 #
coedge $-1 -1 -1 $-1 $2940 $2163 $2796 $2941 forward $1388 $-1 #
integer_attrib-name_attrib-gen-attrib $-1 -1 $-1 $2164 $1805 2 1 1 1 1 1 1 1 1 1 1 1 1 1 0 1 1 1 @3 pid 7029 #
named_attribute-st-attrib $-1 -1 $2942 $-1 $2166 1 1 1 1 1 1 1 1 1 1 1 1 1 1 0 1 1 1 @3 eif #
vertex $2943 -1 -1 $-1 $2396 $2944 #
ellipse-curve $-1 -1 -1 $-1 -27.715053966191611 47.689999999999998 0.18000271724714687 0 1 0 -1.5688034551430972e-006 0 0.049997282752856614 1 F 0 F 1.0472603067472521 #
integer_attrib-name_attrib-gen-attrib $-1 -1 $2945 $-1 $2167 2 0 0 1 1 1 1 1 1 1 1 1 1 1 0 1 1 1 @3 fif 0 #
face $2946 -1 -1 $-1 $2947 $2948 $5 $-1 $2949 forward double out T -27.715055535000403 48.269999999994624 0.20499999999476543 -27.671754264800459 48.710000000005117 0.23000000002461626 F #
cone-surface $-1 -1 -1 $-1 -27.715055534994999 47.241199999999999 0.17999999999999999 0 1 0 0 0 -0.049999999999999996 1 I I -0 1 0.049999999999999996 reversed I I I I #
coedge $-1 -1 -1 $-1 $2178 $2171 $2950 $2951 reversed $1489 $-1 #
coedge $-1 -1 -1 $-1 $2196 $2950 $2171 $2559 forward $1832 $-1 #
edge $2952 -1 -1 $-1 $2953 0 $2562 0.46957138443410673 $2171 $2954 forward @7 unknown T -27.985000000000007 48.256574922989486 0.22999999999959322 -27.824359662181948 48.295000000000272 0.23000000000040674 #
pcurve $-1 -1 -1 $-1 0 forward { exppc nubs 3 open 7 
	0 3 0.16423141361983479 1 0.33234227621276591 1 0.50021636296251948 1 0.66813542031592765 1 
	0.83608877969612572 1 1 3 
	0.28328746149500095 0.079955578490070067 
	0.26598132096682736 0.046441026282705522 
	0.22331990765705267 -0.013028915792133944 
	0.13194064869143762 -0.080407068712773366 
	0.024035457532329829 -0.11572755441513216 
	-0.089469343088617315 -0.11603219356028482 
	-0.19727556045303984 -0.080759056615821834 
	-0.25637709492531968 -0.037764653882602417 
	-0.28328746149500006 -0.011445746914928279 
	0 
	0 
	plane -27.744404083691929 47.973287461495005 0.22999999999999998 0 0 -1 0 1 0 reverse_v I I I I 
	} 0 0 #
named_attribute-st-attrib $-1 -1 $2955 $-1 $2173 1 1 1 1 1 1 1 1 1 1 1 1 1 1 0 1 1 1 @3 eif #
tvertex-vertex $2956 -1 -1 $-1 $2559 $2957 4.0675468697215188e-013 #
intcurve-curve $-1 -1 -1 $-1 forward { exactcur full nubs 3 open 7 
	0 3 0.16423141361983479 1 0.33234227621276591 1 0.50021636296251948 1 0.66813542031592765 1 
	0.83608877969612572 1 1 3 
	-27.824359662181998 48.256574922990005 0.22999999999999998 
	-27.790845109974633 48.239268782461828 0.22999999999999998 
	-27.731375167899795 48.196607369152055 0.23000000000000001 
	-27.663997014979156 48.105228110186438 0.22999999999999998 
	-27.628676529276795 47.997322919027333 0.22999999999999998 
	-27.628371890131646 47.883818118406381 0.23000000000000001 
	-27.663645027076107 47.776011901041961 0.22999999999999998 
	-27.706639429809329 47.716910366569678 0.23000000000000001 
	-27.732958336777003 47.689999999999998 0.22999999999999998 
	0 
	null_surface 
	null_surface 
	nullbs 
	nullbs 
	-1 
	-1 
	I I 
	0 
	0 
	5 0.16423141361983479 0.33234227621276591 0.50021636296251948 0.66813542031592765 0.83608877969612572 
	
	-1 
	none F F 1 F 0 } I I #
coedge $-1 -1 -1 $-1 $2573 $2179 $2178 $2565 forward $1825 $-1 #
edge $2958 -1 -1 $-1 $2568 0 $2959 0.41657890568255151 $2178 $2960 forward @7 unknown T -28.260000000000215 48.16449944320599 0.22999999999984061 -28.145640337817678 48.256574922990005 0.2300000000001759 #
pcurve $-1 -1 -1 $-1 0 forward { exppc nubs 3 open 6 
	0 3 0.1979694646055051 1 0.39945414617966635 1 0.60096466621238209 1 0.80232000093705791 1 
	0.99999999999999989 3 
	-0.21665442744250019 0.034529905399899974 
	-0.19111021196698008 0.05517850382044287 
	-0.13643454471560279 0.088735893636096463 
	-0.041380655793316734 0.11569327034603027 
	0.05725525049496305 0.11566438572063831 
	0.15222744780183373 0.088680886687766858 
	0.20683979635011251 0.055147471447103413 
	0.23234445896950007 0.034529905399899974 
	0 
	0 
	plane -28.225470094600098 47.932154984236504 0.22999999999999998 0 0 -1 0 1 0 reverse_v I I I I 
	} 0 0 #
named_attribute-st-attrib $-1 -1 $2961 $-1 $2180 1 1 1 1 1 1 1 1 1 1 1 1 1 1 0 1 1 1 @3 eif #
tvertex-vertex $2962 -1 -1 $-1 $2565 $2963 1.6763464212699719e-013 #
intcurve-curve $-1 -1 -1 $-1 forward { exactcur full nubs 3 open 6 
	0 3 0.1979694646055051 1 0.39945414617966635 1 0.60096466621238209 1 0.80232000093705791 1 
	0.99999999999999989 3 
	-28.259999999999998 47.715500556793998 0.22999999999999998 
	-28.280648598420541 47.741044772269518 0.23000000000000001 
	-28.314205988236196 47.795720439520899 0.22999999999999998 
	-28.341163364946127 47.890774328443186 0.22999999999999995 
	-28.341134480320736 47.989410234731466 0.23000000000000001 
	-28.314150981287867 48.084382432038339 0.22999999999999995 
	-28.280617566047201 48.138994780586614 0.22999999999999998 
	-28.259999999999998 48.164499443206005 0.22999999999999998 
	0 
	null_surface 
	null_surface 
	nullbs 
	nullbs 
	-1 
	-1 
	I I 
	0 
	0 
	4 0.1979694646055051 0.39945414617966635 0.60096466621238209 0.80232000093705791 
	
	-1 
	none F F 1 F 0 } I I #
integer_attrib-name_attrib-gen-attrib $-1 -1 $-1 $2182 $1820 2 1 1 1 1 1 1 1 1 1 1 1 1 1 0 1 1 1 @3 pid 5595 #
integer_attrib-name_attrib-gen-attrib $-1 -1 $-1 $-1 $2183 2 1 1 1 1 1 1 1 1 1 1 1 1 1 0 1 1 1 @3 pid 3737 #
point $-1 -1 -1 $-1 -28.259999999999998 47.715500556793998 0.22999999999999998 #
coedge $-1 -1 -1 $-1 $2185 $2564 $2964 $2965 forward $1825 $-1 #
coedge $-1 -1 -1 $-1 $2495 $2494 $2185 $2575 reversed $2496 $-1 #
edge $2966 -1 -1 $-1 $2967 0 $2577 0.087519231906999728 $2574 $2968 forward @7 unknown T -28.110000000000234 48.102480768092612 0.22999999999971368 -28.109999999999602 48.190000000000538 0.23000000000029458 #
named_attribute-st-attrib $-1 -1 $2969 $-1 $2186 1 1 1 1 1 1 1 1 1 1 1 1 1 1 0 1 1 1 @3 eif #
tvertex-vertex $2970 -1 -1 $-1 $-1 $2971 2.8222433918483717e-013 #
intcurve-curve $-1 -1 -1 $-1 forward { exactcur full nubs 3 open 6 
	0 3 0.19656157684831832 1 0.39909268741538201 1 0.60173007705207815 1 0.8040007353509605 1 
	1 3 
	-28.109999999999999 48.102480768093002 0.22999999999999998 
	-28.130118852360368 48.086647139934158 0.22999999999999995 
	-28.163194544155843 48.050310628951806 0.22999999999999998 
	-28.191244089494852 47.978362638701903 0.22999999999999995 
	-28.191183947752933 47.901356038829277 0.23000000000000001 
	-28.163085818886863 47.829548180921442 0.22999999999999998 
	-28.130058352748303 47.793302034482018 0.22999999999999995 
	-28.109999999999999 47.777519231907 0.22999999999999998 
	0 
	null_surface 
	null_surface 
	nullbs 
	nullbs 
	-1 
	-1 
	I I 
	0 
	0 
	4 0.19656157684831832 0.39909268741538201 0.60173007705207815 0.8040007353509605 
	
	-1 
	none F F 1 F 0 } I I #
integer_attrib-name_attrib-gen-attrib $-1 -1 $2972 $-1 $2188 2 0 0 1 1 1 1 1 1 1 1 1 1 1 0 1 1 1 @3 fif 0 #
plane-surface $-1 -1 -1 $-1 -28.225470094600098 47.932154984236504 0.22999999999999998 0 0 1 0 1 0 forward_v I I I I #
string_attrib-name_attrib-gen-attrib $-1 -1 $-1 $2192 $903 2 1 2 1 1 1 1 1 1 1 1 1 1 1 0 1 1 1 @15 ATTRIB_XACIS_ID @5 42694 #
rgb_color-st-attrib $-1 -1 $2973 $2194 $1194 2 1 2 1 1 1 1 1 1 1 1 1 1 1 0 1 1 1 0.73000001907348633 0.40000000596046448 0 #
rh_material-rh_entity $-1 -1 4 4 @5 plain @5 color -4 1 1 1 @5 phong @14 ambient factor -2 1 @14 diffuse factor -2 0.75 @15 specular factor -2 0.5 @8 exponent -2 10 @14 specular color -4 1 1 1 @4 none @5 plain @5 color -4 0 0 0 #
render-rbase-attrib $-1 -1 $2974 $2195 $1500 1 1 1 1 1 1 1 1 1 1 1 1 0 1 0 1 1 1 $2975 $-1 0 2 0 -1 0 1 0 0 0 0 1 -36.899999999999999 52.719999999999999 0.079999999999999988 1 rotate no_reflect no_shear #
coedge $-1 -1 -1 $-1 $2976 $2196 $2977 $2978 forward $1832 $-1 #
coedge $-1 -1 -1 $-1 $2511 $2509 $2196 $2587 reversed $1875 $-1 #
edge $2979 -1 -1 $-1 $2562 0 $2980 0.58775141651823759 $2586 $2981 forward @7 unknown T -27.824359662182758 48.256574922989486 0.22999999999959322 -27.779999999999944 48.270000000000316 0.23000000000040674 #
edge $2982 -1 -1 $-1 $2594 6.9946617442323788e-013 $2562 0.98307867804160887 $2197 $2983 forward @7 unknown T -27.86000000001544 48.189999999999955 0.22999999999959322 -27.824359662181948 48.256574922990296 0.23000000000040674 #
tcoedge-coedge $-1 -1 -1 $-1 $2252 $2516 $2198 $2590 reversed $2517 $2984 -1 -0 F #
tedge-edge $2985 -1 -1 $-1 $2257 0 $2593 1 $2198 $2986 forward @7 unknown T -27.860089910772579 47.777429321134449 0.22991008922749503 -27.778665999732642 48.102570678865504 0.23008991077250088 8.9910772500857659e-005 #
pcurve $-1 -1 -1 $-1 0 forward { exppc nubs 3 open 6 
	0 3 0.19656157684830686 1 0.39909268741538306 1 0.60173007705208426 1 0.80400073535096528 1 
	1 3 
	-0.19576822958799944 0.11559591630806665 
	-0.17993460142915563 0.095477063947699392 
	-0.1435980904468046 0.062401372152223189 
	-0.071650100196901434 0.034351826813214359 
	0.0053564996757309302 0.03441196855512807 
	0.077164357583557219 0.062510097421206723 
	0.11341050402298603 0.095537563559767946 
	0.12919330659800021 0.1155959163080702 
	0 
	0 
	plane -27.744404083691929 47.973287461495005 0.22999999999999998 0 0 -1 0 1 0 reverse_v I I I I 
	} 0 0 #
named_attribute-st-attrib $-1 -1 $2987 $-1 $2200 1 1 1 1 1 1 1 1 1 1 1 1 1 1 0 1 1 1 @3 eif #
tvertex-vertex $2988 -1 -1 $-1 $-1 $2989 3.0937958879529189e-013 #
tvertex-vertex $2990 -1 -1 $-1 $-1 $2991 9.8577317547394197e-014 #
straight-curve $-1 -1 -1 $-1 -27.859999999999999 48.102480768092938 0.22999999999999998 0 1 0 F 0 F 0.087519231907110751 #
string_attrib-name_attrib-gen-attrib $-1 -1 $-1 $2201 $911 2 1 2 1 1 1 1 1 1 1 1 1 1 1 0 1 1 1 @15 ATTRIB_XACIS_ID @5 42090 #
rgb_color-st-attrib $-1 -1 $2992 $2203 $1200 2 1 2 1 1 1 1 1 1 1 1 1 1 1 0 1 1 1 0.73000001907348633 0.40000000596046448 0 #
rh_material-rh_entity $-1 -1 4 4 @5 plain @5 color -4 1 1 1 @5 phong @14 ambient factor -2 1 @14 diffuse factor -2 0.75 @15 specular factor -2 0.5 @8 exponent -2 10 @14 specular color -4 1 1 1 @4 none @5 plain @5 color -4 0 0 0 #
render-rbase-attrib $-1 -1 $2993 $2204 $1509 1 1 1 1 1 1 1 1 1 1 1 1 0 1 0 1 1 1 $2994 $-1 0 2 0 -1 0 1 0 0 0 0 1 -36.899999999999999 52.719999999999999 0.079999999999999988 1 rotate no_reflect no_shear #
integer_attrib-name_attrib-gen-attrib $-1 -1 $2995 $2205 $1840 2 1 1 1 1 1 1 1 1 1 1 1 1 1 0 1 1 1 @3 pid 2175 #
integer_attrib-name_attrib-gen-attrib $-1 -1 $2996 $-1 $2206 2 0 0 1 1 1 1 1 1 1 1 1 1 1 0 1 1 1 @3 fif 0 #
face $2997 -1 -1 $-1 $2998 $2999 $5 $-1 $3000 forward double out T -28.467000048469593 48.269997577312125 0.079274121510437029 -28.353134662302008 48.710725878489548 0.1268653376984156 F #
loop $-1 -1 -1 $-1 $-1 $3001 $2206 T -28.550000000000011 48.789999999999992 0.07999999999999903 -28.549999999999983 48.984999999999999 0.16000000000002393 unknown #
plane-surface $-1 -1 -1 $-1 -28.549999999999997 48.887500000000003 0.11999999999999948 1 0 0 0 1 0 forward_v I I I I #
coedge $-1 -1 -1 $-1 $3002 $3003 $3004 $3005 forward $2207 $-1 #
coedge $-1 -1 -1 $-1 $3006 $2209 $3007 $3008 reversed $1841 $-1 #
coedge $-1 -1 -1 $-1 $2209 $3006 $3009 $3010 reversed $1841 $-1 #
coedge $-1 -1 -1 $-1 $2211 $2210 $2209 $2609 reversed $1510 $-1 #
edge $3011 -1 -1 $-1 $3012 0 $3013 0.049999999999998358 $2209 $3014 forward @7 tangent T -28.743431457565634 48.293431457456485 0.10999999999999946 -28.743431457456484 48.293431457565788 0.16000000004951445 #
coedge $-1 -1 -1 $-1 $2214 $3007 $2210 $2611 forward $2619 $-1 #
edge $3015 -1 -1 $-1 $3013 -6.2803698347352584e-016 $2615 0.075147186253586046 $2210 $3016 forward @7 unknown T -28.796568542545675 48.293431457456485 0.15999999993614347 -28.743431457456484 48.346568542545754 0.16000000006385492 #
coedge $-1 -1 -1 $-1 $3017 $3018 $2211 $2613 forward $3019 $-1 #
edge $3020 -1 -1 $-1 $2616 4.3654850721249397e-012 $3012 0.07514718613827534 $2612 $3021 forward @7 unknown T -28.796568542515583 48.29343145756571 0.10999999995239533 -28.743431457565634 48.34656854251579 0.11000000004759893 #
named_attribute-st-attrib $-1 -1 $3022 $-1 $2213 1 1 1 1 1 1 1 1 1 1 1 1 1 1 0 1 1 1 @3 eif #
tvertex-vertex $3023 -1 -1 $-1 $-1 $3024 6.3855733504965496e-011 #
tvertex-vertex $3025 -1 -1 $-1 $-1 $3026 4.7601799545480843e-011 #
straight-curve $-1 -1 -1 $-1 -28.796568542470716 48.34656854247072 0.15999999999999839 0 0 -1 F 0 F 0.049999999999998365 #
coedge $-1 -1 -1 $-1 $3027 $2214 $2219 $2631 forward $2619 $-1 #
loop $-1 -1 -1 $-1 $-1 $3028 $3029 T -28.820000000020052 48.269999999999612 0.15926167660043525 -28.465535846580494 48.835000000000107 0.16073832339953861 unknown #
named_attribute-st-attrib $-1 -1 $3030 $-1 $2215 1 1 1 1 1 1 1 1 1 1 1 1 1 1 0 1 1 1 @3 eif #
ellipse-curve $-1 -1 -1 $-1 -28.740000180698864 48.403137010141933 0.15999999999999998 0 0 -1 -0.056568361794134603 -0.056568467648930643 0 1 F 0 F 0.78540003463560071 #
coedge $-1 -1 -1 $-1 $3031 $2216 $3018 $3032 forward $2624 $-1 #
coedge $-1 -1 -1 $-1 $2216 $3031 $3033 $3034 forward $2624 $-1 #
loop $-1 -1 -1 $-1 $-1 $2623 $3035 T -28.820000000065161 48.346568542420592 0.079999999827947713 -28.775355338921042 48.403137085143101 0.11000000006519779 unknown #
named_attribute-st-attrib $-1 -1 $3036 $-1 $2217 1 1 1 1 1 1 1 1 1 1 1 1 1 1 0 1 1 1 @3 eif #
ellipse-curve $-1 -1 -1 $-1 -28.739999999999995 48.403137084990007 0.11000000000000201 -3.3350058787492276e-014 -2.5588965885456306e-014 1 -0.0800000000000054 -1.1930012533412082e-010 -2.6680047060523293e-015 1 F 0 F 0.78539816297693699 #
coedge $-1 -1 -1 $-1 $3037 $2218 $3038 $3039 forward $2220 $-1 #
coedge $-1 -1 -1 $-1 $3033 $3040 $2218 $2629 forward $3041 $-1 #
edge $3042 -1 -1 $-1 $3043 1.0036416142611415e-013 $2222 0.32686291505020026 $2218 $3044 forward @7 unknown T -28.820000000065161 48.403137084870707 0.10999999993479646 -28.819999999934762 48.73000000000048 0.11000000006519779 #
coedge $-1 -1 -1 $-1 $2219 $3037 $3045 $3046 reversed $2220 $-1 #
edge $3047 -1 -1 $-1 $2223 0 $3048 0.4318629150501998 $2219 $3049 forward @7 unknown T -28.820000000020052 48.403137084949897 0.15999999997995312 -28.819999999979949 48.835000000000107 0.16000000002005438 #
face $3050 -1 -1 $-1 $3051 $2220 $5 $-1 $3052 forward double out T -28.820000000065161 48.403137084870707 0.079999999999617113 -28.819999999934762 48.835000000000107 0.16000000002005438 F #
integer_attrib-name_attrib-gen-attrib $-1 -1 $-1 $2221 $1847 2 1 1 1 1 1 1 1 1 1 1 1 1 1 0 1 1 1 @3 pid 5866 #
integer_attrib-name_attrib-gen-attrib $-1 -1 $3053 $-1 $2222 2 1 1 1 1 1 1 1 1 1 1 1 1 1 0 1 1 1 @3 pid 3901 #
point $-1 -1 -1 $-1 -28.819999999999961 48.403137084935906 0.10999999999999713 #
integer_attrib-name_attrib-gen-attrib $-1 -1 $3054 $-1 $2223 2 1 1 1 1 1 1 1 1 1 1 1 1 1 0 1 1 1 @3 pid 3900 #
point $-1 -1 -1 $-1 -28.82 48.403137084969948 0.16000000000000375 #
render-rbase-attrib $-1 -1 $3055 $2226 $1527 1 1 1 1 1 1 1 1 1 1 1 1 0 1 0 1 1 1 $3056 $-1 0 2 0 -1 0 1 0 0 0 0 1 -36.899999999999999 52.719999999999999 0.079999999999999988 1 rotate no_reflect no_shear #
render-rbase-attrib $-1 -1 $3057 $2227 $1859 1 1 1 1 1 1 1 1 1 1 1 1 0 1 0 1 1 1 $3058 $-1 0 2 0 -1 0 1 0 0 0 0 1 -36.899999999999999 52.719999999999999 0.079999999999999988 1 rotate no_reflect no_shear #
integer_attrib-name_attrib-gen-attrib $-1 -1 $3059 $-1 $2228 2 0 0 1 1 1 1 1 1 1 1 1 1 1 0 1 1 1 @3 fif 0 #
face $3060 -1 -1 $-1 $2632 $3061 $5 $-1 $3062 reversed double out T -29.350000000000016 48.999999999999986 0.079999999999995283 -29.349999999999987 49.045000000000002 0.16000000000001333 F #
loop $-1 -1 -1 $-1 $-1 $2647 $2228 T -29.430048311239485 48.91995168876052 0.079951688760516587 -29.349951688760516 49.000048311239489 0.16004831123948482 unknown #
cone-surface $-1 -1 -1 $-1 -29.43 49 0.039630036314109912 0 0 1 0 -0.079999999999999627 0 1 I I -0 1 0.079999999999999627 reversed I I I I #
coedge $-1 -1 -1 $-1 $3063 $2231 $2542 $2930 reversed $340 $-1 #
coedge $-1 -1 -1 $-1 $3064 $3065 $2231 $2646 forward $3061 $-1 #
edge $3066 -1 -1 $-1 $3067 4.4408920985006262e-016 $2651 0.045000000000000817 $2645 $3068 forward @7 unknown T -29.350000000000005 49 0.079999999999995283 -29.349999999999998 49.045000000000002 0.080000000000004054 #
coedge $-1 -1 -1 $-1 $3069 $2232 $2236 $2655 forward $2642 $-1 #
coedge $-1 -1 -1 $-1 $2232 $3069 $3064 $3070 forward $2642 $-1 #
pcurve $-1 -1 -1 $-1 0 forward { exppc nubs 1 open 2 
	0 1 0.99999999999999989 1 
	-0.50462454607362828 1.5707963267949019 
	-0.50462454607362828 -2.2204460492503232e-014 
	0.001 
	-1 
	cone -29.43 49 0.039630036314109912 0 0 1 0 -0.079999999999999627 0 1 I I 0 -1 0.079999999999999627 reversed I I I I 
	} 0 0 #
named_attribute-st-attrib $-1 -1 $3071 $-1 $2233 1 1 1 1 1 1 1 1 1 1 1 1 1 1 0 1 1 1 @3 eif #
tvertex-vertex $3072 -1 -1 $-1 $2646 $3073 4.3856567925643495e-015 #
intcurve-curve $-1 -1 -1 $-1 forward { exactcur full nubs 3 open 5 
	0 3 0.2458798480502464 1 0.5006355877763643 1 0.75489193751383532 1 0.99999999999999989 3 
	-29.349999999999998 49 0.079999999999999988 
	-29.350146318319915 48.9892105980365 0.079999999999999988 
	-29.354040024051727 48.968975337800615 0.079999999999999988 
	-29.37190395636414 48.941815407015632 0.079999999999999988 
	-29.399060184799808 48.924016573519836 0.079999999999999988 
	-29.419247573149718 48.920144400548487 0.079999999999999988 
	-29.43 48.920000000000002 0.079999999999999988 
	0 
	null_surface 
	null_surface 
	nullbs 
	nullbs 
	-1 
	-1 
	I I 
	0 
	0 
	3 0.2458798480502464 0.5006355877763643 0.75489193751383532 
	
	-1 
	none F F 1 F 0 } I I #
coedge $-1 -1 -1 $-1 $2236 $2235 $3074 $3075 reversed $2229 $-1 #
edge $-1 -1 -1 $-1 $3076 -0.060000000000004688 $1865 0.019999999999995299 $2235 $3077 forward @7 unknown F #
edge $3078 -1 -1 $-1 $2238 0 $3079 0.080000000000011257 $2647 $3080 forward @7 tangent T -29.43000000000001 48.919999999999952 0.079999999999954163 -29.429999999999907 48.920000000000051 0.16000000000001063 #
integer_attrib-name_attrib-gen-attrib $-1 -1 $-1 $2237 $1864 2 1 1 1 1 1 1 1 1 1 1 1 1 1 0 1 1 1 @3 pid 3803 #
integer_attrib-name_attrib-gen-attrib $-1 -1 $-1 $-1 $2238 2 1 1 1 1 1 1 1 1 1 1 1 1 1 0 1 1 1 @3 pid 2820 #
point $-1 -1 -1 $-1 -29.429999999999954 48.920000000000002 0.080000000000001251 #
string_attrib-name_attrib-gen-attrib $-1 -1 $-1 $2242 $959 2 1 2 1 1 1 1 1 1 1 1 1 1 1 0 1 1 1 @15 ATTRIB_XACIS_ID @5 43049 #
rgb_color-st-attrib $-1 -1 $3081 $2244 $1243 2 1 2 1 1 1 1 1 1 1 1 1 1 1 0 1 1 1 0.73000001907348633 0.40000000596046448 0 #
rh_material-rh_entity $-1 -1 4 4 @5 plain @5 color -4 1 1 1 @5 phong @14 ambient factor -2 1 @14 diffuse factor -2 0.75 @15 specular factor -2 0.5 @8 exponent -2 10 @14 specular color -4 1 1 1 @4 none @5 plain @5 color -4 0 0 0 #
render-rbase-attrib $-1 -1 $3082 $2245 $1548 1 1 1 1 1 1 1 1 1 1 1 1 0 1 0 1 1 1 $3083 $-1 0 2 0 -1 0 1 0 0 0 0 1 -36.899999999999999 52.719999999999999 0.079999999999999988 1 rotate no_reflect no_shear #
integer_attrib-name_attrib-gen-attrib $-1 -1 $3084 $2246 $1874 2 1 1 1 1 1 1 1 1 1 1 1 1 1 0 1 1 1 @3 pid 2593 #
integer_attrib-name_attrib-gen-attrib $-1 -1 $3085 $-1 $2247 2 0 0 1 1 1 1 1 1 1 1 1 1 1 0 1 1 1 @3 fif 0 #
face $3086 -1 -1 $-1 $3087 $2496 $5 $-1 $3088 forward double out T -28.110000000000348 48.102480768092612 0.22999999999971368 -28.109999999999211 48.190000000001085 0.31000000000056738 F #
cone-surface $-1 -1 -1 $-1 -27.984999999999999 47.939999999999998 0.1896300363141 0 0 1 0 -0.20500000000000007 0 1 I I -0 1 0.20500000000000007 reversed I I I I #
tedge-edge $3089 -1 -1 $-1 $2444 0 $2256 1 $2254 $3090 forward @7 unknown T -27.860048311239481 47.689951688760516 0.22995168876051034 -27.779951688760516 47.770048311239535 0.23004831123948311 4.831123948308565e-005 #
pcurve $-1 -1 -1 $-1 0 forward { exppc nubs 1 open 2 
	-1 1 -0 1 
	-1.5046245460737493 1.5707963267948855 
	-1.5046245460737493 -2.2204460492503112e-014 
	0.001 
	-1 
	cone -27.780000000000001 47.770000000000003 0.35036996368590001 0 0 -1 0 -0.080000000000000071 0 1 I I -0 1 0.080000000000000071 reversed I I I I 
	} 0 0 #
named_attribute-st-attrib $-1 -1 $3091 $-1 $2251 1 1 1 1 1 1 1 1 1 1 1 1 1 1 0 1 1 1 @3 eif #
straight-curve $-1 -1 -1 $-1 -27.859999999999999 47.77000000000001 0.22999999999999185 0 0 1 F 0 F 0.080000000000016253 #
named_attribute-st-attrib $-1 -1 $3092 $-1 $2253 1 1 1 1 1 1 1 1 1 1 1 1 1 1 0 1 1 1 @3 eif #
straight-curve $-1 -1 -1 $-1 -27.859999999999999 47.777519231907171 0.22999999999999185 0 0 1 F 0 F 0.080000000000016253 #
pcurve $-1 -1 -1 $-1 0 forward { exppc nubs 3 open 5 
	0 3 0.24587984805035937 1 0.5006355877764419 1 0.75489193751383799 1 1 3 
	-0.28328746149500006 0.035595916308068354 
	-0.28314114317508476 0.046385318271575215 
	-0.27924743744326808 0.066620578507466277 
	-0.26138350513085751 0.093780509292448855 
	-0.23422727669518739 0.11157934278823767 
	-0.21403988834527787 0.11545151575958101 
	-0.20328746149499999 0.11559591630806842 
	0 
	0 
	plane -27.744404083691929 47.973287461495005 0.22999999999999998 0 0 -1 0 1 0 reverse_v I I I I 
	} 0 0 #
integer_attrib-name_attrib-gen-attrib $-1 -1 $-1 $2255 $1881 2 1 1 1 1 1 1 1 1 1 1 1 1 1 0 1 1 1 @3 pid 7035 #
integer_attrib-name_attrib-gen-attrib $-1 -1 $-1 $-1 $2256 2 1 1 1 1 1 1 1 1 1 1 1 1 1 0 1 1 1 @3 pid 4672 #
point $-1 -1 -1 $-1 -27.859999999999999 47.770000000000053 0.22999999999999343 #
integer_attrib-name_attrib-gen-attrib $-1 -1 $-1 $-1 $2257 2 1 1 1 1 1 1 1 1 1 1 1 1 1 0 1 1 1 @3 pid 4673 #
point $-1 -1 -1 $-1 -27.859999999999999 47.77751923190695 0.22999999999999751 #
coedge $-1 -1 -1 $-1 $3093 $2259 $3094 $3095 reversed $986 $-1 #
integer_attrib-name_attrib-gen-attrib $-1 -1 $-1 $2261 $1883 2 1 1 1 1 1 1 1 1 1 1 1 1 1 0 1 1 1 @3 pid 6802 #
coedge $-1 -1 -1 $-1 $2684 $2264 $3096 $3097 forward $2266 $-1 #
coedge $-1 -1 -1 $-1 $2296 $3098 $2264 $2683 reversed $2721 $-1 #
edge $3099 -1 -1 $-1 $2268 0 $3100 0.062522729151204715 $2682 $3101 forward @7 unknown T -27.40000000000018 47.857477270848676 0.18999999999982611 -27.399999999999817 47.920000000000066 0.19000000000018871 #
coedge $-1 -1 -1 $-1 $2265 $2681 $3102 $3103 reversed $2266 $-1 #
face $3104 -1 -1 $-1 $3105 $2266 $5 $-1 $3106 reversed double out T -27.40000000000018 47.857477270848676 0.18999999999982611 -27.059999999999917 47.920000000000066 0.19000000000018871 F #
integer_attrib-name_attrib-gen-attrib $-1 -1 $-1 $2267 $1887 2 1 1 1 1 1 1 1 1 1 1 1 1 1 0 1 1 1 @3 pid 7266 #
integer_attrib-name_attrib-gen-attrib $-1 -1 $-1 $-1 $2268 2 1 1 1 1 1 1 1 1 1 1 1 1 1 0 1 1 1 @3 pid 4806 #
point $-1 -1 -1 $-1 -27.399999999999999 47.857477270848861 0.19000000000000741 #
coedge $-1 -1 -1 $-1 $3102 $3107 $2270 $2690 forward $3108 $-1 #
edge $3109 -1 -1 $-1 $3110 0 $2692 0.22999999999994902 $2689 $3111 forward @7 unknown T -27.059999999999999 47.870000000000005 0.19000000000000444 -27.059999999999917 47.870000000000005 0.41999999999995796 #
named_attribute-st-attrib $-1 -1 $3112 $-1 $2271 1 1 1 1 1 1 1 1 1 1 1 1 1 1 0 1 1 1 @3 eif #
vertex $3113 -1 -1 $-1 $3103 $3114 #
straight-curve $-1 -1 -1 $-1 -27.059999999999917 47.870000000000005 0.18999999999999997 -1 0 0 F 0 F 0.28000000000016279 #
coedge $-1 -1 -1 $-1 $3115 $3094 $2272 $2695 forward $3116 $-1 #
edge $3117 -1 -1 $-1 $2697 4.3820190382188076e-017 $3110 0.17999999999999142 $2694 $3118 forward @7 unknown T -27.215884572681198 47.869999999999962 0.41999999999988924 -27.059999999999917 47.870000000000005 0.50999999999985646 #
named_attribute-st-attrib $-1 -1 $3119 $-1 $2273 1 1 1 1 1 1 1 1 1 1 1 1 1 1 0 1 1 1 @3 eif #
vertex $3120 -1 -1 $-1 $3095 $3121 #
straight-curve $-1 -1 -1 $-1 -27.340000000000082 47.870000000000005 0.51000000000000001 1 0 0 F 0 F 0.12411542731896397 #
integer_attrib-name_attrib-gen-attrib $-1 -1 $3122 $-1 $2274 2 0 0 1 1 1 1 1 1 1 1 1 1 1 0 1 1 1 @3 fif 0 #
plane-surface $-1 -1 -1 $-1 -27.199999999999999 47.870000000000005 0.349999999999975 0 -1 0 -1 0 0 forward_v I I I I #
integer_attrib-name_attrib-gen-attrib $-1 -1 $-1 $2280 $1896 2 1 1 1 1 1 1 1 1 1 1 1 1 1 0 1 1 1 @3 pid 6801 #
named_attribute-st-attrib $-1 -1 $3123 $-1 $2286 1 1 1 1 1 1 1 1 1 1 1 1 1 1 0 1 1 1 @3 eif #
vertex $3124 -1 -1 $-1 $2286 $3125 #
straight-curve $-1 -1 -1 $-1 -27.489999999999768 47.689999999999998 0.18999999999999997 -1 0 0 F 0 F 0.051850454238460131 #
integer_attrib-name_attrib-gen-attrib $-1 -1 $3126 $-1 $2287 2 0 0 1 1 1 1 1 1 1 1 1 1 1 0 1 1 1 @3 fif 0 #
face $3127 -1 -1 $-1 $3128 $3129 $5 $-1 $3130 reversed double out T -28.686865236013681 48.269997687599613 0.079997678980440218 -28.189999999999642 48.270002329638132 0.31000000000049305 F #
plane-surface $-1 -1 -1 $-1 -27.515925227118998 47.469999999999999 0.18999999999999997 0 0 1 0 -1 0 forward_v I I I I #
coedge $-1 -1 -1 $-1 $3131 $2289 $2292 $2716 reversed $2710 $-1 #
coedge $-1 -1 -1 $-1 $2289 $3131 $2720 $3132 reversed $2710 $-1 #
loop $-1 -1 -1 $-1 $-1 $2708 $3133 T -27.480048311239486 47.689951688760516 0.10995168876059858 -27.399951688760513 47.770048311243812 0.19004831123949475 unknown #
pcurve $-1 -1 -1 $-1 0 forward { exppc nubs 1 open 2 
	-1 1 -0 1 
	-0.50462454607374974 0 
	-0.50462454607374974 1.5707963267949188 
	0.001 
	-1 
	cone -27.479999999999997 47.770000000000003 0.23036996368589999 0 0 -1 0.080000000000000071 0 0 1 I I -0 1 0.080000000000000071 reversed I I I I 
	} 0 0 #
named_attribute-st-attrib $-1 -1 $3134 $-1 $2290 1 1 1 1 1 1 1 1 1 1 1 1 1 1 0 1 1 1 @3 eif #
tvertex-vertex $3135 -1 -1 $-1 $2297 $3136 3.4131775154192145e-014 #
intcurve-curve $-1 -1 -1 $-1 forward { exactcur full nubs 3 open 5 
	0 3 0.24587984805031887 1 0.50063558777640182 1 0.75489193751383976 1 1 3 
	-27.48 47.690000000000005 0.18999999999999997 
	-27.469210598036494 47.690146318319918 0.18999999999999997 
	-27.448975337800604 47.694040024051738 0.18999999999999992 
	-27.421815407015622 47.711903956364139 0.19 
	-27.40401657351984 47.739060184799818 0.18999999999999997 
	-27.400144400548488 47.759247573149722 0.18999999999999997 
	-27.399999999999999 47.770000000000003 0.18999999999999997 
	0 
	null_surface 
	null_surface 
	nullbs 
	nullbs 
	-1 
	-1 
	I I 
	0 
	0 
	3 0.24587984805031887 0.50063558777640182 0.75489193751383976 
	
	-1 
	none F F 1 F 0 } I I #
coedge $-1 -1 -1 $-1 $2292 $2806 $3137 $3138 forward $1388 $-1 #
edge $3139 -1 -1 $-1 $3140 0 $2294 0.08000000000001127 $2292 $3141 forward @7 tangent T -27.480000000004114 47.689999999995869 0.10999999999586552 -27.479999999995844 47.69000000000414 0.19000000000001283 #
integer_attrib-name_attrib-gen-attrib $-1 -1 $-1 $2293 $1906 2 1 1 1 1 1 1 1 1 1 1 1 1 1 0 1 1 1 @3 pid 8040 #
integer_attrib-name_attrib-gen-attrib $-1 -1 $-1 $-1 $2294 2 1 1 1 1 1 1 1 1 1 1 1 1 1 0 1 1 1 @3 pid 5018 #
point $-1 -1 -1 $-1 -27.48 47.690000000000005 0.18999999999999997 #
coedge $-1 -1 -1 $-1 $3142 $2296 $2709 $3132 forward $2721 $-1 #
loop $-1 -1 -1 $-1 $-1 $2720 $3105 T -27.40000000000596 47.769999999995534 0.10999999999404192 -27.399999999994037 47.920000000000066 0.19000000000018871 unknown #
named_attribute-st-attrib $-1 -1 $3143 $-1 $2297 1 1 1 1 1 1 1 1 1 1 1 1 1 1 0 1 1 1 @3 eif #
straight-curve $-1 -1 -1 $-1 -27.399999999999999 47.769999999999939 0.18999999999999997 0 1 0 F 0 F 0.087477270848927091 #
integer_attrib-name_attrib-gen-attrib $-1 -1 $-1 $2298 $1908 2 1 1 1 1 1 1 1 1 1 1 1 1 1 0 1 1 1 @3 pid 7871 #
integer_attrib-name_attrib-gen-attrib $-1 -1 $3144 $2300 $1910 2 1 1 1 1 1 1 1 1 1 1 1 1 1 0 1 1 1 @3 pid 2689 #
integer_attrib-name_attrib-gen-attrib $-1 -1 $3145 $-1 $2305 2 0 0 1 1 1 1 1 1 1 1 1 1 1 0 1 1 1 @3 fif 0 #
plane-surface $-1 -1 -1 $-1 -27.199987102289001 47.07 0.34999999999998499 0 -1 0 1 0 0 forward_v I I I I #
integer_attrib-name_attrib-gen-attrib $-1 -1 $-1 $2307 $1928 2 1 1 1 1 1 1 1 1 1 1 1 1 1 0 1 1 1 @3 pid 7285 #
coedge $-1 -1 -1 $-1 $2309 $2359 $2311 $2733 reversed $1981 $-1 #
named_attribute-st-attrib $-1 -1 $3146 $-1 $2310 1 1 1 1 1 1 1 1 1 1 1 1 1 1 0 1 1 1 @3 eif #
straight-curve $-1 -1 -1 $-1 -27.40000000000008 47.020000000000003 0.19 1 0 0 F 0 F 0.34000000000016151 #
coedge $-1 -1 -1 $-1 $2317 $2311 $3147 $3148 reversed $1938 $-1 #
edge $3149 -1 -1 $-1 $2313 0 $3150 0.080000000000000016 $2311 $3151 forward @7 unknown T -27.40000000000008 47.019999999999875 0.10999999999999997 -27.399999999999999 47.020000000000003 0.19 #
integer_attrib-name_attrib-gen-attrib $-1 -1 $-1 $2312 $1931 2 1 1 1 1 1 1 1 1 1 1 1 1 1 0 1 1 1 @3 pid 7281 #
integer_attrib-name_attrib-gen-attrib $-1 -1 $-1 $-1 $2313 2 1 1 1 1 1 1 1 1 1 1 1 1 1 0 1 1 1 @3 pid 3937 #
point $-1 -1 -1 $-1 -27.40000000000008 47.019999999999875 0.19 #
integer_attrib-name_attrib-gen-attrib $-1 -1 $3152 $2315 $1932 2 1 1 1 1 1 1 1 1 1 1 1 1 1 0 1 1 1 @3 pid 2205 #
integer_attrib-name_attrib-gen-attrib $-1 -1 $3153 $-1 $2318 2 0 0 1 1 1 1 1 1 1 1 1 1 1 0 1 1 1 @3 fif 0 #
plane-surface $-1 -1 -1 $-1 -27.399999999999999 47.094999999999999 0.15000000000000496 1 0 0 0 -1 0 forward_v I I I I #
render-rbase-attrib $-1 -1 $3154 $2323 $1587 1 1 1 1 1 1 1 1 1 1 1 1 0 1 0 1 1 1 $3155 $-1 0 2 0 -1 0 1 0 0 0 0 1 -36.899999999999999 52.719999999999999 0.079999999999999988 1 rotate no_reflect no_shear #
integer_attrib-name_attrib-gen-attrib $-1 -1 $3156 $2324 $1945 2 1 1 1 1 1 1 1 1 1 1 1 1 1 0 1 1 1 @3 pid 2735 #
string_attrib-name_attrib-gen-attrib $-1 -1 $-1 $2327 $975 2 1 2 1 1 1 1 1 1 1 1 1 1 1 0 1 1 1 @15 ATTRIB_XACIS_ID @5 44209 #
string_attrib-name_attrib-gen-attrib $-1 -1 $-1 $2330 $985 2 1 2 1 1 1 1 1 1 1 1 1 1 1 0 1 1 1 @15 ATTRIB_XACIS_ID @5 44903 #
rgb_color-st-attrib $-1 -1 $3157 $2332 $1278 2 1 2 1 1 1 1 1 1 1 1 1 1 1 0 1 1 1 0.73000001907348633 0.40000000596046448 0 #
rh_material-rh_entity $-1 -1 4 4 @5 plain @5 color -4 1 1 1 @5 phong @14 ambient factor -2 1 @14 diffuse factor -2 0.75 @15 specular factor -2 0.5 @8 exponent -2 10 @14 specular color -4 1 1 1 @4 none @5 plain @5 color -4 0 0 0 #
render-rbase-attrib $-1 -1 $3158 $2333 $1604 1 1 1 1 1 1 1 1 1 1 1 1 0 1 0 1 1 1 $3159 $-1 0 2 0 -1 0 1 0 0 0 0 1 -36.899999999999999 52.719999999999999 0.079999999999999988 1 rotate no_reflect no_shear #
integer_attrib-name_attrib-gen-attrib $-1 -1 $3160 $2334 $1957 2 1 1 1 1 1 1 1 1 1 1 1 1 1 0 1 1 1 @3 pid 2016 #
integer_attrib-name_attrib-gen-attrib $-1 -1 $3161 $-1 $2335 2 0 0 1 1 1 1 1 1 1 1 1 1 1 0 1 1 1 @3 fif 0 #
face $3162 -1 -1 $-1 $3163 $3164 $5 $-1 $3165 reversed double out T -27.490090582699153 48.16990941730085 0.18931563127266085 -27.339909417300845 48.320090582699152 0.51009058269916108 F #
loop $-1 -1 -1 $-1 $-1 $3166 $2335 T -27.490000000000002 48.709951688760512 0.18995168876050372 -27.399951688760513 48.945000000000093 0.19004831123948643 unknown #
plane-surface $-1 -1 -1 $-1 -27.445 48.827500000000001 0.19 0 0 1 0 -1 0 forward_v I I I I #
coedge $-1 -1 -1 $-1 $3167 $2483 $2880 $3168 reversed $2336 $-1 #
edge $3169 -1 -1 $-1 $2577 0 $2345 0.080000000000016253 $2339 $3170 forward @7 unknown T -28.110000000000234 48.102480768092612 0.22999999999971368 -28.109999999999399 48.102480768093464 0.31000000000037559 #
integer_attrib-name_attrib-gen-attrib $-1 -1 $3171 $-1 $2342 2 0 0 1 1 1 1 1 1 1 1 1 1 1 0 1 1 1 @3 fif 0 #
face $3172 -1 -1 $-1 $3173 $3174 $5 $-1 $3175 reversed double out T -28.330000000004858 48.269999999995122 0.2631370849849598 -28.216862915009607 48.710000000004818 0.31000000000056971 F #
cone-surface $-1 -1 -1 $-1 -27.984999999999999 47.939999999999998 0.1896300363141 0 0 1 0 -0.20500000000000007 0 1 I I -0 1 0.20500000000000007 reversed I I I I #
integer_attrib-name_attrib-gen-attrib $-1 -1 $-1 $2344 $1969 2 1 1 1 1 1 1 1 1 1 1 1 1 1 0 1 1 1 @3 pid 6817 #
integer_attrib-name_attrib-gen-attrib $-1 -1 $3176 $-1 $2345 2 1 1 1 1 1 1 1 1 1 1 1 1 1 0 1 1 1 @3 pid 4528 #
point $-1 -1 -1 $-1 -28.109999999999776 48.102480768093088 0.31 #
string_attrib-name_attrib-gen-attrib $-1 -1 $-1 $2347 $992 2 1 2 1 1 1 1 1 1 1 1 1 1 1 0 1 1 1 @15 ATTRIB_XACIS_ID @5 41792 #
coedge $-1 -1 -1 $-1 $2349 $3177 $3178 $3179 forward $340 $-1 #
tcoedge-coedge $-1 -1 -1 $-1 $3180 $3181 $2349 $2763 forward $3182 $3183 0 1 F #
tedge-edge $3184 -1 -1 $-1 $2767 0 $3185 1 $2349 $3186 forward @7 unknown T -27.490090582699153 47.769909417300845 0.079909417300846261 -27.339909417300841 47.920090582699153 0.080090582699153617 9.0582699153634233e-005 #
pcurve $-1 -1 -1 $-1 0 forward { exppc nubs 3 open 5 
	-1 3 -0.75489193752063477 1 -0.50063558777783912 1 -0.24587984804508295 1 -0 3 
	-3.8775000000000004 3.25 
	-3.8772292489714415 3.2298391996563964 
	-3.8699689246501547 3.1919878465005116 
	-3.8365961118455187 3.1410699181833035 
	-3.7856712416233433 3.1075750450972457 
	-3.7477301286810443 3.1002743468499929 
	-3.7274999999999983 3.0999999999999996 
	0 
	0 
	plane -30.589999999999996 44.042500000000004 0.079999999999999988 0 0 -1 0 -1 0 reverse_v I I I I 
	} 0 0 #
coedge $-1 -1 -1 $-1 $2808 $2350 $3181 $3187 reversed $2417 $-1 #
named_attribute-st-attrib $-1 -1 $3188 $-1 $2351 1 1 1 1 1 1 1 1 1 1 1 1 1 1 0 1 1 1 @3 eif #
tvertex-vertex $3189 -1 -1 $-1 $3187 $3190 9.6811493963552975e-014 #
straight-curve $-1 -1 -1 $-1 -27.489999999999998 47.770000000000088 0.079999999999999988 0 -1 0 F 0 F 0.60000000000017728 #
edge $3191 -1 -1 $-1 $2357 -1.0842021724855044e-019 $2419 0.029999999999999229 $2416 $3192 forward @7 tangent T -27.490000000002205 47.169999999995596 0.079999999999954594 -27.489999999997799 47.170000000000002 0.1100000000022022 #
coedge $-1 -1 -1 $-1 $2353 $2413 $3193 $3194 reversed $2354 $-1 #
face $3195 -1 -1 $-1 $2361 $2354 $5 $-1 $3196 reversed double out T -27.49009058269915 47.019909417300852 0.079909417300848121 -27.339909417300845 47.170090582699153 0.11008157238237809 F #
integer_attrib-name_attrib-gen-attrib $-1 -1 $-1 $2356 $1977 2 1 1 1 1 1 1 1 1 1 1 1 1 1 0 1 1 1 @3 pid 3832 #
integer_attrib-name_attrib-gen-attrib $-1 -1 $-1 $-1 $2357 2 1 1 1 1 1 1 1 1 1 1 1 1 1 0 1 1 1 @3 pid 2848 #
point $-1 -1 -1 $-1 -27.489999999999998 47.169999999999959 0.079999999999999891 #
coedge $-1 -1 -1 $-1 $3193 $3147 $2359 $2776 forward $3197 $-1 #
edge $3198 -1 -1 $-1 $3150 0 $2778 0.060000000000030695 $2359 $3199 forward @7 unknown T -27.40000000000008 47.019999999999996 0.1099999999999995 -27.340000000000018 47.020000000000003 0.10999999999999999 #
named_attribute-st-attrib $-1 -1 $3200 $-1 $2360 1 1 1 1 1 1 1 1 1 1 1 1 1 1 0 1 1 1 @3 eif #
vertex $3201 -1 -1 $-1 $2776 $3202 #
straight-curve $-1 -1 -1 $-1 -27.339999999999982 47.020000000000003 0.10999999999999903 0 0 -1 F 0 F 0.029999999999999232 #
integer_attrib-name_attrib-gen-attrib $-1 -1 $3203 $-1 $2361 2 0 0 1 1 1 1 1 1 1 1 1 1 1 0 1 1 1 @3 fif 0 #
plane-surface $-1 -1 -1 $-1 -27.22999999999999 47.020000000000003 0.13499999999999995 0 -1 0 -1 0 0 forward_v I I I I #
integer_attrib-name_attrib-gen-attrib $-1 -1 $-1 $2365 $1985 2 1 1 1 1 1 1 1 1 1 1 1 1 1 0 1 1 1 @3 pid 5930 #
integer_attrib-name_attrib-gen-attrib $-1 -1 $-1 $-1 $2366 2 1 1 1 1 1 1 1 1 1 1 1 1 1 0 1 1 1 @3 pid 3938 #
point $-1 -1 -1 $-1 -27.059999999999917 47.019999999999875 0.19 #
string_attrib-name_attrib-gen-attrib $-1 -1 $-1 $2369 $1005 2 1 2 1 1 1 1 1 1 1 1 1 1 1 0 1 1 1 @15 ATTRIB_XACIS_ID @5 40481 #
integer_attrib-name_attrib-gen-attrib $-1 -1 $-1 $2372 $1996 2 1 1 1 1 1 1 1 1 1 1 1 1 1 0 1 1 1 @3 pid 7059 #
rgb_color-st-attrib $-1 -1 $3204 $2375 $1320 2 1 2 1 1 1 1 1 1 1 1 1 1 1 0 1 1 1 0.73000001907348633 0.40000000596046448 0 #
rh_material-rh_entity $-1 -1 4 4 @5 plain @5 color -4 1 1 1 @5 phong @14 ambient factor -2 1 @14 diffuse factor -2 0.75 @15 specular factor -2 0.5 @8 exponent -2 10 @14 specular color -4 1 1 1 @4 none @5 plain @5 color -4 0 0 0 #
string_attrib-name_attrib-gen-attrib $-1 -1 $-1 $2376 $1041 2 1 2 1 1 1 1 1 1 1 1 1 1 1 0 1 1 1 @15 ATTRIB_XACIS_ID @5 44585 #
named_attribute-st-attrib $-1 -1 $3205 $-1 $2379 1 1 1 1 1 1 1 1 1 1 1 1 1 1 0 1 1 1 @3 eif #
straight-curve $-1 -1 -1 $-1 -27.541850454237906 47.250000000000014 0.18999999999999997 0 1 0 F 0 F 0.43999999999998529 #
integer_attrib-name_attrib-gen-attrib $-1 -1 $-1 $2383 $2013 2 1 1 1 1 1 1 1 1 1 1 1 1 1 0 1 1 1 @3 pid 8124 #
integer_attrib-name_attrib-gen-attrib $-1 -1 $-1 $-1 $2384 2 1 1 1 1 1 1 1 1 1 1 1 1 1 0 1 1 1 @3 pid 5050 #
point $-1 -1 -1 $-1 -27.585151724427359 47.690000000000005 0.21500000000008881 #
render-rbase-attrib $-1 -1 $3206 $2389 $1664 1 1 1 1 1 1 1 1 1 1 1 1 0 1 0 1 1 1 $3207 $-1 0 2 0 -1 0 1 0 0 0 0 1 -36.899999999999999 52.719999999999999 0.079999999999999988 1 rotate no_reflect no_shear #
coedge $-1 -1 -1 $-1 $2391 $2390 $2549 $2941 reversed $2392 $-1 #
edge $3208 -1 -1 $-1 $3209 0 $2394 0.44000000000018424 $2390 $3210 forward @7 tangent T -27.654433756730832 47.249999999999261 0.17499999999935995 -27.654433756729421 47.690000000000587 0.17500000000075028 #
face $3211 -1 -1 $-1 $3212 $2392 $5 $-1 $3213 forward double out T -27.671754264805625 47.249999999999261 0.17499999999935995 -27.654433756729421 47.690000000000587 0.20500000000000718 F #
integer_attrib-name_attrib-gen-attrib $-1 -1 $-1 $2393 $2023 2 1 1 1 1 1 1 1 1 1 1 1 1 1 0 1 1 1 @3 pid 8186 #
integer_attrib-name_attrib-gen-attrib $-1 -1 $-1 $-1 $2394 2 1 1 1 1 1 1 1 1 1 1 1 1 1 0 1 1 1 @3 pid 5022 #
point $-1 -1 -1 $-1 -27.654433756730135 47.249999999999957 0.17500000000005511 #
named_attribute-st-attrib $-1 -1 $3214 $-1 $2396 1 1 1 1 1 1 1 1 1 1 1 1 1 1 0 1 1 1 @3 eif #
straight-curve $-1 -1 -1 $-1 -27.671754264805358 47.689999999999984 0.20499999999980159 0 -1 0 F 0 F 0.43999999999998529 #
tcoedge-coedge $-1 -1 -1 $-1 $2401 $2400 $2940 $3215 reversed $1699 $3216 -1.0472603067474437 -0 F #
integer_attrib-name_attrib-gen-attrib $-1 -1 $-1 $2403 $2029 2 1 1 1 1 1 1 1 1 1 1 1 1 1 0 1 1 1 @3 pid 8048 #
coedge $-1 -1 -1 $-1 $2715 $2940 $2405 $2807 forward $1388 $-1 #
edge $3217 -1 -1 $-1 $2810 0 $2424 0.051850454238071109 $2405 $3218 forward @7 unknown T -27.541850454238212 47.689999999999962 0.10999999999991149 -27.489999999999974 47.690000000002101 0.11000000000008793 #
coedge $-1 -1 -1 $-1 $2406 $2765 $3219 $3220 reversed $2417 $-1 #
named_attribute-st-attrib $-1 -1 $3221 $-1 $2407 1 1 1 1 1 1 1 1 1 1 1 1 1 1 0 1 1 1 @3 eif #
tvertex-vertex $3222 -1 -1 $-1 $2407 $3223 8.821673200232518e-014 #
straight-curve $-1 -1 -1 $-1 -27.541850454238059 47.249999999999908 0.10999999999999999 0 1 0 F 0 F 0.44000000000018424 #
integer_attrib-name_attrib-gen-attrib $-1 -1 $3224 $-1 $2408 2 0 0 1 1 1 1 1 1 1 1 1 1 1 0 1 1 1 @3 fif 0 #
face $3225 -1 -1 $-1 $2318 $3197 $5 $-1 $3226 forward double out T -27.400000000005772 47.019999999999996 0.10999999999422845 -27.339999999999954 47.032522729150912 0.11000000000577152 F #
plane-surface $-1 -1 -1 $-1 -27.515925227118998 47.469999999999999 0.10999999999999999 0 0 1 0 -1 0 forward_v I I I I #
named_attribute-st-attrib $-1 -1 $3227 $-1 $2412 1 1 1 1 1 1 1 1 1 1 1 1 1 1 0 1 1 1 @3 eif #
tvertex-vertex $3228 -1 -1 $-1 $2412 $3229 5.7715408300575381e-012 #
straight-curve $-1 -1 -1 $-1 -27.399999999999999 47.169999999995596 0.10999999999999999 0 -1 0 F 0 F 0.13747727085045991 #
pcurve $-1 -1 -1 $-1 0 forward { exppc nubs 1 open 2 
	-1 1 -0 1 
	-0.20399999999999904 2.9363178555286063e-011 
	-0.20399999999999904 1.1592794807439075 
	0.001 
	-1 
	cone -27.339999999999996 47.170000000000002 0.079400000000000054 0 0 1 -0.15000000000000036 0 0 1 I I 0 -1 0.15000000000000036 reversed I I I I 
	} 0 0 #
named_attribute-st-attrib $-1 -1 $3230 $-1 $2414 1 1 1 1 1 1 1 1 1 1 1 1 1 1 0 1 1 1 @3 eif #
intcurve-curve $-1 -1 -1 $-1 forward { exactcur full nubs 3 open 4 
	0 3 0.32928883788066121 1 0.67208205313095637 1 1 3 
	-27.399999999999999 47.032522729145136 0.10999999999999999 
	-27.418204301547288 47.040755238823053 0.10999999999999999 
	-27.449787269000975 47.062202230826088 0.10999999999999999 
	-27.482762272556251 47.112656331090214 0.10999999999999997 
	-27.489741127872758 47.15011209123881 0.10999999999999999 
	-27.490000000000002 47.169999999995596 0.10999999999999999 
	0 
	null_surface 
	null_surface 
	nullbs 
	nullbs 
	-1 
	-1 
	I I 
	0 
	0 
	2 0.32928883788066121 0.67208205313095637 
	
	-1 
	none F F 1 F 0 } I I #
face $3231 -1 -1 $-1 $2771 $2417 $5 $-1 $3232 forward double out T -27.490000000004422 47.169999999995596 0.079999999999903079 -27.489999999995582 47.770000000008821 0.11000000000441779 F #
integer_attrib-name_attrib-gen-attrib $-1 -1 $-1 $2418 $2041 2 1 1 1 1 1 1 1 1 1 1 1 1 1 0 1 1 1 @3 pid 5920 #
integer_attrib-name_attrib-gen-attrib $-1 -1 $-1 $-1 $2419 2 1 1 1 1 1 1 1 1 1 1 1 1 1 0 1 1 1 @3 pid 3932 #
point $-1 -1 -1 $-1 -27.490000000000002 47.169999999997799 0.10999999999999951 #
integer_attrib-name_attrib-gen-attrib $-1 -1 $3233 $2421 $2042 2 1 1 1 1 1 1 1 1 1 1 1 1 1 0 1 1 1 @3 pid 2201 #
integer_attrib-name_attrib-gen-attrib $-1 -1 $-1 $2423 $2045 2 1 1 1 1 1 1 1 1 1 1 1 1 1 0 1 1 1 @3 pid 5923 #
integer_attrib-name_attrib-gen-attrib $-1 -1 $-1 $-1 $2424 2 1 1 1 1 1 1 1 1 1 1 1 1 1 0 1 1 1 @3 pid 3933 #
point $-1 -1 -1 $-1 -27.490000000000002 47.690000000002101 0.10999999999999999 #
integer_attrib-name_attrib-gen-attrib $-1 -1 $-1 $2427 $2053 2 1 1 1 1 1 1 1 1 1 1 1 1 1 0 1 1 1 @3 pid 7282 #
string_attrib-name_attrib-gen-attrib $-1 -1 $-1 $2434 $1063 2 1 2 1 1 1 1 1 1 1 1 1 1 1 0 1 1 1 @15 ATTRIB_XACIS_ID @5 44824 #
rgb_color-st-attrib $-1 -1 $3234 $2436 $1365 2 1 2 1 1 1 1 1 1 1 1 1 1 1 0 1 1 1 0.73000001907348633 0.40000000596046448 0 #
rh_material-rh_entity $-1 -1 4 4 @5 plain @5 color -4 1 1 1 @5 phong @14 ambient factor -2 1 @14 diffuse factor -2 0.75 @15 specular factor -2 0.5 @8 exponent -2 10 @14 specular color -4 1 1 1 @4 none @5 plain @5 color -4 0 0 0 #
rgb_color-st-attrib $-1 -1 $3235 $2440 $1368 2 1 2 1 1 1 1 1 1 1 1 1 1 1 0 1 1 1 0.73000001907348633 0.40000000596046448 0 #
rh_material-rh_entity $-1 -1 4 4 @5 plain @5 color -4 1 1 1 @5 phong @14 ambient factor -2 1 @14 diffuse factor -2 0.75 @15 specular factor -2 0.5 @8 exponent -2 10 @14 specular color -4 1 1 1 @4 none @5 plain @5 color -4 0 0 0 #
named_attribute-st-attrib $-1 -1 $3236 $-1 $2442 1 1 1 1 1 1 1 1 1 1 1 1 1 1 0 1 1 1 @3 eif #
straight-curve $-1 -1 -1 $-1 -27.780000000000051 47.689999999999998 0.22999999999999998 1 0 0 F 0 F 0.04704166322289538 #
integer_attrib-name_attrib-gen-attrib $-1 -1 $-1 $2443 $2074 2 1 1 1 1 1 1 1 1 1 1 1 1 1 0 1 1 1 @3 pid 7471 #
integer_attrib-name_attrib-gen-attrib $-1 -1 $-1 $-1 $2444 2 1 1 1 1 1 1 1 1 1 1 1 1 1 0 1 1 1 @3 pid 4671 #
point $-1 -1 -1 $-1 -27.780000000000022 47.689999999999998 0.22999999999999751 #
named_attribute-st-attrib $-1 -1 $3237 $-1 $2449 1 1 1 1 1 1 1 1 1 1 1 1 1 1 0 1 1 1 @3 eif #
ellipse-curve $-1 -1 -1 $-1 -27.541852023041692 47.690000000000005 0.23999728275278734 0 1 0 1.5688034782357363e-006 0 -0.049997282752769878 1 F 0 F 1.0472603067455026 #
integer_attrib-name_attrib-gen-attrib $-1 -1 $-1 $2450 $2079 2 1 1 1 1 1 1 1 1 1 1 1 1 1 0 1 1 1 @3 pid 8123 #
render-rbase-attrib $-1 -1 $3238 $2453 $1722 1 1 1 1 1 1 1 1 1 1 1 1 0 1 0 1 1 1 $3239 $-1 0 2 0 -1 0 1 0 0 0 0 1 -36.899999999999999 52.719999999999999 0.079999999999999988 1 rotate no_reflect no_shear #
integer_attrib-name_attrib-gen-attrib $-1 -1 $3240 $2454 $2083 2 1 1 1 1 1 1 1 1 1 1 1 1 1 0 1 1 1 @3 pid 2843 #
integer_attrib-name_attrib-gen-attrib $-1 -1 $3241 $-1 $2455 2 0 0 1 1 1 1 1 1 1 1 1 1 1 0 1 1 1 @3 fif 0 #
face $3242 -1 -1 $-1 $3243 $3244 $5 $-1 $3245 reversed double out T -27.780000000000665 48.269509376110662 0.10999510437670308 -27.479995104376599 48.270878113565345 0.31000109406301951 F #
loop $-1 -1 -1 $-1 $-1 $3246 $2455 T -28.467012493379599 48.709261676600448 0.079274121510437029 -27.479999999997098 48.710738323399553 0.31000109406304138 unknown #
plane-surface $-1 -1 -1 $-1 -27.628452994616246 48.710000000000001 0.21000000000005251 0 -1 0 0.49999999999674349 0 -0.86602540378631887 forward_v I I I I #
integer_attrib-name_attrib-gen-attrib $-1 -1 $-1 $2457 $2085 2 1 1 1 1 1 1 1 1 1 1 1 1 1 0 1 1 1 @3 pid 5935 #
rgb_color-st-attrib $-1 -1 $3247 $2462 $1398 2 1 2 1 1 1 1 1 1 1 1 1 1 1 0 1 1 1 0.73000001907348633 0.40000000596046448 0 #
rh_material-rh_entity $-1 -1 4 4 @5 plain @5 color -4 1 1 1 @5 phong @14 ambient factor -2 1 @14 diffuse factor -2 0.75 @15 specular factor -2 0.5 @8 exponent -2 10 @14 specular color -4 1 1 1 @4 none @5 plain @5 color -4 0 0 0 #
tcoedge-coedge $-1 -1 -1 $-1 $2464 $3093 $3248 $3249 forward $986 $3250 0 1 F #
coedge $-1 -1 -1 $-1 $3251 $3252 $2464 $2854 reversed $2871 $-1 #
edge $3253 -1 -1 $-1 $3254 0 $2858 0.515000000000152 $2464 $3255 forward @7 unknown T -27.490000000000052 48.319999999999915 0.5099999999999576 -27.489999999999952 48.835000000000065 0.51000000000006063 #
coedge $-1 -1 -1 $-1 $2527 $2465 $3252 $3256 forward $2481 $-1 #
coedge $-1 -1 -1 $-1 $2465 $2527 $2467 $2860 forward $2481 $-1 #
named_attribute-st-attrib $-1 -1 $3257 $-1 $2466 1 1 1 1 1 1 1 1 1 1 1 1 1 1 0 1 1 1 @3 eif #
vertex $3258 -1 -1 $-1 $2466 $3259 #
straight-curve $-1 -1 -1 $-1 -27.714115427318852 48.835000000000001 0.51000000000000001 1 0 0 F 0 F 0.22411542731895118 #
edge $3260 -1 -1 $-1 $2530 -2.4509929032083694e-016 $2469 0.18000000000005095 $2856 $3261 forward @7 unknown T -27.87000000000009 48.835000000000001 0.41999999999987137 -27.714115427318784 48.835000000000043 0.5099999999998549 #
integer_attrib-name_attrib-gen-attrib $-1 -1 $-1 $2468 $2097 2 1 1 1 1 1 1 1 1 1 1 1 1 1 0 1 1 1 @3 pid 4864 #
integer_attrib-name_attrib-gen-attrib $-1 -1 $-1 $-1 $2469 2 1 1 1 1 1 1 1 1 1 1 1 1 1 0 1 1 1 @3 pid 3460 #
point $-1 -1 -1 $-1 -27.714115427318845 48.835000000000043 0.5099999999998549 #
string_attrib-name_attrib-gen-attrib $-1 -1 $-1 $2475 $1120 2 1 2 1 1 1 1 1 1 1 1 1 1 1 0 1 1 1 @15 ATTRIB_XACIS_ID @5 40024 #
rgb_color-st-attrib $-1 -1 $3262 $2477 $1423 2 1 2 1 1 1 1 1 1 1 1 1 1 1 0 1 1 1 0.73000001907348633 0.40000000596046448 0 #
rh_material-rh_entity $-1 -1 4 4 @5 plain @5 color -4 1 1 1 @5 phong @14 ambient factor -2 1 @14 diffuse factor -2 0.75 @15 specular factor -2 0.5 @8 exponent -2 10 @14 specular color -4 1 1 1 @4 none @5 plain @5 color -4 0 0 0 #
render-rbase-attrib $-1 -1 $3263 $2478 $1753 1 1 1 1 1 1 1 1 1 1 1 1 0 1 0 1 1 1 $3264 $-1 0 2 0 -1 0 1 0 0 0 0 1 -36.899999999999999 52.719999999999999 0.079999999999999988 1 rotate no_reflect no_shear #
integer_attrib-name_attrib-gen-attrib $-1 -1 $3265 $2479 $2108 2 1 1 1 1 1 1 1 1 1 1 1 1 1 0 1 1 1 @3 pid 1227 #
integer_attrib-name_attrib-gen-attrib $-1 -1 $3266 $-1 $2480 2 0 0 1 1 1 1 1 1 1 1 1 1 1 0 1 1 1 @3 fif 0 #
face $3267 -1 -1 $-1 $3268 $3269 $5 $-1 $3270 reversed double out T -27.60000000000008 48.944999999997023 0.079999999999999988 -27.399999999997021 48.945000000002977 0.42000000000000992 F #
loop $-1 -1 -1 $-1 $-1 $3271 $2480 T -27.490000000000052 48.319999999999666 0.1899999999997572 -27.489999999999544 48.9450000000001 0.51000000000006063 unknown #
plane-surface $-1 -1 -1 $-1 -27.490000000000002 48.632500000000007 0.35000000000000486 1 0 0 0 -1 0 forward_v I I I I #
named_attribute-st-attrib $-1 -1 $3272 $-1 $2484 1 1 1 1 1 1 1 1 1 1 1 1 1 1 0 1 1 1 @3 eif #
ellipse-curve $-1 -1 -1 $-1 -27.984999225689407 47.939996762907569 0.31 0 0 -1 -0.16064111212822141 0.31657816008231965 0 1 F 0 F 0.46957138443495167 #
integer_attrib-name_attrib-gen-attrib $-1 -1 $-1 $2485 $2113 2 1 1 1 1 1 1 1 1 1 1 1 1 1 0 1 1 1 @3 pid 4858 #
integer_attrib-name_attrib-gen-attrib $-1 -1 $-1 $-1 $2486 2 1 1 1 1 1 1 1 1 1 1 1 1 1 0 1 1 1 @3 pid 3456 #
point $-1 -1 -1 $-1 -28.145640337818001 48.256574922990005 0.30999999999999994 #
integer_attrib-name_attrib-gen-attrib $-1 -1 $-1 $2490 $2120 2 1 1 1 1 1 1 1 1 1 1 1 1 1 0 1 1 1 @3 pid 6809 #
coedge $-1 -1 -1 $-1 $2964 $2492 $2495 $2884 reversed $2881 $-1 #
coedge $-1 -1 -1 $-1 $2492 $3273 $2752 $3168 forward $2881 $-1 #
loop $-1 -1 -1 $-1 $-1 $2879 $3087 T -28.190000000000627 48.189999999999948 0.22999999999960202 -28.109999999984559 48.270000000000636 0.31000000000056738 unknown #
named_attribute-st-attrib $-1 -1 $3274 $-1 $2493 1 1 1 1 1 1 1 1 1 1 1 1 1 1 0 1 1 1 @3 eif #
ellipse-curve $-1 -1 -1 $-1 -28.189997064121478 48.19000157169863 0.30999999999999994 0 0 1 0.079997064121476669 -1.5716986307978686e-006 0 1 F 0 F 0.98307867804094795 #
edge $3275 -1 -1 $-1 $2967 1.7930101847696278e-014 $2498 0.080000000000008148 $2879 $3276 forward @7 tangent T -28.110000000000348 48.189999999999948 0.22999999999972498 -28.109999999999211 48.190000000001085 0.31000000000056738 #
integer_attrib-name_attrib-gen-attrib $-1 -1 $-1 $2497 $2125 2 1 1 1 1 1 1 1 1 1 1 1 1 1 0 1 1 1 @3 pid 6814 #
integer_attrib-name_attrib-gen-attrib $-1 -1 $3277 $-1 $2498 2 1 1 1 1 1 1 1 1 1 1 1 1 1 0 1 1 1 @3 pid 4529 #
point $-1 -1 -1 $-1 -28.109999999999779 48.190000000000516 0.31 #
coedge $-1 -1 -1 $-1 $2500 $3278 $3279 $3280 forward $2336 $-1 #
integer_attrib-name_attrib-gen-attrib $-1 -1 $-1 $2501 $2127 2 1 1 1 1 1 1 1 1 1 1 1 1 1 0 1 1 1 @3 pid 4860 #
integer_attrib-name_attrib-gen-attrib $-1 -1 $-1 $-1 $2502 2 1 1 1 1 1 1 1 1 1 1 1 1 1 0 1 1 1 @3 pid 3457 #
point $-1 -1 -1 $-1 -27.985000000000007 48.295000000000272 0.31 #
edge $3281 -1 -1 $-1 $2507 0 $2593 0.080000000000016253 $2505 $3282 forward @7 unknown T -27.860000000000387 48.102480768092612 0.22999999999968651 -27.859999999999769 48.102480768093237 0.31000000000031386 #
integer_attrib-name_attrib-gen-attrib $-1 -1 $-1 $2506 $2129 2 1 1 1 1 1 1 1 1 1 1 1 1 1 0 1 1 1 @3 pid 6812 #
integer_attrib-name_attrib-gen-attrib $-1 -1 $3283 $-1 $2507 2 1 1 1 1 1 1 1 1 1 1 1 1 1 0 1 1 1 @3 pid 4527 #
point $-1 -1 -1 $-1 -27.860000000000078 48.102480768092924 0.31000000000000405 #
coedge $-1 -1 -1 $-1 $3279 $2977 $2509 $2897 forward $3244 $-1 #
edge $3284 -1 -1 $-1 $2980 1.7930101847696278e-014 $2899 0.079999999999998739 $2896 $3285 forward @7 tangent T -27.780000000000665 48.269999999999776 0.22999999999981779 -27.779999999999944 48.270000000000472 0.31000000000033956 #
named_attribute-st-attrib $-1 -1 $3286 $-1 $2510 1 1 1 1 1 1 1 1 1 1 1 1 1 1 0 1 1 1 @3 eif #
tvertex-vertex $3287 -1 -1 $-1 $-1 $3288 3.4894050144397685e-013 #
ellipse-curve $-1 -1 -1 $-1 -27.779999778952444 48.18999926960668 0.31 0 0 -1 -0.044359883229907027 0.066575653383106115 0 1 F 0 F 0.58775141652972474 #
named_attribute-st-attrib $-1 -1 $3289 $-1 $2512 1 1 1 1 1 1 1 1 1 1 1 1 1 1 0 1 1 1 @3 eif #
straight-curve $-1 -1 -1 $-1 -27.859999999999999 48.189999999999998 0.3100000000000081 0 0 -1 F 0 F 0.080000000000016253 #
vertedge-sys-attrib $-1 -1 $-1 $2514 $2133 1 1 1 1 1 1 1 1 1 1 1 1 0 1 0 1 1 1 4 $3290 $2512 $-1 $-1 #
integer_attrib-name_attrib-gen-attrib $-1 -1 $-1 $2519 $2139 2 1 1 1 1 1 1 1 1 1 1 1 1 1 0 1 1 1 @3 pid 6813 #
coedge $-1 -1 -1 $-1 $3291 $2526 $3292 $3293 forward $149 $-1 #
coedge $-1 -1 -1 $-1 $3252 $3294 $2526 $2907 reversed $2871 $-1 #
edge $3295 -1 -1 $-1 $2909 4.4408920985006262e-016 $3296 0.11000000000003274 $2526 $3297 forward @7 unknown T -27.490000000000002 48.835000000000065 0.42000000000000004 -27.489999999999995 48.9450000000001 0.42000000000000992 #
named_attribute-st-attrib $-1 -1 $3298 $-1 $2528 1 1 1 1 1 1 1 1 1 1 1 1 1 1 0 1 1 1 @3 eif #
vertex $3299 -1 -1 $-1 $2907 $3300 #
straight-curve $-1 -1 -1 $-1 -27.489999999999899 48.835000000000001 0.42000000000000004 -1 0 0 F 0 F 0.38000000000019085 #
integer_attrib-name_attrib-gen-attrib $-1 -1 $-1 $2529 $2147 2 1 1 1 1 1 1 1 1 1 1 1 1 1 0 1 1 1 @3 pid 2707 #
integer_attrib-name_attrib-gen-attrib $-1 -1 $-1 $-1 $2530 2 1 1 1 1 1 1 1 1 1 1 1 1 1 0 1 1 1 @3 pid 2014 #
point $-1 -1 -1 $-1 -27.87000000000009 48.835000000000001 0.41999999999989868 #
coedge $-1 -1 -1 $-1 $2533 $3291 $3301 $3302 reversed $149 $-1 #
coedge $-1 -1 -1 $-1 $3303 $3304 $2533 $2916 reversed $3305 $-1 #
edge $3306 -1 -1 $-1 $3307 1.0324864505109818e-016 $2921 0.25806975801127841 $2915 $3308 forward @7 unknown T -28.349999999999952 48.834999999999795 0.41999999999999993 -28.199999999999999 49.045000000000208 0.42000000000000492 #
coedge $-1 -1 -1 $-1 $3309 $2534 $3304 $3310 reversed $2919 $-1 #
coedge $-1 -1 -1 $-1 $2534 $3311 $2536 $2924 forward $2919 $-1 #
loop $-1 -1 -1 $-1 $-1 $3045 $3312 T -29.0700000000001 48.834999999999859 0.079999999999999974 -28.349999999999632 48.8350000000001 0.42000000000000992 unknown #
named_attribute-st-attrib $-1 -1 $3313 $-1 $2535 1 1 1 1 1 1 1 1 1 1 1 1 1 1 0 1 1 1 @3 eif #
vertex $3314 -1 -1 $-1 $2916 $3315 #
straight-curve $-1 -1 -1 $-1 -28.349999999999909 48.835000000000001 0.42000000000000004 -1 0 0 F 0 F 0.72000000000018982 #
coedge $-1 -1 -1 $-1 $2537 $2536 $3063 $3316 reversed $2538 $-1 #
edge $3317 -1 -1 $-1 $3318 0 $2540 0.33999999999999991 $2536 $3319 forward @7 unknown T -29.07000000000005 48.83499999999993 0.08000000000000998 -29.07 48.835000000000001 0.42000000000000992 #
face $3320 -1 -1 $-1 $2546 $2538 $5 $-1 $3321 forward double out T -29.07000000000005 48.83499999999993 0.07999999999999996 -29.07 49.04500000000008 0.42000000000000992 F #
integer_attrib-name_attrib-gen-attrib $-1 -1 $-1 $2539 $2155 2 1 1 1 1 1 1 1 1 1 1 1 1 1 0 1 1 1 @3 pid 2715 #
integer_attrib-name_attrib-gen-attrib $-1 -1 $-1 $-1 $2540 2 1 1 1 1 1 1 1 1 1 1 1 1 1 0 1 1 1 @3 pid 2021 #
point $-1 -1 -1 $-1 -29.07 48.83499999999993 0.42000000000000992 #
coedge $-1 -1 -1 $-1 $2544 $2542 $3065 $3322 reversed $2158 $-1 #
edge $3323 -1 -1 $-1 $2932 0 $3067 0.27999999999999936 $2644 $3324 forward @7 unknown T -29.350000000000001 49.045000000000002 0.079999999999999974 -29.07 49.045000000000044 0.08000000000000497 #
named_attribute-st-attrib $-1 -1 $3325 $-1 $2543 1 1 1 1 1 1 1 1 1 1 1 1 1 1 0 1 1 1 @3 eif #
vertex $3326 -1 -1 $-1 $3316 $3327 #
straight-curve $-1 -1 -1 $-1 -29.07 49.045000000000002 0.41999999999999993 0 0 -1 F 0 F 0.33999999999999997 #
coedge $-1 -1 -1 $-1 $3328 $3329 $2544 $2935 forward $3330 $-1 #
edge $-1 -1 -1 $-1 $2936 0.32053229058490018 $3331 1.0405322905850003 $2544 $3332 forward @7 unknown F #
vertex $-1 -1 -1 $-1 $2935 $3333 #
straight-curve $-1 -1 -1 $-1 -30.0700000000001 49.045000000000002 0.16499999999999279 0 0 -1 I I #
integer_attrib-name_attrib-gen-attrib $-1 -1 $3334 $-1 $2546 2 1 1 1 1 1 1 1 1 1 1 1 1 1 0 1 1 1 @3 pid 1235 #
plane-surface $-1 -1 -1 $-1 -32.884999999999998 49.045000000000002 0.25 0 -1 0 -1 0 0 forward_v I I I I #
tcoedge-coedge $-1 -1 -1 $-1 $2806 $2549 $2804 $3215 forward $1388 $3335 0 1.0472603067474437 F #
edge $3336 -1 -1 $-1 $2552 -3.5728090405553864e-016 $3209 0.034641016151313445 $2796 $3337 forward @7 unknown T -27.671754264805625 47.689999999999422 0.17499999999948967 -27.654433756729421 47.690000000000587 0.20499999999999893 #
integer_attrib-name_attrib-gen-attrib $-1 -1 $-1 $2551 $2166 2 1 1 1 1 1 1 1 1 1 1 1 1 1 0 1 1 1 @3 pid 7928 #
integer_attrib-name_attrib-gen-attrib $-1 -1 $-1 $-1 $2552 2 1 1 1 1 1 1 1 1 1 1 1 1 1 0 1 1 1 @3 pid 4979 #
point $-1 -1 -1 $-1 -27.671754264805625 47.689999999999998 0.20499999999975643 #
integer_attrib-name_attrib-gen-attrib $-1 -1 $3338 $2554 $2167 2 1 1 1 1 1 1 1 1 1 1 1 1 1 0 1 1 1 @3 pid 2639 #
integer_attrib-name_attrib-gen-attrib $-1 -1 $3339 $-1 $2555 2 0 0 1 1 1 1 1 1 1 1 1 1 1 0 1 1 1 @3 fif 0 #
face $3340 -1 -1 $-1 $3341 $3342 $5 $-1 $3343 forward double out T -28.273431457509584 48.269999999995605 0.20656854249051973 -28.216862915008043 48.710000000004328 0.23000000000201862 F #
loop $-1 -1 -1 $-1 $-1 $3344 $2555 T -27.715055535000403 48.269999999994624 0.20499999999476543 -27.671754264800459 48.710000000005117 0.23000000002461626 unknown #
cone-surface $-1 -1 -1 $-1 -27.715055534994999 48.261200000000002 0.17999999999999999 0 1 0 0 0 -0.049999999999999996 1 I I -0 1 0.049999999999999996 reversed I I I I #
coedge $-1 -1 -1 $-1 $2558 $3345 $2557 $2951 forward $1832 $-1 #
edge $3346 -1 -1 $-1 $2959 0 $2953 0.46957138443696073 $2557 $3347 forward @7 unknown T -28.145640337817678 48.256574922989785 0.22999999999999998 -27.985000000000007 48.295000000000279 0.22999999999999998 #
named_attribute-st-attrib $-1 -1 $3348 $-1 $2559 1 1 1 1 1 1 1 1 1 1 1 1 1 1 0 1 1 1 @3 eif #
vertex $3349 -1 -1 $-1 $2951 $3350 #
ellipse-curve $-1 -1 -1 $-1 -27.985000774310741 47.939996762906858 0.22999999999999998 0 0 -1 7.743107328650467e-007 0.3550032370934133 0 1 F 0 F 0.46957138443410673 #
integer_attrib-name_attrib-gen-attrib $-1 -1 $-1 $2561 $2173 2 1 1 1 1 1 1 1 1 1 1 1 1 1 0 1 1 1 @3 pid 5598 #
integer_attrib-name_attrib-gen-attrib $-1 -1 $-1 $-1 $2562 2 1 1 1 1 1 1 1 1 1 1 1 1 1 0 1 1 1 @3 pid 3742 #
point $-1 -1 -1 $-1 -27.824359662182353 48.256574922989891 0.22999999999999998 #
named_attribute-st-attrib $-1 -1 $3351 $-1 $2565 1 1 1 1 1 1 1 1 1 1 1 1 1 1 0 1 1 1 @3 eif #
vertex $3352 -1 -1 $-1 $3353 $3354 #
ellipse-curve $-1 -1 -1 $-1 -27.984998138338497 47.939997687780945 0.22999999999999998 0 0 -1 -0.27500186166150087 0.22450175542506032 0 1 F 0 F 0.41657890568255151 #
integer_attrib-name_attrib-gen-attrib $-1 -1 $-1 $2567 $2180 2 1 1 1 1 1 1 1 1 1 1 1 1 1 0 1 1 1 @3 pid 5592 #
integer_attrib-name_attrib-gen-attrib $-1 -1 $-1 $-1 $2568 2 1 1 1 1 1 1 1 1 1 1 1 1 1 0 1 1 1 @3 pid 3736 #
point $-1 -1 -1 $-1 -28.260000000000048 48.164499443206161 0.23000000000000825 #
coedge $-1 -1 -1 $-1 $3355 $2879 $2573 $2965 reversed $2881 $-1 #
edge $3356 -1 -1 $-1 $2959 4.8283744160431676e-012 $2967 0.9830786780019698 $2964 $3357 forward @7 unknown T -28.145640337817682 48.189999999999969 0.22999999999972498 -28.109999999984563 48.256574922989785 0.23000000000029458 #
named_attribute-st-attrib $-1 -1 $3358 $-1 $2575 1 1 1 1 1 1 1 1 1 1 1 1 1 1 0 1 1 1 @3 eif #
tvertex-vertex $3359 -1 -1 $-1 $-1 $3360 2.847993649480708e-013 #
straight-curve $-1 -1 -1 $-1 -28.109999999999999 48.190000000000005 0.22999999999999998 0 -1 0 F 0 F 0.087519231906999728 #
integer_attrib-name_attrib-gen-attrib $-1 -1 $-1 $2576 $2186 2 1 1 1 1 1 1 1 1 1 1 1 1 1 0 1 1 1 @3 pid 7026 #
integer_attrib-name_attrib-gen-attrib $-1 -1 $3361 $-1 $2577 2 1 1 1 1 1 1 1 1 1 1 1 1 1 0 1 1 1 @3 pid 4666 #
point $-1 -1 -1 $-1 -28.109999999999953 48.102480768092896 0.2299999999999959 #
integer_attrib-name_attrib-gen-attrib $-1 -1 $3362 $2579 $2188 2 1 1 1 1 1 1 1 1 1 1 1 1 1 0 1 1 1 @3 pid 2118 #
string_attrib-name_attrib-gen-attrib $-1 -1 $-1 $2582 $1194 2 1 2 1 1 1 1 1 1 1 1 1 1 1 0 1 1 1 @15 ATTRIB_XACIS_ID @5 44395 #
rgb_color-st-attrib $-1 -1 $3363 $2584 $1500 2 1 2 1 1 1 1 1 1 1 1 1 1 1 0 1 1 1 0.73000001907348633 0.40000000596046448 0 #
rh_material-rh_entity $-1 -1 4 4 @5 plain @5 color -4 1 1 1 @5 phong @14 ambient factor -2 1 @14 diffuse factor -2 0.75 @15 specular factor -2 0.5 @8 exponent -2 10 @14 specular color -4 1 1 1 @4 none @5 plain @5 color -4 0 0 0 #
coedge $-1 -1 -1 $-1 $3364 $2585 $3365 $3366 forward $1832 $-1 #
coedge $-1 -1 -1 $-1 $2896 $3367 $2585 $2978 reversed $3244 $-1 #
edge $3368 -1 -1 $-1 $2980 0 $3369 0.064944465005094543 $2977 $3370 forward @7 unknown T -27.780000000000328 48.269999999994624 0.22999999999462217 -27.715055534989645 48.270000000005382 0.23000000000537629 #
named_attribute-st-attrib $-1 -1 $3371 $-1 $2587 1 1 1 1 1 1 1 1 1 1 1 1 1 1 0 1 1 1 @3 eif #
tvertex-vertex $3372 -1 -1 $-1 $-1 $3373 1.9198154459498238e-013 #
ellipse-curve $-1 -1 -1 $-1 -27.779999778952252 48.189999269605543 0.22999999999999998 0 0 -1 -0.044359883230098873 0.066575653384343347 0 1 F 0 F 0.58775141652074681 #
named_attribute-st-attrib $-1 -1 $3374 $-1 $2588 1 1 1 1 1 1 1 1 1 1 1 1 1 1 0 1 1 1 @3 eif #
ellipse-curve $-1 -1 -1 $-1 -27.780002935878571 48.190001571698659 0.22999999999999998 0 0 -1 -0.079997064121426931 -1.5716986565550428e-006 0 1 F 0 F 0.98307867804160887 #
pcurve $-1 -1 -1 $-1 0 forward { exppc nubs 1 open 2 
	-1 1 -0 1 
	-0.19692665212634131 2.4858398278328586 
	-0.19692665212634131 0.65575282575694605 
	0.001 
	-1 
	cone -27.984999999999999 47.939999999999998 0.1896300363141 0 0 1 0 -0.20500000000000007 0 1 I I 0 -1 0.20500000000000007 reversed I I I I 
	} 0 0 #
named_attribute-st-attrib $-1 -1 $3375 $-1 $2590 1 1 1 1 1 1 1 1 1 1 1 1 1 1 0 1 1 1 @3 eif #
intcurve-curve $-1 -1 -1 $-1 forward { exactcur full nubs 3 open 6 
	0 3 0.19656157684830686 1 0.39909268741538306 1 0.60173007705208426 1 0.80400073535096528 1 
	1 3 
	-27.859999999999996 47.777519231907 0.22999999999999998 
	-27.83988114763963 47.793352860065845 0.22999999999999998 
	-27.806805455844152 47.829689371048197 0.22999999999999998 
	-27.778755910505144 47.9016373612981 0.23000000000000001 
	-27.778816052247059 47.978643961170732 0.23000000000000001 
	-27.806914181113136 48.05045181907856 0.22999999999999995 
	-27.839941647251699 48.086697965517985 0.23000000000000001 
	-27.859999999999999 48.102480768093002 0.22999999999999998 
	0 
	null_surface 
	null_surface 
	nullbs 
	nullbs 
	-1 
	-1 
	I I 
	0 
	0 
	4 0.19656157684830686 0.39909268741538306 0.60173007705208426 0.80400073535096528 
	
	-1 
	none F F 1 F 0 } I I #
integer_attrib-name_attrib-gen-attrib $-1 -1 $-1 $2592 $2200 2 1 1 1 1 1 1 1 1 1 1 1 1 1 0 1 1 1 @3 pid 7031 #
integer_attrib-name_attrib-gen-attrib $-1 -1 $3376 $-1 $2593 2 1 1 1 1 1 1 1 1 1 1 1 1 1 0 1 1 1 @3 pid 4669 #
point $-1 -1 -1 $-1 -27.860000000000078 48.102480768092924 0.2299999999999959 #
integer_attrib-name_attrib-gen-attrib $-1 -1 $3377 $-1 $2594 2 1 1 1 1 1 1 1 1 1 1 1 1 1 0 1 1 1 @3 pid 4670 #
point $-1 -1 -1 $-1 -27.860000000000078 48.190000000000055 0.23000000000000978 #
string_attrib-name_attrib-gen-attrib $-1 -1 $-1 $2597 $1200 2 1 2 1 1 1 1 1 1 1 1 1 1 1 0 1 1 1 @15 ATTRIB_XACIS_ID @5 44053 #
rgb_color-st-attrib $-1 -1 $3378 $2599 $1509 2 1 2 1 1 1 1 1 1 1 1 1 1 1 0 1 1 1 0.73000001907348633 0.40000000596046448 0 #
rh_material-rh_entity $-1 -1 4 4 @5 plain @5 color -4 1 1 1 @5 phong @14 ambient factor -2 1 @14 diffuse factor -2 0.75 @15 specular factor -2 0.5 @8 exponent -2 10 @14 specular color -4 1 1 1 @4 none @5 plain @5 color -4 0 0 0 #
render-rbase-attrib $-1 -1 $3379 $2600 $1840 1 1 1 1 1 1 1 1 1 1 1 1 0 1 0 1 1 1 $3380 $-1 0 2 0 -1 0 1 0 0 0 0 1 -36.899999999999999 52.719999999999999 0.079999999999999988 1 rotate no_reflect no_shear #
integer_attrib-name_attrib-gen-attrib $-1 -1 $3381 $2601 $2206 2 1 1 1 1 1 1 1 1 1 1 1 1 1 0 1 1 1 @3 pid 2177 #
integer_attrib-name_attrib-gen-attrib $-1 -1 $3382 $-1 $2602 2 0 0 1 1 1 1 1 1 1 1 1 1 1 0 1 1 1 @3 fif 0 #
face $3383 -1 -1 $-1 $3384 $3385 $5 $-1 $3386 reversed double out T -28.686865236013681 48.269997687599613 0.079985954524094585 -28.686807092171033 48.300016065400825 0.11000000178507365 F #
loop $-1 -1 -1 $-1 $-1 $3387 $2602 T -28.467000048469593 48.269997577312125 0.079274121510437029 -28.353134662302008 48.710725878489548 0.1268653376984156 unknown #
cone-surface $-1 -1 -1 $-1 -28.466274169979997 48.718800000000002 0.23999999999999999 0 -1 0 0 0 0.16 1 I I -0 1 0.16 reversed I I I I #
coedge $-1 -1 -1 $-1 $3388 $3389 $3390 $3391 forward $2603 $-1 #
coedge $-1 -1 -1 $-1 $3392 $2605 $3393 $3394 forward $2207 $-1 #
coedge $-1 -1 -1 $-1 $2605 $3392 $3395 $3396 reversed $2207 $-1 #
coedge $-1 -1 -1 $-1 $3397 $3398 $2605 $3005 reversed $3129 $-1 #
edge $3399 -1 -1 $-1 $3400 -2.3551386877423228e-016 $3401 0.11272077938655757 $3004 $3402 forward @7 unknown T -28.353137084993563 48.269999999995605 0.12686291500657379 -28.273431457500692 48.270000000004401 0.20656854249931708 #
coedge $-1 -1 -1 $-1 $2607 $2606 $3403 $3404 forward $1841 $-1 #
coedge $-1 -1 -1 $-1 $2610 $3405 $2606 $3008 forward $2619 $-1 #
edge $3406 -1 -1 $-1 $3407 0 $3013 0.78540003463474029 $2606 $3408 forward @7 unknown T -28.743431457555513 48.269999999999918 0.1599999999504855 -28.686862915009915 48.293431457555521 0.16000000004951445 #
coedge $-1 -1 -1 $-1 $3409 $3410 $2607 $3010 forward $3411 $-1 #
edge $3412 -1 -1 $-1 $3012 0 $3413 0.78539816447096455 $2607 $3414 forward @7 unknown T -28.743431457565634 48.269999998214715 0.10999998959513523 -28.686862908906892 48.293431457565795 0.11000000178507365 #
named_attribute-st-attrib $-1 -1 $3415 $-1 $2609 1 1 1 1 1 1 1 1 1 1 1 1 1 1 0 1 1 1 @3 eif #
vertex $3416 -1 -1 $-1 $3010 $3417 #
tvertex-vertex $3418 -1 -1 $-1 $-1 $3419 4.9514470699848559e-011 #
straight-curve $-1 -1 -1 $-1 -28.743431457529674 48.293431457529678 0.1100000000000016 0 0 1 F 0 F 0.049999999999998358 #
named_attribute-st-attrib $-1 -1 $3420 $-1 $2611 1 1 1 1 1 1 1 1 1 1 1 1 1 1 0 1 1 1 @3 eif #
straight-curve $-1 -1 -1 $-1 -28.743431457505999 48.293431457506003 0.15999999999999998 -0.70710678118655346 0.70710678118654158 0 F -6.2803698347352584e-016 F 0.075147186253586046 #
coedge $-1 -1 -1 $-1 $3421 $2612 $3410 $3422 reversed $3019 $-1 #
coedge $-1 -1 -1 $-1 $2612 $3421 $2622 $3032 reversed $3019 $-1 #
loop $-1 -1 -1 $-1 $-1 $3018 $3423 T -28.796568542515583 48.29343145756571 0.079999999855042039 -28.722218254107304 48.367781746082962 0.11000000004759893 unknown #
named_attribute-st-attrib $-1 -1 $3424 $-1 $2613 1 1 1 1 1 1 1 1 1 1 1 1 1 1 0 1 1 1 @3 eif #
straight-curve $-1 -1 -1 $-1 -28.796568542471171 48.346568542471175 0.1100000000002492 0.70710678118654757 -0.70710678118654757 -2.2661438548256324e-012 F 6.2803698471812234e-016 F 0.075147186189023205 #
integer_attrib-name_attrib-gen-attrib $-1 -1 $-1 $2614 $2213 2 1 1 1 1 1 1 1 1 1 1 1 1 1 0 1 1 1 @3 pid 7214 #
integer_attrib-name_attrib-gen-attrib $-1 -1 $3425 $-1 $2615 2 1 1 1 1 1 1 1 1 1 1 1 1 1 0 1 1 1 @3 pid 4548 #
point $-1 -1 -1 $-1 -28.796568542481818 48.346568542481897 0.1599999999999992 #
integer_attrib-name_attrib-gen-attrib $-1 -1 $3426 $-1 $2616 2 1 1 1 1 1 1 1 1 1 1 1 1 1 0 1 1 1 @3 pid 3903 #
point $-1 -1 -1 $-1 -28.79656854246798 48.346568542468191 0.10999999999999713 #
coedge $-1 -1 -1 $-1 $3028 $2618 $3427 $3428 forward $2619 $-1 #
coedge $-1 -1 -1 $-1 $3429 $3027 $3430 $3431 forward $2619 $-1 #
face $3432 -1 -1 $-1 $3433 $2619 $5 $-1 $3434 reversed double out T -28.820000000020052 48.269999999999612 0.15926167660043525 -28.465535846580494 48.835000000000107 0.16073832339953861 F #
integer_attrib-name_attrib-gen-attrib $-1 -1 $-1 $2620 $2215 2 1 1 1 1 1 1 1 1 1 1 1 1 1 0 1 1 1 @3 pid 6843 #
coedge $-1 -1 -1 $-1 $2623 $2622 $3435 $3436 forward $2624 $-1 #
edge $3437 -1 -1 $-1 $2616 2.7392078505959723e-014 $3438 0.042426406871190321 $3018 $3439 forward @7 tangent T -28.796568542515583 48.346568542420592 0.079999999855042039 -28.775355338921042 48.367781746082962 0.11000000004759893 #
coedge $-1 -1 -1 $-1 $3440 $2628 $2623 $3034 reversed $3041 $-1 #
edge $3441 -1 -1 $-1 $3442 1.4660174802741119e-014 $2222 0.042426406871163364 $2623 $3443 forward @7 tangent T -28.820000000065161 48.403137084798999 0.079999999827947713 -28.78999999982797 48.403137085143101 0.11000000006519779 #
face $3444 -1 -1 $-1 $3423 $2624 $5 $-1 $3445 reversed double out T -28.820000000065161 48.346568542420592 0.079999999827947713 -28.775355338921042 48.403137085143101 0.11000000006519779 F #
integer_attrib-name_attrib-gen-attrib $-1 -1 $-1 $2625 $2217 2 1 1 1 1 1 1 1 1 1 1 1 1 1 0 1 1 1 @3 pid 5871 #
coedge $-1 -1 -1 $-1 $2630 $2627 $3446 $3447 reversed $2220 $-1 #
coedge $-1 -1 -1 $-1 $3448 $3449 $2627 $3039 reversed $3450 $-1 #
edge $3451 -1 -1 $-1 $3043 2.1999763122337868e-013 $3452 0.029999999999819997 $3038 $3453 forward @7 unknown T -28.820000000000846 48.729999999999528 0.079999999999617113 -28.819999999999894 48.73000000000048 0.11000000000007622 #
coedge $-1 -1 -1 $-1 $2628 $3440 $3448 $3454 forward $3041 $-1 #
loop $-1 -1 -1 $-1 $-1 $3040 $3455 T -28.820000000065161 48.403137084798999 0.079999999827947713 -28.78999999982797 48.730000000000636 0.11000000006519779 unknown #
named_attribute-st-attrib $-1 -1 $3456 $-1 $2629 1 1 1 1 1 1 1 1 1 1 1 1 1 1 0 1 1 1 @3 eif #
tvertex-vertex $3457 -1 -1 $-1 $-1 $3458 4.762291339996274e-013 #
straight-curve $-1 -1 -1 $-1 -28.82 48.730000000000103 0.10999999999956886 0 -1 0 F 0 F 0.32686291505020026 #
coedge $-1 -1 -1 $-1 $3311 $3427 $2630 $3046 forward $2919 $-1 #
edge $3459 -1 -1 $-1 $3048 0 $3460 0.08000000000000497 $2630 $3461 forward @7 unknown T -28.82 48.835000000000001 0.0800000000000025 -28.82 48.8350000000001 0.16000000000000747 #
named_attribute-st-attrib $-1 -1 $3462 $-1 $2631 1 1 1 1 1 1 1 1 1 1 1 1 1 1 0 1 1 1 @3 eif #
vertex $3463 -1 -1 $-1 $2631 $3464 #
straight-curve $-1 -1 -1 $-1 -28.82 48.403137084949904 0.15999999999999998 0 1 0 F 0 F 0.4318629150501998 #
integer_attrib-name_attrib-gen-attrib $-1 -1 $3465 $-1 $2632 2 0 0 1 1 1 1 1 1 1 1 1 1 1 0 1 1 1 @3 fif 0 #
face $3466 -1 -1 $-1 $3455 $3450 $5 $-1 $3467 reversed double out T -28.820000000000846 48.729999999999372 0.079999999999366134 -28.789999999999992 48.730000000000636 0.11000000000007622 F #
plane-surface $-1 -1 -1 $-1 -28.82 48.619068542474999 0.12000000000000499 1 0 0 0 -1 0 forward_v I I I I #
vertedge-sys-attrib $-1 -1 $-1 $2634 $2222 1 1 1 1 1 1 1 1 1 1 1 1 0 1 0 1 1 1 4 $3468 $2217 $-1 $-1 #
vertedge-sys-attrib $-1 -1 $-1 $2636 $2223 1 1 1 1 1 1 1 1 1 1 1 1 0 1 0 1 1 1 4 $2215 $3469 $-1 $-1 #
rgb_color-st-attrib $-1 -1 $3470 $2638 $1527 2 1 2 1 1 1 1 1 1 1 1 1 1 1 0 1 1 1 0.73000001907348633 0.40000000596046448 0 #
rh_material-rh_entity $-1 -1 4 4 @5 plain @5 color -4 1 1 1 @5 phong @14 ambient factor -2 1 @14 diffuse factor -2 0.75 @15 specular factor -2 0.5 @8 exponent -2 10 @14 specular color -4 1 1 1 @4 none @5 plain @5 color -4 0 0 0 #
rgb_color-st-attrib $-1 -1 $3471 $2639 $1859 2 1 2 1 1 1 1 1 1 1 1 1 1 1 0 1 1 1 0.73000001907348633 0.40000000596046448 0 #
rh_material-rh_entity $-1 -1 4 4 @5 plain @5 color -4 1 1 1 @5 phong @14 ambient factor -2 1 @14 diffuse factor -2 0.75 @15 specular factor -2 0.5 @8 exponent -2 10 @14 specular color -4 1 1 1 @4 none @5 plain @5 color -4 0 0 0 #
integer_attrib-name_attrib-gen-attrib $-1 -1 $3472 $2640 $2228 2 1 1 1 1 1 1 1 1 1 1 1 1 1 0 1 1 1 @3 pid 1717 #
integer_attrib-name_attrib-gen-attrib $-1 -1 $3473 $-1 $2641 2 0 0 1 1 1 1 1 1 1 1 1 1 1 0 1 1 1 @3 fif 0 #
loop $-1 -1 -1 $-1 $-1 $3064 $2641 T -29.350000000000016 48.999999999999986 0.079999999999995283 -29.349999999999987 49.045000000000002 0.16000000000001333 unknown #
plane-surface $-1 -1 -1 $-1 -29.349999999999998 49.022500000000001 0.11999999999999998 1 0 0 0 -1 0 forward_v I I I I #
coedge $-1 -1 -1 $-1 $3474 $2644 $2923 $3316 forward $340 $-1 #
coedge $-1 -1 -1 $-1 $3475 $2645 $2648 $3070 reversed $3061 $-1 #
coedge $-1 -1 -1 $-1 $2645 $3475 $2929 $3322 forward $3061 $-1 #
named_attribute-st-attrib $-1 -1 $3476 $-1 $2646 1 1 1 1 1 1 1 1 1 1 1 1 1 1 0 1 1 1 @3 eif #
vertex $3477 -1 -1 $-1 $2646 $3478 #
straight-curve $-1 -1 -1 $-1 -29.349999999999998 49.045000000000002 0.079999999999999988 0 -1 0 F 4.4408920985006262e-016 F 0.045000000000000817 #
tcoedge-coedge $-1 -1 -1 $-1 $2648 $2647 $3479 $3480 reversed $2642 $3481 -0.99999999999999989 -0 F #
edge $3482 -1 -1 $-1 $3483 0 $2651 0.080000000000011257 $3064 $3484 forward @7 tangent T -29.350000000000016 48.999999999999986 0.079999999999995283 -29.349999999999987 49.000000000000014 0.16000000000001333 #
integer_attrib-name_attrib-gen-attrib $-1 -1 $-1 $2650 $2233 2 1 1 1 1 1 1 1 1 1 1 1 1 1 0 1 1 1 @3 pid 3804 #
integer_attrib-name_attrib-gen-attrib $-1 -1 $-1 $-1 $2651 2 1 1 1 1 1 1 1 1 1 1 1 1 1 0 1 1 1 @3 pid 2821 #
point $-1 -1 -1 $-1 -29.350000000000001 49.000000000000007 0.079999999999999669 #
coedge $-1 -1 -1 $-1 $3329 $3479 $2653 $3075 forward $3330 $-1 #
edge $3485 -1 -1 $-1 $3079 0 $3076 0.64000000000010004 $2653 $3486 forward @7 unknown F #
vertex $-1 -1 -1 $-1 $2654 $3487 #
straight-curve $-1 -1 -1 $-1 -30.0700000000001 48.920000000000002 0.099999999999995287 0 0 -1 I I #
named_attribute-st-attrib $-1 -1 $3488 $-1 $2655 1 1 1 1 1 1 1 1 1 1 1 1 1 1 0 1 1 1 @3 eif #
tvertex-vertex $3489 -1 -1 $-1 $3480 $3490 1.063965743204136e-014 #
straight-curve $-1 -1 -1 $-1 -29.43 48.920000000000002 0.079999999999999363 0 0 1 F 0 F 0.080000000000011257 #
string_attrib-name_attrib-gen-attrib $-1 -1 $-1 $2660 $1243 2 1 2 1 1 1 1 1 1 1 1 1 1 1 0 1 1 1 @15 ATTRIB_XACIS_ID @5 45191 #
rgb_color-st-attrib $-1 -1 $3491 $2662 $1548 2 1 2 1 1 1 1 1 1 1 1 1 1 1 0 1 1 1 0.73000001907348633 0.40000000596046448 0 #
rh_material-rh_entity $-1 -1 4 4 @5 plain @5 color -4 1 1 1 @5 phong @14 ambient factor -2 1 @14 diffuse factor -2 0.75 @15 specular factor -2 0.5 @8 exponent -2 10 @14 specular color -4 1 1 1 @4 none @5 plain @5 color -4 0 0 0 #
render-rbase-attrib $-1 -1 $3492 $2663 $1874 1 1 1 1 1 1 1 1 1 1 1 1 0 1 0 1 1 1 $3493 $-1 0 2 0 -1 0 1 0 0 0 0 1 -36.899999999999999 52.719999999999999 0.079999999999999988 1 rotate no_reflect no_shear #
integer_attrib-name_attrib-gen-attrib $-1 -1 $3494 $2664 $2247 2 1 1 1 1 1 1 1 1 1 1 1 1 1 0 1 1 1 @3 pid 2594 #
integer_attrib-name_attrib-gen-attrib $-1 -1 $3495 $-1 $2665 2 0 0 1 1 1 1 1 1 1 1 1 1 1 0 1 1 1 @3 fif 0 #
face $3496 -1 -1 $-1 $2342 $2881 $5 $-1 $3497 forward double out T -28.190000000000627 48.189999999999948 0.22999999999960202 -28.109999999984559 48.270000000000636 0.31000000000056738 F #
plane-surface $-1 -1 -1 $-1 -28.109999999999999 48.1462403840465 0.26999999999999991 1 0 0 0 -1 0 forward_v I I I I #
named_attribute-st-attrib $-1 -1 $3498 $-1 $2667 1 1 1 1 1 1 1 1 1 1 1 1 1 1 0 1 1 1 @3 eif #
intcurve-curve $-1 -1 -1 $-1 forward { exactcur full nubs 3 open 5 
	0 3 0.24587984805035937 1 0.5006355877764419 1 0.75489193751383799 1 1 3 
	-27.779999999999998 47.689999999999998 0.22999999999999998 
	-27.790789401963504 47.690146318319918 0.22999999999999998 
	-27.811024662199394 47.694040024051731 0.23000000000000001 
	-27.838184592984376 47.711903956364146 0.22999999999999998 
	-27.855983426480165 47.739060184799811 0.22999999999999998 
	-27.85985559945151 47.759247573149722 0.22999999999999998 
	-27.859999999999999 47.770000000000003 0.22999999999999998 
	0 
	null_surface 
	null_surface 
	nullbs 
	nullbs 
	-1 
	-1 
	I I 
	0 
	0 
	3 0.24587984805035937 0.5006355877764419 0.75489193751383799 
	
	-1 
	none F F 1 F 0 } I I #
integer_attrib-name_attrib-gen-attrib $-1 -1 $-1 $2669 $2251 2 1 1 1 1 1 1 1 1 1 1 1 1 1 0 1 1 1 @3 pid 7872 #
integer_attrib-name_attrib-gen-attrib $-1 -1 $-1 $2671 $2253 2 1 1 1 1 1 1 1 1 1 1 1 1 1 0 1 1 1 @3 pid 7873 #
coedge $-1 -1 -1 $-1 $2852 $2679 $3499 $3500 forward $986 $-1 #
coedge $-1 -1 -1 $-1 $2694 $3501 $2679 $3095 forward $3116 $-1 #
edge $3502 -1 -1 $-1 $3503 -7.3655778374425402e-028 $2697 0.30000000000015703 $2679 $3504 forward @7 unknown T -27.215884572681247 47.869999999999919 0.50999999999982815 -27.215884572681009 48.17000000000008 0.50999999999996093 #
coedge $-1 -1 -1 $-1 $3505 $3506 $2681 $3097 reversed $3507 $-1 #
edge $3508 -1 -1 $-1 $3100 0 $3509 0.34000000000017039 $3096 $3510 forward @7 unknown T -27.400000000000091 47.920000000000002 0.19 -27.059999999999917 47.920000000000066 0.19000000000000744 #
coedge $-1 -1 -1 $-1 $2682 $3511 $3505 $3512 reversed $2721 $-1 #
named_attribute-st-attrib $-1 -1 $3513 $-1 $2683 1 1 1 1 1 1 1 1 1 1 1 1 1 1 0 1 1 1 @3 eif #
vertex $3514 -1 -1 $-1 $2683 $3515 #
straight-curve $-1 -1 -1 $-1 -27.399999999999999 47.857477270848861 0.19 0 1 0 F 0 F 0.062522729151204715 #
coedge $-1 -1 -1 $-1 $3516 $2689 $2684 $3103 forward $3108 $-1 #
edge $3517 -1 -1 $-1 $2692 0 $3509 0.049999999999998046 $3102 $3518 forward @7 unknown T -27.059999999999999 47.870000000000005 0.19 -27.059999999999917 47.920000000000002 0.19000000000000444 #
integer_attrib-name_attrib-gen-attrib $-1 -1 $3519 $-1 $2685 2 0 0 1 1 1 1 1 1 1 1 1 1 1 0 1 1 1 @3 fif 0 #
face $3520 -1 -1 $-1 $3521 $2721 $5 $-1 $3522 forward double out T -27.40000000000596 47.769999999995534 0.10999999999404192 -27.399999999994037 47.920000000000066 0.19000000000018871 F #
plane-surface $-1 -1 -1 $-1 -27.229999999999997 47.888738635424502 0.19 0 0 1 0 -1 0 forward_v I I I I #
coedge $-1 -1 -1 $-1 $2689 $3523 $3115 $3524 reversed $3108 $-1 #
loop $-1 -1 -1 $-1 $-1 $3516 $3525 T -27.06000000000002 47.869999999999926 0.079999999999999974 -27.059999999999917 48.170000000000087 0.42000000000001336 unknown #
named_attribute-st-attrib $-1 -1 $3526 $-1 $2690 1 1 1 1 1 1 1 1 1 1 1 1 1 1 0 1 1 1 @3 eif #
vertex $3527 -1 -1 $-1 $2690 $3528 #
straight-curve $-1 -1 -1 $-1 -27.059999999999999 47.870000000000005 0.41999999999995796 0 0 -1 F 0 F 0.22999999999994902 #
integer_attrib-name_attrib-gen-attrib $-1 -1 $-1 $2691 $2271 2 1 1 1 1 1 1 1 1 1 1 1 1 1 0 1 1 1 @3 pid 7265 #
integer_attrib-name_attrib-gen-attrib $-1 -1 $-1 $-1 $2692 2 1 1 1 1 1 1 1 1 1 1 1 1 1 0 1 1 1 @3 pid 3925 #
point $-1 -1 -1 $-1 -27.05999999999996 47.870000000000005 0.19000000000000444 #
coedge $-1 -1 -1 $-1 $3501 $2694 $3107 $3524 forward $3116 $-1 #
loop $-1 -1 -1 $-1 $-1 $3094 $3529 T -27.215884572681247 47.869999999999919 0.41999999999988924 -27.059999999999917 48.170000000000087 0.50999999999996093 unknown #
named_attribute-st-attrib $-1 -1 $3530 $-1 $2695 1 1 1 1 1 1 1 1 1 1 1 1 1 1 0 1 1 1 @3 eif #
straight-curve $-1 -1 -1 $-1 -27.215884572681198 47.870000000000005 0.5099999999997995 0.8660254037847126 0 -0.49999999999952544 F 4.3820190382188076e-017 F 0.17999999999999142 #
integer_attrib-name_attrib-gen-attrib $-1 -1 $-1 $2696 $2273 2 1 1 1 1 1 1 1 1 1 1 1 1 1 0 1 1 1 @3 pid 6803 #
integer_attrib-name_attrib-gen-attrib $-1 -1 $-1 $-1 $2697 2 1 1 1 1 1 1 1 1 1 1 1 1 1 0 1 1 1 @3 pid 4520 #
point $-1 -1 -1 $-1 -27.215884572681134 47.869999999999962 0.50999999999985646 #
integer_attrib-name_attrib-gen-attrib $-1 -1 $3531 $2699 $2274 2 1 1 1 1 1 1 1 1 1 1 1 1 1 0 1 1 1 @3 pid 2196 #
integer_attrib-name_attrib-gen-attrib $-1 -1 $-1 $2702 $2286 2 1 1 1 1 1 1 1 1 1 1 1 1 1 0 1 1 1 @3 pid 8041 #
integer_attrib-name_attrib-gen-attrib $-1 -1 $-1 $-1 $2703 2 1 1 1 1 1 1 1 1 1 1 1 1 1 0 1 1 1 @3 pid 5019 #
point $-1 -1 -1 $-1 -27.541850454238066 47.690000000000005 0.19000000000009554 #
integer_attrib-name_attrib-gen-attrib $-1 -1 $3532 $2705 $2287 2 1 1 1 1 1 1 1 1 1 1 1 1 1 0 1 1 1 @3 pid 2792 #
integer_attrib-name_attrib-gen-attrib $-1 -1 $3533 $-1 $2706 2 0 0 1 1 1 1 1 1 1 1 1 1 1 0 1 1 1 @3 fif 0 #
face $3534 -1 -1 $-1 $3535 $3536 $5 $-1 $3537 reversed double out T -28.409705627490816 48.269999999994205 0.18343145749929954 -28.329999999995088 48.710000000005813 0.26313708499472754 F #
loop $-1 -1 -1 $-1 $-1 $3538 $2706 T -28.686865236013681 48.269997687599613 0.079997678980440218 -28.189999999999642 48.270002329638132 0.31000000000049305 unknown #
plane-surface $-1 -1 -1 $-1 -28.253431457504991 48.270000000000003 0.26656854249489204 0 -1 0 0.70710678118620407 0 0.70710678118689096 forward_v I I I I #
tcoedge-coedge $-1 -1 -1 $-1 $2709 $2708 $3539 $3540 reversed $2710 $3541 -1 -0 F #
edge $3542 -1 -1 $-1 $2713 0 $3543 0.08000000000001127 $2720 $3544 forward @7 tangent T -27.400000000004436 47.769999999995534 0.10999999999556448 -27.399999999995561 47.770000000004401 0.19000000000004316 #
face $3545 -1 -1 $-1 $1910 $2710 $5 $-1 $3546 forward double out T -27.480048311239486 47.689951688760516 0.10995168876059858 -27.399951688760513 47.770048311243812 0.19004831123949475 F #
integer_attrib-name_attrib-gen-attrib $-1 -1 $-1 $2712 $2290 2 1 1 1 1 1 1 1 1 1 1 1 1 1 0 1 1 1 @3 pid 8039 #
integer_attrib-name_attrib-gen-attrib $-1 -1 $-1 $-1 $2713 2 1 1 1 1 1 1 1 1 1 1 1 1 1 0 1 1 1 @3 pid 4807 #
point $-1 -1 -1 $-1 -27.399999999999999 47.769999999999968 0.19000000000000902 #
coedge $-1 -1 -1 $-1 $3219 $3539 $2715 $3138 reversed $3547 $-1 #
edge $3548 -1 -1 $-1 $2424 0 $3140 0.010000000000024656 $3137 $3549 forward @7 unknown T -27.490000000000002 47.689999999995869 0.10999999999586552 -27.479999999995844 47.69000000000414 0.11000000000413634 #
named_attribute-st-attrib $-1 -1 $3550 $-1 $2716 1 1 1 1 1 1 1 1 1 1 1 1 1 1 0 1 1 1 @3 eif #
tvertex-vertex $3551 -1 -1 $-1 $3138 $3552 4.1354137706920549e-012 #
straight-curve $-1 -1 -1 $-1 -27.480000000000008 47.689999999999998 0.10999999999999936 0 0 1 F 0 F 0.08000000000001127 #
coedge $-1 -1 -1 $-1 $3511 $2720 $3553 $3554 reversed $2721 $-1 #
integer_attrib-name_attrib-gen-attrib $-1 -1 $-1 $2722 $2297 2 1 1 1 1 1 1 1 1 1 1 1 1 1 0 1 1 1 @3 pid 7271 #
render-rbase-attrib $-1 -1 $3555 $2725 $1910 1 1 1 1 1 1 1 1 1 1 1 1 0 1 0 1 1 1 $3556 $-1 0 2 0 -1 0 1 0 0 0 0 1 -36.899999999999999 52.719999999999999 0.079999999999999988 1 rotate no_reflect no_shear #
integer_attrib-name_attrib-gen-attrib $-1 -1 $3557 $2726 $2305 2 1 1 1 1 1 1 1 1 1 1 1 1 1 0 1 1 1 @3 pid 2206 #
integer_attrib-name_attrib-gen-attrib $-1 -1 $-1 $2730 $2310 2 1 1 1 1 1 1 1 1 1 1 1 1 1 0 1 1 1 @3 pid 5929 #
coedge $-1 -1 -1 $-1 $2775 $3193 $2732 $3148 forward $3197 $-1 #
edge $3558 -1 -1 $-1 $2816 0 $3150 0.012522729150914458 $2732 $3559 forward @7 unknown T -27.400000000005772 47.019999999999996 0.10999999999422845 -27.399999999994225 47.032522729150912 0.11000000000577152 #
named_attribute-st-attrib $-1 -1 $3560 $-1 $2733 1 1 1 1 1 1 1 1 1 1 1 1 1 1 0 1 1 1 @3 eif #
vertex $3561 -1 -1 $-1 $3148 $3562 #
straight-curve $-1 -1 -1 $-1 -27.399999999999999 47.020000000000003 0.19 0 0 -1 F 0 F 0.080000000000000016 #
render-rbase-attrib $-1 -1 $3563 $2737 $1932 1 1 1 1 1 1 1 1 1 1 1 1 0 1 0 1 1 1 $3564 $-1 0 2 0 -1 0 1 0 0 0 0 1 -36.899999999999999 52.719999999999999 0.079999999999999988 1 rotate no_reflect no_shear #
integer_attrib-name_attrib-gen-attrib $-1 -1 $3565 $2738 $2318 2 1 1 1 1 1 1 1 1 1 1 1 1 1 0 1 1 1 @3 pid 2204 #
rgb_color-st-attrib $-1 -1 $3566 $2740 $1587 2 1 2 1 1 1 1 1 1 1 1 1 1 1 0 1 1 1 0.73000001907348633 0.40000000596046448 0 #
rh_material-rh_entity $-1 -1 4 4 @5 plain @5 color -4 1 1 1 @5 phong @14 ambient factor -2 1 @14 diffuse factor -2 0.75 @15 specular factor -2 0.5 @8 exponent -2 10 @14 specular color -4 1 1 1 @4 none @5 plain @5 color -4 0 0 0 #
render-rbase-attrib $-1 -1 $3567 $2741 $1945 1 1 1 1 1 1 1 1 1 1 1 1 0 1 0 1 1 1 $3568 $-1 0 2 0 -1 0 1 0 0 0 0 1 -36.899999999999999 52.719999999999999 0.079999999999999988 1 rotate no_reflect no_shear #
string_attrib-name_attrib-gen-attrib $-1 -1 $-1 $2744 $1278 2 1 2 1 1 1 1 1 1 1 1 1 1 1 0 1 1 1 @15 ATTRIB_XACIS_ID @5 43067 #
rgb_color-st-attrib $-1 -1 $3569 $2746 $1604 2 1 2 1 1 1 1 1 1 1 1 1 1 1 0 1 1 1 0.73000001907348633 0.40000000596046448 0 #
rh_material-rh_entity $-1 -1 4 4 @5 plain @5 color -4 1 1 1 @5 phong @14 ambient factor -2 1 @14 diffuse factor -2 0.75 @15 specular factor -2 0.5 @8 exponent -2 10 @14 specular color -4 1 1 1 @4 none @5 plain @5 color -4 0 0 0 #
render-rbase-attrib $-1 -1 $3570 $2747 $1957 1 1 1 1 1 1 1 1 1 1 1 1 0 1 0 1 1 1 $3571 $-1 0 2 0 -1 0 1 0 0 0 0 1 -36.899999999999999 52.719999999999999 0.079999999999999988 1 rotate no_reflect no_shear #
integer_attrib-name_attrib-gen-attrib $-1 -1 $3572 $2748 $2335 2 1 1 1 1 1 1 1 1 1 1 1 1 1 0 1 1 1 @3 pid 2017 #
integer_attrib-name_attrib-gen-attrib $-1 -1 $3573 $-1 $2749 2 0 0 1 1 1 1 1 1 1 1 1 1 1 0 1 1 1 @3 fif 0 #
face $3574 -1 -1 $-1 $3575 $3576 $5 $-1 $3577 reversed double out T -27.541850454240201 48.269509376110662 0.18931563127266085 -27.480855409332662 48.710000000001983 0.19068436872733915 F #
loop $-1 -1 -1 $-1 $-1 $3578 $2749 T -27.490090582699153 48.16990941730085 0.18931563127266085 -27.339909417300845 48.320090582699152 0.51009058269916108 unknown #
cone-surface $-1 -1 -1 $-1 -27.339999999999996 48.32 0.55036996368589974 0 0 -1 0 -0.14999999999999947 0 1 I I -0 1 0.14999999999999947 reversed I I I I #
tcoedge-coedge $-1 -1 -1 $-1 $3579 $3580 $3581 $3582 forward $2750 $3583 0 1 F #
coedge $-1 -1 -1 $-1 $3584 $2752 $3585 $3586 forward $2336 $-1 #
edge $3587 -1 -1 $-1 $3588 0 $2486 0.58775141651733454 $2880 $3589 forward @7 unknown T -28.190000000000627 48.256574922989891 0.30999999999951194 -28.145640337817628 48.270000000000636 0.31000000000049305 #
named_attribute-st-attrib $-1 -1 $3590 $-1 $2753 1 1 1 1 1 1 1 1 1 1 1 1 1 1 0 1 1 1 @3 eif #
straight-curve $-1 -1 -1 $-1 -28.109999999999999 48.102480768092789 0.22999999999999185 0 0 1 F 0 F 0.080000000000016253 #
integer_attrib-name_attrib-gen-attrib $-1 -1 $3591 $2754 $2342 2 1 1 1 1 1 1 1 1 1 1 1 1 1 0 1 1 1 @3 pid 2597 #
integer_attrib-name_attrib-gen-attrib $-1 -1 $3592 $-1 $2755 2 0 0 1 1 1 1 1 1 1 1 1 1 1 0 1 1 1 @3 fif 0 #
face $3593 -1 -1 $-1 $3594 $3595 $5 $-1 $3596 reversed double out T -27.715056628994105 48.269998906000936 0.24499890600083513 -27.602471138503905 48.71000109399909 0.31000109406304138 F #
loop $-1 -1 -1 $-1 $-1 $3597 $2755 T -28.330000000004858 48.269999999995122 0.2631370849849598 -28.216862915009607 48.710000000004818 0.31000000000056971 unknown #
cone-surface $-1 -1 -1 $-1 -28.216862915009997 48.229630036313999 0.14999999999998997 0 1 0 0.11313708499000105 0 -0.11313708498986018 1 I I -0 1 0.16000000000011738 reversed I I I I #
vertedge-sys-attrib $-1 -1 $-1 $2758 $2345 1 1 1 1 1 1 1 1 1 1 1 1 0 1 0 1 1 1 4 $3598 $1969 $-1 $-1 #
coedge $-1 -1 -1 $-1 $2761 $3599 $3600 $3601 reversed $340 $-1 #
coedge $-1 -1 -1 $-1 $3506 $3602 $2761 $3179 reversed $3507 $-1 #
edge $3603 -1 -1 $-1 $3604 0 $3185 0.28000000000013969 $3178 $3605 forward @7 unknown T -27.340000000000057 47.919999999999938 0.079999999999939495 -27.059999999999917 47.920000000000066 0.080000000000060287 #
coedge $-1 -1 -1 $-1 $3606 $2762 $3602 $3607 forward $3182 $-1 #
coedge $-1 -1 -1 $-1 $2762 $3608 $2765 $3187 forward $3182 $-1 #
loop $-1 -1 -1 $-1 $-1 $3608 $3609 T -27.490090582699153 47.769909417300845 0.079909417300846261 -27.339909417300841 47.920090582699153 0.11008157238001889 unknown #
pcurve $-1 -1 -1 $-1 0 forward { exppc nubs 1 open 2 
	0 1 1 1 
	-0.0039999999999995499 1.5707963267949143 
	-0.0039999999999995499 0 
	0.001 
	-1 
	cone -27.339999999999996 47.770000000000003 0.079400000000000054 0 0 1 0 0.15000000000000036 0 1 I I 0 -1 0.15000000000000036 reversed I I I I 
	} 0 0 #
named_attribute-st-attrib $-1 -1 $3610 $-1 $2763 1 1 1 1 1 1 1 1 1 1 1 1 1 1 0 1 1 1 @3 eif #
tvertex-vertex $3611 -1 -1 $-1 $3607 $3612 6.0402736984108535e-014 #
intcurve-curve $-1 -1 -1 $-1 forward { exactcur full nubs 3 open 5 
	0 3 0.24587984804508295 1 0.50063558777783912 1 0.75489193752063477 1 1 3 
	-27.489999999999998 47.769999999999996 0.079999999999999988 
	-27.489725653150003 47.790230128681046 0.079999999999999988 
	-27.482424954902754 47.828171241623345 0.079999999999999988 
	-27.448930081816695 47.87909611184552 0.079999999999999988 
	-27.398012153499486 47.912468924650156 0.079999999999999988 
	-27.3601608003436 47.919729248971443 0.079999999999999988 
	-27.339999999999996 47.920000000000002 0.079999999999999988 
	0 
	null_surface 
	null_surface 
	nullbs 
	nullbs 
	-1 
	-1 
	I I 
	0 
	0 
	3 0.24587984804508295 0.50063558777783912 0.75489193752063477 
	
	-1 
	none F F 1 F 0 } I I #
edge $3613 -1 -1 $-1 $3614 0 $2767 0.029999999999999232 $2765 $3615 forward @7 tangent T -27.490000000004422 47.769999999999897 0.079999999999903079 -27.489999999995582 47.770000000008821 0.11000000000441779 #
integer_attrib-name_attrib-gen-attrib $-1 -1 $-1 $2766 $2351 2 1 1 1 1 1 1 1 1 1 1 1 1 1 0 1 1 1 @3 pid 3831 #
integer_attrib-name_attrib-gen-attrib $-1 -1 $-1 $-1 $2767 2 1 1 1 1 1 1 1 1 1 1 1 1 1 0 1 1 1 @3 pid 2847 #
point $-1 -1 -1 $-1 -27.489999999999998 47.769999999999996 0.079999999999999891 #
named_attribute-st-attrib $-1 -1 $3616 $-1 $2769 1 1 1 1 1 1 1 1 1 1 1 1 1 1 0 1 1 1 @3 eif #
straight-curve $-1 -1 -1 $-1 -27.489999999999998 47.170000000000002 0.079999999999999793 0 0 1 F -1.0842021724855044e-019 F 0.029999999999999229 #
coedge $-1 -1 -1 $-1 $3147 $2775 $2770 $3194 forward $3197 $-1 #
edge $3617 -1 -1 $-1 $2778 0 $2816 0.41151347665815524 $3193 $3618 forward @7 unknown T -27.400000000005772 47.019999999999996 0.10999999999422845 -27.339999999999954 47.032522729150905 0.11000000000577152 #
integer_attrib-name_attrib-gen-attrib $-1 -1 $3619 $-1 $2771 2 0 0 1 1 1 1 1 1 1 1 1 1 1 0 1 1 1 @3 fif 0 #
cone-surface $-1 -1 -1 $-1 -27.339999999999996 47.170000000000002 0.079400000000000054 0 0 1 -0.15000000000000036 0 0 1 I I -0 1 0.15000000000000036 reversed I I I I #
loop $-1 -1 -1 $-1 $-1 $3147 $2813 T -27.400000000005772 47.019999999999996 0.10999999999422845 -27.339999999999954 47.032522729150912 0.11000000000577152 unknown #
named_attribute-st-attrib $-1 -1 $3620 $-1 $2776 1 1 1 1 1 1 1 1 1 1 1 1 1 1 0 1 1 1 @3 eif #
straight-curve $-1 -1 -1 $-1 -27.40000000000008 47.020000000000003 0.10999999999999999 1 0 0 F 0 F 0.060000000000030695 #
integer_attrib-name_attrib-gen-attrib $-1 -1 $-1 $2777 $2360 2 1 1 1 1 1 1 1 1 1 1 1 1 1 0 1 1 1 @3 pid 5924 #
integer_attrib-name_attrib-gen-attrib $-1 -1 $-1 $-1 $2778 2 1 1 1 1 1 1 1 1 1 1 1 1 1 0 1 1 1 @3 pid 3934 #
point $-1 -1 -1 $-1 -27.340000000000018 47.020000000000003 0.1099999999999995 #
integer_attrib-name_attrib-gen-attrib $-1 -1 $3621 $2780 $2361 2 1 1 1 1 1 1 1 1 1 1 1 1 1 0 1 1 1 @3 pid 1738 #
string_attrib-name_attrib-gen-attrib $-1 -1 $-1 $2787 $1320 2 1 2 1 1 1 1 1 1 1 1 1 1 1 0 1 1 1 @15 ATTRIB_XACIS_ID @5 43109 #
integer_attrib-name_attrib-gen-attrib $-1 -1 $-1 $2790 $2379 2 1 1 1 1 1 1 1 1 1 1 1 1 1 0 1 1 1 @3 pid 8179 #
rgb_color-st-attrib $-1 -1 $3622 $2795 $1664 2 1 2 1 1 1 1 1 1 1 1 1 1 1 0 1 1 1 0.73000001907348633 0.40000000596046448 0 #
rh_material-rh_entity $-1 -1 4 4 @5 plain @5 color -4 1 1 1 @5 phong @14 ambient factor -2 1 @14 diffuse factor -2 0.75 @15 specular factor -2 0.5 @8 exponent -2 10 @14 specular color -4 1 1 1 @4 none @5 plain @5 color -4 0 0 0 #
named_attribute-st-attrib $-1 -1 $3623 $-1 $2797 1 1 1 1 1 1 1 1 1 1 1 1 1 1 0 1 1 1 @3 eif #
tvertex-vertex $3624 -1 -1 $-1 $2941 $3625 5.8527852268748852e-013 #
straight-curve $-1 -1 -1 $-1 -27.654433756729528 47.690000000000097 0.17500000000039068 0 -1 0 F 0 F 0.44000000000018424 #
integer_attrib-name_attrib-gen-attrib $-1 -1 $3626 $-1 $2798 2 0 0 1 1 1 1 1 1 1 1 1 1 1 0 1 1 1 @3 fif 0 #
face $3627 -1 -1 $-1 $3628 $3629 $5 $-1 $3630 forward double out T -27.671754264810605 48.269999999995548 0.17499999999562701 -27.654433756725957 48.710000000005117 0.20500000000491247 F #
plane-surface $-1 -1 -1 $-1 -27.663094010767498 47.469999999999999 0.19000000000018957 0.86602540377838888 0 0.50000000001047873 0 -1 0 forward_v I I I I #
integer_attrib-name_attrib-gen-attrib $-1 -1 $-1 $2802 $2396 2 1 1 1 1 1 1 1 1 1 1 1 1 1 0 1 1 1 @3 pid 7927 #
tedge-edge $3631 -1 -1 $-1 $3209 0 $2810 1.0472603067474437 $2804 $3632 forward @7 unknown T -27.654434850729302 47.689998906000916 0.10999890593693738 -27.541849360239034 47.690001093999136 0.17500109399917924 1.0939990892015991e-006 #
pcurve $-1 -1 -1 $-1 0 forward { exppc nubs 1 open 2 
	-1.0472603067474437 1 -0 1 
	-0.310538182199948 -2.0943951023945138 
	-0.310538182199948 -3.1415926535897931 
	0.001 
	-1 
	cone -27.541850454237998 47.730369963686002 0.23999999999999999 0 -1 0 0.11258330249200041 0 0.065000000000000113 1 I I 0 -1 0.13000000000002029 reversed I I I I 
	} 0 0 #
named_attribute-st-attrib $-1 -1 $3633 $-1 $2807 1 1 1 1 1 1 1 1 1 1 1 1 1 1 0 1 1 1 @3 eif #
straight-curve $-1 -1 -1 $-1 -27.541850454238045 47.689999999999998 0.10999999999999999 1 0 0 F 0 F 0.051850454238071109 #
coedge $-1 -1 -1 $-1 $3634 $3137 $2808 $3220 forward $3547 $-1 #
edge $3635 -1 -1 $-1 $2424 0 $3614 0.080000000000267413 $2808 $3636 forward @7 unknown T -27.490000000004422 47.690000000002101 0.10999999999558219 -27.489999999995582 47.770000000008821 0.11000000000441779 #
integer_attrib-name_attrib-gen-attrib $-1 -1 $-1 $2809 $2407 2 1 1 1 1 1 1 1 1 1 1 1 1 1 0 1 1 1 @3 pid 7278 #
integer_attrib-name_attrib-gen-attrib $-1 -1 $-1 $-1 $2810 2 1 1 1 1 1 1 1 1 1 1 1 1 1 0 1 1 1 @3 pid 4812 #
point $-1 -1 -1 $-1 -27.541850454238123 47.690000000000047 0.10999999999999971 #
integer_attrib-name_attrib-gen-attrib $-1 -1 $3637 $2812 $2408 2 1 1 1 1 1 1 1 1 1 1 1 1 1 0 1 1 1 @3 pid 2202 #
integer_attrib-name_attrib-gen-attrib $-1 -1 $3638 $-1 $2813 2 0 0 1 1 1 1 1 1 1 1 1 1 1 0 1 1 1 @3 fif 0 #
plane-surface $-1 -1 -1 $-1 -27.370000000000001 47.026261364575454 0.10999999999999999 0 0 1 0 -1 0 forward_v I I I I #
integer_attrib-name_attrib-gen-attrib $-1 -1 $-1 $2815 $2412 2 1 1 1 1 1 1 1 1 1 1 1 1 1 0 1 1 1 @3 pid 7276 #
integer_attrib-name_attrib-gen-attrib $-1 -1 $-1 $-1 $2816 2 1 1 1 1 1 1 1 1 1 1 1 1 1 0 1 1 1 @3 pid 3935 #
point $-1 -1 -1 $-1 -27.399999999999999 47.032522729145136 0.10999999999999999 #
integer_attrib-name_attrib-gen-attrib $-1 -1 $-1 $2819 $2414 2 1 1 1 1 1 1 1 1 1 1 1 1 1 0 1 1 1 @3 pid 5925 #
integer_attrib-name_attrib-gen-attrib $-1 -1 $3639 $-1 $2821 2 0 0 1 1 1 1 1 1 1 1 1 1 1 0 1 1 1 @3 fif 0 #
plane-surface $-1 -1 -1 $-1 -27.489999999999998 47.469999999999999 0.094999999999999987 1 0 0 0 1 0 forward_v I I I I #
render-rbase-attrib $-1 -1 $3640 $2825 $2042 1 1 1 1 1 1 1 1 1 1 1 1 0 1 0 1 1 1 $3641 $-1 0 2 0 -1 0 1 0 0 0 0 1 -36.899999999999999 52.719999999999999 0.079999999999999988 1 rotate no_reflect no_shear #
string_attrib-name_attrib-gen-attrib $-1 -1 $-1 $2831 $1365 2 1 2 1 1 1 1 1 1 1 1 1 1 1 0 1 1 1 @15 ATTRIB_XACIS_ID @5 43253 #
string_attrib-name_attrib-gen-attrib $-1 -1 $-1 $2833 $1368 2 1 2 1 1 1 1 1 1 1 1 1 1 1 0 1 1 1 @15 ATTRIB_XACIS_ID @5 43760 #
integer_attrib-name_attrib-gen-attrib $-1 -1 $-1 $2835 $2442 2 1 1 1 1 1 1 1 1 1 1 1 1 1 0 1 1 1 @3 pid 7033 #
integer_attrib-name_attrib-gen-attrib $-1 -1 $-1 $2840 $2449 2 1 1 1 1 1 1 1 1 1 1 1 1 1 0 1 1 1 @3 pid 8235 #
rgb_color-st-attrib $-1 -1 $3642 $2843 $1722 2 1 2 1 1 1 1 1 1 1 1 1 1 1 0 1 1 1 0.73000001907348633 0.40000000596046448 0 #
rh_material-rh_entity $-1 -1 4 4 @5 plain @5 color -4 1 1 1 @5 phong @14 ambient factor -2 1 @14 diffuse factor -2 0.75 @15 specular factor -2 0.5 @8 exponent -2 10 @14 specular color -4 1 1 1 @4 none @5 plain @5 color -4 0 0 0 #
render-rbase-attrib $-1 -1 $3643 $2844 $2083 1 1 1 1 1 1 1 1 1 1 1 1 0 1 0 1 1 1 $3644 $-1 0 2 0 -1 0 1 0 0 0 0 1 -36.899999999999999 52.719999999999999 0.079999999999999988 1 rotate no_reflect no_shear #
integer_attrib-name_attrib-gen-attrib $-1 -1 $3645 $2845 $2455 2 1 1 1 1 1 1 1 1 1 1 1 1 1 0 1 1 1 @3 pid 2870 #
integer_attrib-name_attrib-gen-attrib $-1 -1 $3646 $-1 $2846 2 0 0 1 1 1 1 1 1 1 1 1 1 1 0 1 1 1 @3 fif 0 #
face $3647 -1 -1 $-1 $3648 $3649 $5 $-1 $3650 reversed double out T -28.409705627490816 48.269999999994205 0.18343145749929954 -28.329999999995088 48.710000000005813 0.26313708499472754 F #
loop $-1 -1 -1 $-1 $-1 $3651 $2846 T -27.780000000000665 48.269509376110662 0.10999510437670308 -27.479995104376599 48.270878113565345 0.31000109406301951 unknown #
plane-surface $-1 -1 -1 $-1 -27.628452994616246 48.270000000000003 0.20999999999995497 0 -1 0 0.4999999999992063 0 -0.8660254037848969 forward_v I I I I #
coedge $-1 -1 -1 $-1 $3652 $3653 $3654 $3655 forward $2847 $-1 #
string_attrib-name_attrib-gen-attrib $-1 -1 $-1 $2850 $1398 2 1 2 1 1 1 1 1 1 1 1 1 1 1 0 1 1 1 @15 ATTRIB_XACIS_ID @5 43770 #
tcoedge-coedge $-1 -1 -1 $-1 $3656 $3657 $2852 $3249 reversed $3164 $3658 -1 -0 F #
tedge-edge $3659 -1 -1 $-1 $3660 0 $3254 1 $2852 $3661 forward @7 unknown T -27.490090582699153 48.16990941730085 0.50990941730083705 -27.339909417300845 48.320090582699152 0.51009058269916108 9.0582699151958395e-005 #
pcurve $-1 -1 -1 $-1 0 forward { exppc nubs 3 open 5 
	0 3 0.24587984804511256 1 0.50063558777789252 1 0.75489193752067507 1 1 3 
	-0.36749999999999883 0.12500000000000178 
	-0.36777434684999299 0.10476987131895399 
	-0.37507504509724754 0.066828758376647812 
	-0.40856991818331156 0.015903888154481294 
	-0.45948784650051966 -0.017468924650158257 
	-0.49733919965639828 -0.024729248971437912 
	-0.51749999999999918 -0.024999999999998579 
	0 
	0 
	plane -27.465 47.802500000000002 0.51000000000000001 0 0 1 0 -1 0 forward_v I I I I 
	} 0 0 #
coedge $-1 -1 -1 $-1 $3662 $2853 $3657 $3663 reversed $2871 $-1 #
coedge $-1 -1 -1 $-1 $2853 $2906 $2855 $3256 reversed $2871 $-1 #
named_attribute-st-attrib $-1 -1 $3664 $-1 $2854 1 1 1 1 1 1 1 1 1 1 1 1 1 1 0 1 1 1 @3 eif #
tvertex-vertex $3665 -1 -1 $-1 $2854 $3666 5.1478714368770508e-014 #
straight-curve $-1 -1 -1 $-1 -27.490000000000002 48.319999999999915 0.51000000000000001 0 1 0 F 0 F 0.515000000000152 #
edge $3667 -1 -1 $-1 $2858 0 $2909 0.089999999999997804 $3252 $3668 forward @7 unknown T -27.490000000000002 48.835000000000001 0.42000000000000315 -27.489999999999952 48.835000000000065 0.51000000000000101 #
integer_attrib-name_attrib-gen-attrib $-1 -1 $-1 $2857 $2466 2 1 1 1 1 1 1 1 1 1 1 1 1 1 0 1 1 1 @3 pid 4866 #
integer_attrib-name_attrib-gen-attrib $-1 -1 $-1 $-1 $2858 2 1 1 1 1 1 1 1 1 1 1 1 1 1 0 1 1 1 @3 pid 3461 #
point $-1 -1 -1 $-1 -27.489999999999952 48.835000000000036 0.5099999999999657 #
named_attribute-st-attrib $-1 -1 $3669 $-1 $2860 1 1 1 1 1 1 1 1 1 1 1 1 1 1 0 1 1 1 @3 eif #
straight-curve $-1 -1 -1 $-1 -27.870000000000076 48.835000000000001 0.41999999999987148 0.86602540378471349 0 0.49999999999952394 F -2.4509929032083694e-016 F 0.18000000000005095 #
string_attrib-name_attrib-gen-attrib $-1 -1 $-1 $2865 $1423 2 1 2 1 1 1 1 1 1 1 1 1 1 1 0 1 1 1 @15 ATTRIB_XACIS_ID @5 42198 #
rgb_color-st-attrib $-1 -1 $3670 $2867 $1753 2 1 2 1 1 1 1 1 1 1 1 1 1 1 0 1 1 1 0.73000001907348633 0.40000000596046448 0 #
rh_material-rh_entity $-1 -1 4 4 @5 plain @5 color -4 1 1 1 @5 phong @14 ambient factor -2 1 @14 diffuse factor -2 0.75 @15 specular factor -2 0.5 @8 exponent -2 10 @14 specular color -4 1 1 1 @4 none @5 plain @5 color -4 0 0 0 #
render-rbase-attrib $-1 -1 $3671 $2868 $2108 1 1 1 1 1 1 1 1 1 1 1 1 0 1 0 1 1 1 $3672 $-1 0 2 0 -1 0 1 0 0 0 0 1 -36.899999999999999 52.719999999999999 0.079999999999999988 1 rotate no_reflect no_shear #
integer_attrib-name_attrib-gen-attrib $-1 -1 $3673 $2869 $2480 2 1 1 1 1 1 1 1 1 1 1 1 1 1 0 1 1 1 @3 pid 1228 #
integer_attrib-name_attrib-gen-attrib $-1 -1 $3674 $-1 $2870 2 0 0 1 1 1 1 1 1 1 1 1 1 1 0 1 1 1 @3 fif 0 #
face $3675 -1 -1 $-1 $3676 $3677 $5 $-1 $3678 reversed double out T -27.700000000000145 48.944999999999858 0.079999999999999988 -27.599999999999859 49.045000000000144 0.42000000000000992 F #
loop $-1 -1 -1 $-1 $-1 $3679 $2870 T -27.60000000000008 48.944999999997023 0.079999999999999988 -27.399999999997021 48.945000000002977 0.42000000000000992 unknown #
plane-surface $-1 -1 -1 $-1 -27.5 48.945 0.25000000000000988 0 -1 0 1 0 0 forward_v I I I I #
coedge $-1 -1 -1 $-1 $3294 $3662 $3680 $3681 reversed $2871 $-1 #
integer_attrib-name_attrib-gen-attrib $-1 -1 $-1 $2873 $2484 2 1 1 1 1 1 1 1 1 1 1 1 1 1 0 1 1 1 @3 pid 4859 #
coedge $-1 -1 -1 $-1 $2880 $3355 $3682 $3683 reversed $2881 $-1 #
integer_attrib-name_attrib-gen-attrib $-1 -1 $-1 $2882 $2493 2 1 1 1 1 1 1 1 1 1 1 1 1 1 0 1 1 1 @3 pid 6815 #
named_attribute-st-attrib $-1 -1 $3684 $-1 $2884 1 1 1 1 1 1 1 1 1 1 1 1 1 1 0 1 1 1 @3 eif #
straight-curve $-1 -1 -1 $-1 -28.109999999999999 48.189999999999991 0.22999999999999185 0 0 1 F 0 F 0.080000000000016253 #
vertedge-sys-attrib $-1 -1 $-1 $2886 $2498 1 1 1 1 1 1 1 1 1 1 1 1 0 1 0 1 1 1 4 $3685 $2493 $-1 $-1 #
coedge $-1 -1 -1 $-1 $2888 $3686 $3687 $3688 reversed $2336 $-1 #
coedge $-1 -1 -1 $-1 $3689 $2896 $2888 $3280 reversed $3244 $-1 #
edge $3690 -1 -1 $-1 $3691 0 $2899 0.064944465005094543 $3279 $3692 forward @7 unknown T -27.780000000000665 48.26999999999456 0.3099999999945649 -27.715055534989645 48.270000000005446 0.31000000000545053 #
named_attribute-st-attrib $-1 -1 $3693 $-1 $2892 1 1 1 1 1 1 1 1 1 1 1 1 1 1 0 1 1 1 @3 eif #
straight-curve $-1 -1 -1 $-1 -27.859999999999999 48.102480768092846 0.3100000000000081 0 0 -1 F 0 F 0.080000000000016253 #
vertedge-sys-attrib $-1 -1 $-1 $2894 $2507 1 1 1 1 1 1 1 1 1 1 1 1 0 1 0 1 1 1 4 $2892 $3694 $-1 $-1 #
named_attribute-st-attrib $-1 -1 $3695 $-1 $2897 1 1 1 1 1 1 1 1 1 1 1 1 1 1 0 1 1 1 @3 eif #
straight-curve $-1 -1 -1 $-1 -27.77999999999999 48.270000000000003 0.22999999999999185 0 0 1 F 0 F 0.080000000000016253 #
integer_attrib-name_attrib-gen-attrib $-1 -1 $-1 $2898 $2510 2 1 1 1 1 1 1 1 1 1 1 1 1 1 0 1 1 1 @3 pid 6824 #
integer_attrib-name_attrib-gen-attrib $-1 -1 $3696 $-1 $2899 2 1 1 1 1 1 1 1 1 1 1 1 1 1 0 1 1 1 @3 pid 4536 #
point $-1 -1 -1 $-1 -27.780000000000317 48.270000000000124 0.30999999999999062 #
integer_attrib-name_attrib-gen-attrib $-1 -1 $-1 $2901 $2512 2 1 1 1 1 1 1 1 1 1 1 1 1 1 0 1 1 1 @3 pid 7875 #
edge $3697 -1 -1 $-1 $2133 0 $2594 0.079999999999959909 $3698 $3699 forward @7 tangent T -27.860000000000177 48.189999999999955 0.22999999999991119 -27.859999999999978 48.190000000000154 0.31000000000008837 #
coedge $-1 -1 -1 $-1 $2914 $2905 $3700 $3701 forward $149 $-1 #
coedge $-1 -1 -1 $-1 $3702 $3703 $2905 $3293 reversed $3269 $-1 #
edge $3704 -1 -1 $-1 $3296 0 $3705 0.11000000000008292 $2905 $3706 forward @7 unknown T -27.60000000000008 48.945 0.42000000000000004 -27.489999999999995 48.945 0.42000000000000992 #
coedge $-1 -1 -1 $-1 $2906 $3271 $3702 $3707 forward $2871 $-1 #
named_attribute-st-attrib $-1 -1 $3708 $-1 $2907 1 1 1 1 1 1 1 1 1 1 1 1 1 1 0 1 1 1 @3 eif #
vertex $3709 -1 -1 $-1 $3293 $3710 #
straight-curve $-1 -1 -1 $-1 -27.490000000000002 48.835000000000065 0.42000000000000004 0 1 0 F 4.4408920985006262e-016 F 0.11000000000003274 #
integer_attrib-name_attrib-gen-attrib $-1 -1 $-1 $2908 $2528 2 1 1 1 1 1 1 1 1 1 1 1 1 1 0 1 1 1 @3 pid 2708 #
integer_attrib-name_attrib-gen-attrib $-1 -1 $-1 $-1 $2909 2 1 1 1 1 1 1 1 1 1 1 1 1 1 0 1 1 1 @3 pid 2015 #
point $-1 -1 -1 $-1 -27.490000000000002 48.835000000000065 0.42000000000000315 #
coedge $-1 -1 -1 $-1 $3711 $3712 $2914 $3302 forward $3713 $-1 #
edge $3714 -1 -1 $-1 $3307 0 $3715 0.5 $3301 $3716 forward @7 unknown T -28.199999999999999 49.045000000000002 0.41999999999999993 -27.699999999999999 49.045000000000144 0.42000000000000492 #
coedge $-1 -1 -1 $-1 $3717 $2915 $3712 $3718 reversed $3305 $-1 #
coedge $-1 -1 -1 $-1 $2915 $3717 $2917 $3310 forward $3305 $-1 #
loop $-1 -1 -1 $-1 $-1 $3303 $3719 T -28.349999999999952 48.834999999999795 0.07999999999999996 -28.199999999999999 49.045000000000208 0.42000000000000492 unknown #
named_attribute-st-attrib $-1 -1 $3720 $-1 $2916 1 1 1 1 1 1 1 1 1 1 1 1 1 1 0 1 1 1 @3 eif #
vertex $3721 -1 -1 $-1 $2916 $3722 #
straight-curve $-1 -1 -1 $-1 -28.200000000000287 49.045000000000208 0.42000000000000004 -0.58123819371686036 -0.81373347120833106 0 F 1.0324864505109818e-016 F 0.25806975801127841 #
coedge $-1 -1 -1 $-1 $3723 $2917 $3724 $3725 reversed $2919 $-1 #
edge $3726 -1 -1 $-1 $3727 0 $2921 0.33999999999999186 $3304 $3728 forward @7 unknown T -28.349999999999952 48.834999999999859 0.080000000000004498 -28.349999999999632 48.835000000000001 0.42000000000000492 #
coedge $-1 -1 -1 $-1 $2918 $3045 $3474 $3729 reversed $2919 $-1 #
face $3730 -1 -1 $-1 $2925 $2919 $5 $-1 $3731 reversed double out T -29.0700000000001 48.834999999999859 0.079999999999999974 -28.349999999999632 48.8350000000001 0.42000000000000992 F #
integer_attrib-name_attrib-gen-attrib $-1 -1 $-1 $2920 $2535 2 1 1 1 1 1 1 1 1 1 1 1 1 1 0 1 1 1 @3 pid 2714 #
integer_attrib-name_attrib-gen-attrib $-1 -1 $-1 $-1 $2921 2 1 1 1 1 1 1 1 1 1 1 1 1 1 0 1 1 1 @3 pid 2020 #
point $-1 -1 -1 $-1 -28.349999999999952 48.835000000000001 0.42000000000000492 #
edge $3732 -1 -1 $-1 $2932 0 $3318 0.21000000000015184 $3063 $3733 forward @7 unknown T -29.07000000000005 48.83499999999993 0.079999999999999988 -29.07 49.04500000000008 0.08000000000000998 #
named_attribute-st-attrib $-1 -1 $3734 $-1 $2924 1 1 1 1 1 1 1 1 1 1 1 1 1 1 0 1 1 1 @3 eif #
vertex $3735 -1 -1 $-1 $3729 $3736 #
straight-curve $-1 -1 -1 $-1 -29.07 48.835000000000001 0.08000000000000998 0 0 1 F 0 F 0.33999999999999991 #
integer_attrib-name_attrib-gen-attrib $-1 -1 $3737 $-1 $2925 2 0 0 1 1 1 1 1 1 1 1 1 1 1 0 1 1 1 @3 fif 0 #
plane-surface $-1 -1 -1 $-1 -29.07 48.940000000000005 0.25000000000000988 1 0 0 0 -1 0 forward_v I I I I #
edge $3738 -1 -1 $-1 $3331 0 $3067 0.080000000000000002 $3065 $3739 forward @7 unknown T -29.350000000000001 49.045000000000002 0.079999999999999974 -29.349999999999998 49.045000000000002 0.15999999999999998 #
named_attribute-st-attrib $-1 -1 $3740 $-1 $2930 1 1 1 1 1 1 1 1 1 1 1 1 1 1 0 1 1 1 @3 eif #
straight-curve $-1 -1 -1 $-1 -29.07 49.045000000000002 0.079999999999999988 -1 0 0 F 0 F 0.27999999999999936 #
integer_attrib-name_attrib-gen-attrib $-1 -1 $-1 $2931 $2543 2 1 1 1 1 1 1 1 1 1 1 1 1 1 0 1 1 1 @3 pid 4885 #
integer_attrib-name_attrib-gen-attrib $-1 -1 $-1 $-1 $2932 2 1 1 1 1 1 1 1 1 1 1 1 1 1 0 1 1 1 @3 pid 2823 #
point $-1 -1 -1 $-1 -29.07 49.045000000000044 0.08000000000000497 #
coedge $-1 -1 -1 $-1 $3479 $2934 $3475 $3741 forward $3330 $-1 #
coedge $-1 -1 -1 $-1 $2934 $3074 $-1 $3742 reversed $3330 $-1 #
loop $-1 -1 -1 $-1 $-1 $3329 $3433 F unknown #
vertex $3743 -1 -1 $-1 $3322 $3744 #
straight-curve $-1 -1 -1 $-1 -30.390532290585 49.045000000000002 0.15999999999999998 1 0 0 F 1.7763568394002505e-015 F 1.0405322905850003 #
point $-1 -1 -1 $-1 -30.0700000000001 49.045000000000002 0.15999999999999998 #
render-rbase-attrib $-1 -1 $3745 $2938 $2546 1 1 1 1 1 1 1 1 1 1 1 1 0 1 0 1 1 1 $3746 $-1 0 2 0 -1 0 1 0 0 0 0 1 -36.899999999999999 52.719999999999999 0.079999999999999988 1 rotate no_reflect no_shear #
pcurve $-1 -1 -1 $-1 0 forward { exppc nurbs 2 open 2 
	0 2 1.0472603067474437 2 
	0.017320508075588492 -0.04000000000029047 1 
	0.092377402798524244 -0.040002355118417654 0.86600971447028718 
	0.12990381056740929 0.025000000000140687 1 
	1e-008 
	-1 
	plane -27.628452994616246 47.689999999999998 0.21000000000005251 0 -1 0 0.49999999999674349 0 -0.86602540378631887 forward_v I I I I 
	} 0 0 #
named_attribute-st-attrib $-1 -1 $3747 $-1 $2941 1 1 1 1 1 1 1 1 1 1 1 1 1 1 0 1 1 1 @3 eif #
straight-curve $-1 -1 -1 $-1 -27.671754264805472 47.689999999999998 0.20499999999999863 0.50000000001044564 0 -0.86602540377840787 F -3.5728090405553864e-016 F 0.034641016151313445 #
render-rbase-attrib $-1 -1 $3748 $2945 $2167 1 1 1 1 1 1 1 1 1 1 1 1 0 1 0 1 1 1 $3749 $-1 0 2 0 -1 0 1 0 0 0 0 1 -36.899999999999999 52.719999999999999 0.079999999999999988 1 rotate no_reflect no_shear #
integer_attrib-name_attrib-gen-attrib $-1 -1 $3750 $2946 $2555 2 1 1 1 1 1 1 1 1 1 1 1 1 1 0 1 1 1 @3 pid 2640 #
integer_attrib-name_attrib-gen-attrib $-1 -1 $3751 $-1 $2947 2 0 0 1 1 1 1 1 1 1 1 1 1 1 0 1 1 1 @3 fif 0 #
face $3752 -1 -1 $-1 $3753 $3754 $5 $-1 $3755 forward double out T -28.820001211844005 48.269998788156677 0.15926167660043525 -28.465535846580494 48.984999999999999 0.16073832339953861 F #
loop $-1 -1 -1 $-1 $-1 $3756 $2947 T -28.273431457509584 48.269999999995605 0.20656854249051973 -28.216862915008043 48.710000000004328 0.23000000000201862 unknown #
cone-surface $-1 -1 -1 $-1 -28.216862915009997 48.261200000000002 0.14999999999998997 0 1 0 0.056568542495000526 0 -0.056568542494930089 1 I I -0 1 0.080000000000058691 reversed I I I I #
coedge $-1 -1 -1 $-1 $3757 $3365 $3367 $3758 forward $2948 $-1 #
coedge $-1 -1 -1 $-1 $2950 $3759 $3355 $3353 forward $1832 $-1 #
named_attribute-st-attrib $-1 -1 $3760 $-1 $2951 1 1 1 1 1 1 1 1 1 1 1 1 1 1 0 1 1 1 @3 eif #
ellipse-curve $-1 -1 -1 $-1 -27.984999225689577 47.939996762908905 0.22999999999999998 0 0 -1 -0.16064111212810062 0.31657816008088613 0 1 F 0 F 0.46957138443696073 #
integer_attrib-name_attrib-gen-attrib $-1 -1 $-1 $2952 $2559 2 1 1 1 1 1 1 1 1 1 1 1 1 1 0 1 1 1 @3 pid 5599 #
integer_attrib-name_attrib-gen-attrib $-1 -1 $-1 $-1 $2953 2 1 1 1 1 1 1 1 1 1 1 1 1 1 0 1 1 1 @3 pid 3743 #
point $-1 -1 -1 $-1 -27.985000000000007 48.295000000000272 0.22999999999999998 #
integer_attrib-name_attrib-gen-attrib $-1 -1 $-1 $2958 $2565 2 1 1 1 1 1 1 1 1 1 1 1 1 1 0 1 1 1 @3 pid 5594 #
integer_attrib-name_attrib-gen-attrib $-1 -1 $-1 $-1 $2959 2 1 1 1 1 1 1 1 1 1 1 1 1 1 0 1 1 1 @3 pid 3738 #
edge $3761 -1 -1 $-1 $3762 0 $2959 0.58775141652815943 $3355 $3763 forward @7 unknown T -28.190000000000431 48.256574922989785 0.22999999999960202 -28.145640337817678 48.270000000000536 0.23000000000038978 #
point $-1 -1 -1 $-1 -28.145640337817678 48.256574922989785 0.22999999999999998 #
coedge $-1 -1 -1 $-1 $3273 $2964 $3345 $3353 reversed $2881 $-1 #
named_attribute-st-attrib $-1 -1 $3764 $-1 $2965 1 1 1 1 1 1 1 1 1 1 1 1 1 1 0 1 1 1 @3 eif #
ellipse-curve $-1 -1 -1 $-1 -28.189997064124153 48.190001571697195 0.22999999999999998 0 0 -1 0.044356726306153504 0.06657335129280284 0 1 F 0 F 0.98307867800512316 #
integer_attrib-name_attrib-gen-attrib $-1 -1 $-1 $2966 $2575 2 1 1 1 1 1 1 1 1 1 1 1 1 1 0 1 1 1 @3 pid 7025 #
integer_attrib-name_attrib-gen-attrib $-1 -1 $3765 $-1 $2967 2 1 1 1 1 1 1 1 1 1 1 1 1 1 0 1 1 1 @3 pid 4665 #
point $-1 -1 -1 $-1 -28.109999999999886 48.190000000000254 0.23000000000000978 #
vertedge-sys-attrib $-1 -1 $-1 $2970 $2577 1 1 1 1 1 1 1 1 1 1 1 1 0 1 0 1 1 1 4 $2753 $3766 $-1 $-1 #
render-rbase-attrib $-1 -1 $3767 $2972 $2188 1 1 1 1 1 1 1 1 1 1 1 1 0 1 0 1 1 1 $3768 $-1 0 2 0 -1 0 1 0 0 0 0 1 -36.899999999999999 52.719999999999999 0.079999999999999988 1 rotate no_reflect no_shear #
string_attrib-name_attrib-gen-attrib $-1 -1 $-1 $2974 $1500 2 1 2 1 1 1 1 1 1 1 1 1 1 1 0 1 1 1 @15 ATTRIB_XACIS_ID @5 45552 #
coedge $-1 -1 -1 $-1 $3769 $2976 $3770 $3771 forward $1832 $-1 #
coedge $-1 -1 -1 $-1 $3344 $3772 $2976 $3366 reversed $2948 $-1 #
edge $3773 -1 -1 $-1 $3369 0 $3774 0.43999999999998618 $3365 $3775 forward @7 tangent T -27.715055535000403 48.269999999994624 0.22999999999462217 -27.715055534989645 48.710000000005081 0.23000000000537629 #
coedge $-1 -1 -1 $-1 $2977 $3776 $3344 $3758 reversed $3244 $-1 #
named_attribute-st-attrib $-1 -1 $3777 $-1 $2978 1 1 1 1 1 1 1 1 1 1 1 1 1 1 0 1 1 1 @3 eif #
tvertex-vertex $3778 -1 -1 $-1 $-1 $3779 5.3770679596413852e-012 #
straight-curve $-1 -1 -1 $-1 -27.780000000000051 48.270000000000003 0.22999999999999998 1 0 0 F 0 F 0.064944465005094543 #
integer_attrib-name_attrib-gen-attrib $-1 -1 $-1 $2979 $2587 2 1 1 1 1 1 1 1 1 1 1 1 1 1 0 1 1 1 @3 pid 7037 #
integer_attrib-name_attrib-gen-attrib $-1 -1 $3780 $-1 $2980 2 1 1 1 1 1 1 1 1 1 1 1 1 1 0 1 1 1 @3 pid 4674 #
point $-1 -1 -1 $-1 -27.780000000000136 48.270000000000124 0.23000000000000978 #
integer_attrib-name_attrib-gen-attrib $-1 -1 $-1 $2982 $2588 2 1 1 1 1 1 1 1 1 1 1 1 1 1 0 1 1 1 @3 pid 7032 #
integer_attrib-name_attrib-gen-attrib $-1 -1 $-1 $2985 $2590 2 1 1 1 1 1 1 1 1 1 1 1 1 1 0 1 1 1 @3 pid 7036 #
vertedge-sys-attrib $-1 -1 $-1 $2988 $2593 1 1 1 1 1 1 1 1 1 1 1 1 0 1 0 1 1 1 4 $2892 $3781 $-1 $-1 #
vertedge-sys-attrib $-1 -1 $-1 $2990 $2594 1 1 1 1 1 1 1 1 1 1 1 1 0 1 0 1 1 1 4 $3290 $2200 $-1 $-1 #
string_attrib-name_attrib-gen-attrib $-1 -1 $-1 $2993 $1509 2 1 2 1 1 1 1 1 1 1 1 1 1 1 0 1 1 1 @15 ATTRIB_XACIS_ID @5 45110 #
rgb_color-st-attrib $-1 -1 $3782 $2995 $1840 2 1 2 1 1 1 1 1 1 1 1 1 1 1 0 1 1 1 0.73000001907348633 0.40000000596046448 0 #
rh_material-rh_entity $-1 -1 4 4 @5 plain @5 color -4 1 1 1 @5 phong @14 ambient factor -2 1 @14 diffuse factor -2 0.75 @15 specular factor -2 0.5 @8 exponent -2 10 @14 specular color -4 1 1 1 @4 none @5 plain @5 color -4 0 0 0 #
render-rbase-attrib $-1 -1 $3783 $2996 $2206 1 1 1 1 1 1 1 1 1 1 1 1 0 1 0 1 1 1 $3784 $-1 0 2 0 -1 0 1 0 0 0 0 1 -36.899999999999999 52.719999999999999 0.079999999999999988 1 rotate no_reflect no_shear #
integer_attrib-name_attrib-gen-attrib $-1 -1 $3785 $2997 $2602 2 1 1 1 1 1 1 1 1 1 1 1 1 1 0 1 1 1 @3 pid 2178 #
integer_attrib-name_attrib-gen-attrib $-1 -1 $3786 $-1 $2998 2 0 0 1 1 1 1 1 1 1 1 1 1 1 0 1 1 1 @3 fif 0 #
face $3787 -1 -1 $-1 $3788 $3789 $5 $-1 $3790 forward double out T -28.743434164284206 48.269999998214715 0.079954024127031148 -28.686807092171033 48.314651592272973 0.11000924147008931 F #
loop $-1 -1 -1 $-1 $-1 $3791 $2998 T -28.686865236013681 48.269997687599613 0.079985954524094585 -28.686807092171033 48.300016065400825 0.11000000178507365 unknown #
plane-surface $-1 -1 -1 $-1 -28.686835062524498 48.285000207649503 0.09499999569018458 0.99999827613891423 -0.0018568034898847027 0 -0.0018568034898847027 -0.99999827613891423 0 forward_v I I I I #
tcoedge-coedge $-1 -1 -1 $-1 $3792 $3793 $3794 $3795 forward $2999 $3796 2.0424351072358573e-012 0.78524597915844851 F #
coedge $-1 -1 -1 $-1 $3797 $3001 $3798 $3799 reversed $2603 $-1 #
coedge $-1 -1 -1 $-1 $3001 $3797 $3800 $3801 forward $2603 $-1 #
coedge $-1 -1 -1 $-1 $3802 $3803 $3001 $3391 reversed $3754 $-1 #
edge $3804 -1 -1 $-1 $3805 0 $3806 0.19499999999999318 $3390 $3807 forward @7 unknown T -28.550000000000011 48.789999999999992 0.15999999999999734 -28.549999999999983 48.984999999999999 0.16000000000002393 #
coedge $-1 -1 -1 $-1 $3003 $3002 $3808 $3809 forward $2207 $-1 #
coedge $-1 -1 -1 $-1 $3756 $3810 $3002 $3394 reversed $3342 $-1 #
edge $3811 -1 -1 $-1 $3401 0 $3812 0.43999999999998618 $3002 $3813 forward @7 tangent T -28.273431457509584 48.269999999995605 0.20656854249051973 -28.273431457500692 48.710000000004328 0.20656854249931708 #
coedge $-1 -1 -1 $-1 $3814 $3815 $3003 $3396 forward $3816 $-1 #
edge $3817 -1 -1 $-1 $3400 0 $3818 0.4400000000000901 $3395 $3819 forward @7 tangent T -28.353137084993563 48.269999999996365 0.12686291500657379 -28.353137084986287 48.710000000001131 0.1268629150138498 #
coedge $-1 -1 -1 $-1 $3820 $3004 $3815 $3821 reversed $3129 $-1 #
coedge $-1 -1 -1 $-1 $3004 $3822 $3756 $3823 reversed $3129 $-1 #
named_attribute-st-attrib $-1 -1 $3824 $-1 $3005 1 1 1 1 1 1 1 1 1 1 1 1 1 1 0 1 1 1 @3 eif #
tvertex-vertex $3825 -1 -1 $-1 $-1 $3826 3.6379947929572032e-012 #
tvertex-vertex $3827 -1 -1 $-1 $-1 $3828 4.3986644857173393e-012 #
straight-curve $-1 -1 -1 $-1 -28.353137084990259 48.270000000000003 0.12686291501035327 0.70710678118659764 0 0.70710678118649739 F -2.3551386877423228e-016 F 0.11272077938655757 #
coedge $-1 -1 -1 $-1 $3829 $3830 $3006 $3404 reversed $3129 $-1 #
edge $3831 -1 -1 $-1 $3407 0 $3413 0.049999999999998358 $3006 $3832 forward @7 tangent T -28.686862921096829 48.269999998214715 0.10999998959513523 -28.686862908906892 48.270000010404658 0.16000000000008169 #
coedge $-1 -1 -1 $-1 $3007 $3833 $3829 $3834 forward $2619 $-1 #
named_attribute-st-attrib $-1 -1 $3835 $-1 $3008 1 1 1 1 1 1 1 1 1 1 1 1 1 1 0 1 1 1 @3 eif #
tvertex-vertex $3836 -1 -1 $-1 $-1 $3837 8.1717242704883641e-014 #
ellipse-curve $-1 -1 -1 $-1 -28.686862989858742 48.349999819299512 0.15999999999999998 0 0 -1 7.4848744091582375e-008 -0.079999819299509944 0 1 F 0 F 0.78540003463474029 #
coedge $-1 -1 -1 $-1 $3838 $3009 $3839 $3840 forward $3411 $-1 #
coedge $-1 -1 -1 $-1 $3009 $3838 $3017 $3422 forward $3411 $-1 #
loop $-1 -1 -1 $-1 $-1 $3410 $3841 T -28.743431457565634 48.269999998214715 0.079985954524094585 -28.686807092171033 48.314644661035004 0.11000000178507365 unknown #
named_attribute-st-attrib $-1 -1 $3842 $-1 $3010 1 1 1 1 1 1 1 1 1 1 1 1 1 1 0 1 1 1 @3 eif #
tvertex-vertex $3843 -1 -1 $-1 $-1 $3844 6.0949692032143985e-009 #
ellipse-curve $-1 -1 -1 $-1 -28.686862915009996 48.350000000000009 0.11000000000000168 -4.5783789482517575e-015 -3.4735264287873696e-014 1 -0.056568542555634593 -0.056568542434215274 -2.2239154962022667e-015 1 F 0 F 0.78539816447096455 #
integer_attrib-name_attrib-gen-attrib $-1 -1 $-1 $3011 $2609 2 1 1 1 1 1 1 1 1 1 1 1 1 1 0 1 1 1 @3 pid 7215 #
integer_attrib-name_attrib-gen-attrib $-1 -1 $-1 $-1 $3012 2 1 1 1 1 1 1 1 1 1 1 1 1 1 0 1 1 1 @3 pid 3904 #
point $-1 -1 -1 $-1 -28.743431457565634 48.293431457565788 0.10999999999999946 #
integer_attrib-name_attrib-gen-attrib $-1 -1 $3845 $-1 $3013 2 1 1 1 1 1 1 1 1 1 1 1 1 1 0 1 1 1 @3 pid 4547 #
point $-1 -1 -1 $-1 -28.743431457505999 48.293431457506003 0.15999999999999998 #
integer_attrib-name_attrib-gen-attrib $-1 -1 $-1 $3015 $2611 2 1 1 1 1 1 1 1 1 1 1 1 1 1 0 1 1 1 @3 pid 6842 #
coedge $-1 -1 -1 $-1 $3018 $3017 $3846 $3847 forward $3019 $-1 #
edge $3848 -1 -1 $-1 $3849 2.4986452460514717e-016 $3012 0.042426406871191868 $3410 $3850 forward @7 tangent T -28.743431457565634 48.293431457565788 0.079999999999953747 -28.722218254107304 48.314644661035004 0.1100000000001734 #
face $3851 -1 -1 $-1 $3841 $3019 $5 $-1 $3852 forward double out T -28.796568542515583 48.29343145756571 0.079999999855042039 -28.722218254107304 48.367781746082962 0.11000000004759893 F #
integer_attrib-name_attrib-gen-attrib $-1 -1 $-1 $3020 $2613 2 1 1 1 1 1 1 1 1 1 1 1 1 1 0 1 1 1 @3 pid 5873 #
vertedge-sys-attrib $-1 -1 $-1 $3023 $2615 1 1 1 1 1 1 1 1 1 1 1 1 0 1 0 1 1 1 4 $2213 $3853 $-1 $-1 #
vertedge-sys-attrib $-1 -1 $-1 $3025 $2616 1 1 1 1 1 1 1 1 1 1 1 1 0 1 0 1 1 1 4 $3854 $2217 $-1 $-1 #
coedge $-1 -1 -1 $-1 $3045 $3723 $3027 $3428 reversed $2919 $-1 #
edge $3855 -1 -1 $-1 $3048 0 $3856 0.27000000000007063 $3427 $3857 forward @7 unknown T -28.820000000000032 48.835000000000001 0.15999999999999998 -28.549999999999962 48.8350000000001 0.16000000000000747 #
coedge $-1 -1 -1 $-1 $3833 $3028 $-1 $3858 forward $2619 $-1 #
coedge $-1 -1 -1 $-1 $3859 $3860 $3028 $3431 reversed $3861 $-1 #
edge $3862 -1 -1 $-1 $3856 0 $3806 0.0449999999999946 $3430 $3863 forward @7 unknown T -28.550000000000011 48.789999999999992 0.15999999999999734 -28.549999999999983 48.835000000000001 0.16000000000002393 #
integer_attrib-name_attrib-gen-attrib $-1 -1 $3864 $-1 $3029 2 0 0 1 1 1 1 1 1 1 1 1 1 1 0 1 1 1 @3 fif 0 #
face $3865 -1 -1 $-1 $2188 $3330 $5 $-1 $3866 reversed double out F F #
plane-surface $-1 -1 -1 $-1 -28.643137084989998 48.552500000000002 0.15999999999999998 0 0 1 0 -1 0 forward_v I I I I #
coedge $-1 -1 -1 $-1 $3846 $3867 $3031 $3436 reversed $340 $-1 #
edge $3868 -1 -1 $-1 $3438 2.8992806407125047e-009 $3442 0.78543353068850585 $3435 $3869 forward @7 unknown T -28.790000000172071 48.367781745793046 0.079999999827947713 -28.775355338921042 48.403137085143101 0.080000000172049349 #
named_attribute-st-attrib $-1 -1 $3870 $-1 $3032 1 1 1 1 1 1 1 1 1 1 1 1 1 1 0 1 1 1 @3 eif #
tvertex-vertex $3871 -1 -1 $-1 $-1 $3872 1.4495794913467602e-010 #
straight-curve $-1 -1 -1 $-1 -28.796568542434109 48.346568542434753 0.1100000000003436 0.49999999946096763 0.50000000053168692 -0.70710678119174153 F 9.1714365680155151e-017 F 0.042426406871190321 #
coedge $-1 -1 -1 $-1 $3040 $3033 $3867 $3873 reversed $3041 $-1 #
named_attribute-st-attrib $-1 -1 $3874 $-1 $3034 1 1 1 1 1 1 1 1 1 1 1 1 1 1 0 1 1 1 @3 eif #
tvertex-vertex $3875 -1 -1 $-1 $-1 $3876 1.7205081959285821e-010 #
straight-curve $-1 -1 -1 $-1 -28.789999999999999 48.403137084915443 0.079999999999999113 -0.70710678118977577 -1.0544531606859364e-009 0.70710678118331938 F -4.8206745021452079e-016 F 0.042426406871191306 #
integer_attrib-name_attrib-gen-attrib $-1 -1 $3877 $-1 $3035 2 0 0 1 1 1 1 1 1 1 1 1 1 1 0 1 1 1 @3 fif 0 #
cone-surface $-1 -1 -1 $-1 -28.739999999999998 48.40313708499 1.0299999999999991 0 0 -1 1 0 0 1 I I -0.70710678118654768 0.70710678118654735 1 reversed I I I I #
coedge $-1 -1 -1 $-1 $3878 $3474 $3037 $3447 forward $340 $-1 #
edge $3879 -1 -1 $-1 $3460 -4.4408920985006262e-016 $3452 0.10499999999999954 $3446 $3880 forward @7 unknown T -28.820000000000753 48.72999999999962 0.079999999999617113 -28.819999999999986 48.8350000000001 0.080000000000382862 #
coedge $-1 -1 -1 $-1 $3449 $3038 $3040 $3454 reversed $3450 $-1 #
coedge $-1 -1 -1 $-1 $3038 $3448 $3878 $3881 reversed $3450 $-1 #
loop $-1 -1 -1 $-1 $-1 $3038 $3051 T -28.820000000000846 48.729999999999372 0.079999999999366134 -28.789999999999992 48.730000000000636 0.11000000000007622 unknown #
named_attribute-st-attrib $-1 -1 $3882 $-1 $3039 1 1 1 1 1 1 1 1 1 1 1 1 1 1 0 1 1 1 @3 eif #
tvertex-vertex $3883 -1 -1 $-1 $-1 $3884 3.8287083686895191e-013 #
straight-curve $-1 -1 -1 $-1 -28.82 48.730000000000004 0.10999999999981999 0 0 -1 F 0 F 0.029999999999820001 #
edge $3885 -1 -1 $-1 $3886 4.4409206549757446e-013 $3043 0.042426406871067066 $3448 $3887 forward @7 unknown T -28.820000000000846 48.729999999999372 0.079999999999366134 -28.789999999999992 48.730000000000636 0.11000000000007622 #
face $3888 -1 -1 $-1 $3035 $3041 $5 $-1 $3889 forward double out T -28.820000000065161 48.403137084798999 0.079999999827947713 -28.78999999982797 48.730000000000636 0.11000000006519779 F #
integer_attrib-name_attrib-gen-attrib $-1 -1 $-1 $3042 $2629 2 1 1 1 1 1 1 1 1 1 1 1 1 1 0 1 1 1 @3 pid 5867 #
integer_attrib-name_attrib-gen-attrib $-1 -1 $3890 $-1 $3043 2 1 1 1 1 1 1 1 1 1 1 1 1 1 0 1 1 1 @3 pid 3902 #
point $-1 -1 -1 $-1 -28.82000000000037 48.730000000000004 0.10999999999959999 #
named_attribute-st-attrib $-1 -1 $3891 $-1 $3046 1 1 1 1 1 1 1 1 1 1 1 1 1 1 0 1 1 1 @3 eif #
vertex $3892 -1 -1 $-1 $3447 $3893 #
straight-curve $-1 -1 -1 $-1 -28.82 48.835000000000001 0.16000000000000747 0 0 -1 F 0 F 0.08000000000000497 #
integer_attrib-name_attrib-gen-attrib $-1 -1 $-1 $3047 $2631 2 1 1 1 1 1 1 1 1 1 1 1 1 1 0 1 1 1 @3 pid 5865 #
integer_attrib-name_attrib-gen-attrib $-1 -1 $-1 $-1 $3048 2 1 1 1 1 1 1 1 1 1 1 1 1 1 0 1 1 1 @3 pid 3469 #
point $-1 -1 -1 $-1 -28.82 48.8350000000001 0.16000000000000747 #
integer_attrib-name_attrib-gen-attrib $-1 -1 $3894 $3050 $2632 2 1 1 1 1 1 1 1 1 1 1 1 1 1 0 1 1 1 @3 pid 1719 #
integer_attrib-name_attrib-gen-attrib $-1 -1 $3895 $-1 $3051 2 0 0 1 1 1 1 1 1 1 1 1 1 1 0 1 1 1 @3 fif 0 #
plane-surface $-1 -1 -1 $-1 -28.804999999999996 48.730000000000004 0.09499999999990999 0 -1 0 0 0 1 forward_v I I I I #
edge $3896 -1 -1 $-1 $3442 -1.8421206176922121e-016 $2222 0.042426406871136489 $3897 $3898 forward @7 tangent T -28.820000000065161 48.403137084798999 0.079999999827947713 -28.78999999982797 48.403137085143101 0.11000000006519779 #
tedge-edge $3899 -1 -1 $-1 $2615 0 $2223 0.78524597841429111 $3900 $3901 forward @7 unknown T -28.820001211844005 48.346567330637896 0.15999878815599494 -28.796567330637814 48.40313829681395 0.16000121184400801 1.2118440042691415e-006 #
string_attrib-name_attrib-gen-attrib $-1 -1 $-1 $3055 $1527 2 1 2 1 1 1 1 1 1 1 1 1 1 1 0 1 1 1 @15 ATTRIB_XACIS_ID @5 45210 #
string_attrib-name_attrib-gen-attrib $-1 -1 $-1 $3057 $1859 2 1 2 1 1 1 1 1 1 1 1 1 1 1 0 1 1 1 @15 ATTRIB_XACIS_ID @5 42150 #
render-rbase-attrib $-1 -1 $3902 $3059 $2228 1 1 1 1 1 1 1 1 1 1 1 1 0 1 0 1 1 1 $3903 $-1 0 2 0 -1 0 1 0 0 0 0 1 -36.899999999999999 52.719999999999999 0.079999999999999988 1 rotate no_reflect no_shear #
integer_attrib-name_attrib-gen-attrib $-1 -1 $3904 $3060 $2641 2 1 1 1 1 1 1 1 1 1 1 1 1 1 0 1 1 1 @3 pid 1718 #
coedge $-1 -1 -1 $-1 $3446 $3063 $3311 $3729 forward $340 $-1 #
coedge $-1 -1 -1 $-1 $3065 $3064 $3328 $3741 reversed $3061 $-1 #
integer_attrib-name_attrib-gen-attrib $-1 -1 $-1 $3066 $2646 2 1 1 1 1 1 1 1 1 1 1 1 1 1 0 1 1 1 @3 pid 3805 #
integer_attrib-name_attrib-gen-attrib $-1 -1 $-1 $-1 $3067 2 1 1 1 1 1 1 1 1 1 1 1 1 1 0 1 1 1 @3 pid 2822 #
point $-1 -1 -1 $-1 -29.349999999999998 49.045000000000002 0.079999999999999974 #
tcoedge-coedge $-1 -1 -1 $-1 $3074 $3328 $3069 $3480 forward $3330 $3905 0 0.99999999999999989 F #
tedge-edge $3906 -1 -1 $-1 $3483 0 $3079 0.99999999999999989 $3069 $3907 forward @7 unknown T -29.430048311239485 48.91995168876052 0.15995168876051513 -29.349951688760516 49.000048311239482 0.16004831123948482 4.8311239484852629e-005 #
pcurve $-1 -1 -1 $-1 0 forward { exppc nubs 1 open 2 
	-0.99999999999999989 1 -0 1 
	-1.5046245460736327 0 
	-1.5046245460736327 1.5707963267949019 
	0.001 
	-1 
	cone -29.43 49 0.039630036314109912 0 0 1 0 -0.079999999999999627 0 1 I I 0 -1 0.079999999999999627 reversed I I I I 
	} 0 0 #
named_attribute-st-attrib $-1 -1 $3908 $-1 $3070 1 1 1 1 1 1 1 1 1 1 1 1 1 1 0 1 1 1 @3 eif #
tvertex-vertex $3909 -1 -1 $-1 $3741 $3910 1.3341174398585951e-014 #
straight-curve $-1 -1 -1 $-1 -29.349999999999998 49.000000000000007 0.16000000000001063 0 0 -1 F 0 F 0.080000000000011257 #
named_attribute-st-attrib $-1 -1 $3911 $-1 $3075 1 1 1 1 1 1 1 1 1 1 1 1 1 1 0 1 1 1 @3 eif #
straight-curve $-1 -1 -1 $-1 -29.43 48.920000000000002 0.15999999999999998 -1 0 0 F 0 F 0.80186291501000095 #
point $-1 -1 -1 $-1 -30.0700000000001 48.920000000000002 0.15999999999999998 #
integer_attrib-name_attrib-gen-attrib $-1 -1 $-1 $3078 $2655 2 1 1 1 1 1 1 1 1 1 1 1 1 1 0 1 1 1 @3 pid 5861 #
integer_attrib-name_attrib-gen-attrib $-1 -1 $-1 $-1 $3079 2 1 1 1 1 1 1 1 1 1 1 1 1 1 0 1 1 1 @3 pid 3898 #
point $-1 -1 -1 $-1 -29.43 48.920000000000002 0.15999999999999998 #
string_attrib-name_attrib-gen-attrib $-1 -1 $-1 $3082 $1548 2 1 2 1 1 1 1 1 1 1 1 1 1 1 0 1 1 1 @15 ATTRIB_XACIS_ID @5 42411 #
rgb_color-st-attrib $-1 -1 $3912 $3084 $1874 2 1 2 1 1 1 1 1 1 1 1 1 1 1 0 1 1 1 0.73000001907348633 0.40000000596046448 0 #
rh_material-rh_entity $-1 -1 4 4 @5 plain @5 color -4 1 1 1 @5 phong @14 ambient factor -2 1 @14 diffuse factor -2 0.75 @15 specular factor -2 0.5 @8 exponent -2 10 @14 specular color -4 1 1 1 @4 none @5 plain @5 color -4 0 0 0 #
render-rbase-attrib $-1 -1 $3913 $3085 $2247 1 1 1 1 1 1 1 1 1 1 1 1 0 1 0 1 1 1 $3914 $-1 0 2 0 -1 0 1 0 0 0 0 1 -36.899999999999999 52.719999999999999 0.079999999999999988 1 rotate no_reflect no_shear #
integer_attrib-name_attrib-gen-attrib $-1 -1 $3915 $3086 $2665 2 1 1 1 1 1 1 1 1 1 1 1 1 1 0 1 1 1 @3 pid 2595 #
integer_attrib-name_attrib-gen-attrib $-1 -1 $3916 $-1 $3087 2 0 0 1 1 1 1 1 1 1 1 1 1 1 0 1 1 1 @3 fif 0 #
cone-surface $-1 -1 -1 $-1 -28.189999999999998 48.189999999999998 0.35036996368590001 0 0 -1 0 0.080000000000000071 0 1 I I -0 1 0.080000000000000071 reversed I I I I #
integer_attrib-name_attrib-gen-attrib $-1 -1 $-1 $3089 $2667 2 1 1 1 1 1 1 1 1 1 1 1 1 1 0 1 1 1 @3 pid 7034 #
coedge $-1 -1 -1 $-1 $3917 $3918 $3093 $3500 reversed $3919 $-1 #
edge $3920 -1 -1 $-1 $3503 0 $3660 0.12411542731906877 $3499 $3921 forward @7 unknown T -27.340000000000089 48.169999999999952 0.50999999999993939 -27.215884572681009 48.170000000000051 0.51000000000003864 #
coedge $-1 -1 -1 $-1 $3094 $3115 $3917 $3922 forward $3116 $-1 #
named_attribute-st-attrib $-1 -1 $3923 $-1 $3095 1 1 1 1 1 1 1 1 1 1 1 1 1 1 0 1 1 1 @3 eif #
vertex $3924 -1 -1 $-1 $3922 $3925 #
straight-curve $-1 -1 -1 $-1 -27.215884572681247 48.17000000000008 0.50999999999982815 -5.9211894646644024e-015 -1 2.5905203907906761e-015 F -7.3655778374425402e-028 F 0.30000000000015703 #
coedge $-1 -1 -1 $-1 $3926 $3096 $3098 $3512 forward $3507 $-1 #
coedge $-1 -1 -1 $-1 $3096 $3178 $3516 $3927 reversed $3507 $-1 #
loop $-1 -1 -1 $-1 $-1 $3178 $3928 T -27.400000000000091 47.919999999999938 0.079999999999939495 -27.059999999999917 47.920000000000066 0.19000000000000744 unknown #
named_attribute-st-attrib $-1 -1 $3929 $-1 $3097 1 1 1 1 1 1 1 1 1 1 1 1 1 1 0 1 1 1 @3 eif #
vertex $3930 -1 -1 $-1 $3097 $3931 #
straight-curve $-1 -1 -1 $-1 -27.400000000000091 47.920000000000002 0.19 1 0 0 F 0 F 0.34000000000017039 #
coedge $-1 -1 -1 $-1 $3098 $3142 $3932 $3933 reversed $2721 $-1 #
edge $3934 -1 -1 $-1 $3100 0 $3935 0.080000000000004956 $3098 $3936 forward @7 unknown T -27.399999999999999 47.920000000000002 0.11000000000000248 -27.399999999999999 47.920000000000066 0.19000000000000744 #
integer_attrib-name_attrib-gen-attrib $-1 -1 $-1 $3099 $2683 2 1 1 1 1 1 1 1 1 1 1 1 1 1 0 1 1 1 @3 pid 7267 #
integer_attrib-name_attrib-gen-attrib $-1 -1 $-1 $-1 $3100 2 1 1 1 1 1 1 1 1 1 1 1 1 1 0 1 1 1 @3 pid 3926 #
point $-1 -1 -1 $-1 -27.399999999999999 47.920000000000066 0.19000000000000744 #
coedge $-1 -1 -1 $-1 $3600 $3102 $3506 $3927 forward $3108 $-1 #
named_attribute-st-attrib $-1 -1 $3937 $-1 $3103 1 1 1 1 1 1 1 1 1 1 1 1 1 1 0 1 1 1 @3 eif #
straight-curve $-1 -1 -1 $-1 -27.059999999999999 47.870000000000005 0.19 0 1 0 F 0 F 0.049999999999998046 #
integer_attrib-name_attrib-gen-attrib $-1 -1 $3938 $3104 $2685 2 1 1 1 1 1 1 1 1 1 1 1 1 1 0 1 1 1 @3 pid 2197 #
integer_attrib-name_attrib-gen-attrib $-1 -1 $3939 $-1 $3105 2 0 0 1 1 1 1 1 1 1 1 1 1 1 0 1 1 1 @3 fif 0 #
face $3940 -1 -1 $-1 $3941 $3942 $5 $-1 $3943 forward double out T -27.40000000000596 47.907477270842946 0.10999999999404192 -27.339999999999954 47.920000000000066 0.11000000000596305 F #
plane-surface $-1 -1 -1 $-1 -27.399999999999999 47.844999999999999 0.15000000000000496 1 0 0 0 -1 0 forward_v I I I I #
coedge $-1 -1 -1 $-1 $3107 $3944 $3945 $3946 forward $3108 $-1 #
edge $3947 -1 -1 $-1 $3110 0 $3948 0.30000000000015703 $3107 $3949 forward @7 unknown T -27.059999999999963 47.869999999999926 0.41999999999989113 -27.059999999999917 48.170000000000087 0.42000000000001336 #
face $3950 -1 -1 $-1 $3928 $3108 $5 $-1 $3951 forward double out T -27.06000000000002 47.869999999999926 0.079999999999999974 -27.059999999999917 48.170000000000087 0.42000000000001336 F #
integer_attrib-name_attrib-gen-attrib $-1 -1 $-1 $3109 $2690 2 1 1 1 1 1 1 1 1 1 1 1 1 1 0 1 1 1 @3 pid 5911 #
integer_attrib-name_attrib-gen-attrib $-1 -1 $-1 $-1 $3110 2 1 1 1 1 1 1 1 1 1 1 1 1 1 0 1 1 1 @3 pid 3924 #
point $-1 -1 -1 $-1 -27.059999999999917 47.870000000000005 0.41999999999995796 #
face $3952 -1 -1 $-1 $2274 $3116 $5 $-1 $3953 forward double out T -27.215884572681247 47.869999999999919 0.41999999999988924 -27.059999999999917 48.170000000000087 0.50999999999996093 F #
integer_attrib-name_attrib-gen-attrib $-1 -1 $-1 $3117 $2695 2 1 1 1 1 1 1 1 1 1 1 1 1 1 0 1 1 1 @3 pid 7263 #
render-rbase-attrib $-1 -1 $3954 $3122 $2274 1 1 1 1 1 1 1 1 1 1 1 1 0 1 0 1 1 1 $3955 $-1 0 2 0 -1 0 1 0 0 0 0 1 -36.899999999999999 52.719999999999999 0.079999999999999988 1 rotate no_reflect no_shear #
render-rbase-attrib $-1 -1 $3956 $3126 $2287 1 1 1 1 1 1 1 1 1 1 1 1 0 1 0 1 1 1 $3957 $-1 0 2 0 -1 0 1 0 0 0 0 1 -36.899999999999999 52.719999999999999 0.079999999999999988 1 rotate no_reflect no_shear #
integer_attrib-name_attrib-gen-attrib $-1 -1 $3958 $3127 $2706 2 1 1 1 1 1 1 1 1 1 1 1 1 1 0 1 1 1 @3 pid 2793 #
integer_attrib-name_attrib-gen-attrib $-1 -1 $3959 $-1 $3128 2 0 0 1 1 1 1 1 1 1 1 1 1 1 0 1 1 1 @3 fif 0 #
face $3960 -1 -1 $-1 $2798 $3961 $5 $-1 $3962 reversed double out T -27.602472232507484 48.269999999995449 0.21499999999630942 -27.585151724423582 48.710000000004399 0.24500000000445196 F #
loop $-1 -1 -1 $-1 $-1 $3963 $3128 T -28.409705627490816 48.269999999994205 0.18343145749929954 -28.329999999995088 48.710000000005813 0.26313708499472754 unknown #
plane-surface $-1 -1 -1 $-1 -28.369852813743002 48.490000000000009 0.22328427124752645 -0.70710678118639025 0 0.70710678118670478 0 -1 0 forward_v I I I I #
coedge $-1 -1 -1 $-1 $3585 $3964 $3965 $3966 reversed $3129 $-1 #
tcoedge-coedge $-1 -1 -1 $-1 $3137 $3553 $3131 $3540 forward $3547 $3967 0 1 F #
tedge-edge $3968 -1 -1 $-1 $3543 0 $3140 1 $3539 $3969 forward @7 unknown T -27.480048311239401 47.689951688760601 0.10995168876059858 -27.399951688760599 47.770048311243812 0.11004831123940234 4.8311239401412084e-005 #
pcurve $-1 -1 -1 $-1 0 forward { exppc nubs 1 open 2 
	-1 1 -0 1 
	-1.5046245460737486 1.5707963267949188 
	-1.5046245460737486 -5.504485756091521e-011 
	0.001 
	-1 
	cone -27.479999999999997 47.770000000000003 0.23036996368589999 0 0 -1 0.080000000000000071 0 0 1 I I -0 1 0.080000000000000071 reversed I I I I 
	} 0 0 #
named_attribute-st-attrib $-1 -1 $3970 $-1 $3132 1 1 1 1 1 1 1 1 1 1 1 1 1 1 0 1 1 1 @3 eif #
tvertex-vertex $3971 -1 -1 $-1 $3554 $3972 4.4364513060328702e-012 #
straight-curve $-1 -1 -1 $-1 -27.399999999999999 47.770000000000003 0.19000000000001063 0 0 -1 F 0 F 0.08000000000001127 #
integer_attrib-name_attrib-gen-attrib $-1 -1 $3973 $-1 $3133 2 0 0 1 1 1 1 1 1 1 1 1 1 1 0 1 1 1 @3 fif 0 #
cone-surface $-1 -1 -1 $-1 -27.479999999999997 47.770000000000003 0.23036996368589999 0 0 -1 0.080000000000000071 0 0 1 I I -0 1 0.080000000000000071 reversed I I I I #
loop $-1 -1 -1 $-1 $-1 $3219 $3941 T -27.490081572380017 47.689951688760601 0.10991842761998356 -27.399918427619983 47.907558843234888 0.11008157238001889 unknown #
named_attribute-st-attrib $-1 -1 $3974 $-1 $3138 1 1 1 1 1 1 1 1 1 1 1 1 1 1 0 1 1 1 @3 eif #
straight-curve $-1 -1 -1 $-1 -27.489999999999974 47.689999999999998 0.10999999999999999 1 0 0 F 0 F 0.010000000000024656 #
integer_attrib-name_attrib-gen-attrib $-1 -1 $-1 $3139 $2716 2 1 1 1 1 1 1 1 1 1 1 1 1 1 0 1 1 1 @3 pid 8038 #
integer_attrib-name_attrib-gen-attrib $-1 -1 $-1 $-1 $3140 2 1 1 1 1 1 1 1 1 1 1 1 1 1 0 1 1 1 @3 pid 4809 #
point $-1 -1 -1 $-1 -27.479999999999979 47.690000000000005 0.11000000000000093 #
coedge $-1 -1 -1 $-1 $3539 $3634 $3142 $3554 forward $3547 $-1 #
edge $3975 -1 -1 $-1 $3976 0 $3543 0.13747727084896955 $3142 $3977 forward @7 unknown T -27.40000000000596 47.769999999995534 0.10999999999404192 -27.399999999994037 47.907477270854869 0.11000000000596305 #
rgb_color-st-attrib $-1 -1 $3978 $3144 $1910 2 1 2 1 1 1 1 1 1 1 1 1 1 1 0 1 1 1 0.73000001907348633 0.40000000596046448 0 #
rh_material-rh_entity $-1 -1 4 4 @5 plain @5 color -4 1 1 1 @5 phong @14 ambient factor -2 1 @14 diffuse factor -2 0.75 @15 specular factor -2 0.5 @8 exponent -2 10 @14 specular color -4 1 1 1 @4 none @5 plain @5 color -4 0 0 0 #
render-rbase-attrib $-1 -1 $3979 $3145 $2305 1 1 1 1 1 1 1 1 1 1 1 1 0 1 0 1 1 1 $3980 $-1 0 2 0 -1 0 1 0 0 0 0 1 -36.899999999999999 52.719999999999999 0.079999999999999988 1 rotate no_reflect no_shear #
named_attribute-st-attrib $-1 -1 $3981 $-1 $3148 1 1 1 1 1 1 1 1 1 1 1 1 1 1 0 1 1 1 @3 eif #
straight-curve $-1 -1 -1 $-1 -27.399999999999999 47.032522729150912 0.10999999999999999 0 -1 0 F 0 F 0.012522729150914458 #
integer_attrib-name_attrib-gen-attrib $-1 -1 $-1 $3149 $2733 2 1 1 1 1 1 1 1 1 1 1 1 1 1 0 1 1 1 @3 pid 5928 #
integer_attrib-name_attrib-gen-attrib $-1 -1 $-1 $-1 $3150 2 1 1 1 1 1 1 1 1 1 1 1 1 1 0 1 1 1 @3 pid 3936 #
point $-1 -1 -1 $-1 -27.400000000000063 47.019999999999996 0.10999999999999997 #
rgb_color-st-attrib $-1 -1 $3982 $3152 $1932 2 1 2 1 1 1 1 1 1 1 1 1 1 1 0 1 1 1 0.73000001907348633 0.40000000596046448 0 #
rh_material-rh_entity $-1 -1 4 4 @5 plain @5 color -4 1 1 1 @5 phong @14 ambient factor -2 1 @14 diffuse factor -2 0.75 @15 specular factor -2 0.5 @8 exponent -2 10 @14 specular color -4 1 1 1 @4 none @5 plain @5 color -4 0 0 0 #
render-rbase-attrib $-1 -1 $3983 $3153 $2318 1 1 1 1 1 1 1 1 1 1 1 1 0 1 0 1 1 1 $3984 $-1 0 2 0 -1 0 1 0 0 0 0 1 -36.899999999999999 52.719999999999999 0.079999999999999988 1 rotate no_reflect no_shear #
string_attrib-name_attrib-gen-attrib $-1 -1 $-1 $3154 $1587 2 1 2 1 1 1 1 1 1 1 1 1 1 1 0 1 1 1 @15 ATTRIB_XACIS_ID @5 41417 #
rgb_color-st-attrib $-1 -1 $3985 $3156 $1945 2 1 2 1 1 1 1 1 1 1 1 1 1 1 0 1 1 1 0.73000001907348633 0.40000000596046448 0 #
rh_material-rh_entity $-1 -1 4 4 @5 plain @5 color -4 1 1 1 @5 phong @14 ambient factor -2 1 @14 diffuse factor -2 0.75 @15 specular factor -2 0.5 @8 exponent -2 10 @14 specular color -4 1 1 1 @4 none @5 plain @5 color -4 0 0 0 #
string_attrib-name_attrib-gen-attrib $-1 -1 $-1 $3158 $1604 2 1 2 1 1 1 1 1 1 1 1 1 1 1 0 1 1 1 @15 ATTRIB_XACIS_ID @5 45397 #
rgb_color-st-attrib $-1 -1 $3986 $3160 $1957 2 1 2 1 1 1 1 1 1 1 1 1 1 1 0 1 1 1 0.73000001907348633 0.40000000596046448 0 #
rh_material-rh_entity $-1 -1 4 4 @5 plain @5 color -4 1 1 1 @5 phong @14 ambient factor -2 1 @14 diffuse factor -2 0.75 @15 specular factor -2 0.5 @8 exponent -2 10 @14 specular color -4 1 1 1 @4 none @5 plain @5 color -4 0 0 0 #
render-rbase-attrib $-1 -1 $3987 $3161 $2335 1 1 1 1 1 1 1 1 1 1 1 1 0 1 0 1 1 1 $3988 $-1 0 2 0 -1 0 1 0 0 0 0 1 -36.899999999999999 52.719999999999999 0.079999999999999988 1 rotate no_reflect no_shear #
integer_attrib-name_attrib-gen-attrib $-1 -1 $3989 $3162 $2749 2 1 1 1 1 1 1 1 1 1 1 1 1 1 0 1 1 1 @3 pid 2018 #
integer_attrib-name_attrib-gen-attrib $-1 -1 $3990 $-1 $3163 2 0 0 1 1 1 1 1 1 1 1 1 1 1 0 1 1 1 @3 fif 0 #
face $3991 -1 -1 $-1 $3992 $3993 $5 $-1 $3994 reversed double out T -27.490000000000002 48.709951688760107 0.10995168876010376 -27.399951688760101 48.945000000002977 0.11004831123989631 F #
loop $-1 -1 -1 $-1 $-1 $3995 $3163 T -27.541850454240201 48.269509376110662 0.18931563127266085 -27.480855409332662 48.710000000001983 0.19068436872733915 unknown #
plane-surface $-1 -1 -1 $-1 -27.511640533552498 48.490015903817508 0.19 0 0 1 0 -1 0 forward_v I I I I #
tcoedge-coedge $-1 -1 -1 $-1 $3996 $3997 $3998 $3999 reversed $3164 $4000 -1 -0 F #
coedge $-1 -1 -1 $-1 $4001 $3166 $4002 $4003 forward $2750 $-1 #
coedge $-1 -1 -1 $-1 $3166 $3680 $4004 $4005 forward $2750 $-1 #
tcoedge-coedge $-1 -1 -1 $-1 $4006 $4007 $3166 $3582 reversed $4008 $4009 -1 -0 F #
tedge-edge $4010 -1 -1 $-1 $4011 0 $4012 1 $3166 $4013 forward @7 unknown T -27.480048311239624 48.709951688760512 0.18995168876050372 -27.399951688760513 48.790048311239488 0.19004831123948643 4.8311239486437312e-005 #
pcurve $-1 -1 -1 $-1 0 forward { exppc nubs 3 open 5 
	0 3 0.2458798480502567 1 0.50063558777635508 1 0.75489193751382022 1 1 3 
	0.11749999999999972 -0.035000000000000142 
	0.11735368168008176 -0.02421059803649861 
	0.11345997594826951 -0.0039753378006111006 
	0.09559604363586427 0.02318459298437503 
	0.068439815200190157 0.040983426480163843 
	0.048252426850279306 0.044855599451514294 
	0.037499999999999645 0.045000000000001705 
	0 
	0 
	plane -27.445 48.827500000000001 0.19 0 0 1 0 -1 0 forward_v I I I I 
	} 0 0 #
coedge $-1 -1 -1 $-1 $3686 $3167 $4014 $4015 reversed $2336 $-1 #
coedge $-1 -1 -1 $-1 $3682 $3538 $3167 $3586 reversed $3129 $-1 #
edge $4016 -1 -1 $-1 $3588 0 $4017 0.026862915009617794 $3585 $4018 forward @7 unknown T -28.216862915010555 48.269999999999534 0.30999999999951194 -28.189999999999646 48.270000000000636 0.31000000000049305 #
named_attribute-st-attrib $-1 -1 $4019 $-1 $3168 1 1 1 1 1 1 1 1 1 1 1 1 1 1 0 1 1 1 @3 eif #
tvertex-vertex $4020 -1 -1 $-1 $-1 $4021 4.9056381279048374e-013 #
ellipse-curve $-1 -1 -1 $-1 -28.190000221047885 48.189999269605025 0.31 0 0 -1 2.2104780050824502e-007 0.080000730395261677 0 1 F 0 F 0.58775141651733454 #
integer_attrib-name_attrib-gen-attrib $-1 -1 $-1 $3169 $2753 2 1 1 1 1 1 1 1 1 1 1 1 1 1 0 1 1 1 @3 pid 7878 #
render-rbase-attrib $-1 -1 $4022 $3171 $2342 1 1 1 1 1 1 1 1 1 1 1 1 0 1 0 1 1 1 $4023 $-1 0 2 0 -1 0 1 0 0 0 0 1 -36.899999999999999 52.719999999999999 0.079999999999999988 1 rotate no_reflect no_shear #
integer_attrib-name_attrib-gen-attrib $-1 -1 $4024 $3172 $2755 2 1 1 1 1 1 1 1 1 1 1 1 1 1 0 1 1 1 @3 pid 2599 #
integer_attrib-name_attrib-gen-attrib $-1 -1 $4025 $-1 $3173 2 0 0 1 1 1 1 1 1 1 1 1 1 1 0 1 1 1 @3 fif 0 #
face $4026 -1 -1 $-1 $4027 $4008 $5 $-1 $4028 forward double out T -27.480048311239972 48.709951688760107 0.10995168876010376 -27.399951688760101 48.790048311240845 0.19004831123948643 F #
loop $-1 -1 -1 $-1 $-1 $4029 $3173 T -27.715056628994105 48.269998906000936 0.24499890600083513 -27.602471138503905 48.71000109399909 0.31000109406304138 unknown #
cone-surface $-1 -1 -1 $-1 -27.715055534994999 48.229630036313999 0.17999999999999999 0 1 0 0 0 -0.13 1 I I -0 1 0.13 reversed I I I I #
coedge $-1 -1 -1 $-1 $4014 $4030 $4031 $4032 reversed $3174 $-1 #
tedge-edge $4033 -1 -1 $-1 $2345 0 $4034 0.6556642221821477 $4035 $4036 forward @7 unknown T -28.110001503341969 48.10247926475089 0.30999849665780588 -27.984998496657774 48.145001503342549 0.31000150334219412 1.5033421941191138e-006 #
coedge $-1 -1 -1 $-1 $3177 $4037 $4038 $4039 forward $340 $-1 #
coedge $-1 -1 -1 $-1 $4040 $3516 $3177 $3601 forward $3108 $-1 #
edge $4041 -1 -1 $-1 $3604 0 $4042 0.20000000000000195 $3177 $4043 forward @7 unknown T -27.059999999999999 47.920000000000002 0.079999999999999974 -27.059999999999917 48.120000000000005 0.080000000000000002 #
coedge $-1 -1 -1 $-1 $3178 $3926 $3180 $3607 reversed $3507 $-1 #
named_attribute-st-attrib $-1 -1 $4044 $-1 $3179 1 1 1 1 1 1 1 1 1 1 1 1 1 1 0 1 1 1 @3 eif #
vertex $4045 -1 -1 $-1 $3927 $4046 #
straight-curve $-1 -1 -1 $-1 -27.059999999999917 47.920000000000002 0.079999999999999988 -1 0 0 F 0 F 0.28000000000013969 #
coedge $-1 -1 -1 $-1 $3608 $3180 $4047 $4048 reversed $3182 $-1 #
edge $4049 -1 -1 $-1 $3185 -1.8431436932253575e-018 $4050 0.029999999999999229 $3602 $4051 forward @7 tangent T -27.340000000000057 47.919999999999938 0.079999999999939495 -27.339999999999936 47.920000000000066 0.10999999999999951 #
tcoedge-coedge $-1 -1 -1 $-1 $3181 $3606 $3634 $4052 reversed $3182 $4053 -1 -0 F #
face $4054 -1 -1 $-1 $2821 $3182 $5 $-1 $4055 reversed double out T -27.490090582699153 47.769909417300845 0.079909417300846261 -27.339909417300841 47.920090582699153 0.11008157238001889 F #
integer_attrib-name_attrib-gen-attrib $-1 -1 $-1 $3184 $2763 2 1 1 1 1 1 1 1 1 1 1 1 1 1 0 1 1 1 @3 pid 3830 #
integer_attrib-name_attrib-gen-attrib $-1 -1 $-1 $-1 $3185 2 1 1 1 1 1 1 1 1 1 1 1 1 1 0 1 1 1 @3 pid 2846 #
point $-1 -1 -1 $-1 -27.339999999999996 47.920000000000002 0.079999999999999891 #
named_attribute-st-attrib $-1 -1 $4056 $-1 $3187 1 1 1 1 1 1 1 1 1 1 1 1 1 1 0 1 1 1 @3 eif #
tvertex-vertex $4057 -1 -1 $-1 $3220 $4058 4.4178009911286258e-012 #
straight-curve $-1 -1 -1 $-1 -27.489999999999998 47.769999999999989 0.10999999999999903 0 0 -1 F 0 F 0.029999999999999232 #
integer_attrib-name_attrib-gen-attrib $-1 -1 $-1 $3191 $2769 2 1 1 1 1 1 1 1 1 1 1 1 1 1 0 1 1 1 @3 pid 5921 #
named_attribute-st-attrib $-1 -1 $4059 $-1 $3194 1 1 1 1 1 1 1 1 1 1 1 1 1 1 0 1 1 1 @3 eif #
ellipse-curve $-1 -1 -1 $-1 -27.339999747293241 47.170001210795519 0.10999999999999999 0 0 -1 -2.5270671422106261e-007 -0.15000121079552287 0 1 F 0 F 0.41151347665815524 #
integer_attrib-name_attrib-gen-attrib $-1 -1 $4060 $3195 $2771 2 1 1 1 1 1 1 1 1 1 1 1 1 1 0 1 1 1 @3 pid 1737 #
integer_attrib-name_attrib-gen-attrib $-1 -1 $-1 $3198 $2776 2 1 1 1 1 1 1 1 1 1 1 1 1 1 0 1 1 1 @3 pid 5927 #
render-rbase-attrib $-1 -1 $4061 $3203 $2361 1 1 1 1 1 1 1 1 1 1 1 1 0 1 0 1 1 1 $4062 $-1 0 2 0 -1 0 1 0 0 0 0 1 -36.899999999999999 52.719999999999999 0.079999999999999988 1 rotate no_reflect no_shear #
string_attrib-name_attrib-gen-attrib $-1 -1 $-1 $3206 $1664 2 1 2 1 1 1 1 1 1 1 1 1 1 1 0 1 1 1 @15 ATTRIB_XACIS_ID @5 40101 #
integer_attrib-name_attrib-gen-attrib $-1 -1 $-1 $3208 $2797 2 1 1 1 1 1 1 1 1 1 1 1 1 1 0 1 1 1 @3 pid 8050 #
integer_attrib-name_attrib-gen-attrib $-1 -1 $-1 $-1 $3209 2 1 1 1 1 1 1 1 1 1 1 1 1 1 0 1 1 1 @3 pid 5023 #
point $-1 -1 -1 $-1 -27.654433756730008 47.690000000000005 0.17500000000007496 #
integer_attrib-name_attrib-gen-attrib $-1 -1 $4063 $3211 $2798 2 1 1 1 1 1 1 1 1 1 1 1 1 1 0 1 1 1 @3 pid 2806 #
integer_attrib-name_attrib-gen-attrib $-1 -1 $4064 $-1 $3212 2 0 0 1 1 1 1 1 1 1 1 1 1 1 0 1 1 1 @3 fif 0 #
face $4065 -1 -1 $-1 $4066 $4067 $5 $-1 $4068 reversed double out T -28.467012493379599 48.269998788155732 0.15926167660043525 -28.409704415640711 48.710738323399553 0.18343266935073402 F #
loop $-1 -1 -1 $-1 $-1 $4069 $3212 T -27.671754264810605 48.269999999995548 0.17499999999562701 -27.654433756725957 48.710000000005117 0.20500000000491247 unknown #
plane-surface $-1 -1 -1 $-1 -27.663094010767498 48.490000000000009 0.19000000000018957 0.86602540377838888 0 0.50000000001047873 0 -1 0 forward_v I I I I #
named_attribute-st-attrib $-1 -1 $4070 $-1 $3215 1 1 1 1 1 1 1 1 1 1 1 1 1 1 0 1 1 1 @3 eif #
ellipse-curve $-1 -1 -1 $-1 -27.541854533127275 47.690000000000005 0.23999293515689427 0 -1 0 -0.11257922360293726 -0 -0.064992935156804252 1 F 0 F 1.0472603067474437 #
integer_attrib-name_attrib-gen-attrib $-1 -1 $-1 $3217 $2807 2 1 1 1 1 1 1 1 1 1 1 1 1 1 0 1 1 1 @3 pid 7277 #
tcoedge-coedge $-1 -1 -1 $-1 $3553 $3219 $3608 $4052 forward $3547 $4071 0 1 F #
named_attribute-st-attrib $-1 -1 $4072 $-1 $3220 1 1 1 1 1 1 1 1 1 1 1 1 1 1 0 1 1 1 @3 eif #
straight-curve $-1 -1 -1 $-1 -27.489999999999998 47.69000000000414 0.10999999999999999 0 1 0 F 0 F 0.080000000000267413 #
render-rbase-attrib $-1 -1 $4073 $3224 $2408 1 1 1 1 1 1 1 1 1 1 1 1 0 1 0 1 1 1 $4074 $-1 0 2 0 -1 0 1 0 0 0 0 1 -36.899999999999999 52.719999999999999 0.079999999999999988 1 rotate no_reflect no_shear #
integer_attrib-name_attrib-gen-attrib $-1 -1 $4075 $3225 $2813 2 1 1 1 1 1 1 1 1 1 1 1 1 1 0 1 1 1 @3 pid 2203 #
integer_attrib-name_attrib-gen-attrib $-1 -1 $4076 $3231 $2821 2 1 1 1 1 1 1 1 1 1 1 1 1 1 0 1 1 1 @3 pid 1736 #
rgb_color-st-attrib $-1 -1 $4077 $3233 $2042 2 1 2 1 1 1 1 1 1 1 1 1 1 1 0 1 1 1 0.73000001907348633 0.40000000596046448 0 #
rh_material-rh_entity $-1 -1 4 4 @5 plain @5 color -4 1 1 1 @5 phong @14 ambient factor -2 1 @14 diffuse factor -2 0.75 @15 specular factor -2 0.5 @8 exponent -2 10 @14 specular color -4 1 1 1 @4 none @5 plain @5 color -4 0 0 0 #
string_attrib-name_attrib-gen-attrib $-1 -1 $-1 $3238 $1722 2 1 2 1 1 1 1 1 1 1 1 1 1 1 0 1 1 1 @15 ATTRIB_XACIS_ID @5 42570 #
rgb_color-st-attrib $-1 -1 $4078 $3240 $2083 2 1 2 1 1 1 1 1 1 1 1 1 1 1 0 1 1 1 0.73000001907348633 0.40000000596046448 0 #
rh_material-rh_entity $-1 -1 4 4 @5 plain @5 color -4 1 1 1 @5 phong @14 ambient factor -2 1 @14 diffuse factor -2 0.75 @15 specular factor -2 0.5 @8 exponent -2 10 @14 specular color -4 1 1 1 @4 none @5 plain @5 color -4 0 0 0 #
render-rbase-attrib $-1 -1 $4079 $3241 $2455 1 1 1 1 1 1 1 1 1 1 1 1 0 1 0 1 1 1 $4080 $-1 0 2 0 -1 0 1 0 0 0 0 1 -36.899999999999999 52.719999999999999 0.079999999999999988 1 rotate no_reflect no_shear #
integer_attrib-name_attrib-gen-attrib $-1 -1 $4081 $3242 $2846 2 1 1 1 1 1 1 1 1 1 1 1 1 1 0 1 1 1 @3 pid 2871 #
integer_attrib-name_attrib-gen-attrib $-1 -1 $4082 $-1 $3243 2 0 0 1 1 1 1 1 1 1 1 1 1 1 0 1 1 1 @3 fif 0 #
face $4083 -1 -1 $-1 $4084 $4085 $5 $-1 $4086 reversed double out T -28.216862915012076 48.102479264750663 0.22999849665776292 -27.715055534989645 48.710000000005081 0.23000150334223296 F #
loop $-1 -1 -1 $-1 $-1 $4087 $3243 T -28.409705627490816 48.269999999994205 0.18343145749929954 -28.329999999995088 48.710000000005813 0.26313708499472754 unknown #
plane-surface $-1 -1 -1 $-1 -28.369852813738497 48.490000000000002 0.2232842712463072 0.70710678118740455 -5.8579171684797934e-018 -0.70710678118569048 -4.1421729534661817e-018 -1 4.1421729534561407e-018 forward_v I I I I #
coedge $-1 -1 -1 $-1 $4088 $3689 $4089 $4090 reversed $3244 $-1 #
tcoedge-coedge $-1 -1 -1 $-1 $4091 $3246 $4029 $4092 forward $2847 $4093 0 1.0472603067464685 F #
coedge $-1 -1 -1 $-1 $3246 $4094 $4095 $4096 forward $2847 $-1 #
coedge $-1 -1 -1 $-1 $4097 $4098 $3246 $3655 reversed $3961 $-1 #
edge $4099 -1 -1 $-1 $4100 4.2092565678939953e-016 $4101 0.034641016151077689 $3654 $4102 forward @7 unknown T -27.602472232507349 48.709999999995702 0.21499999999630942 -27.585151724423582 48.710000000004399 0.24500000000436423 #
coedge $-1 -1 -1 $-1 $3997 $3248 $3918 $4103 forward $3164 $-1 #
coedge $-1 -1 -1 $-1 $3248 $3996 $3251 $3663 forward $3164 $-1 #
pcurve $-1 -1 -1 $-1 0 forward { exppc nubs 1 open 2 
	-1 1 -0 1 
	-0.26913309123933288 1.5707963267948908 
	-0.26913309123933288 0 
	0.001 
	-1 
	cone -27.339999999999996 48.32 0.55036996368589974 0 0 -1 0 -0.14999999999999947 0 1 I I 0 -1 0.14999999999999947 reversed I I I I 
	} 0 0 #
named_attribute-st-attrib $-1 -1 $4104 $-1 $3249 1 1 1 1 1 1 1 1 1 1 1 1 1 1 0 1 1 1 @3 eif #
tvertex-vertex $4105 -1 -1 $-1 $3500 $4106 4.96511795692936e-014 #
intcurve-curve $-1 -1 -1 $-1 forward { exactcur full nubs 3 open 5 
	0 3 0.24587984804511256 1 0.50063558777789252 1 0.75489193752067507 1 1 3 
	-27.339999999999996 48.170000000000002 0.51000000000000001 
	-27.360230128681046 48.170274346849993 0.51000000000000001 
	-27.398171241623352 48.17757504509725 0.5099999999999999 
	-27.44909611184552 48.211069918183313 0.51000000000000001 
	-27.482468924650156 48.261987846500524 0.5099999999999999 
	-27.489729248971436 48.299839199656404 0.51000000000000001 
	-27.489999999999998 48.32 0.51000000000000001 
	0 
	null_surface 
	null_surface 
	nullbs 
	nullbs 
	-1 
	-1 
	I I 
	0 
	0 
	3 0.24587984804511256 0.50063558777789252 0.75489193752067507 
	
	-1 
	none F F 1 F 0 } I I #
coedge $-1 -1 -1 $-1 $3271 $3251 $4107 $4108 forward $2871 $-1 #
edge $4109 -1 -1 $-1 $4110 0 $3254 0.32000000000002454 $3657 $4111 forward @7 tangent T -27.490000000000052 48.319999999999666 0.1899999999997572 -27.489999999999544 48.320000000000149 0.51000000000006063 #
integer_attrib-name_attrib-gen-attrib $-1 -1 $-1 $3253 $2854 2 1 1 1 1 1 1 1 1 1 1 1 1 1 0 1 1 1 @3 pid 4870 #
integer_attrib-name_attrib-gen-attrib $-1 -1 $-1 $-1 $3254 2 1 1 1 1 1 1 1 1 1 1 1 1 1 0 1 1 1 @3 pid 3464 #
point $-1 -1 -1 $-1 -27.490000000000002 48.319999999999965 0.51000000000000911 #
named_attribute-st-attrib $-1 -1 $4112 $-1 $3256 1 1 1 1 1 1 1 1 1 1 1 1 1 1 0 1 1 1 @3 eif #
straight-curve $-1 -1 -1 $-1 -27.490000000000002 48.835000000000001 0.51000000000000101 0 0 -1 F 0 F 0.089999999999997804 #
integer_attrib-name_attrib-gen-attrib $-1 -1 $-1 $3260 $2860 2 1 1 1 1 1 1 1 1 1 1 1 1 1 0 1 1 1 @3 pid 4865 #
string_attrib-name_attrib-gen-attrib $-1 -1 $-1 $3263 $1753 2 1 2 1 1 1 1 1 1 1 1 1 1 1 0 1 1 1 @15 ATTRIB_XACIS_ID @5 43675 #
rgb_color-st-attrib $-1 -1 $4113 $3265 $2108 2 1 2 1 1 1 1 1 1 1 1 1 1 1 0 1 1 1 0.73000001907348633 0.40000000596046448 0 #
rh_material-rh_entity $-1 -1 4 4 @5 plain @5 color -4 1 1 1 @5 phong @14 ambient factor -2 1 @14 diffuse factor -2 0.75 @15 specular factor -2 0.5 @8 exponent -2 10 @14 specular color -4 1 1 1 @4 none @5 plain @5 color -4 0 0 0 #
render-rbase-attrib $-1 -1 $4114 $3266 $2480 1 1 1 1 1 1 1 1 1 1 1 1 0 1 0 1 1 1 $4115 $-1 0 2 0 -1 0 1 0 0 0 0 1 -36.899999999999999 52.719999999999999 0.079999999999999988 1 rotate no_reflect no_shear #
integer_attrib-name_attrib-gen-attrib $-1 -1 $4116 $3267 $2870 2 1 1 1 1 1 1 1 1 1 1 1 1 1 0 1 1 1 @3 pid 1229 #
integer_attrib-name_attrib-gen-attrib $-1 -1 $4117 $-1 $3268 2 0 0 1 1 1 1 1 1 1 1 1 1 1 0 1 1 1 @3 fif 0 #
face $4118 -1 -1 $-1 $3719 $3713 $5 $-1 $4119 reversed double out T -28.200000000000287 49.045000000000002 0.07999999999999996 -27.699999999999999 49.045000000000144 0.42000000000000992 F #
loop $-1 -1 -1 $-1 $-1 $4120 $3268 T -27.700000000000145 48.944999999999858 0.079999999999999988 -27.599999999999859 49.045000000000144 0.42000000000000992 unknown #
plane-surface $-1 -1 -1 $-1 -27.650000000000002 48.995000000000005 0.25000000000000988 -0.70710678118654746 -0.70710678118654757 0 0.70710678118654757 -0.70710678118654746 0 forward_v I I I I #
coedge $-1 -1 -1 $-1 $4121 $4122 $4123 $4124 reversed $3269 $-1 #
coedge $-1 -1 -1 $-1 $3580 $4001 $3271 $3681 forward $2750 $-1 #
edge $4125 -1 -1 $-1 $4126 0 $4127 0.23499999999999943 $3680 $4128 forward @7 unknown T -27.490000000000002 48.710000000000001 0.19 -27.489999999999995 48.945 0.19000000000000497 #
coedge $-1 -1 -1 $-1 $3822 $3585 $3273 $3683 forward $3129 $-1 #
edge $4129 -1 -1 $-1 $3588 0 $3762 0.080000000000016253 $3273 $4130 forward @7 tangent T -28.190000000000627 48.269999999999655 0.22999999999960202 -28.189999999999642 48.270000000000636 0.31000000000049305 #
integer_attrib-name_attrib-gen-attrib $-1 -1 $-1 $3275 $2884 2 1 1 1 1 1 1 1 1 1 1 1 1 1 0 1 1 1 @3 pid 7877 #
edge $4131 -1 -1 $-1 $3588 0 $2498 1.5707396340674851 $4132 $4133 forward @7 unknown T -28.190000000000627 48.189999999999948 0.30999999999943262 -28.109999999999211 48.270000000000636 0.31000000000056738 #
coedge $-1 -1 -1 $-1 $3278 $3584 $4091 $4134 forward $2336 $-1 #
coedge $-1 -1 -1 $-1 $4029 $4135 $3278 $3688 forward $3595 $-1 #
edge $4136 -1 -1 $-1 $3691 0 $4137 0.44000000000018336 $3687 $4138 forward @7 tangent T -27.715055535000531 48.26999999999456 0.3099999999945649 -27.715055534989645 48.710000000005017 0.31000000000545053 #
tcoedge-coedge $-1 -1 -1 $-1 $3651 $3279 $4135 $4139 reversed $3244 $4140 -1.0472603067476436 -0 F #
named_attribute-st-attrib $-1 -1 $4141 $-1 $3280 1 1 1 1 1 1 1 1 1 1 1 1 1 1 0 1 1 1 @3 eif #
tvertex-vertex $4142 -1 -1 $-1 $-1 $4143 5.4428223060389203e-012 #
straight-curve $-1 -1 -1 $-1 -27.715055534994956 48.270000000000003 0.31 -1 0 0 F 0 F 0.064944465005094543 #
integer_attrib-name_attrib-gen-attrib $-1 -1 $-1 $3281 $2892 2 1 1 1 1 1 1 1 1 1 1 1 1 1 0 1 1 1 @3 pid 7876 #
tedge-edge $4144 -1 -1 $-1 $4034 0 $2507 0.65566422218299358 $4145 $4146 forward @7 unknown T -27.985001503342129 48.102479264750762 0.30999849665784102 -27.859998496657919 48.14500150334252 0.31000150334216303 1.5033421590028352e-006 #
integer_attrib-name_attrib-gen-attrib $-1 -1 $-1 $3284 $2897 2 1 1 1 1 1 1 1 1 1 1 1 1 1 0 1 1 1 @3 pid 7874 #
vertedge-sys-attrib $-1 -1 $-1 $3287 $2899 1 1 1 1 1 1 1 1 1 1 1 1 0 1 0 1 1 1 4 $4147 $2897 $-1 $-1 #
named_attribute-st-attrib $-1 -1 $4148 $-1 $3290 1 1 1 1 1 1 1 1 1 1 1 1 1 1 0 1 1 1 @3 eif #
coedge $-1 -1 -1 $-1 $4149 $4150 $4151 $3290 forward $4152 $-1 #
straight-curve $-1 -1 -1 $-1 -27.859999999999999 48.189999999999998 0.30999999999997951 0 0 -1 F 0 F 0.079999999999959909 #
coedge $-1 -1 -1 $-1 $4153 $4120 $3291 $3701 reversed $3677 $-1 #
edge $4154 -1 -1 $-1 $3705 0 $3715 0.14142135623730898 $3291 $4155 forward @7 unknown T -27.700000000000141 48.945 0.42000000000000004 -27.600000000000001 49.045000000000144 0.42000000000000492 #
coedge $-1 -1 -1 $-1 $4156 $3292 $3294 $3707 reversed $3269 $-1 #
coedge $-1 -1 -1 $-1 $3292 $4157 $4153 $4158 forward $3269 $-1 #
named_attribute-st-attrib $-1 -1 $4159 $-1 $3293 1 1 1 1 1 1 1 1 1 1 1 1 1 1 0 1 1 1 @3 eif #
vertex $4160 -1 -1 $-1 $3701 $4161 #
straight-curve $-1 -1 -1 $-1 -27.489999999999995 48.945 0.42000000000000004 -1 0 0 F 0 F 0.11000000000008292 #
edge $4162 -1 -1 $-1 $4126 0 $3296 0.22999999999999993 $3702 $4163 forward @7 unknown T -27.490000000000002 48.945 0.19000000000000497 -27.489999999999995 48.945 0.42000000000000992 #
integer_attrib-name_attrib-gen-attrib $-1 -1 $-1 $3295 $2907 2 1 1 1 1 1 1 1 1 1 1 1 1 1 0 1 1 1 @3 pid 2709 #
integer_attrib-name_attrib-gen-attrib $-1 -1 $-1 $-1 $3296 2 1 1 1 1 1 1 1 1 1 1 1 1 1 0 1 1 1 @3 pid 2016 #
point $-1 -1 -1 $-1 -27.489999999999995 48.945 0.42000000000000992 #
coedge $-1 -1 -1 $-1 $4164 $3301 $4120 $4165 forward $3713 $-1 #
coedge $-1 -1 -1 $-1 $3301 $4164 $3303 $3718 forward $3713 $-1 #
loop $-1 -1 -1 $-1 $-1 $3301 $3676 T -28.200000000000287 49.045000000000002 0.07999999999999996 -27.699999999999999 49.045000000000144 0.42000000000000992 unknown #
named_attribute-st-attrib $-1 -1 $4166 $-1 $3302 1 1 1 1 1 1 1 1 1 1 1 1 1 1 0 1 1 1 @3 eif #
vertex $4167 -1 -1 $-1 $4165 $4168 #
straight-curve $-1 -1 -1 $-1 -28.199999999999999 49.045000000000002 0.42000000000000004 1 0 0 F 0 F 0.5 #
coedge $-1 -1 -1 $-1 $3304 $3303 $4169 $4170 forward $3305 $-1 #
edge $4171 -1 -1 $-1 $4172 0 $3307 0.33999999999999997 $3303 $4173 forward @7 unknown T -28.200000000000287 49.045000000000002 0.07999999999999996 -28.199999999999999 49.045000000000002 0.41999999999999993 #
face $4174 -1 -1 $-1 $3312 $3305 $5 $-1 $4175 reversed double out T -28.349999999999952 48.834999999999795 0.07999999999999996 -28.199999999999999 49.045000000000208 0.42000000000000492 F #
integer_attrib-name_attrib-gen-attrib $-1 -1 $-1 $3306 $2916 2 1 1 1 1 1 1 1 1 1 1 1 1 1 0 1 1 1 @3 pid 2713 #
integer_attrib-name_attrib-gen-attrib $-1 -1 $-1 $-1 $3307 2 1 1 1 1 1 1 1 1 1 1 1 1 1 0 1 1 1 @3 pid 2019 #
point $-1 -1 -1 $-1 -28.199999999999999 49.045000000000002 0.41999999999999993 #
coedge $-1 -1 -1 $-1 $3427 $3309 $3859 $4176 forward $2919 $-1 #
coedge $-1 -1 -1 $-1 $4169 $4177 $3309 $3725 forward $340 $-1 #
edge $4178 -1 -1 $-1 $4179 0 $3727 0.20000000000005258 $3724 $4180 forward @7 unknown T -28.549999999999983 48.834999999999859 0.079999999999999988 -28.349999999999881 48.835000000000001 0.080000000000004984 #
named_attribute-st-attrib $-1 -1 $4181 $-1 $3310 1 1 1 1 1 1 1 1 1 1 1 1 1 1 0 1 1 1 @3 eif #
vertex $4182 -1 -1 $-1 $3310 $4183 #
straight-curve $-1 -1 -1 $-1 -28.349999999999632 48.834999999999908 0.080000000000009008 0 0 1 F 0 F 0.33999999999999186 #
edge $4184 -1 -1 $-1 $3318 0 $3460 0.25000000000006573 $3474 $4185 forward @7 unknown T -29.0700000000001 48.834999999999965 0.079999999999999988 -28.82 48.8350000000001 0.08000000000000998 #
integer_attrib-name_attrib-gen-attrib $-1 -1 $4186 $-1 $3312 2 0 0 1 1 1 1 1 1 1 1 1 1 1 0 1 1 1 @3 fif 0 #
plane-surface $-1 -1 -1 $-1 -28.710000000000004 48.835000000000001 0.25000000000000988 0 -1 0 1 0 0 forward_v I I I I #
named_attribute-st-attrib $-1 -1 $4187 $-1 $3316 1 1 1 1 1 1 1 1 1 1 1 1 1 1 0 1 1 1 @3 eif #
straight-curve $-1 -1 -1 $-1 -29.07 49.04500000000008 0.079999999999999988 0 -1 0 F 0 F 0.21000000000015184 #
integer_attrib-name_attrib-gen-attrib $-1 -1 $-1 $3317 $2924 2 1 1 1 1 1 1 1 1 1 1 1 1 1 0 1 1 1 @3 pid 4882 #
integer_attrib-name_attrib-gen-attrib $-1 -1 $-1 $-1 $3318 2 1 1 1 1 1 1 1 1 1 1 1 1 1 0 1 1 1 @3 pid 2824 #
point $-1 -1 -1 $-1 -29.07000000000005 48.834999999999965 0.08000000000000998 #
integer_attrib-name_attrib-gen-attrib $-1 -1 $4188 $3320 $2925 2 1 1 1 1 1 1 1 1 1 1 1 1 1 0 1 1 1 @3 pid 1234 #
named_attribute-st-attrib $-1 -1 $4189 $-1 $3322 1 1 1 1 1 1 1 1 1 1 1 1 1 1 0 1 1 1 @3 eif #
straight-curve $-1 -1 -1 $-1 -29.349999999999998 49.045000000000002 0.15999999999999998 0 0 -1 F 0 F 0.080000000000000002 #
integer_attrib-name_attrib-gen-attrib $-1 -1 $-1 $3323 $2930 2 1 1 1 1 1 1 1 1 1 1 1 1 1 0 1 1 1 @3 pid 3806 #
edge $4190 -1 -1 $-1 $3331 0 $3483 0.045000000000000373 $3475 $4191 forward @7 unknown T -29.350000000000016 48.999999999999986 0.15999999999998663 -29.349999999999987 49.045000000000002 0.16000000000001333 #
edge $-1 -1 -1 $-1 $2936 -0.34986579142523766 $3076 -0.22486579142523766 $3329 $4192 forward @7 unknown F #
integer_attrib-name_attrib-gen-attrib $-1 -1 $-1 $-1 $3331 2 1 1 1 1 1 1 1 1 1 1 1 1 1 0 1 1 1 @3 pid 3471 #
point $-1 -1 -1 $-1 -29.350000000000001 49.045000000000002 0.15999999999999998 #
rgb_color-st-attrib $-1 -1 $4193 $3334 $2546 2 1 2 1 1 1 1 1 1 1 1 1 1 1 0 1 1 1 0.73000001907348633 0.40000000596046448 0 #
rh_material-rh_entity $-1 -1 4 4 @5 plain @5 color -4 1 1 1 @5 phong @14 ambient factor -2 1 @14 diffuse factor -2 0.75 @15 specular factor -2 0.5 @8 exponent -2 10 @14 specular color -4 1 1 1 @4 none @5 plain @5 color -4 0 0 0 #
integer_attrib-name_attrib-gen-attrib $-1 -1 $-1 $3336 $2941 2 1 1 1 1 1 1 1 1 1 1 1 1 1 0 1 1 1 @3 pid 8187 #
rgb_color-st-attrib $-1 -1 $4194 $3338 $2167 2 1 2 1 1 1 1 1 1 1 1 1 1 1 0 1 1 1 0.73000001907348633 0.40000000596046448 0 #
rh_material-rh_entity $-1 -1 4 4 @5 plain @5 color -4 1 1 1 @5 phong @14 ambient factor -2 1 @14 diffuse factor -2 0.75 @15 specular factor -2 0.5 @8 exponent -2 10 @14 specular color -4 1 1 1 @4 none @5 plain @5 color -4 0 0 0 #
render-rbase-attrib $-1 -1 $4195 $3339 $2555 1 1 1 1 1 1 1 1 1 1 1 1 0 1 0 1 1 1 $4196 $-1 0 2 0 -1 0 1 0 0 0 0 1 -36.899999999999999 52.719999999999999 0.079999999999999988 1 rotate no_reflect no_shear #
integer_attrib-name_attrib-gen-attrib $-1 -1 $4197 $3340 $2947 2 1 1 1 1 1 1 1 1 1 1 1 1 1 0 1 1 1 @3 pid 2641 #
integer_attrib-name_attrib-gen-attrib $-1 -1 $4198 $-1 $3341 2 0 0 1 1 1 1 1 1 1 1 1 1 1 0 1 1 1 @3 fif 0 #
face $4199 -1 -1 $-1 $4200 $4201 $5 $-1 $4202 reversed double out T -28.550653490419826 48.708691385326972 0.079999999999999363 -28.469372295983426 48.790653490419835 0.16065458339211874 F #
loop $-1 -1 -1 $-1 $-1 $4203 $3341 T -28.820001211844005 48.269998788156677 0.15926167660043525 -28.465535846580494 48.984999999999999 0.16073832339953861 unknown #
plane-surface $-1 -1 -1 $-1 -28.643137084990002 48.627499999999998 0.15999999999999998 0 0 1 0 -1 0 forward_v I I I I #
coedge $-1 -1 -1 $-1 $4204 $3393 $3398 $3823 forward $3342 $-1 #
coedge $-1 -1 -1 $-1 $3772 $3344 $4205 $4206 reversed $2948 $-1 #
edge $4207 -1 -1 $-1 $3369 0 $4208 1.0472603067467565 $3344 $4209 forward @7 unknown T -27.715055535000403 48.269999999994624 0.20499999999524612 -27.67175426480113 48.270000000005382 0.23000000002461626 #
coedge $-1 -1 -1 $-1 $3345 $3769 $3822 $4210 forward $1832 $-1 #
integer_attrib-name_attrib-gen-attrib $-1 -1 $-1 $3346 $2951 2 1 1 1 1 1 1 1 1 1 1 1 1 1 0 1 1 1 @3 pid 5600 #
named_attribute-st-attrib $-1 -1 $4211 $-1 $3353 1 1 1 1 1 1 1 1 1 1 1 1 1 1 0 1 1 1 @3 eif #
tvertex-vertex $4212 -1 -1 $-1 $-1 $4213 3.9387593906041919e-013 #
ellipse-curve $-1 -1 -1 $-1 -28.19000022104764 48.189999269606503 0.22999999999999998 0 0 -1 2.2104756425278538e-007 0.080000730393781083 0 1 F 0 F 0.58775141652815943 #
integer_attrib-name_attrib-gen-attrib $-1 -1 $-1 $3356 $2965 2 1 1 1 1 1 1 1 1 1 1 1 1 1 0 1 1 1 @3 pid 7024 #
vertedge-sys-attrib $-1 -1 $-1 $3359 $2967 1 1 1 1 1 1 1 1 1 1 1 1 0 1 0 1 1 1 4 $4214 $2965 $-1 $-1 #
tedge-edge $4215 -1 -1 $-1 $2577 0 $4216 0.65566422217986642 $4217 $4218 forward @7 unknown T -28.110001503342186 48.102479264750663 0.22999849665776292 -27.984998496657735 48.145001503342591 0.23000150334223296 1.5033422329708973e-006 #
rgb_color-st-attrib $-1 -1 $4219 $3362 $2188 2 1 2 1 1 1 1 1 1 1 1 1 1 1 0 1 1 1 0.73000001907348633 0.40000000596046448 0 #
rh_material-rh_entity $-1 -1 4 4 @5 plain @5 color -4 1 1 1 @5 phong @14 ambient factor -2 1 @14 diffuse factor -2 0.75 @15 specular factor -2 0.5 @8 exponent -2 10 @14 specular color -4 1 1 1 @4 none @5 plain @5 color -4 0 0 0 #
coedge $-1 -1 -1 $-1 $3759 $3364 $4204 $4220 forward $1832 $-1 #
coedge $-1 -1 -1 $-1 $4221 $4222 $3364 $3771 reversed $2847 $-1 #
edge $4223 -1 -1 $-1 $3774 0 $4224 0.50180738001518144 $3770 $4225 forward @7 unknown T -28.216862915012076 48.70999999999492 0.22999999999492662 -27.71505553498999 48.710000000005081 0.23000000000508034 #
coedge $-1 -1 -1 $-1 $3365 $3757 $4221 $4226 reversed $2948 $-1 #
named_attribute-st-attrib $-1 -1 $4227 $-1 $3366 1 1 1 1 1 1 1 1 1 1 1 1 1 1 0 1 1 1 @3 eif #
tvertex-vertex $4228 -1 -1 $-1 $-1 $4229 5.0768489407261247e-012 #
straight-curve $-1 -1 -1 $-1 -27.715055534994988 48.270000000000003 0.22999999999999998 0 1 0 F 0 F 0.43999999999998618 #
coedge $-1 -1 -1 $-1 $3367 $4230 $4069 $4231 reversed $3244 $-1 #
integer_attrib-name_attrib-gen-attrib $-1 -1 $-1 $3368 $2978 2 1 1 1 1 1 1 1 1 1 1 1 1 1 0 1 1 1 @3 pid 7038 #
vertedge-sys-attrib $-1 -1 $4232 $-1 $3369 1 1 1 1 1 1 1 1 1 1 1 1 0 1 0 1 1 1 4 $2978 $4233 $-1 $-1 #
point $-1 -1 -1 $-1 -27.715055534995024 48.270000000000003 0.22999999999999923 #
vertedge-sys-attrib $-1 -1 $-1 $3372 $2980 1 1 1 1 1 1 1 1 1 1 1 1 0 1 0 1 1 1 4 $4234 $2897 $-1 $-1 #
tedge-edge $4235 -1 -1 $-1 $4216 0 $2593 0.65566422217633591 $4236 $4237 forward @7 unknown T -27.9850015033422 48.102479264750698 0.22999849665776809 -27.859998496657848 48.145001503342577 0.2300015033422278 1.5033422278224826e-006 #
string_attrib-name_attrib-gen-attrib $-1 -1 $-1 $3379 $1840 2 1 2 1 1 1 1 1 1 1 1 1 1 1 0 1 1 1 @15 ATTRIB_XACIS_ID @5 40073 #
rgb_color-st-attrib $-1 -1 $4238 $3381 $2206 2 1 2 1 1 1 1 1 1 1 1 1 1 1 0 1 1 1 0.93699997663497925 0.7850000262260437 0 #
rh_material-rh_entity $-1 -1 4 4 @5 plain @5 color -4 1 1 1 @5 phong @14 ambient factor -2 1 @14 diffuse factor -2 0.75 @15 specular factor -2 0.5 @8 exponent -2 10 @14 specular color -4 1 1 1 @4 none @5 plain @5 color -4 0 0 0 #
render-rbase-attrib $-1 -1 $4239 $3382 $2602 1 1 1 1 1 1 1 1 1 1 1 1 0 1 0 1 1 1 $4240 $-1 0 2 0 -1 0 1 0 0 0 0 1 -36.899999999999999 52.719999999999999 0.079999999999999988 1 rotate no_reflect no_shear #
integer_attrib-name_attrib-gen-attrib $-1 -1 $4241 $3383 $2998 2 1 1 1 1 1 1 1 1 1 1 1 1 1 0 1 1 1 @3 pid 2180 #
integer_attrib-name_attrib-gen-attrib $-1 -1 $4242 $-1 $3384 2 0 0 1 1 1 1 1 1 1 1 1 1 1 0 1 1 1 @3 fif 0 #
face $4243 -1 -1 $-1 $4244 $4245 $5 $-1 $4246 reversed double out T -28.796568542515583 48.293415681346872 0.079954024127031148 -28.722133233655033 48.367781746082962 0.11000924147008931 F #
loop $-1 -1 -1 $-1 $-1 $4247 $3384 T -28.743434164284206 48.269999998214715 0.079954024127031148 -28.686807092171033 48.314651592272973 0.11000924147008931 unknown #
cone-surface $-1 -1 -1 $-1 -28.686862915009996 48.350000000000001 1.0300000000023892 0 0 -1 1 0 0 1 I I -0.70710678118564352 0.70710678118745152 1 reversed I I I I #
coedge $-1 -1 -1 $-1 $4248 $4249 $4250 $4251 forward $3385 $-1 #
coedge $-1 -1 -1 $-1 $4252 $3387 $4253 $4254 reversed $2999 $-1 #
coedge $-1 -1 -1 $-1 $3387 $4252 $4255 $4256 reversed $2999 $-1 #
tcoedge-coedge $-1 -1 -1 $-1 $4257 $4258 $3387 $3795 reversed $4259 $4260 -0.78524597915844851 -2.0424351072358573e-012 F #
tedge-edge $4261 -1 -1 $-1 $4262 2.0424351072358573e-012 $3818 0.78524597915844851 $3794 $4263 forward @7 unknown T -28.467000048469593 48.709274121510454 0.079274121510437029 -28.353134662302008 48.710725878489548 0.12686533769827207 2.4226879455057811e-006 #
pcurve $-1 -1 -1 $-1 0 forward { exppc nubs 1 open 2 
	0 1 0.78524597916245165 1 
	-0.055000000000005045 -3.1415926535897931 
	-0.055000000000005045 -2.3561944901872502 
	0.001 
	-1 
	cone -28.466274169979997 48.718800000000002 0.23999999999999999 0 -1 0 0 0 0.16 1 I I -0 1 0.16 reversed I I I I 
	} 0 0 #
coedge $-1 -1 -1 $-1 $3389 $3388 $4264 $4265 forward $2603 $-1 #
coedge $-1 -1 -1 $-1 $4266 $4267 $3388 $3799 forward $4201 $-1 #
edge $4268 -1 -1 $-1 $4269 0 $3806 0.0799999999999986 $3798 $4270 forward @7 tangent T -28.550000000000011 48.789999999999992 0.079999999999999363 -28.549999999999983 48.79000000000002 0.16000000000002393 #
coedge $-1 -1 -1 $-1 $4271 $4272 $3389 $3801 reversed $4273 $-1 #
edge $4274 -1 -1 $-1 $4275 0 $3805 0.080000000000000959 $3389 $4276 forward @7 unknown T -28.550000000000001 48.984999999999999 0.07999999999999903 -28.549999999999997 48.984999999999999 0.15999999999999998 #
coedge $-1 -1 -1 $-1 $4203 $3390 $4272 $4277 reversed $3754 $-1 #
tcoedge-coedge $-1 -1 -1 $-1 $3390 $4278 $4266 $4279 reversed $3754 $4280 -0.97222861819710205 -0 F #
named_attribute-st-attrib $-1 -1 $4281 $-1 $3391 1 1 1 1 1 1 1 1 1 1 1 1 1 1 0 1 1 1 @3 eif #
vertex $4282 -1 -1 $-1 $4277 $4283 #
tvertex-vertex $4284 -1 -1 $-1 $-1 $4285 1.3293037379376718e-014 #
straight-curve $-1 -1 -1 $-1 -28.549999999999997 48.984999999999999 0.15999999999999998 0 -1 0 F 0 F 0.1949999999999994 #
coedge $-1 -1 -1 $-1 $4222 $4286 $3392 $3809 reversed $2847 $-1 #
edge $4287 -1 -1 $-1 $3812 -1.3738309013482078e-016 $3818 0.11272077938620761 $3392 $4288 forward @7 unknown T -28.353137084991086 48.709999999995759 0.12686291500907154 -28.273431457501015 48.710000000004328 0.20656854249924689 #
coedge $-1 -1 -1 $-1 $3393 $4204 $4222 $4289 reversed $3342 $-1 #
named_attribute-st-attrib $-1 -1 $4290 $-1 $3394 1 1 1 1 1 1 1 1 1 1 1 1 1 1 0 1 1 1 @3 eif #
tvertex-vertex $4291 -1 -1 $-1 $-1 $4292 4.2853097702445224e-012 #
straight-curve $-1 -1 -1 $-1 -28.273431457505385 48.270000000000003 0.20656854249521717 0 1 0 F 0 F 0.43999999999998618 #
coedge $-1 -1 -1 $-1 $4293 $3395 $4286 $4294 reversed $3816 $-1 #
coedge $-1 -1 -1 $-1 $3395 $4293 $3397 $3821 forward $3816 $-1 #
loop $-1 -1 -1 $-1 $-1 $3815 $4295 T -28.467000048469593 48.269999999996365 0.079274121510437029 -28.353137084986287 48.710725878489548 0.1268629150138498 unknown #
named_attribute-st-attrib $-1 -1 $4296 $-1 $3396 1 1 1 1 1 1 1 1 1 1 1 1 1 1 0 1 1 1 @3 eif #
tvertex-vertex $4297 -1 -1 $-1 $-1 $4298 1.1329713722930288e-012 #
straight-curve $-1 -1 -1 $-1 -28.35313708499022 48.269999999999911 0.12686291501039357 0 1 0 F 0 F 0.44000000000018336 #
coedge $-1 -1 -1 $-1 $3830 $3397 $4299 $4300 reversed $3129 $-1 #
edge $4301 -1 -1 $-1 $4302 0 $3400 0.78540003462463837 $3397 $4303 forward @7 unknown T -28.466274169980505 48.269999999996365 0.079999999999477725 -28.353137084986287 48.270000000003641 0.1268629150138498 #
coedge $-1 -1 -1 $-1 $3398 $3682 $3759 $4210 reversed $3129 $-1 #
edge $4304 -1 -1 $-1 $3401 0 $4305 0.78540003462854369 $3398 $4306 forward @7 unknown T -28.273431457509488 48.269999999995605 0.20656854249051973 -28.216862915008043 48.270000000004401 0.23000000000197743 #
integer_attrib-name_attrib-gen-attrib $-1 -1 $-1 $3399 $3005 2 1 1 1 1 1 1 1 1 1 1 1 1 1 0 1 1 1 @3 pid 7218 #
vertedge-sys-attrib $-1 -1 $4307 $-1 $3400 1 1 1 1 1 1 1 1 1 1 1 1 0 1 0 1 1 1 4 $4308 $3005 $-1 $-1 #
point $-1 -1 -1 $-1 -28.353137084989925 48.270000000000003 0.1268629150102118 #
vertedge-sys-attrib $-1 -1 $4309 $-1 $3401 1 1 1 1 1 1 1 1 1 1 1 1 0 1 0 1 1 1 4 $4310 $3823 $-1 $-1 #
point $-1 -1 -1 $-1 -28.27343145750509 48.270000000000003 0.20656854249491841 #
coedge $-1 -1 -1 $-1 $4311 $3403 $3405 $3834 reversed $3129 $-1 #
coedge $-1 -1 -1 $-1 $3403 $3820 $4312 $4313 forward $3129 $-1 #
named_attribute-st-attrib $-1 -1 $4314 $-1 $3404 1 1 1 1 1 1 1 1 1 1 1 1 1 1 0 1 1 1 @3 eif #
straight-curve $-1 -1 -1 $-1 -28.686862915009996 48.270000000000003 0.15999999999999995 0 0 -1 F 0 F 0.049999999999998358 #
coedge $-1 -1 -1 $-1 $3405 $3429 $4315 $4316 forward $2619 $-1 #
edge $4317 -1 -1 $-1 $4318 0 $3407 0.22058874503015247 $3829 $4319 forward @7 unknown T -28.686862915010078 48.269999999999612 0.15999999999959047 -28.466274169979613 48.270000000000408 0.16000000000038994 #
integer_attrib-name_attrib-gen-attrib $-1 -1 $-1 $3406 $3008 2 1 1 1 1 1 1 1 1 1 1 1 1 1 0 1 1 1 @3 pid 6841 #
integer_attrib-name_attrib-gen-attrib $-1 -1 $4320 $-1 $3407 2 1 1 1 1 1 1 1 1 1 1 1 1 1 0 1 1 1 @3 pid 3906 #
point $-1 -1 -1 $-1 -28.686862915009996 48.270000000000003 0.15999999999999998 #
coedge $-1 -1 -1 $-1 $3410 $3409 $4321 $4322 forward $3411 $-1 #
coedge $-1 -1 -1 $-1 $4312 $4323 $3409 $3840 reversed $4324 $-1 #
edge $4325 -1 -1 $-1 $3413 -6.0949653775545615e-009 $4326 0.04242684971575917 $3409 $4327 forward @7 unknown T -28.686862921096829 48.269999998214715 0.079985954524094585 -28.686807092171033 48.300016065400825 0.11000000178507365 #
face $4328 -1 -1 $-1 $4329 $3411 $5 $-1 $4330 reversed double out T -28.743431457565634 48.269999998214715 0.079985954524094585 -28.686807092171033 48.314644661035004 0.11000000178507365 F #
integer_attrib-name_attrib-gen-attrib $-1 -1 $-1 $3412 $3010 2 1 1 1 1 1 1 1 1 1 1 1 1 1 0 1 1 1 @3 pid 5875 #
integer_attrib-name_attrib-gen-attrib $-1 -1 $4331 $-1 $3413 2 1 1 1 1 1 1 1 1 1 1 1 1 1 0 1 1 1 @3 pid 3905 #
point $-1 -1 -1 $-1 -28.686862915001861 48.270000004309686 0.10999999569010444 #
vertedge-sys-attrib $-1 -1 $-1 $3418 $3013 1 1 1 1 1 1 1 1 1 1 1 1 0 1 0 1 1 1 4 $3008 $4332 $-1 $-1 #
coedge $-1 -1 -1 $-1 $4321 $3435 $3421 $3847 reversed $340 $-1 #
edge $4333 -1 -1 $-1 $3849 -6.2803698364435081e-016 $3438 0.075147185989128479 $3421 $4334 forward @7 unknown T -28.775355339210957 48.314644661035004 0.079999999855042039 -28.722218254163945 48.367781746082962 0.080000000144957936 #
named_attribute-st-attrib $-1 -1 $4335 $-1 $3422 1 1 1 1 1 1 1 1 1 1 1 1 1 1 0 1 1 1 @3 eif #
vertex $4336 -1 -1 $-1 $4322 $4337 #
straight-curve $-1 -1 -1 $-1 -28.722218254107304 48.314644660978587 0.079999999999953567 -0.50000000053297156 -0.49999999945967727 0.70710678119174564 F 2.4986452460514717e-016 F 0.042426406871191868 #
integer_attrib-name_attrib-gen-attrib $-1 -1 $4338 $-1 $3423 2 0 0 1 1 1 1 1 1 1 1 1 1 1 0 1 1 1 @3 fif 0 #
plane-surface $-1 -1 -1 $-1 -28.759393398282004 48.330606601718259 0.09499999999994499 0.50000000000594447 0.5000000000014122 0.70710678118134573 -0.49999999999060829 -0.50000000000203526 0.7071067811917493 forward_v I I I I #
edge $4339 -1 -1 $-1 $3013 4.9493710556596907e-011 $2615 0.075147186287324835 $4340 $4341 forward @7 unknown T -28.796568542545675 48.293431457456485 0.15999999993614347 -28.743431457456484 48.346568542545754 0.16000000006385492 #
edge $4342 -1 -1 $-1 $2222 0 $2616 0.78539816319704103 $4343 $4344 forward @7 unknown T -28.820000000065161 48.346568542420592 0.10999999993479646 -28.796568542420378 48.403137085001106 0.11000000006519779 #
named_attribute-st-attrib $-1 -1 $4345 $-1 $3428 1 1 1 1 1 1 1 1 1 1 1 1 1 1 0 1 1 1 @3 eif #
vertex $4346 -1 -1 $-1 $4176 $4347 #
straight-curve $-1 -1 -1 $-1 -28.820000000000032 48.835000000000001 0.15999999999999998 1 0 0 F 0 F 0.27000000000007063 #
edge $4348 -1 -1 $-1 $3806 0 $4349 0.99998166687811108 $3429 $4350 forward @7 unknown T -28.550000000000011 48.709261676600448 0.15926167660043525 -28.465535846580494 48.79000000000002 0.16073832339953861 #
coedge $-1 -1 -1 $-1 $4351 $3430 $3723 $4176 reversed $3861 $-1 #
coedge $-1 -1 -1 $-1 $3430 $4351 $4352 $4353 forward $3861 $-1 #
loop $-1 -1 -1 $-1 $-1 $3860 $4354 T -28.550000000000011 48.789999999999992 0.079999999999999363 -28.549999999999983 48.835000000000001 0.16000000000002393 unknown #
named_attribute-st-attrib $-1 -1 $4355 $-1 $3431 1 1 1 1 1 1 1 1 1 1 1 1 1 1 0 1 1 1 @3 eif #
straight-curve $-1 -1 -1 $-1 -28.550000000000001 48.835000000000001 0.15999999999999998 0 -1 0 F 0 F 0.044999999999999929 #
integer_attrib-name_attrib-gen-attrib $-1 -1 $4356 $3432 $3029 2 1 1 1 1 1 1 1 1 1 1 1 1 1 0 1 1 1 @3 pid 2022 #
integer_attrib-name_attrib-gen-attrib $-1 -1 $4357 $-1 $3433 2 1 1 1 1 1 1 1 1 1 1 1 1 1 0 1 1 1 @3 pid 2023 #
plane-surface $-1 -1 -1 $-1 -29.870266145292501 48.982813708499002 0.15999999999999998 0 0 1 0 -1 0 forward_v I I I I #
coedge $-1 -1 -1 $-1 $3435 $3878 $3440 $3873 forward $340 $-1 #
named_attribute-st-attrib $-1 -1 $4358 $-1 $3436 1 1 1 1 1 1 1 1 1 1 1 1 1 1 0 1 1 1 @3 eif #
ellipse-curve $-1 -1 -1 $-1 -28.740002134581115 48.403136200817201 0.079999999999999988 0 0 -1 -0.035353204382884584 -0.035354454982198469 0 1 F 0 F 0.78543353068850585 #
integer_attrib-name_attrib-gen-attrib $-1 -1 $-1 $3437 $3032 2 1 1 1 1 1 1 1 1 1 1 1 1 1 0 1 1 1 @3 pid 5872 #
integer_attrib-name_attrib-gen-attrib $-1 -1 $4359 $-1 $3438 2 1 1 1 1 1 1 1 1 1 1 1 1 1 0 1 1 1 @3 pid 2829 #
point $-1 -1 -1 $-1 -28.775355339066 48.367781745938004 0.079999999999999988 #
edge $4360 -1 -1 $-1 $3886 0 $3442 0.3268629150288449 $3867 $4361 forward @7 unknown T -28.790000000172071 48.403137084798999 0.079999999827947713 -28.78999999982797 48.730000000000636 0.080000000172049349 #
integer_attrib-name_attrib-gen-attrib $-1 -1 $-1 $3441 $3034 2 1 1 1 1 1 1 1 1 1 1 1 1 1 0 1 1 1 @3 pid 5870 #
integer_attrib-name_attrib-gen-attrib $-1 -1 $4362 $-1 $3442 2 1 1 1 1 1 1 1 1 1 1 1 1 1 0 1 1 1 @3 pid 2828 #
point $-1 -1 -1 $-1 -28.79000000000002 48.40313708497105 0.079999999999998531 #
integer_attrib-name_attrib-gen-attrib $-1 -1 $4363 $3444 $3035 2 1 1 1 1 1 1 1 1 1 1 1 1 1 0 1 1 1 @3 pid 1722 #
coedge $-1 -1 -1 $-1 $3867 $3446 $3449 $3881 forward $340 $-1 #
named_attribute-st-attrib $-1 -1 $4364 $-1 $3447 1 1 1 1 1 1 1 1 1 1 1 1 1 1 0 1 1 1 @3 eif #
straight-curve $-1 -1 -1 $-1 -28.82 48.8350000000001 0.079999999999999988 0 -1 0 F -4.4408920985006262e-016 F 0.10499999999999954 #
edge $4365 -1 -1 $-1 $3452 0 $3886 0.029999999999374083 $3878 $4366 forward @7 unknown T -28.820000000000753 48.729999999999372 0.079999999999366134 -28.789999999999992 48.730000000000636 0.080000000000633842 #
integer_attrib-name_attrib-gen-attrib $-1 -1 $-1 $3451 $3039 2 1 1 1 1 1 1 1 1 1 1 1 1 1 0 1 1 1 @3 pid 5868 #
integer_attrib-name_attrib-gen-attrib $-1 -1 $4367 $-1 $3452 2 1 1 1 1 1 1 1 1 1 1 1 1 1 0 1 1 1 @3 pid 2826 #
point $-1 -1 -1 $-1 -28.82000000000037 48.730000000000004 0.079999999999999988 #
named_attribute-st-attrib $-1 -1 $4368 $-1 $3454 1 1 1 1 1 1 1 1 1 1 1 1 1 1 0 1 1 1 @3 eif #
tvertex-vertex $4369 -1 -1 $-1 $-1 $4370 6.3385995282339054e-013 #
straight-curve $-1 -1 -1 $-1 -28.789999999999999 48.730000000000004 0.079999999999997226 -0.70710678118976367 0 0.70710678118333148 F -5.6057207315974358e-016 F 0.042426406871067066 #
integer_attrib-name_attrib-gen-attrib $-1 -1 $4371 $-1 $3455 2 0 0 1 1 1 1 1 1 1 1 1 1 1 0 1 1 1 @3 fif 0 #
plane-surface $-1 -1 -1 $-1 -28.804999999999996 48.566568542447001 0.094999999999858004 0.70710678118331782 0 0.70710678118977732 -0.70710678118977732 0 0.70710678118331782 forward_v I I I I #
vertedge-sys-attrib $-1 -1 $-1 $3457 $3043 1 1 1 1 1 1 1 1 1 1 1 1 0 1 0 1 1 1 4 $4372 $3454 $-1 $-1 #
integer_attrib-name_attrib-gen-attrib $-1 -1 $-1 $3459 $3046 2 1 1 1 1 1 1 1 1 1 1 1 1 1 0 1 1 1 @3 pid 4881 #
integer_attrib-name_attrib-gen-attrib $-1 -1 $-1 $-1 $3460 2 1 1 1 1 1 1 1 1 1 1 1 1 1 0 1 1 1 @3 pid 2825 #
point $-1 -1 -1 $-1 -28.82 48.8350000000001 0.080000000000002514 #
render-rbase-attrib $-1 -1 $4373 $3465 $2632 1 1 1 1 1 1 1 1 1 1 1 1 0 1 0 1 1 1 $4374 $-1 0 2 0 -1 0 1 0 0 0 0 1 -36.899999999999999 52.719999999999999 0.079999999999999988 1 rotate no_reflect no_shear #
integer_attrib-name_attrib-gen-attrib $-1 -1 $4375 $3466 $3051 2 1 1 1 1 1 1 1 1 1 1 1 1 1 0 1 1 1 @3 pid 1720 #
named_attribute-st-attrib $-1 -1 $4376 $-1 $3468 1 1 1 1 1 1 1 1 1 1 1 1 1 1 0 1 1 1 @3 eif #
coedge $-1 -1 -1 $-1 $4377 $4343 $4378 $3468 reversed $4379 $-1 #
straight-curve $-1 -1 -1 $-1 -28.790000000000042 48.403137084956192 0.079999999999994478 -0.70710678118743986 -4.7814549008514089e-010 0.70710678118565529 F -1.8421206176922121e-016 F 0.042426406871136489 #
named_attribute-st-attrib $-1 -1 $4380 $-1 $3469 1 1 1 1 1 1 1 1 1 1 1 1 1 1 0 1 1 1 @3 eif #
tcoedge-coedge $-1 -1 -1 $-1 $4340 $4203 $4381 $3469 reversed $3754 $4382 -0.7852459785024154 -0 F #
ellipse-curve $-1 -1 -1 $-1 -28.739985301097203 48.403143173476742 0.15999999999999998 0 0 -1 -0.056583241428795006 -0.056574630948739824 0 1 F 0 F 0.7852459785024154 #
rgb_color-st-attrib $-1 -1 $4383 $3472 $2228 2 1 2 1 1 1 1 1 1 1 1 1 1 1 0 1 1 1 0.73000001907348633 0.40000000596046448 0 #
rh_material-rh_entity $-1 -1 4 4 @5 plain @5 color -4 1 1 1 @5 phong @14 ambient factor -2 1 @14 diffuse factor -2 0.75 @15 specular factor -2 0.5 @8 exponent -2 10 @14 specular color -4 1 1 1 @4 none @5 plain @5 color -4 0 0 0 #
render-rbase-attrib $-1 -1 $4384 $3473 $2641 1 1 1 1 1 1 1 1 1 1 1 1 0 1 0 1 1 1 $4385 $-1 0 2 0 -1 0 1 0 0 0 0 1 -36.899999999999999 52.719999999999999 0.079999999999999988 1 rotate no_reflect no_shear #
pcurve $-1 -1 -1 $-1 0 forward { exppc nubs 3 open 5 
	0 3 0.24587984805028043 1 0.50063558777638972 1 0.75489193751386685 1 0.99999999999999989 3 
	-0.01718629150099904 0.52026614529250015 
	-0.0063968895374935109 0.52011982697258574 
	0.013838370698394886 0.51622612124077349 
	0.040998301483374355 0.49836218892835937 
	0.058797134979167165 0.47120596049268926 
	0.062669307950511843 0.45101857214277796 
	0.062813708499000587 0.44026614529250097 
	0 
	0 
	plane -29.870266145292501 48.982813708499002 0.15999999999999998 0 0 -1 0 -1 0 reverse_v I I I I 
	} 0 0 #
named_attribute-st-attrib $-1 -1 $4386 $-1 $3480 1 1 1 1 1 1 1 1 1 1 1 1 1 1 0 1 1 1 @3 eif #
intcurve-curve $-1 -1 -1 $-1 forward { exactcur full nubs 3 open 5 
	0 3 0.24587984805028043 1 0.50063558777638972 1 0.75489193751386685 1 0.99999999999999989 3 
	-29.350000000000001 49 0.15999999999999998 
	-29.350146318319915 48.989210598036493 0.15999999999999998 
	-29.354040024051727 48.968975337800607 0.15999999999999998 
	-29.37190395636414 48.941815407015625 0.15999999999999998 
	-29.399060184799811 48.924016573519836 0.15999999999999998 
	-29.419247573149722 48.920144400548494 0.15999999999999998 
	-29.43 48.920000000000002 0.15999999999999998 
	0 
	null_surface 
	null_surface 
	nullbs 
	nullbs 
	-1 
	-1 
	I I 
	0 
	0 
	3 0.24587984805028043 0.50063558777638972 0.75489193751386685 
	
	-1 
	none F F 1 F 0 } I I #
integer_attrib-name_attrib-gen-attrib $-1 -1 $-1 $3482 $3070 2 1 1 1 1 1 1 1 1 1 1 1 1 1 0 1 1 1 @3 pid 5863 #
integer_attrib-name_attrib-gen-attrib $-1 -1 $-1 $-1 $3483 2 1 1 1 1 1 1 1 1 1 1 1 1 1 0 1 1 1 @3 pid 3899 #
point $-1 -1 -1 $-1 -29.350000000000001 49 0.15999999999999998 #
integer_attrib-name_attrib-gen-attrib $-1 -1 $-1 $3485 $3075 2 1 1 1 1 1 1 1 1 1 1 1 1 1 0 1 1 1 @3 pid 5860 #
string_attrib-name_attrib-gen-attrib $-1 -1 $-1 $3492 $1874 2 1 2 1 1 1 1 1 1 1 1 1 1 1 0 1 1 1 @15 ATTRIB_XACIS_ID @5 43575 #
rgb_color-st-attrib $-1 -1 $4387 $3494 $2247 2 1 2 1 1 1 1 1 1 1 1 1 1 1 0 1 1 1 0.73000001907348633 0.40000000596046448 0 #
rh_material-rh_entity $-1 -1 4 4 @5 plain @5 color -4 1 1 1 @5 phong @14 ambient factor -2 1 @14 diffuse factor -2 0.75 @15 specular factor -2 0.5 @8 exponent -2 10 @14 specular color -4 1 1 1 @4 none @5 plain @5 color -4 0 0 0 #
render-rbase-attrib $-1 -1 $4388 $3495 $2665 1 1 1 1 1 1 1 1 1 1 1 1 0 1 0 1 1 1 $4389 $-1 0 2 0 -1 0 1 0 0 0 0 1 -36.899999999999999 52.719999999999999 0.079999999999999988 1 rotate no_reflect no_shear #
integer_attrib-name_attrib-gen-attrib $-1 -1 $4390 $3496 $3087 2 1 1 1 1 1 1 1 1 1 1 1 1 1 0 1 1 1 @3 pid 2596 #
coedge $-1 -1 -1 $-1 $3945 $3499 $3501 $3922 reversed $3919 $-1 #
coedge $-1 -1 -1 $-1 $3499 $4391 $3656 $4103 reversed $3919 $-1 #
loop $-1 -1 -1 $-1 $-1 $3918 $4392 T -27.340000000000089 48.169999999999838 0.18999999999999267 -27.059999999999921 48.170000000000051 0.51000000000003864 unknown #
named_attribute-st-attrib $-1 -1 $4393 $-1 $3500 1 1 1 1 1 1 1 1 1 1 1 1 1 1 0 1 1 1 @3 eif #
straight-curve $-1 -1 -1 $-1 -27.215884572681009 48.170000000000002 0.51000000000000001 -1 0 0 F 0 F 0.12411542731906877 #
edge $4394 -1 -1 $-1 $3948 3.3592838289959967e-016 $3503 0.17999999999987551 $3917 $4395 forward @7 unknown T -27.21588457268113 48.170000000000002 0.41999999999990517 -27.059999999999924 48.170000000000002 0.50999999999996093 #
integer_attrib-name_attrib-gen-attrib $-1 -1 $-1 $3502 $3095 2 1 1 1 1 1 1 1 1 1 1 1 1 1 0 1 1 1 @3 pid 6804 #
integer_attrib-name_attrib-gen-attrib $-1 -1 $-1 $-1 $3503 2 1 1 1 1 1 1 1 1 1 1 1 1 1 0 1 1 1 @3 pid 4521 #
point $-1 -1 -1 $-1 -27.215884572681009 48.170000000000002 0.50999999999996093 #
coedge $-1 -1 -1 $-1 $3602 $3505 $4396 $4397 reversed $3507 $-1 #
edge $4398 -1 -1 $-1 $3509 0 $3604 0.10999999999999999 $3506 $4399 forward @7 unknown T -27.059999999999999 47.920000000000002 0.080000000000000002 -27.059999999999917 47.920000000000002 0.19 #
face $4400 -1 -1 $-1 $3609 $3507 $5 $-1 $4401 forward double out T -27.400000000000091 47.919999999999938 0.079999999999939495 -27.059999999999917 47.920000000000066 0.19000000000000744 F #
integer_attrib-name_attrib-gen-attrib $-1 -1 $-1 $3508 $3097 2 1 1 1 1 1 1 1 1 1 1 1 1 1 0 1 1 1 @3 pid 5913 #
integer_attrib-name_attrib-gen-attrib $-1 -1 $-1 $-1 $3509 2 1 1 1 1 1 1 1 1 1 1 1 1 1 0 1 1 1 @3 pid 3921 #
point $-1 -1 -1 $-1 -27.059999999999917 47.920000000000002 0.19 #
coedge $-1 -1 -1 $-1 $4047 $4396 $3511 $3933 forward $3942 $-1 #
edge $4402 -1 -1 $-1 $3935 0 $3976 0.012522729151161371 $3511 $4403 forward @7 unknown T -27.40000000000596 47.907477270842946 0.10999999999404192 -27.399999999994037 47.920000000000066 0.11000000000596305 #
named_attribute-st-attrib $-1 -1 $4404 $-1 $3512 1 1 1 1 1 1 1 1 1 1 1 1 1 1 0 1 1 1 @3 eif #
vertex $4405 -1 -1 $-1 $3512 $4406 #
straight-curve $-1 -1 -1 $-1 -27.399999999999999 47.920000000000002 0.19000000000000744 0 0 -1 F 0 F 0.080000000000004956 #
integer_attrib-name_attrib-gen-attrib $-1 -1 $-1 $3517 $3103 2 1 1 1 1 1 1 1 1 1 1 1 1 1 0 1 1 1 @3 pid 5912 #
render-rbase-attrib $-1 -1 $4407 $3519 $2685 1 1 1 1 1 1 1 1 1 1 1 1 0 1 0 1 1 1 $4408 $-1 0 2 0 -1 0 1 0 0 0 0 1 -36.899999999999999 52.719999999999999 0.079999999999999988 1 rotate no_reflect no_shear #
integer_attrib-name_attrib-gen-attrib $-1 -1 $4409 $3520 $3105 2 1 1 1 1 1 1 1 1 1 1 1 1 1 0 1 1 1 @3 pid 2198 #
integer_attrib-name_attrib-gen-attrib $-1 -1 $4410 $-1 $3521 2 0 0 1 1 1 1 1 1 1 1 1 1 1 0 1 1 1 @3 fif 0 #
face $4411 -1 -1 $-1 $2042 $3547 $5 $-1 $4412 reversed double out T -27.490081572380017 47.689951688760601 0.10991842761998356 -27.399918427619983 47.907558843234888 0.11008157238001889 F #
loop $-1 -1 -1 $-1 $-1 $4396 $3521 T -27.40000000000596 47.907477270842946 0.10999999999404192 -27.339999999999954 47.920000000000066 0.11000000000596305 unknown #
plane-surface $-1 -1 -1 $-1 -27.369999999999997 47.913738635424501 0.10999999999999999 0 0 1 0 -1 0 forward_v I I I I #
coedge $-1 -1 -1 $-1 $3523 $4040 $4413 $4414 forward $3108 $-1 #
coedge $-1 -1 -1 $-1 $4391 $3917 $3523 $3946 reversed $3919 $-1 #
edge $4415 -1 -1 $-1 $4416 0 $3948 0.23000000000000442 $3945 $4417 forward @7 unknown T -27.059999999999999 48.169999999999838 0.18999999999999997 -27.059999999999921 48.170000000000002 0.42000000000001336 #
named_attribute-st-attrib $-1 -1 $4418 $-1 $3524 1 1 1 1 1 1 1 1 1 1 1 1 1 1 0 1 1 1 @3 eif #
vertex $4419 -1 -1 $-1 $3946 $4420 #
straight-curve $-1 -1 -1 $-1 -27.059999999999963 47.869999999999926 0.41999999999989113 0 1 0 F 0 F 0.30000000000015703 #
integer_attrib-name_attrib-gen-attrib $-1 -1 $4421 $-1 $3525 2 0 0 1 1 1 1 1 1 1 1 1 1 1 0 1 1 1 @3 fif 0 #
plane-surface $-1 -1 -1 $-1 -27.059999999999999 48.020000000000003 0.25 1 0 0 0 1 0 forward_v I I I I #
integer_attrib-name_attrib-gen-attrib $-1 -1 $4422 $-1 $3529 2 0 0 1 1 1 1 1 1 1 1 1 1 1 0 1 1 1 @3 fif 0 #
plane-surface $-1 -1 -1 $-1 -27.137942286340504 48.020000000000003 0.46499999999979991 0.4999999999995276 0 0.86602540378471138 0.86602540378471138 0 -0.4999999999995276 forward_v I I I I #
rgb_color-st-attrib $-1 -1 $4423 $3531 $2274 2 1 2 1 1 1 1 1 1 1 1 1 1 1 0 1 1 1 0.73000001907348633 0.40000000596046448 0 #
rh_material-rh_entity $-1 -1 4 4 @5 plain @5 color -4 1 1 1 @5 phong @14 ambient factor -2 1 @14 diffuse factor -2 0.75 @15 specular factor -2 0.5 @8 exponent -2 10 @14 specular color -4 1 1 1 @4 none @5 plain @5 color -4 0 0 0 #
rgb_color-st-attrib $-1 -1 $4424 $3532 $2287 2 1 2 1 1 1 1 1 1 1 1 1 1 1 0 1 1 1 0.73000001907348633 0.40000000596046448 0 #
rh_material-rh_entity $-1 -1 4 4 @5 plain @5 color -4 1 1 1 @5 phong @14 ambient factor -2 1 @14 diffuse factor -2 0.75 @15 specular factor -2 0.5 @8 exponent -2 10 @14 specular color -4 1 1 1 @4 none @5 plain @5 color -4 0 0 0 #
render-rbase-attrib $-1 -1 $4425 $3533 $2706 1 1 1 1 1 1 1 1 1 1 1 1 0 1 0 1 1 1 $4426 $-1 0 2 0 -1 0 1 0 0 0 0 1 -36.899999999999999 52.719999999999999 0.079999999999999988 1 rotate no_reflect no_shear #
integer_attrib-name_attrib-gen-attrib $-1 -1 $4427 $3534 $3128 2 1 1 1 1 1 1 1 1 1 1 1 1 1 0 1 1 1 @3 pid 2795 #
integer_attrib-name_attrib-gen-attrib $-1 -1 $4428 $-1 $3535 2 0 0 1 1 1 1 1 1 1 1 1 1 1 0 1 1 1 @3 fif 0 #
loop $-1 -1 -1 $-1 $-1 $3654 $3535 T -27.602472232507484 48.269999999995449 0.21499999999630942 -27.585151724423582 48.710000000004399 0.24500000000445196 unknown #
plane-surface $-1 -1 -1 $-1 -27.593811978465496 48.490000000000009 0.22999999999989842 0.86602540378243487 1.3850298706254681e-018 0.50000000000347067 1.1994710529591545e-018 -1 6.925149353175411e-019 forward_v I I I I #
coedge $-1 -1 -1 $-1 $4429 $4430 $4431 $4432 reversed $3536 $-1 #
coedge $-1 -1 -1 $-1 $3538 $4311 $4433 $4434 reversed $3129 $-1 #
coedge $-1 -1 -1 $-1 $4030 $4014 $3538 $3966 forward $3174 $-1 #
edge $4435 -1 -1 $-1 $4017 0 $4436 0.78540003462580577 $3538 $4437 forward @7 unknown T -28.330000000004858 48.269999999995122 0.2631370849849598 -28.21686291500961 48.270000000004885 0.31000000000046263 #
pcurve $-1 -1 -1 $-1 0 forward { exppc nubs 3 open 5 
	0 3 0.24587984801382051 1 0.50063558762163629 1 0.75489193729024795 1 1 3 
	-0.02873863542509536 -0.045000000000001705 
	-0.039528037386955539 -0.044853681680898205 
	-0.059763297616845179 -0.04095997595163503 
	-0.086923228397000507 -0.023096043649596609 
	-0.10472206189694777 0.0040601847846470918 
	-0.10859423487497377 0.024247573139579259 
	-0.10873863542536366 0.035000000000000142 
	0 
	0 
	plane -27.445 47.798738635429501 0.10999999999999999 0 0 -1 0 1 0 reverse_v I I I I 
	} 0 0 #
named_attribute-st-attrib $-1 -1 $4438 $-1 $3540 1 1 1 1 1 1 1 1 1 1 1 1 1 1 0 1 1 1 @3 eif #
intcurve-curve $-1 -1 -1 $-1 forward { exactcur full nubs 3 open 5 
	0 3 0.24587984801382051 1 0.50063558762163629 1 0.75489193729024795 1 1 3 
	-27.399999999999999 47.770000000004408 0.10999999999999999 
	-27.400146318319102 47.759210598042543 0.10999999999999999 
	-27.404040024048363 47.738975337812654 0.10999999999999999 
	-27.421903956350405 47.711815407032503 0.10999999999999999 
	-27.449060184784649 47.694016573532551 0.10999999999999999 
	-27.46924757313958 47.69014440055453 0.10999999999999999 
	-27.48 47.69000000000414 0.10999999999999999 
	0 
	null_surface 
	null_surface 
	nullbs 
	nullbs 
	-1 
	-1 
	I I 
	0 
	0 
	3 0.24587984801382051 0.50063558762163629 0.75489193729024795 
	
	-1 
	none F F 1 F 0 } I I #
integer_attrib-name_attrib-gen-attrib $-1 -1 $-1 $3542 $3132 2 1 1 1 1 1 1 1 1 1 1 1 1 1 0 1 1 1 @3 pid 7268 #
integer_attrib-name_attrib-gen-attrib $-1 -1 $-1 $-1 $3543 2 1 1 1 1 1 1 1 1 1 1 1 1 1 0 1 1 1 @3 pid 4808 #
point $-1 -1 -1 $-1 -27.399999999999999 47.769999999999968 0.11000000000000093 #
integer_attrib-name_attrib-gen-attrib $-1 -1 $4439 $3545 $3133 2 1 1 1 1 1 1 1 1 1 1 1 1 1 0 1 1 1 @3 pid 2688 #
integer_attrib-name_attrib-gen-attrib $-1 -1 $-1 $3548 $3138 2 1 1 1 1 1 1 1 1 1 1 1 1 1 0 1 1 1 @3 pid 7273 #
named_attribute-st-attrib $-1 -1 $4440 $-1 $3554 1 1 1 1 1 1 1 1 1 1 1 1 1 1 0 1 1 1 @3 eif #
tvertex-vertex $4441 -1 -1 $-1 $3933 $4442 5.9605661641971877e-012 #
straight-curve $-1 -1 -1 $-1 -27.399999999999999 47.907477270848908 0.10999999999999999 0 -1 0 F 0 F 0.13747727084896955 #
string_attrib-name_attrib-gen-attrib $-1 -1 $-1 $3555 $1910 2 1 2 1 1 1 1 1 1 1 1 1 1 1 0 1 1 1 @15 ATTRIB_XACIS_ID @5 45314 #
rgb_color-st-attrib $-1 -1 $4443 $3557 $2305 2 1 2 1 1 1 1 1 1 1 1 1 1 1 0 1 1 1 0.73000001907348633 0.40000000596046448 0 #
rh_material-rh_entity $-1 -1 4 4 @5 plain @5 color -4 1 1 1 @5 phong @14 ambient factor -2 1 @14 diffuse factor -2 0.75 @15 specular factor -2 0.5 @8 exponent -2 10 @14 specular color -4 1 1 1 @4 none @5 plain @5 color -4 0 0 0 #
integer_attrib-name_attrib-gen-attrib $-1 -1 $-1 $3558 $3148 2 1 1 1 1 1 1 1 1 1 1 1 1 1 0 1 1 1 @3 pid 7280 #
string_attrib-name_attrib-gen-attrib $-1 -1 $-1 $3563 $1932 2 1 2 1 1 1 1 1 1 1 1 1 1 1 0 1 1 1 @15 ATTRIB_XACIS_ID @5 44476 #
rgb_color-st-attrib $-1 -1 $4444 $3565 $2318 2 1 2 1 1 1 1 1 1 1 1 1 1 1 0 1 1 1 0.73000001907348633 0.40000000596046448 0 #
rh_material-rh_entity $-1 -1 4 4 @5 plain @5 color -4 1 1 1 @5 phong @14 ambient factor -2 1 @14 diffuse factor -2 0.75 @15 specular factor -2 0.5 @8 exponent -2 10 @14 specular color -4 1 1 1 @4 none @5 plain @5 color -4 0 0 0 #
string_attrib-name_attrib-gen-attrib $-1 -1 $-1 $3567 $1945 2 1 2 1 1 1 1 1 1 1 1 1 1 1 0 1 1 1 @15 ATTRIB_XACIS_ID @5 41662 #
string_attrib-name_attrib-gen-attrib $-1 -1 $-1 $3570 $1957 2 1 2 1 1 1 1 1 1 1 1 1 1 1 0 1 1 1 @15 ATTRIB_XACIS_ID @5 40569 #
rgb_color-st-attrib $-1 -1 $4445 $3572 $2335 2 1 2 1 1 1 1 1 1 1 1 1 1 1 0 1 1 1 0.73000001907348633 0.40000000596046448 0 #
rh_material-rh_entity $-1 -1 4 4 @5 plain @5 color -4 1 1 1 @5 phong @14 ambient factor -2 1 @14 diffuse factor -2 0.75 @15 specular factor -2 0.5 @8 exponent -2 10 @14 specular color -4 1 1 1 @4 none @5 plain @5 color -4 0 0 0 #
render-rbase-attrib $-1 -1 $4446 $3573 $2749 1 1 1 1 1 1 1 1 1 1 1 1 0 1 0 1 1 1 $4447 $-1 0 2 0 -1 0 1 0 0 0 0 1 -36.899999999999999 52.719999999999999 0.079999999999999988 1 rotate no_reflect no_shear #
integer_attrib-name_attrib-gen-attrib $-1 -1 $4448 $3574 $3163 2 1 1 1 1 1 1 1 1 1 1 1 1 1 0 1 1 1 @3 pid 2019 #
integer_attrib-name_attrib-gen-attrib $-1 -1 $4449 $-1 $3575 2 0 0 1 1 1 1 1 1 1 1 1 1 1 0 1 1 1 @3 fif 0 #
face $4450 -1 -1 $-1 $3029 $4451 $5 $-1 $4452 forward double out T -27.400000000002976 48.789999999999047 0.10999999999702342 -27.399999999997021 48.945000000002977 0.19000000000006506 F #
loop $-1 -1 -1 $-1 $-1 $4453 $3575 T -27.490000000000002 48.709951688760107 0.10995168876010376 -27.399951688760101 48.945000000002977 0.11004831123989631 unknown #
plane-surface $-1 -1 -1 $-1 -27.445 48.827500000000001 0.10999999999999999 0 0 1 0 1 0 forward_v I I I I #
tcoedge-coedge $-1 -1 -1 $-1 $4454 $4107 $3996 $4455 reversed $3576 $4456 -1 -0.0036943536346243093 F #
tcoedge-coedge $-1 -1 -1 $-1 $3657 $3578 $3995 $4455 forward $3164 $4457 0.0036943536346243093 1 F #
coedge $-1 -1 -1 $-1 $3578 $3656 $4458 $4459 forward $3164 $-1 #
tcoedge-coedge $-1 -1 -1 $-1 $4460 $4461 $3578 $3999 forward $4462 $4463 0 1 F #
tedge-edge $4464 -1 -1 $-1 $4465 0 $4466 1 $3998 $4467 forward @7 unknown T -27.482224146787338 48.182475497181606 0.18931563127266085 -27.399952768030605 48.270878113565345 0.19068436872733915 4.7231969394257082e-005 #
pcurve $-1 -1 -1 $-1 0 forward { exppc nubs 1 open 2 
	-1 1 -0 1 
	-2.4024664245726739 0.41151684606662786 
	-2.4024664245726739 1.2324398738885574 
	0.001 
	-1 
	cone -27.339999999999996 48.32 0.55036996368589974 0 0 -1 0 -0.14999999999999947 0 1 I I 0 -1 0.14999999999999947 reversed I I I I 
	} 0 0 #
coedge $-1 -1 -1 $-1 $3680 $3579 $4156 $4468 forward $2750 $-1 #
coedge $-1 -1 -1 $-1 $4469 $4470 $3579 $4003 reversed $4451 $-1 #
edge $4471 -1 -1 $-1 $4012 6.5725203057809267e-014 $4472 0.15500000000009928 $3579 $4473 forward @7 unknown T -27.40000000000008 48.789999999999957 0.18999999999994813 -27.399999999999906 48.945000000000093 0.19000000000006506 #
coedge $-1 -1 -1 $-1 $4094 $4474 $3580 $4005 reversed $2847 $-1 #
edge $4475 -1 -1 $-1 $4127 0 $4011 0.0099999999998594546 $4004 $4476 forward @7 unknown T -27.490000000000002 48.709999999999859 0.18999999999985789 -27.479999999999997 48.710000000000143 0.19000000000014211 #
coedge $-1 -1 -1 $-1 $4477 $3581 $4474 $4478 reversed $4008 $-1 #
coedge $-1 -1 -1 $-1 $3581 $4477 $4469 $4479 reversed $4008 $-1 #
loop $-1 -1 -1 $-1 $-1 $4006 $3594 T -27.480048311239972 48.709951688760107 0.10995168876010376 -27.399951688760101 48.790048311240845 0.19004831123948643 unknown #
pcurve $-1 -1 -1 $-1 0 forward { exppc nubs 1 open 2 
	-1 1 -0 1 
	-0.50462454607374951 -5.551115123125778e-015 
	-0.50462454607374951 1.5707963267948966 
	0.001 
	-1 
	cone -27.479999999999997 48.789999999999999 0.23036996368589999 0 0 -1 0.080000000000000071 0 0 1 I I -0 1 0.080000000000000071 reversed I I I I 
	} 0 0 #
named_attribute-st-attrib $-1 -1 $4480 $-1 $3582 1 1 1 1 1 1 1 1 1 1 1 1 1 1 0 1 1 1 @3 eif #
tvertex-vertex $4481 -1 -1 $-1 $-1 $4482 1.4210854715202004e-013 #
tvertex-vertex $4483 -1 -1 $-1 $-1 $4484 4.2026654990748651e-014 #
intcurve-curve $-1 -1 -1 $-1 forward { exactcur full nubs 3 open 5 
	0 3 0.2458798480502567 1 0.50063558777635508 1 0.75489193751382022 1 1 3 
	-27.479999999999997 48.710000000000001 0.19 
	-27.469210598036497 48.710146318319921 0.18999999999999995 
	-27.448975337800611 48.714040024051734 0.19 
	-27.421815407015622 48.731903956364135 0.19 
	-27.404016573519833 48.759060184799807 0.19 
	-27.400144400548484 48.779247573149725 0.19 
	-27.399999999999999 48.789999999999999 0.19 
	0 
	null_surface 
	null_surface 
	nullbs 
	nullbs 
	-1 
	-1 
	I I 
	0 
	0 
	3 0.2458798480502567 0.50063558777635508 0.75489193751382022 
	
	-1 
	none F F 1 F 0 } I I #
coedge $-1 -1 -1 $-1 $3965 $3597 $3584 $4015 forward $3174 $-1 #
edge $4485 -1 -1 $-1 $4486 0 $4017 0.44000000000018336 $4014 $4487 forward @7 tangent T -28.216862915010623 48.269999999999534 0.30999999999952105 -28.216862915009607 48.710000000000562 0.31000000000056971 #
named_attribute-st-attrib $-1 -1 $4488 $-1 $3586 1 1 1 1 1 1 1 1 1 1 1 1 1 1 0 1 1 1 @3 eif #
tvertex-vertex $4489 -1 -1 $-1 $-1 $4490 4.708048045002307e-013 #
straight-curve $-1 -1 -1 $-1 -28.19000000000019 48.270000000000003 0.31 -1 0 0 F 0 F 0.026862915009617794 #
integer_attrib-name_attrib-gen-attrib $-1 -1 $-1 $3587 $3168 2 1 1 1 1 1 1 1 1 1 1 1 1 1 0 1 1 1 @3 pid 6818 #
integer_attrib-name_attrib-gen-attrib $-1 -1 $4491 $-1 $3588 2 1 1 1 1 1 1 1 1 1 1 1 1 1 0 1 1 1 @3 pid 4531 #
point $-1 -1 -1 $-1 -28.190000000000136 48.270000000000145 0.3100000000000025 #
rgb_color-st-attrib $-1 -1 $4492 $3591 $2342 2 1 2 1 1 1 1 1 1 1 1 1 1 1 0 1 1 1 0.73000001907348633 0.40000000596046448 0 #
rh_material-rh_entity $-1 -1 4 4 @5 plain @5 color -4 1 1 1 @5 phong @14 ambient factor -2 1 @14 diffuse factor -2 0.75 @15 specular factor -2 0.5 @8 exponent -2 10 @14 specular color -4 1 1 1 @4 none @5 plain @5 color -4 0 0 0 #
render-rbase-attrib $-1 -1 $4493 $3592 $2755 1 1 1 1 1 1 1 1 1 1 1 1 0 1 0 1 1 1 $4494 $-1 0 2 0 -1 0 1 0 0 0 0 1 -36.899999999999999 52.719999999999999 0.079999999999999988 1 rotate no_reflect no_shear #
integer_attrib-name_attrib-gen-attrib $-1 -1 $4495 $3593 $3173 2 1 1 1 1 1 1 1 1 1 1 1 1 1 0 1 1 1 @3 pid 2601 #
integer_attrib-name_attrib-gen-attrib $-1 -1 $4496 $-1 $3594 2 0 0 1 1 1 1 1 1 1 1 1 1 1 0 1 1 1 @3 fif 0 #
face $4497 -1 -1 $-1 $4498 $4462 $5 $-1 $4499 forward double out T -27.482224146787338 48.182475497181606 0.18931563127266085 -27.3997915244436 48.270878113565345 0.19068436872733915 F #
cone-surface $-1 -1 -1 $-1 -27.479999999999997 48.789999999999999 0.23036996368589999 0 0 -1 0.080000000000000071 0 0 1 I I -0 1 0.080000000000000071 reversed I I I I #
tcoedge-coedge $-1 -1 -1 $-1 $4500 $3687 $3652 $4092 reversed $3595 $4501 -1.0472603067464685 -0 F #
coedge $-1 -1 -1 $-1 $3597 $3965 $4429 $4502 forward $3174 $-1 #
coedge $-1 -1 -1 $-1 $4431 $4091 $3597 $4032 forward $2847 $-1 #
edge $4503 -1 -1 $-1 $4486 0 $4504 0.78540003462612851 $3597 $4505 forward @7 unknown T -28.330000000004773 48.709999999995283 0.26313708498500404 -28.216862915009607 48.710000000004818 0.31000000000056971 #
named_attribute-st-attrib $-1 -1 $4506 $-1 $3598 1 1 1 1 1 1 1 1 1 1 1 1 1 1 0 1 1 1 @3 eif #
tvertex-vertex $4507 -1 -1 $-1 $3694 $4508 3.5389758634019242e-013 #
tcoedge-coedge $-1 -1 -1 $-1 $4145 $4509 $4510 $3598 forward $4511 $4512 0 0.6556642221821477 F #
ellipse-curve $-1 -1 -1 $-1 -27.984990916950409 47.939973297232626 0.31 0 0 -1 -0.12500908304936509 0.16250747086046058 0 1 F 0 F 0.6556642221821477 #
tcoedge-coedge $-1 -1 -1 $-1 $3599 $4513 $4514 $4515 reversed $340 $4516 -1 -0 F #
coedge $-1 -1 -1 $-1 $4517 $4518 $3599 $4039 reversed $4519 $-1 #
edge $4520 -1 -1 $-1 $4521 0 $4042 0.28000000000014147 $3599 $4522 forward @7 unknown T -27.340000000000067 48.119999999999962 0.079999999999957355 -27.05999999999991 48.120000000000047 0.08000000000004262 #
coedge $-1 -1 -1 $-1 $3944 $3600 $4518 $4523 forward $3108 $-1 #
named_attribute-st-attrib $-1 -1 $4524 $-1 $3601 1 1 1 1 1 1 1 1 1 1 1 1 1 1 0 1 1 1 @3 eif #
vertex $4525 -1 -1 $-1 $3601 $4526 #
straight-curve $-1 -1 -1 $-1 -27.059999999999999 47.920000000000002 0.079999999999999988 0 1 0 F 0 F 0.20000000000000195 #
integer_attrib-name_attrib-gen-attrib $-1 -1 $-1 $3603 $3179 2 1 1 1 1 1 1 1 1 1 1 1 1 1 0 1 1 1 @3 pid 3829 #
integer_attrib-name_attrib-gen-attrib $-1 -1 $-1 $-1 $3604 2 1 1 1 1 1 1 1 1 1 1 1 1 1 0 1 1 1 @3 pid 2845 #
point $-1 -1 -1 $-1 -27.059999999999917 47.920000000000002 0.080000000000000002 #
coedge $-1 -1 -1 $-1 $4396 $3932 $3606 $4048 forward $3942 $-1 #
edge $4527 -1 -1 $-1 $3976 0 $4050 0.41151347665813465 $4047 $4528 forward @7 unknown T -27.40000000000596 47.907477270842946 0.10999999999404192 -27.339999999999954 47.920000000000009 0.11000000000596305 #
named_attribute-st-attrib $-1 -1 $4529 $-1 $3607 1 1 1 1 1 1 1 1 1 1 1 1 1 1 0 1 1 1 @3 eif #
vertex $4530 -1 -1 $-1 $3607 $4531 #
straight-curve $-1 -1 -1 $-1 -27.339999999999996 47.920000000000002 0.079999999999999807 0 0 1 F -1.8431436932253575e-018 F 0.029999999999999229 #
tedge-edge $4532 -1 -1 $-1 $3614 0 $3976 1 $3634 $4533 forward @7 unknown T -27.490081572380017 47.769918427624383 0.10991842761998356 -27.399918427619983 47.907558843234888 0.11008157238001889 8.1572380016410793e-005 #
pcurve $-1 -1 -1 $-1 0 forward { exppc nubs 1 open 2 
	-1 1 -0 1 
	-0.20399999999999904 0.41151684605098904 
	-0.20399999999999904 1.5707963267655454 
	0.001 
	-1 
	cone -27.339999999999996 47.770000000000003 0.079400000000000054 0 0 1 0 0.15000000000000036 0 1 I I 0 -1 0.15000000000000036 reversed I I I I 
	} 0 0 #
integer_attrib-name_attrib-gen-attrib $-1 -1 $4534 $-1 $3609 2 0 0 1 1 1 1 1 1 1 1 1 1 1 0 1 1 1 @3 fif 0 #
cone-surface $-1 -1 -1 $-1 -27.339999999999996 47.770000000000003 0.079400000000000054 0 0 1 0 0.15000000000000036 0 1 I I -0 1 0.15000000000000036 reversed I I I I #
integer_attrib-name_attrib-gen-attrib $-1 -1 $-1 $3613 $3187 2 1 1 1 1 1 1 1 1 1 1 1 1 1 0 1 1 1 @3 pid 5918 #
integer_attrib-name_attrib-gen-attrib $-1 -1 $-1 $-1 $3614 2 1 1 1 1 1 1 1 1 1 1 1 1 1 0 1 1 1 @3 pid 3930 #
point $-1 -1 -1 $-1 -27.490000000000002 47.770000000004401 0.10999999999999999 #
integer_attrib-name_attrib-gen-attrib $-1 -1 $-1 $3617 $3194 2 1 1 1 1 1 1 1 1 1 1 1 1 1 0 1 1 1 @3 pid 5926 #
render-rbase-attrib $-1 -1 $4535 $3619 $2771 1 1 1 1 1 1 1 1 1 1 1 1 0 1 0 1 1 1 $4536 $-1 0 2 0 -1 0 1 0 0 0 0 1 -36.899999999999999 52.719999999999999 0.079999999999999988 1 rotate no_reflect no_shear #
rgb_color-st-attrib $-1 -1 $4537 $3621 $2361 2 1 2 1 1 1 1 1 1 1 1 1 1 1 0 1 1 1 0.73000001907348633 0.40000000596046448 0 #
rh_material-rh_entity $-1 -1 4 4 @5 plain @5 color -4 1 1 1 @5 phong @14 ambient factor -2 1 @14 diffuse factor -2 0.75 @15 specular factor -2 0.5 @8 exponent -2 10 @14 specular color -4 1 1 1 @4 none @5 plain @5 color -4 0 0 0 #
render-rbase-attrib $-1 -1 $4538 $3626 $2798 1 1 1 1 1 1 1 1 1 1 1 1 0 1 0 1 1 1 $4539 $-1 0 2 0 -1 0 1 0 0 0 0 1 -36.899999999999999 52.719999999999999 0.079999999999999988 1 rotate no_reflect no_shear #
integer_attrib-name_attrib-gen-attrib $-1 -1 $4540 $3627 $3212 2 1 1 1 1 1 1 1 1 1 1 1 1 1 0 1 1 1 @3 pid 2807 #
integer_attrib-name_attrib-gen-attrib $-1 -1 $4541 $-1 $3628 2 0 0 1 1 1 1 1 1 1 1 1 1 1 0 1 1 1 @3 fif 0 #
face $4542 -1 -1 $-1 $1722 $4543 $5 $-1 $4544 reversed double out T -28.273432669348974 48.269998788156514 0.20656733065142974 -28.216861703166551 48.710001211843476 0.23000121184346775 F #
loop $-1 -1 -1 $-1 $-1 $4545 $3628 T -28.467012493379599 48.269998788155732 0.15926167660043525 -28.409704415640711 48.710738323399553 0.18343266935073402 unknown #
cone-surface $-1 -1 -1 $-1 -28.466274169979997 48.718800000000002 0.23999999999999999 0 -1 0 0 0 0.079999999999999988 1 I I -0 1 0.079999999999999988 reversed I I I I #
coedge $-1 -1 -1 $-1 $4546 $4205 $3776 $4231 forward $3629 $-1 #
integer_attrib-name_attrib-gen-attrib $-1 -1 $-1 $3631 $3215 2 1 1 1 1 1 1 1 1 1 1 1 1 1 0 1 1 1 @3 pid 8049 #
pcurve $-1 -1 -1 $-1 0 forward { exppc nubs 3 open 4 
	0 3 0.32928883796856656 1 0.67208205325573933 1 1 3 
	-0.028738635425096248 0.045000000000001705 
	-0.0087611135845984123 0.044736500869031914 
	0.028763951029657342 0.037713194993710175 
	0.079167681097394471 0.0046612496897449063 
	0.10054621170242317 -0.02687597939971198 
	0.10873863542536544 -0.045000000000001705 
	0 
	0 
	plane -27.445 47.798738635429501 0.10999999999999999 0 0 -1 0 1 0 reverse_v I I I I 
	} 0 0 #
integer_attrib-name_attrib-gen-attrib $-1 -1 $-1 $3635 $3220 2 1 1 1 1 1 1 1 1 1 1 1 1 1 0 1 1 1 @3 pid 5922 #
rgb_color-st-attrib $-1 -1 $4547 $3637 $2408 2 1 2 1 1 1 1 1 1 1 1 1 1 1 0 1 1 1 0.73000001907348633 0.40000000596046448 0 #
rh_material-rh_entity $-1 -1 4 4 @5 plain @5 color -4 1 1 1 @5 phong @14 ambient factor -2 1 @14 diffuse factor -2 0.75 @15 specular factor -2 0.5 @8 exponent -2 10 @14 specular color -4 1 1 1 @4 none @5 plain @5 color -4 0 0 0 #
render-rbase-attrib $-1 -1 $4548 $3638 $2813 1 1 1 1 1 1 1 1 1 1 1 1 0 1 0 1 1 1 $4549 $-1 0 2 0 -1 0 1 0 0 0 0 1 -36.899999999999999 52.719999999999999 0.079999999999999988 1 rotate no_reflect no_shear #
render-rbase-attrib $-1 -1 $4550 $3639 $2821 1 1 1 1 1 1 1 1 1 1 1 1 0 1 0 1 1 1 $4551 $-1 0 2 0 -1 0 1 0 0 0 0 1 -36.899999999999999 52.719999999999999 0.079999999999999988 1 rotate no_reflect no_shear #
string_attrib-name_attrib-gen-attrib $-1 -1 $-1 $3640 $2042 2 1 2 1 1 1 1 1 1 1 1 1 1 1 0 1 1 1 @15 ATTRIB_XACIS_ID @5 43909 #
string_attrib-name_attrib-gen-attrib $-1 -1 $-1 $3643 $2083 2 1 2 1 1 1 1 1 1 1 1 1 1 1 0 1 1 1 @15 ATTRIB_XACIS_ID @5 41431 #
rgb_color-st-attrib $-1 -1 $4552 $3645 $2455 2 1 2 1 1 1 1 1 1 1 1 1 1 1 0 1 1 1 0.73000001907348633 0.40000000596046448 0 #
rh_material-rh_entity $-1 -1 4 4 @5 plain @5 color -4 1 1 1 @5 phong @14 ambient factor -2 1 @14 diffuse factor -2 0.75 @15 specular factor -2 0.5 @8 exponent -2 10 @14 specular color -4 1 1 1 @4 none @5 plain @5 color -4 0 0 0 #
render-rbase-attrib $-1 -1 $4553 $3646 $2846 1 1 1 1 1 1 1 1 1 1 1 1 0 1 0 1 1 1 $4554 $-1 0 2 0 -1 0 1 0 0 0 0 1 -36.899999999999999 52.719999999999999 0.079999999999999988 1 rotate no_reflect no_shear #
integer_attrib-name_attrib-gen-attrib $-1 -1 $4555 $3647 $3243 2 1 1 1 1 1 1 1 1 1 1 1 1 1 0 1 1 1 @3 pid 2872 #
integer_attrib-name_attrib-gen-attrib $-1 -1 $4556 $-1 $3648 2 0 0 1 1 1 1 1 1 1 1 1 1 1 0 1 1 1 @3 fif 0 #
face $4557 -1 -1 $-1 $4558 $4559 $5 $-1 $4560 forward double out T -28.330002422688324 48.269997577312019 0.26313466230181842 -28.216860492322098 48.710002422688007 0.31000242268801781 F #
loop $-1 -1 -1 $-1 $-1 $4561 $3648 T -28.216862915012076 48.102479264750663 0.22999849665776292 -27.715055534989645 48.710000000005081 0.23000150334223296 unknown #
plane-surface $-1 -1 -1 $-1 -27.965959224999999 48.406240384046477 0.22999999999999998 0 0 1 0 -1 0 forward_v I I I I #
coedge $-1 -1 -1 $-1 $4562 $4563 $4564 $4565 forward $3649 $-1 #
coedge $-1 -1 -1 $-1 $4566 $3651 $4567 $4568 reversed $3244 $-1 #
coedge $-1 -1 -1 $-1 $4098 $4097 $3651 $4090 forward $3961 $-1 #
edge $4569 -1 -1 $-1 $4570 -1.066972592050211e-016 $4571 0.034641016150902405 $4089 $4572 forward @7 unknown T -27.602472232507484 48.269999999995449 0.21499999999672129 -27.585151724423788 48.270000000004458 0.24500000000445196 #
coedge $-1 -1 -1 $-1 $4031 $3652 $3686 $4134 reversed $2847 $-1 #
tedge-edge $4573 -1 -1 $-1 $4101 0 $4137 1.0472603067464685 $4029 $4574 forward @7 unknown T -27.715056628994105 48.709998906000962 0.24499890600095489 -27.602471138503923 48.71000109399909 0.31000109406304138 1.0939990394242774e-006 #
pcurve $-1 -1 -1 $-1 0 forward { exppc nurbs 2 open 2 
	0 2 1.0472603067464685 2 
	-0.017320508075913565 0.039999999999690061 1 
	-0.092377402798845765 0.040002355117728428 0.86600971447069597 
	-0.12990381056772016 -0.025000000000837019 1 
	1e-008 
	-1 
	plane -27.628452994616246 48.710000000000001 0.21000000000005251 0 -1 0 0.49999999999674349 0 -0.86602540378631887 forward_v I I I I 
	} 0 0 #
coedge $-1 -1 -1 $-1 $3653 $4004 $4575 $4576 forward $2847 $-1 #
coedge $-1 -1 -1 $-1 $4577 $4578 $3653 $4096 reversed $4579 $-1 #
edge $4580 -1 -1 $-1 $4581 0 $4100 1.0472603067455026 $3653 $4582 forward @7 unknown T -27.585151724430823 48.709999999996384 0.18999999997540468 -27.541850454236229 48.710000000003618 0.21500000000354769 #
coedge $-1 -1 -1 $-1 $4089 $3654 $4578 $4583 forward $3961 $-1 #
coedge $-1 -1 -1 $-1 $3654 $4089 $4500 $4584 reversed $3961 $-1 #
named_attribute-st-attrib $-1 -1 $4585 $-1 $3655 1 1 1 1 1 1 1 1 1 1 1 1 1 1 0 1 1 1 @3 eif #
tvertex-vertex $4586 -1 -1 $-1 $-1 $4587 3.6191285821431183e-012 #
tvertex-vertex $4588 -1 -1 $-1 $-1 $4589 4.3452194054486868e-012 #
straight-curve $-1 -1 -1 $-1 -27.585151724427583 48.710000000000001 0.21499999999991942 -0.50000000000348543 0 0.86602540378242632 F 4.2092565678939953e-016 F 0.034641016151077689 #
edge $4590 -1 -1 $-1 $3660 0 $4591 0.32000000000002454 $3918 $4592 forward @7 tangent T -27.340000000000089 48.169999999999838 0.18999999999999267 -27.339999999999989 48.170000000000051 0.51000000000003864 #
integer_attrib-name_attrib-gen-attrib $-1 -1 $-1 $3659 $3249 2 1 1 1 1 1 1 1 1 1 1 1 1 1 0 1 1 1 @3 pid 6806 #
integer_attrib-name_attrib-gen-attrib $-1 -1 $-1 $-1 $3660 2 1 1 1 1 1 1 1 1 1 1 1 1 1 0 1 1 1 @3 pid 4522 #
point $-1 -1 -1 $-1 -27.340000000000039 48.170000000000002 0.50999999999998902 #
coedge $-1 -1 -1 $-1 $3995 $4575 $3662 $4108 reversed $3576 $-1 #
edge $4593 -1 -1 $-1 $4110 0 $4127 0.390000000000156 $4107 $4594 forward @7 unknown T -27.490000000000027 48.319999999999666 0.1899999999997572 -27.489999999999544 48.710000000000065 0.19000000000024281 #
named_attribute-st-attrib $-1 -1 $4595 $-1 $3663 1 1 1 1 1 1 1 1 1 1 1 1 1 1 0 1 1 1 @3 eif #
tvertex-vertex $4596 -1 -1 $-1 $4108 $4597 2.4280317735239589e-013 #
straight-curve $-1 -1 -1 $-1 -27.490000000000002 48.320000000000014 0.1899999999999927 0 0 1 F 0 F 0.32000000000002454 #
integer_attrib-name_attrib-gen-attrib $-1 -1 $-1 $3667 $3256 2 1 1 1 1 1 1 1 1 1 1 1 1 1 0 1 1 1 @3 pid 4867 #
string_attrib-name_attrib-gen-attrib $-1 -1 $-1 $3671 $2108 2 1 2 1 1 1 1 1 1 1 1 1 1 1 0 1 1 1 @15 ATTRIB_XACIS_ID @5 41258 #
rgb_color-st-attrib $-1 -1 $4598 $3673 $2480 2 1 2 1 1 1 1 1 1 1 1 1 1 1 0 1 1 1 0.73000001907348633 0.40000000596046448 0 #
rh_material-rh_entity $-1 -1 4 4 @5 plain @5 color -4 1 1 1 @5 phong @14 ambient factor -2 1 @14 diffuse factor -2 0.75 @15 specular factor -2 0.5 @8 exponent -2 10 @14 specular color -4 1 1 1 @4 none @5 plain @5 color -4 0 0 0 #
render-rbase-attrib $-1 -1 $4599 $3674 $2870 1 1 1 1 1 1 1 1 1 1 1 1 0 1 0 1 1 1 $4600 $-1 0 2 0 -1 0 1 0 0 0 0 1 -36.899999999999999 52.719999999999999 0.079999999999999988 1 rotate no_reflect no_shear #
integer_attrib-name_attrib-gen-attrib $-1 -1 $4601 $3675 $3268 2 1 1 1 1 1 1 1 1 1 1 1 1 1 0 1 1 1 @3 pid 1230 #
integer_attrib-name_attrib-gen-attrib $-1 -1 $4602 $-1 $3676 2 0 0 1 1 1 1 1 1 1 1 1 1 1 0 1 1 1 @3 fif 0 #
plane-surface $-1 -1 -1 $-1 -27.949999999999999 49.045000000000002 0.25 0 -1 0 -1 0 0 forward_v I I I I #
coedge $-1 -1 -1 $-1 $3700 $4603 $3711 $4165 reversed $3677 $-1 #
coedge $-1 -1 -1 $-1 $4157 $3679 $4604 $4605 forward $3269 $-1 #
coedge $-1 -1 -1 $-1 $3679 $4156 $4470 $4606 forward $3269 $-1 #
coedge $-1 -1 -1 $-1 $4607 $4453 $3679 $4124 forward $3993 $-1 #
edge $4608 -1 -1 $-1 $4609 3.5527136788005009e-015 $4610 0.090000000000003411 $3679 $4611 forward @7 unknown T -27.489999999999998 48.944999999997023 0.10999999999702342 -27.399999999997021 48.945000000002977 0.110000000002976 #
named_attribute-st-attrib $-1 -1 $4612 $-1 $3681 1 1 1 1 1 1 1 1 1 1 1 1 1 1 0 1 1 1 @3 eif #
vertex $4613 -1 -1 $-1 $3681 $4614 #
vertex $4615 -1 -1 $-1 $4005 $4616 #
straight-curve $-1 -1 -1 $-1 -27.490000000000002 48.945 0.19 0 -1 0 F 0 F 0.23499999999999943 #
named_attribute-st-attrib $-1 -1 $4617 $-1 $3683 1 1 1 1 1 1 1 1 1 1 1 1 1 1 0 1 1 1 @3 eif #
straight-curve $-1 -1 -1 $-1 -28.189999999999998 48.270000000000003 0.3100000000000081 0 0 -1 F 0 F 0.080000000000016253 #
named_attribute-st-attrib $-1 -1 $4618 $-1 $3685 1 1 1 1 1 1 1 1 1 1 1 1 1 1 0 1 1 1 @3 eif #
coedge $-1 -1 -1 $-1 $4619 $4620 $4621 $3685 reversed $4622 $-1 #
ellipse-curve $-1 -1 -1 $-1 -28.190002267772961 48.189997732227063 0.31 0 0 -1 2.2677733060305627e-006 0.080002267773185309 0 1 F 0 F 1.5707396340674851 #
edge $4623 -1 -1 $-1 $4486 0 $4137 0.50180738001517078 $4091 $4624 forward @7 unknown T -28.216862915010623 48.709999999994984 0.30999999999498995 -27.715055534989972 48.710000000005017 0.31000000000502281 #
tcoedge-coedge $-1 -1 -1 $-1 $3687 $4500 $3689 $4139 forward $3595 $4625 0 1.0472603067476436 F #
named_attribute-st-attrib $-1 -1 $4626 $-1 $3688 1 1 1 1 1 1 1 1 1 1 1 1 1 1 0 1 1 1 @3 eif #
tvertex-vertex $4627 -1 -1 $-1 $-1 $4628 5.0164558697722034e-012 #
straight-curve $-1 -1 -1 $-1 -27.715055534994974 48.269999999999911 0.31 0 1 0 F 0 F 0.44000000000018336 #
tedge-edge $4629 -1 -1 $-1 $4571 0 $3691 1.0472603067476436 $4135 $4630 forward @7 unknown T -27.715056628994105 48.269998906000936 0.24499890600083513 -27.602471138503905 48.270001093999021 0.31000109406301951 1.0939990191225184e-006 #
pcurve $-1 -1 -1 $-1 0 forward { exppc nurbs 2 open 2 
	-1.0472603067476436 2 0 2 
	-0.12990381056788713 -0.025000000000439115 1 
	-0.092377402798771158 0.040002355118101462 0.86600971447029906 
	-0.017320508075743035 0.039999999999750457 1 
	1e-008 
	-1 
	plane -27.628452994616246 48.270000000000003 0.20999999999995497 -0 1 -0 0.4999999999992063 0 -0.8660254037848969 reverse_v I I I I 
	} 0 0 #
integer_attrib-name_attrib-gen-attrib $-1 -1 $-1 $3690 $3280 2 1 1 1 1 1 1 1 1 1 1 1 1 1 0 1 1 1 @3 pid 6823 #
vertedge-sys-attrib $-1 -1 $4631 $-1 $3691 1 1 1 1 1 1 1 1 1 1 1 1 0 1 0 1 1 1 4 $4632 $3280 $-1 $-1 #
point $-1 -1 -1 $-1 -27.715055534995088 48.270000000000003 0.31000000000000771 #
named_attribute-st-attrib $-1 -1 $4633 $-1 $3694 1 1 1 1 1 1 1 1 1 1 1 1 1 1 0 1 1 1 @3 eif #
tcoedge-coedge $-1 -1 -1 $-1 $4634 $4035 $4635 $3694 forward $4511 $4636 0 0.65566422218299358 F #
ellipse-curve $-1 -1 -1 $-1 -27.985009083049441 47.939973297232882 0.31 0 0 -1 9.0830494698934672e-006 0.20502670276747459 0 1 F 0 F 0.65566422218299358 #
edge $4637 -1 -1 $-1 $2133 0 $2899 1.5707396340743682 $4150 $4638 forward @7 unknown T -27.860000000000177 48.189999999999955 0.30999999999964167 -27.779999999999969 48.270000000000472 0.31000000000033956 #
integer_attrib-name_attrib-gen-attrib $-1 -1 $-1 $3697 $3290 2 1 1 1 1 1 1 1 1 1 1 1 1 1 0 1 1 1 @3 pid 8329 #
coedge $-1 -1 -1 $-1 $4639 $3698 $4640 $4641 forward $4152 $-1 #
coedge $-1 -1 -1 $-1 $3698 $4639 $4642 $4147 reversed $4152 $-1 #
coedge $-1 -1 -1 $-1 $4643 $4644 $3698 $3290 reversed $4645 $-1 #
loop $-1 -1 -1 $-1 $-1 $4149 $4646 T -27.860000000000177 48.189999999999955 0.22999999999981779 -27.779999999999944 48.270000000000472 0.31000000000033956 unknown #
coedge $-1 -1 -1 $-1 $4603 $3700 $3703 $4158 reversed $3677 $-1 #
named_attribute-st-attrib $-1 -1 $4647 $-1 $3701 1 1 1 1 1 1 1 1 1 1 1 1 1 1 0 1 1 1 @3 eif #
straight-curve $-1 -1 -1 $-1 -27.600000000000001 48.945 0.42000000000000004 -0.70710678118654757 0.70710678118654757 0 F 0 F 0.14142135623730898 #
coedge $-1 -1 -1 $-1 $4122 $3702 $4001 $4468 reversed $3269 $-1 #
coedge $-1 -1 -1 $-1 $3703 $4121 $4648 $4649 reversed $3269 $-1 #
edge $4650 -1 -1 $-1 $4651 -1.1125258942749273e-027 $3705 0.33999999999999986 $3703 $4652 forward @7 unknown T -27.600000000000037 48.944999999999858 0.08000000000000998 -27.599999999999859 48.945 0.42000000000000981 #
integer_attrib-name_attrib-gen-attrib $-1 -1 $-1 $3704 $3293 2 1 1 1 1 1 1 1 1 1 1 1 1 1 0 1 1 1 @3 pid 2710 #
integer_attrib-name_attrib-gen-attrib $-1 -1 $-1 $-1 $3705 2 1 1 1 1 1 1 1 1 1 1 1 1 1 0 1 1 1 @3 pid 2017 #
point $-1 -1 -1 $-1 -27.600000000000037 48.945 0.42000000000000492 #
named_attribute-st-attrib $-1 -1 $4653 $-1 $3707 1 1 1 1 1 1 1 1 1 1 1 1 1 1 0 1 1 1 @3 eif #
straight-curve $-1 -1 -1 $-1 -27.490000000000002 48.945 0.19000000000000997 0 0 1 F 0 F 0.22999999999999993 #
coedge $-1 -1 -1 $-1 $3712 $3711 $4654 $4655 forward $3713 $-1 #
edge $4656 -1 -1 $-1 $3715 0 $4657 0.33999999999999991 $3711 $4658 forward @7 unknown T -27.700000000000145 49.045000000000144 0.08000000000000497 -27.700000000000141 49.045000000000144 0.42000000000000992 #
integer_attrib-name_attrib-gen-attrib $-1 -1 $-1 $3714 $3302 2 1 1 1 1 1 1 1 1 1 1 1 1 1 0 1 1 1 @3 pid 2712 #
integer_attrib-name_attrib-gen-attrib $-1 -1 $-1 $-1 $3715 2 1 1 1 1 1 1 1 1 1 1 1 1 1 0 1 1 1 @3 pid 2018 #
point $-1 -1 -1 $-1 -27.700000000000141 49.045000000000144 0.42000000000000492 #
coedge $-1 -1 -1 $-1 $4654 $3724 $3717 $4170 reversed $340 $-1 #
edge $4659 -1 -1 $-1 $4172 -3.0974593124854657e-016 $3727 0.25806975801127657 $3717 $4660 forward @7 unknown T -28.349999999999881 48.834999999999795 0.079999999999999974 -28.199999999999999 49.045000000000208 0.080000000000004498 #
named_attribute-st-attrib $-1 -1 $4661 $-1 $3718 1 1 1 1 1 1 1 1 1 1 1 1 1 1 0 1 1 1 @3 eif #
vertex $4662 -1 -1 $-1 $4170 $4663 #
straight-curve $-1 -1 -1 $-1 -28.200000000000287 49.045000000000002 0.07999999999999996 0 0 1 F 0 F 0.33999999999999997 #
integer_attrib-name_attrib-gen-attrib $-1 -1 $4664 $-1 $3719 2 0 0 1 1 1 1 1 1 1 1 1 1 1 0 1 1 1 @3 fif 0 #
plane-surface $-1 -1 -1 $-1 -28.274999999999999 48.940000000000005 0.250000000000005 0.81373347120833084 -0.58123819371686225 0 -0.58123819371686225 -0.81373347120833084 0 forward_v I I I I #
edge $4665 -1 -1 $-1 $4179 -1.3877787807814457e-017 $3856 0.079999999999999988 $3859 $4666 forward @7 unknown T -28.550000000000001 48.835000000000001 0.079999999999999974 -28.549999999999983 48.835000000000001 0.15999999999999998 #
coedge $-1 -1 -1 $-1 $3724 $4264 $4351 $4667 forward $340 $-1 #
named_attribute-st-attrib $-1 -1 $4668 $-1 $3725 1 1 1 1 1 1 1 1 1 1 1 1 1 1 0 1 1 1 @3 eif #
vertex $4669 -1 -1 $-1 $3725 $4670 #
straight-curve $-1 -1 -1 $-1 -28.549999999999962 48.835000000000001 0.079999999999999988 1 0 0 F 0 F 0.20000000000005258 #
integer_attrib-name_attrib-gen-attrib $-1 -1 $-1 $3726 $3310 2 1 1 1 1 1 1 1 1 1 1 1 1 1 0 1 1 1 @3 pid 4880 #
integer_attrib-name_attrib-gen-attrib $-1 -1 $-1 $-1 $3727 2 1 1 1 1 1 1 1 1 1 1 1 1 1 0 1 1 1 @3 pid 2837 #
point $-1 -1 -1 $-1 -28.349999999999881 48.834999999999859 0.080000000000004498 #
named_attribute-st-attrib $-1 -1 $4671 $-1 $3729 1 1 1 1 1 1 1 1 1 1 1 1 1 1 0 1 1 1 @3 eif #
straight-curve $-1 -1 -1 $-1 -29.0700000000001 48.835000000000001 0.079999999999999988 1 0 0 F 0 F 0.25000000000006573 #
integer_attrib-name_attrib-gen-attrib $-1 -1 $4672 $3730 $3312 2 1 1 1 1 1 1 1 1 1 1 1 1 1 0 1 1 1 @3 pid 1233 #
integer_attrib-name_attrib-gen-attrib $-1 -1 $-1 $3732 $3316 2 1 1 1 1 1 1 1 1 1 1 1 1 1 0 1 1 1 @3 pid 3807 #
render-rbase-attrib $-1 -1 $4673 $3737 $2925 1 1 1 1 1 1 1 1 1 1 1 1 0 1 0 1 1 1 $4674 $-1 0 2 0 -1 0 1 0 0 0 0 1 -36.899999999999999 52.719999999999999 0.079999999999999988 1 rotate no_reflect no_shear #
integer_attrib-name_attrib-gen-attrib $-1 -1 $-1 $3738 $3322 2 1 1 1 1 1 1 1 1 1 1 1 1 1 0 1 1 1 @3 pid 4886 #
named_attribute-st-attrib $-1 -1 $4675 $-1 $3741 1 1 1 1 1 1 1 1 1 1 1 1 1 1 0 1 1 1 @3 eif #
straight-curve $-1 -1 -1 $-1 -29.349999999999998 49.045000000000002 0.15999999999999998 0 -1 0 F 0 F 0.045000000000000373 #
straight-curve $-1 -1 -1 $-1 -30.0700000000001 48.695134208574764 0.15999999999999998 0 -1 0 I I #
string_attrib-name_attrib-gen-attrib $-1 -1 $-1 $3745 $2546 2 1 2 1 1 1 1 1 1 1 1 1 1 1 0 1 1 1 @15 ATTRIB_XACIS_ID @5 40631 #
string_attrib-name_attrib-gen-attrib $-1 -1 $-1 $3748 $2167 2 1 2 1 1 1 1 1 1 1 1 1 1 1 0 1 1 1 @15 ATTRIB_XACIS_ID @5 42403 #
rgb_color-st-attrib $-1 -1 $4676 $3750 $2555 2 1 2 1 1 1 1 1 1 1 1 1 1 1 0 1 1 1 0.73000001907348633 0.40000000596046448 0 #
rh_material-rh_entity $-1 -1 4 4 @5 plain @5 color -4 1 1 1 @5 phong @14 ambient factor -2 1 @14 diffuse factor -2 0.75 @15 specular factor -2 0.5 @8 exponent -2 10 @14 specular color -4 1 1 1 @4 none @5 plain @5 color -4 0 0 0 #
render-rbase-attrib $-1 -1 $4677 $3751 $2947 1 1 1 1 1 1 1 1 1 1 1 1 0 1 0 1 1 1 $4678 $-1 0 2 0 -1 0 1 0 0 0 0 1 -36.899999999999999 52.719999999999999 0.079999999999999988 1 rotate no_reflect no_shear #
integer_attrib-name_attrib-gen-attrib $-1 -1 $4679 $3752 $3341 2 1 1 1 1 1 1 1 1 1 1 1 1 1 0 1 1 1 @3 pid 2678 #
integer_attrib-name_attrib-gen-attrib $-1 -1 $4680 $-1 $3753 2 0 0 1 1 1 1 1 1 1 1 1 1 1 0 1 1 1 @3 fif 0 #
face $4681 -1 -1 $-1 $4682 $4683 $5 $-1 $4684 forward double out T -28.353137084993563 48.269999999995605 0.12686291500657379 -28.273431457500692 48.710000000004328 0.20656854249931708 F #
loop $-1 -1 -1 $-1 $-1 $4267 $3753 T -28.550653490419826 48.708691385326972 0.079999999999999363 -28.469372295983426 48.790653490419835 0.16065458339211874 unknown #
cone-surface $-1 -1 -1 $-1 -28.469999999999999 48.789999999999999 0.16238404796261988 0 0 -1 0 -0.079999999999999627 0 1 I I -0 1 0.079999999999999627 reversed I I I I #
coedge $-1 -1 -1 $-1 $3900 $3802 $4685 $4686 reversed $3754 $-1 #
coedge $-1 -1 -1 $-1 $3810 $3756 $3769 $4220 reversed $3342 $-1 #
coedge $-1 -1 -1 $-1 $4069 $4687 $3757 $4206 forward $3629 $-1 #
edge $4688 -1 -1 $-1 $4689 0 $4208 0.43999999999998618 $3757 $4690 forward @7 tangent T -27.671754264810605 48.269999999995548 0.20499999999476543 -27.671754264800459 48.710000000005117 0.20500000000491247 #
named_attribute-st-attrib $-1 -1 $4691 $-1 $3758 1 1 1 1 1 1 1 1 1 1 1 1 1 1 0 1 1 1 @3 eif #
tvertex-vertex $4692 -1 -1 $-1 $-1 $4693 4.4560121620393466e-012 #
ellipse-curve $-1 -1 -1 $-1 -27.715053966191718 48.270000000000003 0.18000271724696904 0 1 0 -1.5688033716543261e-006 0 0.049997282753034444 1 F 0 F 1.0472603067467565 #
edge $4694 -1 -1 $-1 $4305 0 $3762 0.02686291501001925 $3822 $4695 forward @7 unknown T -28.216862915012037 48.269999999998007 0.22999999999798074 -28.189999999999642 48.270000000002 0.23000000000197743 #
integer_attrib-name_attrib-gen-attrib $-1 -1 $-1 $3761 $3353 2 1 1 1 1 1 1 1 1 1 1 1 1 1 0 1 1 1 @3 pid 7043 #
integer_attrib-name_attrib-gen-attrib $-1 -1 $4696 $-1 $3762 2 1 1 1 1 1 1 1 1 1 1 1 1 1 0 1 1 1 @3 pid 4679 #
point $-1 -1 -1 $-1 -28.190000000000037 48.270000000000145 0.2299999999999959 #
edge $4697 -1 -1 $-1 $2967 0 $2498 0.079999999999959909 $4620 $4698 forward @7 tangent T -28.110000000000348 48.189999999999948 0.22999999999972498 -28.109999999999211 48.190000000001085 0.31000000000056738 #
named_attribute-st-attrib $-1 -1 $4699 $-1 $3766 1 1 1 1 1 1 1 1 1 1 1 1 1 1 0 1 1 1 @3 eif #
tvertex-vertex $4700 -1 -1 $-1 $3781 $4701 3.5389758634019242e-013 #
tcoedge-coedge $-1 -1 -1 $-1 $4236 $4702 $4703 $3766 forward $4704 $4705 0 0.65566422217986642 F #
ellipse-curve $-1 -1 -1 $-1 -27.984990916950174 47.939973297231944 0.22999999999999998 0 0 -1 -0.12500908304959957 0.16250747086114803 0 1 F 0 F 0.65566422217986642 #
string_attrib-name_attrib-gen-attrib $-1 -1 $-1 $3767 $2188 2 1 2 1 1 1 1 1 1 1 1 1 1 1 0 1 1 1 @15 ATTRIB_XACIS_ID @5 43231 #
edge $4706 -1 -1 $-1 $4224 0 $4305 0.43999999999998618 $3769 $4707 forward @7 tangent T -28.216862915012076 48.269999999998007 0.22999999999798074 -28.216862915008043 48.710000000002054 0.23000000000201862 #
coedge $-1 -1 -1 $-1 $4708 $3770 $3772 $4226 forward $2847 $-1 #
coedge $-1 -1 -1 $-1 $3770 $3808 $3810 $4289 forward $2847 $-1 #
named_attribute-st-attrib $-1 -1 $4709 $-1 $3771 1 1 1 1 1 1 1 1 1 1 1 1 1 1 0 1 1 1 @3 eif #
tvertex-vertex $4710 -1 -1 $-1 $-1 $4711 1.9942960705172145e-012 #
straight-curve $-1 -1 -1 $-1 -27.715055534994914 48.710000000000001 0.22999999999999998 -1 0 0 F 0 F 0.50180738001518144 #
edge $4712 -1 -1 $-1 $3774 0 $4689 1.0472603067472521 $3772 $4713 forward @7 unknown T -27.715055535000143 48.70999999999492 0.20499999999476543 -27.671754264800459 48.710000000005117 0.23000000002461626 #
integer_attrib-name_attrib-gen-attrib $-1 -1 $-1 $3773 $3366 2 1 1 1 1 1 1 1 1 1 1 1 1 1 0 1 1 1 @3 pid 7039 #
vertedge-sys-attrib $-1 -1 $4714 $-1 $3774 1 1 1 1 1 1 1 1 1 1 1 1 0 1 0 1 1 1 4 $3771 $4715 $-1 $-1 #
point $-1 -1 -1 $-1 -27.715055534995066 48.710000000000001 0.23000000000000348 #
tcoedge-coedge $-1 -1 -1 $-1 $3776 $4716 $4717 $4718 reversed $3244 $4719 -1.0472603067467987 -0 F #
edge $4720 -1 -1 $-1 $4208 2.5830264864822409e-014 $4721 0.034641016151132804 $3776 $4722 forward @7 unknown T -27.671754264810041 48.269999999995548 0.17499999999562701 -27.654433756725957 48.270000000004458 0.20500000000415816 #
integer_attrib-name_attrib-gen-attrib $-1 -1 $-1 $3778 $3369 2 1 1 1 1 1 1 1 1 1 1 1 1 1 0 1 1 1 @3 pid 4675 #
edge $4723 -1 -1 $-1 $2980 2.1316282072803006e-013 $3369 0.064944465005329022 $4724 $4725 forward @7 unknown T -27.780000000000328 48.269999999994624 0.22999999999462217 -27.715055534989645 48.270000000005382 0.23000000000537629 #
edge $4726 -1 -1 $-1 $2980 0 $2899 0.079999999999959909 $4639 $4727 forward @7 tangent T -27.780000000000665 48.269999999999776 0.22999999999981779 -27.779999999999944 48.270000000000472 0.31000000000033956 #
named_attribute-st-attrib $-1 -1 $4728 $-1 $3781 1 1 1 1 1 1 1 1 1 1 1 1 1 1 0 1 1 1 @3 eif #
tcoedge-coedge $-1 -1 -1 $-1 $4729 $4217 $4730 $3781 forward $4704 $4731 0 0.65566422217633591 F #
ellipse-curve $-1 -1 -1 $-1 -27.985009083049974 47.939973297230921 0.22999999999999998 0 0 -1 9.0830500045768758e-006 0.20502670276943125 0 1 F 0 F 0.65566422217633591 #
string_attrib-name_attrib-gen-attrib $-1 -1 $-1 $3783 $2206 2 1 2 1 1 1 1 1 1 1 1 1 1 1 0 1 1 1 @15 ATTRIB_XACIS_ID @5 41623 #
rgb_color-st-attrib $-1 -1 $4732 $3785 $2602 2 1 2 1 1 1 1 1 1 1 1 1 1 1 0 1 1 1 0.93699997663497925 0.7850000262260437 0 #
rh_material-rh_entity $-1 -1 4 4 @5 plain @5 color -4 1 1 1 @5 phong @14 ambient factor -2 1 @14 diffuse factor -2 0.75 @15 specular factor -2 0.5 @8 exponent -2 10 @14 specular color -4 1 1 1 @4 none @5 plain @5 color -4 0 0 0 #
render-rbase-attrib $-1 -1 $4733 $3786 $2998 1 1 1 1 1 1 1 1 1 1 1 1 0 1 0 1 1 1 $4734 $-1 0 2 0 -1 0 1 0 0 0 0 1 -36.899999999999999 52.719999999999999 0.079999999999999988 1 rotate no_reflect no_shear #
integer_attrib-name_attrib-gen-attrib $-1 -1 $4735 $3787 $3384 2 1 1 1 1 1 1 1 1 1 1 1 1 1 0 1 1 1 @3 pid 2181 #
integer_attrib-name_attrib-gen-attrib $-1 -1 $4736 $-1 $3788 2 0 0 1 1 1 1 1 1 1 1 1 1 1 0 1 1 1 @3 fif 0 #
face $4737 -1 -1 $-1 $4738 $4379 $5 $-1 $4739 forward double out T -28.820000000065161 48.346568542420592 0.079999999827947713 -28.775355338921042 48.403137085143101 0.11000000006519779 F #
loop $-1 -1 -1 $-1 $-1 $4740 $3788 T -28.796568542515583 48.293415681346872 0.079954024127031148 -28.722133233655033 48.367781746082962 0.11000924147008931 unknown #
plane-surface $-1 -1 -1 $-1 -28.759390130926249 48.3306033343625 0.095000000001034979 0.50000000000288525 0.49999999999846911 0.70710678118558989 -0.49999999999400896 -0.50000000000463685 0.70710678118750525 forward_v I I I I #
coedge $-1 -1 -1 $-1 $4741 $4742 $4248 $4743 reversed $3789 $-1 #
coedge $-1 -1 -1 $-1 $4249 $3791 $4247 $4743 forward $3385 $-1 #
coedge $-1 -1 -1 $-1 $3791 $4248 $4744 $4745 forward $3385 $-1 #
coedge $-1 -1 -1 $-1 $4746 $4747 $3791 $4251 reversed $4748 $-1 #
edge $4749 -1 -1 $-1 $4750 -3.4694469519536142e-018 $3413 0.029999991380970807 $3791 $4751 forward @7 unknown T -28.686865236013681 48.269997687599613 0.079997678980440218 -28.686860593975162 48.270002329638132 0.11000000178507365 #
tcoedge-coedge $-1 -1 -1 $-1 $3793 $3792 $4752 $4753 reversed $2999 $4754 -0.78524597917537442 -0 F #
coedge $-1 -1 -1 $-1 $4755 $4756 $3792 $4254 forward $4683 $-1 #
edge $4757 -1 -1 $-1 $3400 0 $3818 0.43999999999998352 $4253 $4758 forward @7 tangent T -28.353137084993563 48.269999999996365 0.12686291500657379 -28.353137084986287 48.710000000001131 0.1268629150138498 #
coedge $-1 -1 -1 $-1 $4759 $4760 $3793 $4256 forward $340 $-1 #
edge $4761 -1 -1 $-1 $4262 -0 $4302 0.43999999999998618 $4255 $4762 forward @7 tangent T -28.467000048469593 48.269999999999484 0.079274121510437029 -28.465548291490499 48.710725878489548 0.080725878489534164 #
coedge $-1 -1 -1 $-1 $4763 $3794 $-1 $4764 reversed $4259 $-1 #
coedge $-1 -1 -1 $-1 $3794 $4765 $4755 $4766 reversed $4259 $-1 #
loop $-1 -1 -1 $-1 $-1 $4767 $4768 T -28.467012493379599 48.709261676600448 0.079274121510437029 -27.479999999997098 48.710738323399553 0.31000254343445804 unknown #
pcurve $-1 -1 -1 $-1 0 forward { exppc nurbs 2 open 2 
	-0.78524597916245165 2 0 2 
	-0.84221185786962494 -0.023137084989210466 1 
	-0.88907686166920996 -0.069994957216865272 0.92390864902936198 
	-0.95534894286037542 -0.069999999999990292 1 
	1e-008 
	-1 
	plane -27.510925227119998 48.710000000000001 0.14999999999998997 -0 1 -0 1 0 0 reverse_v I I I I 
	} 0 0 #
named_attribute-st-attrib $-1 -1 $4769 $-1 $3795 1 1 1 1 1 1 1 1 1 1 1 1 1 1 0 1 1 1 @3 eif #
tvertex-vertex $4770 -1 -1 $-1 $4771 $4772 0.00072587848954857063 #
ellipse-curve $-1 -1 -1 $-1 -28.466286346956444 48.710000000000001 0.24002939782144719 0 -1 0 1.2176976071032186e-005 0 -0.16002939782144751 1 F 0 F 0.78524597916245165 #
coedge $-1 -1 -1 $-1 $4177 $4773 $3797 $4265 reversed $340 $-1 #
edge $4774 -1 -1 $-1 $4269 0 $4275 0.1949999999999994 $3797 $4775 forward @7 unknown T -28.549999999999997 48.789999999999999 0.07999999999999903 -28.549999999999997 48.984999999999999 0.079999999999999988 #
tcoedge-coedge $-1 -1 -1 $-1 $4776 $3798 $3803 $4279 forward $4201 $4777 0 0.97222861819710205 F #
coedge $-1 -1 -1 $-1 $3798 $4776 $-1 $4778 forward $4201 $-1 #
named_attribute-st-attrib $-1 -1 $4779 $-1 $3799 1 1 1 1 1 1 1 1 1 1 1 1 1 1 0 1 1 1 @3 eif #
vertex $4780 -1 -1 $-1 $4781 $4782 #
straight-curve $-1 -1 -1 $-1 -28.549999999999997 48.790000000000006 0.079999999999999766 0 0 1 F 0 F 0.0799999999999986 #
coedge $-1 -1 -1 $-1 $4783 $3800 $4773 $4784 reversed $4273 $-1 #
coedge $-1 -1 -1 $-1 $3800 $4783 $3802 $4277 forward $4273 $-1 #
loop $-1 -1 -1 $-1 $-1 $4272 $4785 T -28.82 48.984999999999999 0.079999999999999016 -28.549999999999997 48.985000000000177 0.15999999999999998 unknown #
named_attribute-st-attrib $-1 -1 $4786 $-1 $3801 1 1 1 1 1 1 1 1 1 1 1 1 1 1 0 1 1 1 @3 eif #
vertex $4787 -1 -1 $-1 $3801 $4788 #
straight-curve $-1 -1 -1 $-1 -28.549999999999997 48.984999999999999 0.07999999999999903 0 0 1 F 0 F 0.080000000000000959 #
edge $4789 -1 -1 $-1 $4790 0 $3805 0.27000000000000135 $3802 $4791 forward @7 unknown T -28.82 48.984999999999999 0.15999999999999998 -28.549999999999997 48.984999999999999 0.15999999999999998 #
coedge $-1 -1 -1 $-1 $3803 $4792 $-1 $4793 reversed $3754 $-1 #
tedge-edge $4794 -1 -1 $-1 $3806 0 $4795 0.97222861819710205 $3803 $4796 forward @7 unknown T -28.550653490419826 48.708691385326972 0.15934541660788121 -28.469372295983426 48.790653490419835 0.16065458339211874 0.00065349041982601386 #
pcurve $-1 -1 -1 $-1 0 forward { exppc nubs 3 open 5 
	-0.97222861819710205 3 -0.72878446986295964 1 -0.4853267315515668 1 -0.24188065376802104 1 -0 3 
	-0.081845968719079565 0.17311020561446 
	-0.082292767273699496 0.16223866470048165 
	-0.086707128340457018 0.14211855061259371 
	-0.10435343360926197 0.11503615620927832 
	-0.13136257471643376 0.097241407711361916 
	-0.15155421594577234 0.093290893024708055 
	-0.16250000000000142 0.093137084990001284 
	0 
	0 
	plane -28.643137084990002 48.627499999999998 0.15999999999999998 0 0 1 0 -1 0 forward_v I I I I 
	} 0 0 #
integer_attrib-name_attrib-gen-attrib $-1 -1 $-1 $3804 $3391 2 1 1 1 1 1 1 1 1 1 1 1 1 1 0 1 1 1 @3 pid 7224 #
integer_attrib-name_attrib-gen-attrib $-1 -1 $-1 $-1 $3805 2 1 1 1 1 1 1 1 1 1 1 1 1 1 0 1 1 1 @3 pid 4795 #
point $-1 -1 -1 $-1 -28.550000000000001 48.984999999999999 0.15999999999999998 #
integer_attrib-name_attrib-gen-attrib $-1 -1 $4797 $-1 $3806 2 1 1 1 1 1 1 1 1 1 1 1 1 1 0 1 1 1 @3 pid 3913 #
point $-1 -1 -1 $-1 -28.549999999999997 48.790000000000006 0.16000000000001063 #
coedge $-1 -1 -1 $-1 $3808 $4798 $3814 $4294 forward $2847 $-1 #
named_attribute-st-attrib $-1 -1 $4799 $-1 $3809 1 1 1 1 1 1 1 1 1 1 1 1 1 1 0 1 1 1 @3 eif #
straight-curve $-1 -1 -1 $-1 -28.273431457505556 48.710000000000001 0.20656854249504747 -0.70710678118659664 -0 -0.70710678118649839 F -1.3738309013482078e-016 F 0.11272077938658304 #
edge $4800 -1 -1 $-1 $3812 0 $4224 0.78540003462755281 $3810 $4801 forward @7 unknown T -28.273431457509584 48.709999999995759 0.20656854249067624 -28.21686291500809 48.710000000004328 0.23000000000201862 #
integer_attrib-name_attrib-gen-attrib $-1 -1 $-1 $3811 $3394 2 1 1 1 1 1 1 1 1 1 1 1 1 1 0 1 1 1 @3 pid 7219 #
integer_attrib-name_attrib-gen-attrib $-1 -1 $4802 $-1 $3812 2 1 1 1 1 1 1 1 1 1 1 1 1 1 0 1 1 1 @3 pid 4793 #
point $-1 -1 -1 $-1 -28.2734314575053 48.710000000000043 0.20656854249496157 #
coedge $-1 -1 -1 $-1 $3815 $3814 $4760 $4803 forward $3816 $-1 #
edge $4804 -1 -1 $-1 $4262 0 $3818 0.78540003462502672 $4286 $4805 forward @7 unknown T -28.467000048469593 48.709274121510454 0.079274121510437029 -28.35313708498882 48.710725878489548 0.12686291501133751 #
face $4806 -1 -1 $-1 $4354 $3816 $5 $-1 $4807 reversed double out T -28.467000048469593 48.269999999996365 0.079274121510437029 -28.353137084986287 48.710725878489548 0.1268629150138498 F #
integer_attrib-name_attrib-gen-attrib $-1 -1 $-1 $3817 $3396 2 1 1 1 1 1 1 1 1 1 1 1 1 1 0 1 1 1 @3 pid 5882 #
vertedge-sys-attrib $-1 -1 $4808 $-1 $3818 1 1 1 1 1 1 1 1 1 1 1 1 0 1 0 1 1 1 4 $4294 $4766 $-1 $-1 #
point $-1 -1 -1 $-1 -28.353137084989953 48.710000000000001 0.12686291501020452 #
coedge $-1 -1 -1 $-1 $4760 $4809 $3820 $4300 forward $340 $-1 #
edge $4810 -1 -1 $-1 $4750 -2.3210025847930638e-006 $4302 0.22058410300859421 $4299 $4811 forward @7 unknown T -28.686865236013681 48.269997687599613 0.079997678980440218 -28.466274169979467 48.270002329638132 0.080002321018958128 #
named_attribute-st-attrib $-1 -1 $4812 $-1 $3821 1 1 1 1 1 1 1 1 1 1 1 1 1 1 0 1 1 1 @3 eif #
tvertex-vertex $4813 -1 -1 $-1 $-1 $4814 5.2022989290521154e-013 #
ellipse-curve $-1 -1 -1 $-1 -28.46627402028215 48.270000000000003 0.2399996385978064 0 -1 0 -1.4969789319252413e-007 -0 -0.15999963859781299 1 F 0 F 0.78540003462463837 #
named_attribute-st-attrib $-1 -1 $4815 $-1 $3823 1 1 1 1 1 1 1 1 1 1 1 1 1 1 0 1 1 1 @3 eif #
tvertex-vertex $4816 -1 -1 $-1 $-1 $4817 1.9983387280760834e-012 #
ellipse-curve $-1 -1 -1 $-1 -28.216862989859052 48.270000000000003 0.15000018070161669 0 1 0 -0.056568467645904612 0 0.056568361793237196 1 F 0 F 0.78540003462854369 #
integer_attrib-name_attrib-gen-attrib $-1 -1 $-1 $3825 $3400 2 1 1 1 1 1 1 1 1 1 1 1 1 1 0 1 1 1 @3 pid 3908 #
edge $4818 -1 -1 $-1 $3401 -5.8878471451513691e-017 $3400 0.11272077937938568 $4819 $4820 forward @7 unknown T -28.353137084993563 48.269999999995605 0.12686291500657379 -28.273431457500692 48.270000000004401 0.20656854249931708 #
integer_attrib-name_attrib-gen-attrib $-1 -1 $-1 $3827 $3401 2 1 1 1 1 1 1 1 1 1 1 1 1 1 0 1 1 1 @3 pid 4792 #
tedge-edge $4821 -1 -1 $-1 $3401 4.6929994223410998e-011 $4305 0.78524597931700768 $4822 $4823 forward @7 unknown T -28.273432669348647 48.269998788156514 0.20656733065142974 -28.216861703166551 48.270001211843493 0.23000121184346775 1.2118434886801422e-006 #
coedge $-1 -1 -1 $-1 $3964 $3829 $4824 $4825 reversed $3129 $-1 #
coedge $-1 -1 -1 $-1 $4323 $3839 $3830 $4313 reversed $4324 $-1 #
edge $4826 -1 -1 $-1 $4750 1.263746052249104e-015 $3413 0.029999995690104454 $3830 $4827 forward @7 unknown T -28.686865236013681 48.269997687599613 0.079997678980440218 -28.686860593975162 48.270002329638132 0.11000000178507365 #
integer_attrib-name_attrib-gen-attrib $-1 -1 $-1 $3831 $3404 2 1 1 1 1 1 1 1 1 1 1 1 1 1 0 1 1 1 @3 pid 5878 #
coedge $-1 -1 -1 $-1 $4828 $4824 $3833 $4316 reversed $4829 $-1 #
edge $4830 -1 -1 $-1 $4349 -0 $4318 0.43999999999998618 $4315 $4831 forward @7 tangent T -28.467012493379599 48.269999999999612 0.15926167660043525 -28.465535846580494 48.710738323399553 0.16073832339953861 #
named_attribute-st-attrib $-1 -1 $4832 $-1 $3834 1 1 1 1 1 1 1 1 1 1 1 1 1 1 0 1 1 1 @3 eif #
tvertex-vertex $4833 -1 -1 $-1 $-1 $4834 3.9974344322976584e-013 #
straight-curve $-1 -1 -1 $-1 -28.466274169979926 48.270000000000003 0.15999999999999998 -1 0 0 F 0 F 0.22058874503015247 #
vertedge-sys-attrib $-1 -1 $-1 $3836 $3407 1 1 1 1 1 1 1 1 1 1 1 1 0 1 0 1 1 1 4 $3404 $4835 $-1 $-1 #
coedge $-1 -1 -1 $-1 $4809 $3846 $3838 $4322 reversed $340 $-1 #
edge $4836 -1 -1 $-1 $4326 -0.00027856573605571674 $3849 0.7859907193436424 $3838 $4837 forward @7 unknown T -28.722218254163998 48.299987974449309 0.079985954524094585 -28.686807092171033 48.314644661035004 0.080014045475604575 #
coedge $-1 -1 -1 $-1 $3839 $4312 $4809 $4838 reversed $4324 $-1 #
loop $-1 -1 -1 $-1 $-1 $3839 $4329 T -28.686865236013681 48.269997687599613 0.079985954524094585 -28.686807092171033 48.300016065400825 0.11000000178507365 unknown #
named_attribute-st-attrib $-1 -1 $4839 $-1 $3840 1 1 1 1 1 1 1 1 1 1 1 1 1 1 0 1 1 1 @3 eif #
tvertex-vertex $4840 -1 -1 $-1 $-1 $4841 1.4045475754989664e-005 #
straight-curve $-1 -1 -1 $-1 -28.68686291499375 48.270000008619363 0.10999999138020998 0.0013129863013367448 0.70712063496029609 -0.70709170811169897 F -6.0949653775545615e-009 F 0.04242684971575917 #
integer_attrib-name_attrib-gen-attrib $-1 -1 $4842 $-1 $3841 2 0 0 1 1 1 1 1 1 1 1 1 1 1 0 1 1 1 @3 fif 0 #
face $4843 -1 -1 $-1 $4295 $4324 $5 $-1 $4844 forward double out T -28.686865236013681 48.269997687599613 0.079985954524094585 -28.686807092171033 48.300016065400825 0.11000000178507365 F #
cone-surface $-1 -1 -1 $-1 -28.686862915009996 48.350000000000001 1.0300000000000529 0 0 -1 1 0 0 1 I I -0.7071067811865277 0.70710678118656733 1 reversed I I I I #
vertedge-sys-attrib $-1 -1 $-1 $3843 $3413 1 1 1 1 1 1 1 1 1 1 1 1 0 1 0 1 1 1 4 $3010 $4845 $-1 $-1 #
tedge-edge $4846 -1 -1 $-1 $3407 0 $3013 0.78524597871513457 $4847 $4848 forward @7 unknown T -28.743432669349325 48.269998788156677 0.15999878815667551 -28.68686170316667 48.293432669349329 0.16000121184332444 1.2118433244715386e-006 #
named_attribute-st-attrib $-1 -1 $4849 $-1 $3847 1 1 1 1 1 1 1 1 1 1 1 1 1 1 0 1 1 1 @3 eif #
straight-curve $-1 -1 -1 $-1 -28.722218254163945 48.314644661035054 0.079999999999999988 -0.70710678118495784 0.70710678118813719 0 F -6.2803698364435081e-016 F 0.075147185989128479 #
integer_attrib-name_attrib-gen-attrib $-1 -1 $-1 $3848 $3422 2 1 1 1 1 1 1 1 1 1 1 1 1 1 0 1 1 1 @3 pid 5874 #
integer_attrib-name_attrib-gen-attrib $-1 -1 $-1 $-1 $3849 2 1 1 1 1 1 1 1 1 1 1 1 1 1 0 1 1 1 @3 pid 2830 #
point $-1 -1 -1 $-1 -28.722218254163998 48.314644661035004 0.079999999999999988 #
integer_attrib-name_attrib-gen-attrib $-1 -1 $4850 $3851 $3423 2 1 1 1 1 1 1 1 1 1 1 1 1 1 0 1 1 1 @3 pid 1723 #
named_attribute-st-attrib $-1 -1 $4851 $-1 $3853 1 1 1 1 1 1 1 1 1 1 1 1 1 1 0 1 1 1 @3 eif #
coedge $-1 -1 -1 $-1 $4847 $3900 $4852 $3853 reversed $3754 $-1 #
straight-curve $-1 -1 -1 $-1 -28.743431457471001 48.293431457471002 0.15999999999999998 -0.70710678118653569 0.70710678118655934 0 F -6.2803698344988713e-016 F 0.075147186351166045 #
named_attribute-st-attrib $-1 -1 $4853 $-1 $3854 1 1 1 1 1 1 1 1 1 1 1 1 1 1 0 1 1 1 @3 eif #
coedge $-1 -1 -1 $-1 $3897 $4854 $4855 $3854 reversed $4379 $-1 #
ellipse-curve $-1 -1 -1 $-1 -28.740000000000002 48.40313708499 0.10999999999999713 0 0 1 -0.079999999999959215 -5.4095394830255827e-011 0 1 F 0 F 0.78539816319704103 #
integer_attrib-name_attrib-gen-attrib $-1 -1 $-1 $3855 $3428 2 1 1 1 1 1 1 1 1 1 1 1 1 1 0 1 1 1 @3 pid 4884 #
integer_attrib-name_attrib-gen-attrib $-1 -1 $-1 $-1 $3856 2 1 1 1 1 1 1 1 1 1 1 1 1 1 0 1 1 1 @3 pid 3470 #
point $-1 -1 -1 $-1 -28.550000000000001 48.835000000000001 0.15999999999999998 #
named_attribute-st-attrib $-1 -1 $4856 $-1 $3858 1 1 1 1 1 1 1 1 1 1 1 1 1 1 0 1 1 1 @3 eif #
tvertex-vertex $4857 -1 -1 $-1 $-1 $4858 0.00073832339955167586 #
intcurve-curve $-1 -1 -1 $-1 forward { exactcur full nubs 3 open 5 
	0 3 0.23862521790192012 1 0.48586444627276432 1 0.73261901904530791 1 1 3 
	-28.549999999999997 48.789999999999999 0.15999999999999998 
	-28.549853681680084 48.779210598036492 0.15999999999999998 
	-28.545956186242755 48.758987199071996 0.16 
	-28.528109809607692 48.731772321364915 0.15999999999999998 
	-28.499792270269321 48.713464166577168 0.15999999999999998 
	-28.478409748015348 48.709315560034369 0.16 
	-28.466274169979997 48.709274117248135 0.15999999999999998 
	0 
	null_surface 
	null_surface 
	nullbs 
	nullbs 
	-1 
	-1 
	I I 
	0 
	0 
	3 0.23862521790192012 0.48586444627276432 0.73261901904530791 
	
	-1 
	none F F 1 F 0 } I I #
coedge $-1 -1 -1 $-1 $3860 $3859 $4177 $4667 reversed $3861 $-1 #
coedge $-1 -1 -1 $-1 $4859 $4860 $3860 $4353 reversed $4861 $-1 #
edge $4862 -1 -1 $-1 $4269 0 $3806 0.08000000000001127 $4352 $4863 forward @7 tangent T -28.550000000000011 48.789999999999992 0.079999999999999363 -28.549999999999983 48.79000000000002 0.16000000000002393 #
face $4864 -1 -1 $-1 $4865 $3861 $5 $-1 $4866 reversed double out T -28.550000000000011 48.789999999999992 0.079999999999999363 -28.549999999999983 48.835000000000001 0.16000000000002393 F #
integer_attrib-name_attrib-gen-attrib $-1 -1 $-1 $3862 $3431 2 1 1 1 1 1 1 1 1 1 1 1 1 1 0 1 1 1 @3 pid 5896 #
render-rbase-attrib $-1 -1 $4867 $3864 $3029 1 1 1 1 1 1 1 1 1 1 1 1 0 1 0 1 1 1 $4868 $-1 0 2 0 -1 0 1 0 0 0 0 1 -36.899999999999999 52.719999999999999 0.079999999999999988 1 rotate no_reflect no_shear #
render-rbase-attrib $-1 -1 $4869 $3865 $3433 1 1 1 1 1 1 1 1 1 1 1 1 0 1 0 1 1 1 $4870 $-1 0 2 0 -1 0 1 0 0 0 0 1 -36.899999999999999 52.719999999999999 0.079999999999999988 1 rotate no_reflect no_shear #
integer_attrib-name_attrib-gen-attrib $-1 -1 $-1 $3868 $3436 2 1 1 1 1 1 1 1 1 1 1 1 1 1 0 1 1 1 @3 pid 3812 #
vertedge-sys-attrib $-1 -1 $-1 $3871 $3438 1 1 1 1 1 1 1 1 1 1 1 1 0 1 0 1 1 1 4 $4871 $3847 $-1 $-1 #
named_attribute-st-attrib $-1 -1 $4872 $-1 $3873 1 1 1 1 1 1 1 1 1 1 1 1 1 1 0 1 1 1 @3 eif #
straight-curve $-1 -1 -1 $-1 -28.789999999999999 48.729999999999897 0.079999999999997226 0 -1 0 F 0 F 0.32686291510579224 #
vertedge-sys-attrib $-1 -1 $-1 $3875 $3442 1 1 1 1 1 1 1 1 1 1 1 1 0 1 0 1 1 1 4 $4871 $3436 $-1 $-1 #
render-rbase-attrib $-1 -1 $4873 $3877 $3035 1 1 1 1 1 1 1 1 1 1 1 1 0 1 0 1 1 1 $4874 $-1 0 2 0 -1 0 1 0 0 0 0 1 -36.899999999999999 52.719999999999999 0.079999999999999988 1 rotate no_reflect no_shear #
integer_attrib-name_attrib-gen-attrib $-1 -1 $-1 $3879 $3447 2 1 1 1 1 1 1 1 1 1 1 1 1 1 0 1 1 1 @3 pid 3809 #
named_attribute-st-attrib $-1 -1 $4875 $-1 $3881 1 1 1 1 1 1 1 1 1 1 1 1 1 1 0 1 1 1 @3 eif #
straight-curve $-1 -1 -1 $-1 -28.82 48.730000000000004 0.079999999999999988 1 0 0 F 0 F 0.030000000000002913 #
vertedge-sys-attrib $-1 -1 $-1 $3883 $3452 1 1 1 1 1 1 1 1 1 1 1 1 0 1 0 1 1 1 4 $4372 $3881 $-1 $-1 #
integer_attrib-name_attrib-gen-attrib $-1 -1 $-1 $3885 $3454 2 1 1 1 1 1 1 1 1 1 1 1 1 1 0 1 1 1 @3 pid 5869 #
integer_attrib-name_attrib-gen-attrib $-1 -1 $4876 $-1 $3886 2 1 1 1 1 1 1 1 1 1 1 1 1 1 0 1 1 1 @3 pid 2827 #
point $-1 -1 -1 $-1 -28.790000000000624 48.730000000000004 0.079999999999999988 #
integer_attrib-name_attrib-gen-attrib $-1 -1 $4877 $3888 $3455 2 1 1 1 1 1 1 1 1 1 1 1 1 1 0 1 1 1 @3 pid 1721 #
edge $4878 -1 -1 $-1 $3452 3.4694469519536142e-018 $3043 0.029999999999600003 $4879 $4880 forward @7 unknown T -28.820000000000846 48.729999999999528 0.079999999999617113 -28.819999999999894 48.73000000000048 0.11000000000007622 #
rgb_color-st-attrib $-1 -1 $4881 $3894 $2632 2 1 2 1 1 1 1 1 1 1 1 1 1 1 0 1 1 1 0.73000001907348633 0.40000000596046448 0 #
rh_material-rh_entity $-1 -1 4 4 @5 plain @5 color -4 1 1 1 @5 phong @14 ambient factor -2 1 @14 diffuse factor -2 0.75 @15 specular factor -2 0.5 @8 exponent -2 10 @14 specular color -4 1 1 1 @4 none @5 plain @5 color -4 0 0 0 #
render-rbase-attrib $-1 -1 $4882 $3895 $3051 1 1 1 1 1 1 1 1 1 1 1 1 0 1 0 1 1 1 $4883 $-1 0 2 0 -1 0 1 0 0 0 0 1 -36.899999999999999 52.719999999999999 0.079999999999999988 1 rotate no_reflect no_shear #
integer_attrib-name_attrib-gen-attrib $-1 -1 $-1 $3896 $3468 2 1 1 1 1 1 1 1 1 1 1 1 1 1 0 1 1 1 @3 pid 7240 #
coedge $-1 -1 -1 $-1 $4854 $3897 $4884 $4871 reversed $4379 $-1 #
coedge $-1 -1 -1 $-1 $4885 $4886 $3897 $3468 forward $4887 $-1 #
loop $-1 -1 -1 $-1 $-1 $4854 $4244 T -28.820000000065161 48.346568542420592 0.079999999827947713 -28.775355338921042 48.403137085143101 0.11000000006519779 unknown #
integer_attrib-name_attrib-gen-attrib $-1 -1 $-1 $3899 $3469 2 1 1 1 1 1 1 1 1 1 1 1 1 1 0 1 1 1 @3 pid 8017 #
tcoedge-coedge $-1 -1 -1 $-1 $4888 $4889 $3900 $3469 forward $4890 $4891 0 0.7852459785024154 F #
pcurve $-1 -1 -1 $-1 0 forward { exppc nurbs 2 open 2 
	-0.7852459785024154 2 0 2 
	0.22436291502299888 -0.17686291501000184 1 
	0.25749895558436542 -0.17686039361359462 0.92390864915550686 
	0.28093145747199788 -0.15343145753599785 1 
	1e-008 
	-1 
	plane -28.643137084990002 48.627499999999998 0.15999999999999998 0 0 1 0 -1 0 forward_v I I I I 
	} 0 0 #
string_attrib-name_attrib-gen-attrib $-1 -1 $-1 $3902 $2228 2 1 2 1 1 1 1 1 1 1 1 1 1 1 0 1 1 1 @15 ATTRIB_XACIS_ID @5 42511 #
rgb_color-st-attrib $-1 -1 $4892 $3904 $2641 2 1 2 1 1 1 1 1 1 1 1 1 1 1 0 1 1 1 0.73000001907348633 0.40000000596046448 0 #
rh_material-rh_entity $-1 -1 4 4 @5 plain @5 color -4 1 1 1 @5 phong @14 ambient factor -2 1 @14 diffuse factor -2 0.75 @15 specular factor -2 0.5 @8 exponent -2 10 @14 specular color -4 1 1 1 @4 none @5 plain @5 color -4 0 0 0 #
integer_attrib-name_attrib-gen-attrib $-1 -1 $-1 $3906 $3480 2 1 1 1 1 1 1 1 1 1 1 1 1 1 0 1 1 1 @3 pid 5862 #
string_attrib-name_attrib-gen-attrib $-1 -1 $-1 $3913 $2247 2 1 2 1 1 1 1 1 1 1 1 1 1 1 0 1 1 1 @15 ATTRIB_XACIS_ID @5 44020 #
rgb_color-st-attrib $-1 -1 $4893 $3915 $2665 2 1 2 1 1 1 1 1 1 1 1 1 1 1 0 1 1 1 0.73000001907348633 0.40000000596046448 0 #
rh_material-rh_entity $-1 -1 4 4 @5 plain @5 color -4 1 1 1 @5 phong @14 ambient factor -2 1 @14 diffuse factor -2 0.75 @15 specular factor -2 0.5 @8 exponent -2 10 @14 specular color -4 1 1 1 @4 none @5 plain @5 color -4 0 0 0 #
render-rbase-attrib $-1 -1 $4894 $3916 $3087 1 1 1 1 1 1 1 1 1 1 1 1 0 1 0 1 1 1 $4895 $-1 0 2 0 -1 0 1 0 0 0 0 1 -36.899999999999999 52.719999999999999 0.079999999999999988 1 rotate no_reflect no_shear #
coedge $-1 -1 -1 $-1 $3918 $3945 $4896 $4897 forward $3919 $-1 #
face $4898 -1 -1 $-1 $3529 $3919 $5 $-1 $4899 reversed double out T -27.340000000000089 48.169999999999838 0.18999999999999267 -27.059999999999921 48.170000000000051 0.51000000000003864 F #
integer_attrib-name_attrib-gen-attrib $-1 -1 $-1 $3920 $3500 2 1 1 1 1 1 1 1 1 1 1 1 1 1 0 1 1 1 @3 pid 6805 #
named_attribute-st-attrib $-1 -1 $4900 $-1 $3922 1 1 1 1 1 1 1 1 1 1 1 1 1 1 0 1 1 1 @3 eif #
straight-curve $-1 -1 -1 $-1 -27.059999999999988 48.170000000000002 0.419999999999905 -0.86602540378471182 0 0.49999999999952693 F 3.3592838289959967e-016 F 0.17999999999987551 #
coedge $-1 -1 -1 $-1 $3932 $4047 $3926 $4397 forward $3942 $-1 #
edge $4901 -1 -1 $-1 $4050 0 $3935 0.060000000000083986 $3926 $4902 forward @7 unknown T -27.400000000000041 47.920000000000002 0.10999999999999951 -27.339999999999957 47.920000000000066 0.11000000000000248 #
named_attribute-st-attrib $-1 -1 $4903 $-1 $3927 1 1 1 1 1 1 1 1 1 1 1 1 1 1 0 1 1 1 @3 eif #
straight-curve $-1 -1 -1 $-1 -27.059999999999999 47.920000000000002 0.19 0 0 -1 F 0 F 0.10999999999999999 #
integer_attrib-name_attrib-gen-attrib $-1 -1 $4904 $-1 $3928 2 0 0 1 1 1 1 1 1 1 1 1 1 1 0 1 1 1 @3 fif 0 #
plane-surface $-1 -1 -1 $-1 -27.230000000000004 47.920000000000002 0.13499999999999995 0 -1 0 1 0 0 forward_v I I I I #
named_attribute-st-attrib $-1 -1 $4905 $-1 $3933 1 1 1 1 1 1 1 1 1 1 1 1 1 1 0 1 1 1 @3 eif #
straight-curve $-1 -1 -1 $-1 -27.399999999999999 47.920000000000066 0.10999999999999999 0 -1 0 F 0 F 0.012522729151161371 #
integer_attrib-name_attrib-gen-attrib $-1 -1 $-1 $3934 $3512 2 1 1 1 1 1 1 1 1 1 1 1 1 1 0 1 1 1 @3 pid 5914 #
integer_attrib-name_attrib-gen-attrib $-1 -1 $-1 $-1 $3935 2 1 1 1 1 1 1 1 1 1 1 1 1 1 0 1 1 1 @3 pid 3927 #
point $-1 -1 -1 $-1 -27.399999999999999 47.920000000000066 0.11000000000000248 #
rgb_color-st-attrib $-1 -1 $4906 $3938 $2685 2 1 2 1 1 1 1 1 1 1 1 1 1 1 0 1 1 1 0.73000001907348633 0.40000000596046448 0 #
rh_material-rh_entity $-1 -1 4 4 @5 plain @5 color -4 1 1 1 @5 phong @14 ambient factor -2 1 @14 diffuse factor -2 0.75 @15 specular factor -2 0.5 @8 exponent -2 10 @14 specular color -4 1 1 1 @4 none @5 plain @5 color -4 0 0 0 #
render-rbase-attrib $-1 -1 $4907 $3939 $3105 1 1 1 1 1 1 1 1 1 1 1 1 0 1 0 1 1 1 $4908 $-1 0 2 0 -1 0 1 0 0 0 0 1 -36.899999999999999 52.719999999999999 0.079999999999999988 1 rotate no_reflect no_shear #
integer_attrib-name_attrib-gen-attrib $-1 -1 $4909 $3940 $3521 2 1 1 1 1 1 1 1 1 1 1 1 1 1 0 1 1 1 @3 pid 2199 #
integer_attrib-name_attrib-gen-attrib $-1 -1 $4910 $-1 $3941 2 0 0 1 1 1 1 1 1 1 1 1 1 1 0 1 1 1 @3 fif 0 #
plane-surface $-1 -1 -1 $-1 -27.445 47.798738635429501 0.10999999999999999 0 0 1 0 1 0 forward_v I I I I #
coedge $-1 -1 -1 $-1 $4911 $4896 $3944 $4414 reversed $4912 $-1 #
edge $4913 -1 -1 $-1 $4914 1.2789769243681803e-013 $4416 0.049999999999966072 $3944 $4915 forward @7 unknown T -27.06000000000002 48.119999999999983 0.18999999999996053 -27.059999999999921 48.169999999999845 0.19000000000000006 #
named_attribute-st-attrib $-1 -1 $4916 $-1 $3946 1 1 1 1 1 1 1 1 1 1 1 1 1 1 0 1 1 1 @3 eif #
vertex $4917 -1 -1 $-1 $4897 $4918 #
straight-curve $-1 -1 -1 $-1 -27.059999999999999 48.170000000000002 0.19000000000000897 0 0 1 F 0 F 0.23000000000000442 #
integer_attrib-name_attrib-gen-attrib $-1 -1 $-1 $3947 $3524 2 1 1 1 1 1 1 1 1 1 1 1 1 1 0 1 1 1 @3 pid 5910 #
integer_attrib-name_attrib-gen-attrib $-1 -1 $-1 $-1 $3948 2 1 1 1 1 1 1 1 1 1 1 1 1 1 0 1 1 1 @3 pid 3923 #
point $-1 -1 -1 $-1 -27.059999999999924 48.170000000000002 0.42000000000001336 #
integer_attrib-name_attrib-gen-attrib $-1 -1 $4919 $3950 $3525 2 1 1 1 1 1 1 1 1 1 1 1 1 1 0 1 1 1 @3 pid 1733 #
integer_attrib-name_attrib-gen-attrib $-1 -1 $4920 $3952 $3529 2 1 1 1 1 1 1 1 1 1 1 1 1 1 0 1 1 1 @3 pid 2195 #
string_attrib-name_attrib-gen-attrib $-1 -1 $-1 $3954 $2274 2 1 2 1 1 1 1 1 1 1 1 1 1 1 0 1 1 1 @15 ATTRIB_XACIS_ID @5 42785 #
string_attrib-name_attrib-gen-attrib $-1 -1 $-1 $3956 $2287 2 1 2 1 1 1 1 1 1 1 1 1 1 1 0 1 1 1 @15 ATTRIB_XACIS_ID @5 45105 #
rgb_color-st-attrib $-1 -1 $4921 $3958 $2706 2 1 2 1 1 1 1 1 1 1 1 1 1 1 0 1 1 1 0.73000001907348633 0.40000000596046448 0 #
rh_material-rh_entity $-1 -1 4 4 @5 plain @5 color -4 1 1 1 @5 phong @14 ambient factor -2 1 @14 diffuse factor -2 0.75 @15 specular factor -2 0.5 @8 exponent -2 10 @14 specular color -4 1 1 1 @4 none @5 plain @5 color -4 0 0 0 #
render-rbase-attrib $-1 -1 $4922 $3959 $3128 1 1 1 1 1 1 1 1 1 1 1 1 0 1 0 1 1 1 $4923 $-1 0 2 0 -1 0 1 0 0 0 0 1 -36.899999999999999 52.719999999999999 0.079999999999999988 1 rotate no_reflect no_shear #
integer_attrib-name_attrib-gen-attrib $-1 -1 $4924 $3960 $3535 2 1 1 1 1 1 1 1 1 1 1 1 1 1 0 1 1 1 @3 pid 2797 #
coedge $-1 -1 -1 $-1 $4433 $3963 $4030 $4502 reversed $3536 $-1 #
coedge $-1 -1 -1 $-1 $3963 $4433 $4925 $4926 forward $3536 $-1 #
coedge $-1 -1 -1 $-1 $4927 $4031 $3963 $4432 forward $2847 $-1 #
edge $4928 -1 -1 $-1 $4504 -1.5700924596008859e-016 $4929 0.11272077938657621 $3963 $4930 forward @7 unknown T -28.409705627490816 48.709999999994189 0.18343145749929954 -28.329999999995231 48.710000000005813 0.26313708499454608 #
coedge $-1 -1 -1 $-1 $4430 $4429 $3964 $4434 forward $3536 $-1 #
edge $4931 -1 -1 $-1 $4436 -1.7663540169406818e-016 $4932 0.11272077938657603 $4433 $4933 forward @7 unknown T -28.40970562749078 48.269999999994205 0.18343145749933024 -28.329999999995088 48.270000000005801 0.26313708499472754 #
named_attribute-st-attrib $-1 -1 $4934 $-1 $3966 1 1 1 1 1 1 1 1 1 1 1 1 1 1 0 1 1 1 @3 eif #
tvertex-vertex $4935 -1 -1 $-1 $-1 $4936 4.8838892832078657e-012 #
ellipse-curve $-1 -1 -1 $-1 -28.216863064707951 48.270000000000003 0.15000036140275691 0 -1 0 1.4969786832352838e-007 0 0.15999963859723493 1 F 0 F 0.78540003462580577 #
integer_attrib-name_attrib-gen-attrib $-1 -1 $-1 $3968 $3540 2 1 1 1 1 1 1 1 1 1 1 1 1 1 0 1 1 1 @3 pid 7272 #
render-rbase-attrib $-1 -1 $4937 $3973 $3133 1 1 1 1 1 1 1 1 1 1 1 1 0 1 0 1 1 1 $4938 $-1 0 2 0 -1 0 1 0 0 0 0 1 -36.899999999999999 52.719999999999999 0.079999999999999988 1 rotate no_reflect no_shear #
integer_attrib-name_attrib-gen-attrib $-1 -1 $-1 $3975 $3554 2 1 1 1 1 1 1 1 1 1 1 1 1 1 0 1 1 1 @3 pid 7269 #
integer_attrib-name_attrib-gen-attrib $-1 -1 $-1 $-1 $3976 2 1 1 1 1 1 1 1 1 1 1 1 1 1 0 1 1 1 @3 pid 3929 #
point $-1 -1 -1 $-1 -27.399999999999999 47.907477270848908 0.11000000000000248 #
string_attrib-name_attrib-gen-attrib $-1 -1 $-1 $3979 $2305 2 1 2 1 1 1 1 1 1 1 1 1 1 1 0 1 1 1 @15 ATTRIB_XACIS_ID @5 41965 #
string_attrib-name_attrib-gen-attrib $-1 -1 $-1 $3983 $2318 2 1 2 1 1 1 1 1 1 1 1 1 1 1 0 1 1 1 @15 ATTRIB_XACIS_ID @5 42035 #
string_attrib-name_attrib-gen-attrib $-1 -1 $-1 $3987 $2335 2 1 2 1 1 1 1 1 1 1 1 1 1 1 0 1 1 1 @15 ATTRIB_XACIS_ID @5 40213 #
rgb_color-st-attrib $-1 -1 $4939 $3989 $2749 2 1 2 1 1 1 1 1 1 1 1 1 1 1 0 1 1 1 0.73000001907348633 0.40000000596046448 0 #
rh_material-rh_entity $-1 -1 4 4 @5 plain @5 color -4 1 1 1 @5 phong @14 ambient factor -2 1 @14 diffuse factor -2 0.75 @15 specular factor -2 0.5 @8 exponent -2 10 @14 specular color -4 1 1 1 @4 none @5 plain @5 color -4 0 0 0 #
render-rbase-attrib $-1 -1 $4940 $3990 $3163 1 1 1 1 1 1 1 1 1 1 1 1 0 1 0 1 1 1 $4941 $-1 0 2 0 -1 0 1 0 0 0 0 1 -36.899999999999999 52.719999999999999 0.079999999999999988 1 rotate no_reflect no_shear #
integer_attrib-name_attrib-gen-attrib $-1 -1 $4942 $3991 $3575 2 1 1 1 1 1 1 1 1 1 1 1 1 1 0 1 1 1 @3 pid 2020 #
integer_attrib-name_attrib-gen-attrib $-1 -1 $4943 $-1 $3992 2 0 0 1 1 1 1 1 1 1 1 1 1 1 0 1 1 1 @3 fif 0 #
loop $-1 -1 -1 $-1 $-1 $4469 $3992 T -27.400000000002976 48.789999999999047 0.10999999999702342 -27.399999999997021 48.945000000002977 0.19000000000006506 unknown #
plane-surface $-1 -1 -1 $-1 -27.399999999999999 48.8675 0.15000000000000496 1 0 0 0 -1 0 forward_v I I I I #
coedge $-1 -1 -1 $-1 $4123 $4944 $4945 $4946 forward $3993 $-1 #
coedge $-1 -1 -1 $-1 $4947 $3995 $4566 $4948 forward $3576 $-1 #
tedge-edge $4949 -1 -1 $-1 $4465 0.0036943536346243093 $4110 1 $3995 $4950 forward @7 unknown T -27.490002043342336 48.269509376110662 0.18931563127266085 -27.480855409332662 48.320002043342463 0.19068436872733915 2.0433425527973699e-006 #
pcurve $-1 -1 -1 $-1 0 forward { exppc nubs 3 open 4 
	-1 3 -0.66694731660916495 1 -0.33265710770507123 1 -0.0036943536346243093 3 
	0.17001590381759879 0.021640533552712782 
	0.17569543817539035 0.021642585140700277 
	0.18698892770949715 0.022280454376007341 
	0.20371902077834747 0.025149571681078342 
	0.21451469830802328 0.028286239563190207 
	0.21980585608940562 0.030147110750403883 
	0 
	0 
	plane -27.511640533552498 48.490015903817508 0.19 0 0 -1 0 -1 0 reverse_v I I I I 
	} 0 0 #
pcurve $-1 -1 -1 $-1 0 forward { exppc nubs 1 open 2 
	0.0036943536346243093 1 1 1 
	-2.4024664245726735 1.2324398172675739 
	-2.4024664245726739 1.5707963267942691 
	0.001 
	-1 
	cone -27.339999999999996 48.32 0.55036996368589974 0 0 -1 0 -0.14999999999999947 0 1 I I 0 -1 0.14999999999999947 reversed I I I I 
	} 0 0 #
coedge $-1 -1 -1 $-1 $4896 $4951 $3997 $4459 reversed $4912 $-1 #
edge $4952 -1 -1 $-1 $4591 0 $4466 0.41151347666706151 $3997 $4953 forward @7 unknown T -27.400000000000269 48.169999999999838 0.18999999999973732 -27.340000000000053 48.182522729151543 0.19000000000027756 #
coedge $-1 -1 -1 $-1 $4461 $3998 $4954 $4955 forward $4462 $-1 #
tcoedge-coedge $-1 -1 -1 $-1 $3998 $4460 $4956 $4957 forward $4462 $4958 0 1 F #
loop $-1 -1 -1 $-1 $-1 $4461 $4027 T -27.482224146787338 48.182475497181606 0.18931563127266085 -27.3997915244436 48.270878113565345 0.19068436872733915 unknown #
pcurve $-1 -1 -1 $-1 0 forward { exppc nubs 3 open 4 
	0 3 0.33195629075027205 1 0.67045500885385034 1 1 3 
	-0.043835507843501098 -0.04076988903000256 
	-0.030703340252408395 -0.036051804992561998 
	-0.0064673620624189354 -0.023624703513029033 
	0.024171848569626064 0.0048877158832763001 
	0.038233653970485726 0.028101921535279573 
	0.04383550784350021 0.040769889029999007 
	0 
	0 
	plane -27.440769889029998 48.2263582369945 0.19 0 0 1 0 -1 0 forward_v I I I I 
	} 0 0 #
named_attribute-st-attrib $-1 -1 $4959 $-1 $3999 1 1 1 1 1 1 1 1 1 1 1 1 1 1 0 1 1 1 @3 eif #
tvertex-vertex $4960 -1 -1 $-1 $4957 $4961 0.00068436872733914299 #
tvertex-vertex $4962 -1 -1 $-1 $4955 $4963 2.7010944874918269e-013 #
intcurve-curve $-1 -1 -1 $-1 forward { exactcur full nubs 3 open 4 
	0 3 0.33195629075027205 1 0.67045500885385034 1 1 3 
	-27.48153977806 48.270193744838004 0.19 
	-27.476821694022561 48.257061577246908 0.18999999999999997 
	-27.464394592543027 48.232825599056923 0.19 
	-27.435882173146723 48.202186388424877 0.19 
	-27.41266796749472 48.188124583024013 0.18999999999999997 
	-27.399999999999999 48.182522729151003 0.19 
	0 
	null_surface 
	null_surface 
	nullbs 
	nullbs 
	-1 
	-1 
	I I 
	0 
	0 
	2 0.33195629075027205 0.67045500885385034 
	
	-1 
	none F F 1 F 0 } I I #
edge $4964 -1 -1 $-1 $4472 0 $4126 0.090000000000067359 $4001 $4965 forward @7 unknown T -27.489999999999995 48.944999999999979 0.18999999999995232 -27.399999999999906 48.945000000000093 0.19000000000006506 #
coedge $-1 -1 -1 $-1 $4966 $4002 $4007 $4479 forward $4451 $-1 #
coedge $-1 -1 -1 $-1 $4002 $4966 $4122 $4606 reversed $4451 $-1 #
named_attribute-st-attrib $-1 -1 $4967 $-1 $4003 1 1 1 1 1 1 1 1 1 1 1 1 1 1 0 1 1 1 @3 eif #
tvertex-vertex $4968 -1 -1 $-1 $-1 $4969 5.6371355419472741e-014 #
straight-curve $-1 -1 -1 $-1 -27.399999999999999 48.789999999999935 0.19 0 1 0 F 0 F 0.15500000000013259 #
coedge $-1 -1 -1 $-1 $4004 $4970 $4006 $4478 forward $2847 $-1 #
named_attribute-st-attrib $-1 -1 $4971 $-1 $4005 1 1 1 1 1 1 1 1 1 1 1 1 1 1 0 1 1 1 @3 eif #
straight-curve $-1 -1 -1 $-1 -27.490000000000002 48.710000000000001 0.19 1 0 0 F 0 F 0.010000000000001563 #
tcoedge-coedge $-1 -1 -1 $-1 $4007 $4006 $4972 $4973 reversed $4008 $4974 -1 -0 F #
edge $4975 -1 -1 $-1 $4976 7.2164496600635175e-016 $4011 0.080000000000000626 $4474 $4977 forward @7 tangent T -27.480000000003052 48.709999999997024 0.1099999999970237 -27.479999999997098 48.710000000002978 0.19000000000014211 #
edge $4978 -1 -1 $-1 $4012 2.0483614804334138e-014 $4979 0.080000000000010549 $4007 $4980 forward @7 tangent T -27.400000000000986 48.789999999999047 0.10999999999905063 -27.399999999999089 48.790000000000951 0.19000000000003217 #
integer_attrib-name_attrib-gen-attrib $-1 -1 $-1 $4010 $3582 2 1 1 1 1 1 1 1 1 1 1 1 1 1 0 1 1 1 @3 pid 6825 #
integer_attrib-name_attrib-gen-attrib $-1 -1 $4981 $-1 $4011 2 1 1 1 1 1 1 1 1 1 1 1 1 1 0 1 1 1 @3 pid 4537 #
point $-1 -1 -1 $-1 -27.480000000000139 48.710000000000001 0.19 #
integer_attrib-name_attrib-gen-attrib $-1 -1 $4982 $-1 $4012 2 1 1 1 1 1 1 1 1 1 1 1 1 1 0 1 1 1 @3 pid 4538 #
point $-1 -1 -1 $-1 -27.400000000000038 48.789999999999999 0.18999999999999015 #
named_attribute-st-attrib $-1 -1 $4983 $-1 $4015 1 1 1 1 1 1 1 1 1 1 1 1 1 1 0 1 1 1 @3 eif #
tvertex-vertex $4984 -1 -1 $-1 $-1 $4985 5.0851900189254862e-013 #
straight-curve $-1 -1 -1 $-1 -28.21686291501014 48.710000000000093 0.31 0 -1 0 F 0 F 0.44000000000018336 #
integer_attrib-name_attrib-gen-attrib $-1 -1 $-1 $4016 $3586 2 1 1 1 1 1 1 1 1 1 1 1 1 1 0 1 1 1 @3 pid 6819 #
vertedge-sys-attrib $-1 -1 $4986 $-1 $4017 1 1 1 1 1 1 1 1 1 1 1 1 0 1 0 1 1 1 4 $3966 $4987 $-1 $-1 #
point $-1 -1 -1 $-1 -28.216862915010083 48.270000000000003 0.30999999999999184 #
vertedge-sys-attrib $-1 -1 $-1 $4020 $3588 1 1 1 1 1 1 1 1 1 1 1 1 0 1 0 1 1 1 4 $3168 $4988 $-1 $-1 #
string_attrib-name_attrib-gen-attrib $-1 -1 $-1 $4022 $2342 2 1 2 1 1 1 1 1 1 1 1 1 1 1 0 1 1 1 @15 ATTRIB_XACIS_ID @5 41426 #
rgb_color-st-attrib $-1 -1 $4989 $4024 $2755 2 1 2 1 1 1 1 1 1 1 1 1 1 1 0 1 1 1 0.73000001907348633 0.40000000596046448 0 #
rh_material-rh_entity $-1 -1 4 4 @5 plain @5 color -4 1 1 1 @5 phong @14 ambient factor -2 1 @14 diffuse factor -2 0.75 @15 specular factor -2 0.5 @8 exponent -2 10 @14 specular color -4 1 1 1 @4 none @5 plain @5 color -4 0 0 0 #
render-rbase-attrib $-1 -1 $4990 $4025 $3173 1 1 1 1 1 1 1 1 1 1 1 1 0 1 0 1 1 1 $4991 $-1 0 2 0 -1 0 1 0 0 0 0 1 -36.899999999999999 52.719999999999999 0.079999999999999988 1 rotate no_reflect no_shear #
integer_attrib-name_attrib-gen-attrib $-1 -1 $4992 $4026 $3594 2 1 1 1 1 1 1 1 1 1 1 1 1 1 0 1 1 1 @3 pid 2603 #
integer_attrib-name_attrib-gen-attrib $-1 -1 $4993 $-1 $4027 2 0 0 1 1 1 1 1 1 1 1 1 1 1 0 1 1 1 @3 fif 0 #
face $4994 -1 -1 $-1 $4995 $4579 $5 $-1 $4996 forward double out T -27.585151724430823 48.269999999996585 0.18999999997537648 -27.541850454235927 48.710000000003618 0.21500000000355665 F #
plane-surface $-1 -1 -1 $-1 -27.440769889029998 48.2263582369945 0.19 0 0 1 0 -1 0 forward_v I I I I #
coedge $-1 -1 -1 $-1 $4135 $4029 $4098 $4584 forward $3595 $-1 #
pcurve $-1 -1 -1 $-1 0 forward { exppc nubs 1 open 2 
	-1.0472603067464685 1 -0 1 
	-3.6951535668153839 -3.1415926535897931 
	-3.6951535668153839 -2.0943951023929239 
	0.001 
	-1 
	cone -27.715055534994999 48.229630036313999 0.17999999999999999 0 1 0 0 0 -0.13 1 I I 0 -1 0.13 reversed I I I I 
	} 0 0 #
edge $4997 -1 -1 $-1 $4436 -8.3221183742341771e-029 $4504 0.44000000000018336 $4429 $4998 forward @7 tangent T -28.330000000004858 48.269999999995122 0.2631370849849598 -28.329999999995088 48.710000000004818 0.26313708499472754 #
named_attribute-st-attrib $-1 -1 $4999 $-1 $4032 1 1 1 1 1 1 1 1 1 1 1 1 1 1 0 1 1 1 @3 eif #
tvertex-vertex $5000 -1 -1 $-1 $-1 $5001 4.7710001347286197e-012 #
ellipse-curve $-1 -1 -1 $-1 -28.216863064707947 48.710000000000001 0.15000036140284195 0 -1 0 1.4969785766538735e-007 0 0.15999963859717303 1 F 0 F 0.78540003462612851 #
integer_attrib-name_attrib-gen-attrib $-1 -1 $-1 $4033 $3598 2 1 1 1 1 1 1 1 1 1 1 1 1 1 0 1 1 1 @3 pid 8333 #
integer_attrib-name_attrib-gen-attrib $-1 -1 $-1 $-1 $4034 2 1 1 1 1 1 1 1 1 1 1 1 1 1 0 1 1 1 @3 pid 5092 #
point $-1 -1 -1 $-1 -27.984999999999971 48.145000000000351 0.31 #
coedge $-1 -1 -1 $-1 $4035 $4621 $5002 $5003 forward $4511 $-1 #
tcoedge-coedge $-1 -1 -1 $-1 $4702 $4635 $4035 $3598 reversed $4704 $5004 -0.6556642221821477 -0 F #
loop $-1 -1 -1 $-1 $-1 $4634 $5005 T -28.216862915010623 48.102479264750762 0.30999849665780588 -27.715055534989645 48.710000000005017 0.31000150334219412 unknown #
pcurve $-1 -1 -1 $-1 0 forward { exppc nurbs 2 open 2 
	0 2 0.6556642221821477 2 
	0.30375961595338641 -0.14404077499977674 1 
	0.26124347323150054 -0.088771264529503568 0.94674260918870035 
	0.26124038404612282 -0.019040774999970367 1 
	1e-008 
	-1 
	plane -27.965959224999999 48.406240384046477 0.31 0 0 1 0 -1 0 forward_v I I I I 
	} 0 0 #
coedge $-1 -1 -1 $-1 $4037 $4648 $5006 $5007 forward $340 $-1 #
tcoedge-coedge $-1 -1 -1 $-1 $5008 $5009 $4037 $4515 forward $5010 $5011 0 1 F #
tedge-edge $5012 -1 -1 $-1 $4521 0 $5013 1 $4514 $5014 forward @7 unknown T -27.49009058269915 48.119909417300853 0.079909417300847232 -27.339909417300845 48.270090582699154 0.080090582699152646 9.0582699152659603e-005 #
pcurve $-1 -1 -1 $-1 0 forward { exppc nubs 3 open 5 
	-1 3 -0.75489193752062811 1 -0.50063558777787076 1 -0.2458798480450918 1 -0 3 
	-4.2275000000000009 3.0999999999999996 
	-4.2073391996563965 3.1002707510285568 
	-4.1694878465005134 3.1075310753498417 
	-4.1185699181833071 3.1409038881544795 
	-4.0850750450972466 3.1918287583766531 
	-4.0777743468499938 3.2297698713189522 
	-4.0775000000000006 3.25 
	0 
	0 
	plane -30.589999999999996 44.042500000000004 0.079999999999999988 0 0 -1 0 -1 0 reverse_v I I I I 
	} 0 0 #
coedge $-1 -1 -1 $-1 $5015 $4038 $5009 $5016 reversed $4519 $-1 #
coedge $-1 -1 -1 $-1 $4038 $5017 $4040 $4523 reversed $4519 $-1 #
loop $-1 -1 -1 $-1 $-1 $4038 $5018 T -27.400000000000176 48.119999999999905 0.079999999999957355 -27.05999999999991 48.120000000000104 0.19000000000009659 unknown #
named_attribute-st-attrib $-1 -1 $5019 $-1 $4039 1 1 1 1 1 1 1 1 1 1 1 1 1 1 0 1 1 1 @3 eif #
tvertex-vertex $5020 -1 -1 $-1 $4515 $5021 4.2633006859194455e-014 #
straight-curve $-1 -1 -1 $-1 -27.34000000000005 48.120000000000005 0.079999999999999988 1 0 0 F 0 F 0.28000000000014147 #
edge $5022 -1 -1 $-1 $4042 6.9388939039072284e-018 $4914 0.10999999999998031 $4040 $5023 forward @7 unknown T -27.06000000000002 48.119999999999983 0.079999999999999974 -27.059999999999953 48.120000000000026 0.19000000000000006 #
integer_attrib-name_attrib-gen-attrib $-1 -1 $-1 $4041 $3601 2 1 1 1 1 1 1 1 1 1 1 1 1 1 0 1 1 1 @3 pid 3828 #
integer_attrib-name_attrib-gen-attrib $-1 -1 $-1 $-1 $4042 2 1 1 1 1 1 1 1 1 1 1 1 1 1 0 1 1 1 @3 pid 2844 #
point $-1 -1 -1 $-1 -27.059999999999953 48.120000000000005 0.079999999999999974 #
named_attribute-st-attrib $-1 -1 $5024 $-1 $4048 1 1 1 1 1 1 1 1 1 1 1 1 1 1 0 1 1 1 @3 eif #
ellipse-curve $-1 -1 -1 $-1 -27.339999747293007 47.769998789204436 0.10999999999999999 0 0 -1 -0.060000252707032679 0.13747848164456311 0 1 F 0 F 0.41151347665813465 #
integer_attrib-name_attrib-gen-attrib $-1 -1 $-1 $4049 $3607 2 1 1 1 1 1 1 1 1 1 1 1 1 1 0 1 1 1 @3 pid 5916 #
integer_attrib-name_attrib-gen-attrib $-1 -1 $-1 $-1 $4050 2 1 1 1 1 1 1 1 1 1 1 1 1 1 0 1 1 1 @3 pid 3928 #
point $-1 -1 -1 $-1 -27.339999999999979 47.920000000000002 0.10999999999999951 #
named_attribute-st-attrib $-1 -1 $5025 $-1 $4052 1 1 1 1 1 1 1 1 1 1 1 1 1 1 0 1 1 1 @3 eif #
intcurve-curve $-1 -1 -1 $-1 forward { exactcur full nubs 3 open 4 
	0 3 0.32928883796856656 1 0.67208205325573933 1 1 3 
	-27.490000000000002 47.770000000004401 0.10999999999999999 
	-27.489736500869032 47.789977521844904 0.10999999999999999 
	-27.48271319499371 47.827502586459161 0.10999999999999997 
	-27.449661249689747 47.877906316526897 0.10999999999999999 
	-27.418124020600288 47.899284847131923 0.10999999999999999 
	-27.399999999999999 47.907477270854869 0.10999999999999999 
	0 
	null_surface 
	null_surface 
	nullbs 
	nullbs 
	-1 
	-1 
	I I 
	0 
	0 
	2 0.32928883796856656 0.67208205325573933 
	
	-1 
	none F F 1 F 0 } I I #
integer_attrib-name_attrib-gen-attrib $-1 -1 $5026 $4054 $3609 2 1 1 1 1 1 1 1 1 1 1 1 1 1 0 1 1 1 @3 pid 1735 #
rgb_color-st-attrib $-1 -1 $5027 $4060 $2771 2 1 2 1 1 1 1 1 1 1 1 1 1 1 0 1 1 1 0.73000001907348633 0.40000000596046448 0 #
rh_material-rh_entity $-1 -1 4 4 @5 plain @5 color -4 1 1 1 @5 phong @14 ambient factor -2 1 @14 diffuse factor -2 0.75 @15 specular factor -2 0.5 @8 exponent -2 10 @14 specular color -4 1 1 1 @4 none @5 plain @5 color -4 0 0 0 #
string_attrib-name_attrib-gen-attrib $-1 -1 $-1 $4061 $2361 2 1 2 1 1 1 1 1 1 1 1 1 1 1 0 1 1 1 @15 ATTRIB_XACIS_ID @5 41895 #
rgb_color-st-attrib $-1 -1 $5028 $4063 $2798 2 1 2 1 1 1 1 1 1 1 1 1 1 1 0 1 1 1 0.73000001907348633 0.40000000596046448 0 #
rh_material-rh_entity $-1 -1 4 4 @5 plain @5 color -4 1 1 1 @5 phong @14 ambient factor -2 1 @14 diffuse factor -2 0.75 @15 specular factor -2 0.5 @8 exponent -2 10 @14 specular color -4 1 1 1 @4 none @5 plain @5 color -4 0 0 0 #
render-rbase-attrib $-1 -1 $5029 $4064 $3212 1 1 1 1 1 1 1 1 1 1 1 1 0 1 0 1 1 1 $5030 $-1 0 2 0 -1 0 1 0 0 0 0 1 -36.899999999999999 52.719999999999999 0.079999999999999988 1 rotate no_reflect no_shear #
integer_attrib-name_attrib-gen-attrib $-1 -1 $5031 $4065 $3628 2 1 1 1 1 1 1 1 1 1 1 1 1 1 0 1 1 1 @3 pid 2822 #
integer_attrib-name_attrib-gen-attrib $-1 -1 $5032 $-1 $4066 2 0 0 1 1 1 1 1 1 1 1 1 1 1 0 1 1 1 @3 fif 0 #
loop $-1 -1 -1 $-1 $-1 $5033 $4066 T -28.273432669348974 48.269998788156514 0.20656733065142974 -28.216861703166551 48.710001211843476 0.23000121184346775 unknown #
cone-surface $-1 -1 -1 $-1 -28.216862915009997 48.261200000000002 0.14999999999998997 0 1 0 0.056568542495000526 0 -0.056568542494930089 1 I I -0 1 0.080000000000058691 reversed I I I I #
tcoedge-coedge $-1 -1 -1 $-1 $5034 $5035 $5036 $5037 reversed $4067 $5038 -0.78524597927156647 -0 F #
coedge $-1 -1 -1 $-1 $4687 $4069 $5039 $5040 reversed $3629 $-1 #
string_attrib-name_attrib-gen-attrib $-1 -1 $-1 $4073 $2408 2 1 2 1 1 1 1 1 1 1 1 1 1 1 0 1 1 1 @15 ATTRIB_XACIS_ID @5 41824 #
rgb_color-st-attrib $-1 -1 $5041 $4075 $2813 2 1 2 1 1 1 1 1 1 1 1 1 1 1 0 1 1 1 0.73000001907348633 0.40000000596046448 0 #
rh_material-rh_entity $-1 -1 4 4 @5 plain @5 color -4 1 1 1 @5 phong @14 ambient factor -2 1 @14 diffuse factor -2 0.75 @15 specular factor -2 0.5 @8 exponent -2 10 @14 specular color -4 1 1 1 @4 none @5 plain @5 color -4 0 0 0 #
rgb_color-st-attrib $-1 -1 $5042 $4076 $2821 2 1 2 1 1 1 1 1 1 1 1 1 1 1 0 1 1 1 0.73000001907348633 0.40000000596046448 0 #
rh_material-rh_entity $-1 -1 4 4 @5 plain @5 color -4 1 1 1 @5 phong @14 ambient factor -2 1 @14 diffuse factor -2 0.75 @15 specular factor -2 0.5 @8 exponent -2 10 @14 specular color -4 1 1 1 @4 none @5 plain @5 color -4 0 0 0 #
string_attrib-name_attrib-gen-attrib $-1 -1 $-1 $4079 $2455 2 1 2 1 1 1 1 1 1 1 1 1 1 1 0 1 1 1 @15 ATTRIB_XACIS_ID @5 41722 #
rgb_color-st-attrib $-1 -1 $5043 $4081 $2846 2 1 2 1 1 1 1 1 1 1 1 1 1 1 0 1 1 1 0.73000001907348633 0.40000000596046448 0 #
rh_material-rh_entity $-1 -1 4 4 @5 plain @5 color -4 1 1 1 @5 phong @14 ambient factor -2 1 @14 diffuse factor -2 0.75 @15 specular factor -2 0.5 @8 exponent -2 10 @14 specular color -4 1 1 1 @4 none @5 plain @5 color -4 0 0 0 #
render-rbase-attrib $-1 -1 $5044 $4082 $3243 1 1 1 1 1 1 1 1 1 1 1 1 0 1 0 1 1 1 $5045 $-1 0 2 0 -1 0 1 0 0 0 0 1 -36.899999999999999 52.719999999999999 0.079999999999999988 1 rotate no_reflect no_shear #
integer_attrib-name_attrib-gen-attrib $-1 -1 $5046 $4083 $3648 2 1 1 1 1 1 1 1 1 1 1 1 1 1 0 1 1 1 @3 pid 2874 #
integer_attrib-name_attrib-gen-attrib $-1 -1 $5047 $-1 $4084 2 0 0 1 1 1 1 1 1 1 1 1 1 1 0 1 1 1 @3 fif 0 #
face $5048 -1 -1 $-1 $5049 $5050 $5 $-1 $5051 reversed double out T -28.110000000000348 48.102480768092612 0.22999999999971368 -28.109999999999211 48.190000000001085 0.31000000000056738 F #
loop $-1 -1 -1 $-1 $-1 $5052 $4084 T -28.330002422688324 48.269997577312019 0.26313466230181842 -28.216860492322098 48.710002422688007 0.31000242268801781 unknown #
cone-surface $-1 -1 -1 $-1 -28.216862915009997 48.261200000000002 0.14999999999998997 0 1 0 0.11313708499000105 0 -0.11313708498986018 1 I I -0 1 0.16000000000011738 reversed I I I I #
coedge $-1 -1 -1 $-1 $5053 $4703 $5054 $5055 forward $4085 $-1 #
coedge $-1 -1 -1 $-1 $5056 $4087 $5057 $5058 forward $3649 $-1 #
coedge $-1 -1 -1 $-1 $4087 $5056 $5034 $5059 reversed $3649 $-1 #
coedge $-1 -1 -1 $-1 $5036 $5060 $4087 $4565 reversed $4748 $-1 #
edge $5061 -1 -1 $-1 $4932 1.8644848297114597e-016 $4436 0.11272077937968994 $4564 $5062 forward @7 unknown T -28.40970562749078 48.269999999994205 0.18343145749933024 -28.329999999995088 48.270000000005801 0.26313708499472754 #
coedge $-1 -1 -1 $-1 $5063 $4088 $4454 $4948 reversed $3244 $-1 #
coedge $-1 -1 -1 $-1 $4578 $4577 $4088 $4568 forward $4579 $-1 #
edge $5064 -1 -1 $-1 $5065 0 $4570 1.0472603067469759 $4088 $5066 forward @7 unknown T -27.585151724430624 48.269999999996585 0.18999999997537648 -27.541850454235927 48.270000000003421 0.21500000000355665 #
named_attribute-st-attrib $-1 -1 $5067 $-1 $4090 1 1 1 1 1 1 1 1 1 1 1 1 1 1 0 1 1 1 @3 eif #
tvertex-vertex $5068 -1 -1 $-1 $-1 $5069 3.4176834890078796e-012 #
tvertex-vertex $5070 -1 -1 $-1 $-1 $5071 4.5029546604985361e-012 #
straight-curve $-1 -1 -1 $-1 -27.585151724427586 48.270000000000003 0.21499999999992064 -0.50000000000345413 0 0.86602540378244453 F -1.066972592050211e-016 F 0.034641016150902405 #
named_attribute-st-attrib $-1 -1 $5072 $-1 $4092 1 1 1 1 1 1 1 1 1 1 1 1 1 1 0 1 1 1 @3 eif #
ellipse-curve $-1 -1 -1 $-1 -27.71505145610595 48.710000000000001 0.18000706484298931 0 -1 0 0.11257922360298878 0 0.064992935157004994 1 F 0 F 1.0472603067464685 #
coedge $-1 -1 -1 $-1 $4107 $4947 $4094 $4576 reversed $3576 $-1 #
edge $5073 -1 -1 $-1 $4127 0 $4581 0.051850454238071109 $4094 $5074 forward @7 unknown T -27.541850454240201 48.709999999998018 0.18999999999803277 -27.489999999999974 48.710000000001983 0.19000000000200215 #
coedge $-1 -1 -1 $-1 $4567 $4095 $4947 $5075 reversed $4579 $-1 #
coedge $-1 -1 -1 $-1 $4095 $4567 $4097 $4583 reversed $4579 $-1 #
loop $-1 -1 -1 $-1 $-1 $4095 $4498 T -27.585151724430823 48.269999999996585 0.18999999997537648 -27.541850454235927 48.710000000003618 0.21500000000355665 unknown #
named_attribute-st-attrib $-1 -1 $5076 $-1 $4096 1 1 1 1 1 1 1 1 1 1 1 1 1 1 0 1 1 1 @3 eif #
tvertex-vertex $5077 -1 -1 $-1 $-1 $5078 1.9846981202029558e-012 #
ellipse-curve $-1 -1 -1 $-1 -27.541852023041692 48.710000000000001 0.23999728275278734 0 1 0 1.5688034782357363e-006 0 -0.049997282752769878 1 F 0 F 1.0472603067455026 #
edge $5079 -1 -1 $-1 $4100 -2.5847730699081502e-028 $4570 0.43999999999998618 $4097 $5080 forward @7 tangent T -27.585151724430823 48.269999999996585 0.21499999999630942 -27.585151724423582 48.710000000003618 0.21500000000355665 #
edge $5081 -1 -1 $-1 $4101 0 $4571 0.44000000000018336 $4098 $5082 forward @7 tangent T -27.602472232507484 48.269999999995449 0.24499999999544606 -27.602472232498481 48.710000000004399 0.24500000000445196 #
integer_attrib-name_attrib-gen-attrib $-1 -1 $-1 $4099 $3655 2 1 1 1 1 1 1 1 1 1 1 1 1 1 0 1 1 1 @3 pid 8181 #
integer_attrib-name_attrib-gen-attrib $-1 -1 $5083 $-1 $4100 2 1 1 1 1 1 1 1 1 1 1 1 1 1 0 1 1 1 @3 pid 4976 #
point $-1 -1 -1 $-1 -27.585151724427202 48.710000000000001 0.21499999999992855 #
integer_attrib-name_attrib-gen-attrib $-1 -1 $5084 $-1 $4101 2 1 1 1 1 1 1 1 1 1 1 1 1 1 0 1 1 1 @3 pid 4974 #
point $-1 -1 -1 $-1 -27.602472232503004 48.710000000000051 0.24500000000001901 #
named_attribute-st-attrib $-1 -1 $5085 $-1 $4103 1 1 1 1 1 1 1 1 1 1 1 1 1 1 0 1 1 1 @3 eif #
vertex $5086 -1 -1 $-1 $4897 $5087 #
straight-curve $-1 -1 -1 $-1 -27.339999999999996 48.170000000000002 0.51000000000001722 0 0 -1 F 0 F 0.32000000000002454 #
named_attribute-st-attrib $-1 -1 $5088 $-1 $4108 1 1 1 1 1 1 1 1 1 1 1 1 1 1 0 1 1 1 @3 eif #
straight-curve $-1 -1 -1 $-1 -27.490000000000002 48.319999999999908 0.19 0 1 0 F 0 F 0.390000000000156 #
integer_attrib-name_attrib-gen-attrib $-1 -1 $-1 $4109 $3663 2 1 1 1 1 1 1 1 1 1 1 1 1 1 0 1 1 1 @3 pid 4871 #
integer_attrib-name_attrib-gen-attrib $-1 -1 $-1 $-1 $4110 2 1 1 1 1 1 1 1 1 1 1 1 1 1 0 1 1 1 @3 pid 3465 #
point $-1 -1 -1 $-1 -27.489999999999785 48.319999999999908 0.19 #
string_attrib-name_attrib-gen-attrib $-1 -1 $-1 $4114 $2480 2 1 2 1 1 1 1 1 1 1 1 1 1 1 0 1 1 1 @15 ATTRIB_XACIS_ID @5 44897 #
rgb_color-st-attrib $-1 -1 $5089 $4116 $2870 2 1 2 1 1 1 1 1 1 1 1 1 1 1 0 1 1 1 0.73000001907348633 0.40000000596046448 0 #
rh_material-rh_entity $-1 -1 4 4 @5 plain @5 color -4 1 1 1 @5 phong @14 ambient factor -2 1 @14 diffuse factor -2 0.75 @15 specular factor -2 0.5 @8 exponent -2 10 @14 specular color -4 1 1 1 @4 none @5 plain @5 color -4 0 0 0 #
render-rbase-attrib $-1 -1 $5090 $4117 $3268 1 1 1 1 1 1 1 1 1 1 1 1 0 1 0 1 1 1 $5091 $-1 0 2 0 -1 0 1 0 0 0 0 1 -36.899999999999999 52.719999999999999 0.079999999999999988 1 rotate no_reflect no_shear #
integer_attrib-name_attrib-gen-attrib $-1 -1 $5092 $4118 $3676 2 1 1 1 1 1 1 1 1 1 1 1 1 1 0 1 1 1 @3 pid 1231 #
coedge $-1 -1 -1 $-1 $4120 $4153 $5093 $5094 forward $3677 $-1 #
coedge $-1 -1 -1 $-1 $4945 $5006 $4121 $4605 reversed $5095 $-1 #
edge $5096 -1 -1 $-1 $4609 3.4694469519536142e-018 $5097 0.029999999999999999 $4604 $5098 forward @7 unknown T -27.489999999999998 48.945 0.079999999999999988 -27.489999999999998 48.945000000000093 0.10999999999999999 #
edge $5099 -1 -1 $-1 $4472 0 $4610 0.080000000000004942 $4122 $5100 forward @7 unknown T -27.400000000002976 48.944999999997023 0.10999999999702342 -27.399999999997021 48.945000000002977 0.19000000000006506 #
coedge $-1 -1 -1 $-1 $4972 $4123 $4966 $5101 forward $3993 $-1 #
named_attribute-st-attrib $-1 -1 $5102 $-1 $4124 1 1 1 1 1 1 1 1 1 1 1 1 1 1 0 1 1 1 @3 eif #
vertex $5103 -1 -1 $-1 $4946 $5104 #
tvertex-vertex $5105 -1 -1 $-1 $-1 $5106 2.9762864268154365e-012 #
straight-curve $-1 -1 -1 $-1 -27.490000000000002 48.945 0.10999999999999999 1 0 0 F 0 F 0.090000000000005187 #
integer_attrib-name_attrib-gen-attrib $-1 -1 $-1 $4125 $3681 2 1 1 1 1 1 1 1 1 1 1 1 1 1 0 1 1 1 @3 pid 4868 #
integer_attrib-name_attrib-gen-attrib $-1 -1 $-1 $-1 $4126 2 1 1 1 1 1 1 1 1 1 1 1 1 1 0 1 1 1 @3 pid 3463 #
point $-1 -1 -1 $-1 -27.489999999999995 48.945 0.19000000000000497 #
integer_attrib-name_attrib-gen-attrib $-1 -1 $-1 $-1 $4127 2 1 1 1 1 1 1 1 1 1 1 1 1 1 0 1 1 1 @3 pid 3462 #
point $-1 -1 -1 $-1 -27.490000000000002 48.710000000000001 0.19 #
integer_attrib-name_attrib-gen-attrib $-1 -1 $-1 $4129 $3683 2 1 1 1 1 1 1 1 1 1 1 1 1 1 0 1 1 1 @3 pid 7879 #
integer_attrib-name_attrib-gen-attrib $-1 -1 $-1 $4131 $3685 2 1 1 1 1 1 1 1 1 1 1 1 1 1 0 1 1 1 @3 pid 8319 #
coedge $-1 -1 -1 $-1 $5107 $4132 $5108 $4988 forward $4622 $-1 #
coedge $-1 -1 -1 $-1 $4132 $5107 $5109 $4214 forward $4622 $-1 #
coedge $-1 -1 -1 $-1 $4509 $5110 $4132 $3685 forward $4511 $-1 #
loop $-1 -1 -1 $-1 $-1 $5107 $5049 T -28.190000000000627 48.189999999999948 0.22999999999960202 -28.109999999999211 48.270000000000636 0.31000000000056738 unknown #
named_attribute-st-attrib $-1 -1 $5111 $-1 $4134 1 1 1 1 1 1 1 1 1 1 1 1 1 1 0 1 1 1 @3 eif #
straight-curve $-1 -1 -1 $-1 -28.216862915010083 48.710000000000001 0.31 1 0 0 F 0 F 0.50180738001517078 #
pcurve $-1 -1 -1 $-1 0 forward { exppc nubs 1 open 2 
	0 1 1.0472603067476436 1 
	-0.31053818220000329 -2.0943951023918448 
	-0.31053818220000329 -3.1415926535897931 
	0.001 
	-1 
	cone -27.715055534994999 48.229630036313999 0.17999999999999999 0 1 0 0 0 -0.13 1 I I 0 -1 0.13 reversed I I I I 
	} 0 0 #
integer_attrib-name_attrib-gen-attrib $-1 -1 $-1 $4136 $3688 2 1 1 1 1 1 1 1 1 1 1 1 1 1 0 1 1 1 @3 pid 6822 #
integer_attrib-name_attrib-gen-attrib $-1 -1 $5112 $-1 $4137 2 1 1 1 1 1 1 1 1 1 1 1 1 1 0 1 1 1 @3 pid 4534 #
point $-1 -1 -1 $-1 -27.715055534994988 48.710000000000001 0.31000000000000638 #
named_attribute-st-attrib $-1 -1 $5113 $-1 $4139 1 1 1 1 1 1 1 1 1 1 1 1 1 1 0 1 1 1 @3 eif #
ellipse-curve $-1 -1 -1 $-1 -27.715051456105986 48.270000000000003 0.18000706484299694 0 -1 0 0.11257922360306338 0 0.064992935156857307 1 F 0 F 1.0472603067476436 #
integer_attrib-name_attrib-gen-attrib $-1 -1 $-1 $4142 $3691 2 1 1 1 1 1 1 1 1 1 1 1 1 1 0 1 1 1 @3 pid 4535 #
edge $5114 -1 -1 $-1 $3691 0 $4137 0.43999999999998618 $5115 $5116 forward @7 tangent T -27.715055535000531 48.26999999999456 0.3099999999945649 -27.715055534989645 48.710000000005017 0.31000000000545053 #
integer_attrib-name_attrib-gen-attrib $-1 -1 $-1 $4144 $3694 2 1 1 1 1 1 1 1 1 1 1 1 1 1 0 1 1 1 @3 pid 8332 #
coedge $-1 -1 -1 $-1 $4642 $4145 $4643 $5117 forward $4511 $-1 #
tcoedge-coedge $-1 -1 -1 $-1 $4510 $4729 $4145 $3694 reversed $4704 $5118 -0.65566422218299358 -0 F #
pcurve $-1 -1 -1 $-1 0 forward { exppc nurbs 2 open 2 
	0 2 0.65566422218299358 2 
	0.26124038404612282 -0.019040774999970367 1 
	0.26124347323147035 0.050689714529575269 0.94674260918863229 
	0.30375961595338641 0.10595922499983956 1 
	1e-008 
	-1 
	plane -27.965959224999999 48.406240384046477 0.31 0 0 1 0 -1 0 forward_v I I I I 
	} 0 0 #
named_attribute-st-attrib $-1 -1 $5119 $-1 $4147 1 1 1 1 1 1 1 1 1 1 1 1 1 1 0 1 1 1 @3 eif #
ellipse-curve $-1 -1 -1 $-1 -27.779997732227052 48.189997732227141 0.31 0 0 -1 -0.08000226777310715 2.267772976516369e-006 0 1 F 0 F 1.5707396340743682 #
coedge $-1 -1 -1 $-1 $4150 $4149 $5120 $4234 forward $4152 $-1 #
coedge $-1 -1 -1 $-1 $5121 $5122 $4149 $4641 reversed $4085 $-1 #
edge $5123 -1 -1 $-1 $2594 0 $2980 1.5707396340722366 $4149 $5124 forward @7 unknown T -27.860000000000177 48.189999999999955 0.22999999999981779 -27.779999999999944 48.270000000000316 0.23000000000020177 #
coedge $-1 -1 -1 $-1 $5125 $4634 $4150 $4147 forward $4511 $-1 #
coedge $-1 -1 -1 $-1 $5126 $4151 $4634 $5117 reversed $4645 $-1 #
coedge $-1 -1 -1 $-1 $4151 $5126 $5121 $5127 forward $4645 $-1 #
loop $-1 -1 -1 $-1 $-1 $4644 $5128 T -27.860000000000387 48.102480768092612 0.22999999999968651 -27.859999999999769 48.190000000000154 0.31000000000031386 unknown #
face $5129 -1 -1 $-1 $5128 $4152 $5 $-1 $5130 reversed double out T -27.860000000000177 48.189999999999955 0.22999999999981779 -27.779999999999944 48.270000000000472 0.31000000000033956 F #
integer_attrib-name_attrib-gen-attrib $-1 -1 $-1 $4154 $3701 2 1 1 1 1 1 1 1 1 1 1 1 1 1 0 1 1 1 @3 pid 2711 #
coedge $-1 -1 -1 $-1 $4513 $5093 $4157 $4649 forward $340 $-1 #
edge $5131 -1 -1 $-1 $4651 0 $5097 0.11000000000008292 $4648 $5132 forward @7 unknown T -27.600000000000076 48.944999999999858 0.079999999999999988 -27.489999999999995 48.945000000000093 0.08000000000000998 #
named_attribute-st-attrib $-1 -1 $5133 $-1 $4158 1 1 1 1 1 1 1 1 1 1 1 1 1 1 0 1 1 1 @3 eif #
vertex $5134 -1 -1 $-1 $4649 $5135 #
straight-curve $-1 -1 -1 $-1 -27.599999999999859 48.944999999999858 0.08000000000000998 -5.2245789394125033e-015 2.6122894697062517e-015 1 F -1.1125258942749273e-027 F 0.33999999999999986 #
integer_attrib-name_attrib-gen-attrib $-1 -1 $-1 $4162 $3707 2 1 1 1 1 1 1 1 1 1 1 1 1 1 0 1 1 1 @3 pid 4869 #
coedge $-1 -1 -1 $-1 $5093 $4169 $4164 $4655 reversed $340 $-1 #
edge $5136 -1 -1 $-1 $4657 0 $4172 0.5 $4164 $5137 forward @7 unknown T -28.199999999999999 49.045000000000002 0.079999999999999974 -27.699999999999999 49.045000000000144 0.08000000000000497 #
named_attribute-st-attrib $-1 -1 $5138 $-1 $4165 1 1 1 1 1 1 1 1 1 1 1 1 1 1 0 1 1 1 @3 eif #
vertex $5139 -1 -1 $-1 $4655 $5140 #
straight-curve $-1 -1 -1 $-1 -27.700000000000145 49.045000000000144 0.42000000000000992 0 0 -1 F 0 F 0.33999999999999991 #
named_attribute-st-attrib $-1 -1 $5141 $-1 $4170 1 1 1 1 1 1 1 1 1 1 1 1 1 1 0 1 1 1 @3 eif #
straight-curve $-1 -1 -1 $-1 -28.200000000000287 49.045000000000208 0.079999999999999988 -0.58123819371685959 -0.81373347120833284 0 F -3.0974593124854657e-016 F 0.25806975801127657 #
integer_attrib-name_attrib-gen-attrib $-1 -1 $-1 $4171 $3718 2 1 1 1 1 1 1 1 1 1 1 1 1 1 0 1 1 1 @3 pid 4879 #
integer_attrib-name_attrib-gen-attrib $-1 -1 $-1 $-1 $4172 2 1 1 1 1 1 1 1 1 1 1 1 1 1 0 1 1 1 @3 pid 2838 #
point $-1 -1 -1 $-1 -28.199999999999999 49.045000000000002 0.079999999999999974 #
integer_attrib-name_attrib-gen-attrib $-1 -1 $5142 $4174 $3719 2 1 1 1 1 1 1 1 1 1 1 1 1 1 0 1 1 1 @3 pid 1232 #
named_attribute-st-attrib $-1 -1 $5143 $-1 $4176 1 1 1 1 1 1 1 1 1 1 1 1 1 1 0 1 1 1 @3 eif #
straight-curve $-1 -1 -1 $-1 -28.550000000000001 48.835000000000001 0.079999999999999988 0 0 1 F -1.3877787807814457e-017 F 0.079999999999999988 #
edge $5144 -1 -1 $-1 $4269 0 $4179 0.044999999999999929 $4177 $5145 forward @7 unknown T -28.550000000000001 48.789999999999999 0.079999999999999363 -28.549999999999983 48.835000000000001 0.080000000000004984 #
integer_attrib-name_attrib-gen-attrib $-1 -1 $-1 $4178 $3725 2 1 1 1 1 1 1 1 1 1 1 1 1 1 0 1 1 1 @3 pid 3820 #
integer_attrib-name_attrib-gen-attrib $-1 -1 $-1 $-1 $4179 2 1 1 1 1 1 1 1 1 1 1 1 1 1 0 1 1 1 @3 pid 2836 #
point $-1 -1 -1 $-1 -28.549999999999983 48.835000000000001 0.080000000000004984 #
integer_attrib-name_attrib-gen-attrib $-1 -1 $-1 $4184 $3729 2 1 1 1 1 1 1 1 1 1 1 1 1 1 0 1 1 1 @3 pid 3808 #
render-rbase-attrib $-1 -1 $5146 $4186 $3312 1 1 1 1 1 1 1 1 1 1 1 1 0 1 0 1 1 1 $5147 $-1 0 2 0 -1 0 1 0 0 0 0 1 -36.899999999999999 52.719999999999999 0.079999999999999988 1 rotate no_reflect no_shear #
rgb_color-st-attrib $-1 -1 $5148 $4188 $2925 2 1 2 1 1 1 1 1 1 1 1 1 1 1 0 1 1 1 0.73000001907348633 0.40000000596046448 0 #
rh_material-rh_entity $-1 -1 4 4 @5 plain @5 color -4 1 1 1 @5 phong @14 ambient factor -2 1 @14 diffuse factor -2 0.75 @15 specular factor -2 0.5 @8 exponent -2 10 @14 specular color -4 1 1 1 @4 none @5 plain @5 color -4 0 0 0 #
integer_attrib-name_attrib-gen-attrib $-1 -1 $-1 $4190 $3741 2 1 1 1 1 1 1 1 1 1 1 1 1 1 0 1 1 1 @3 pid 5864 #
string_attrib-name_attrib-gen-attrib $-1 -1 $-1 $4195 $2555 2 1 2 1 1 1 1 1 1 1 1 1 1 1 0 1 1 1 @15 ATTRIB_XACIS_ID @5 42119 #
rgb_color-st-attrib $-1 -1 $5149 $4197 $2947 2 1 2 1 1 1 1 1 1 1 1 1 1 1 0 1 1 1 0.73000001907348633 0.40000000596046448 0 #
rh_material-rh_entity $-1 -1 4 4 @5 plain @5 color -4 1 1 1 @5 phong @14 ambient factor -2 1 @14 diffuse factor -2 0.75 @15 specular factor -2 0.5 @8 exponent -2 10 @14 specular color -4 1 1 1 @4 none @5 plain @5 color -4 0 0 0 #
render-rbase-attrib $-1 -1 $5150 $4198 $3341 1 1 1 1 1 1 1 1 1 1 1 1 0 1 0 1 1 1 $5151 $-1 0 2 0 -1 0 1 0 0 0 0 1 -36.899999999999999 52.719999999999999 0.079999999999999988 1 rotate no_reflect no_shear #
integer_attrib-name_attrib-gen-attrib $-1 -1 $5152 $4199 $3753 2 1 1 1 1 1 1 1 1 1 1 1 1 1 0 1 1 1 @3 pid 2679 #
integer_attrib-name_attrib-gen-attrib $-1 -1 $5153 $-1 $4200 2 0 0 1 1 1 1 1 1 1 1 1 1 1 0 1 1 1 @3 fif 0 #
face $5154 -1 -1 $-1 $5155 $5156 $5 $-1 $5157 forward double out T -28.743434164284206 48.269998788156677 0.10999075853297455 -28.68686170316667 48.29343416428398 0.16000121184332444 F #
loop $-1 -1 -1 $-1 $-1 $4755 $4200 T -28.353137084993563 48.269999999995605 0.12686291500657379 -28.273431457500692 48.710000000004328 0.20656854249931708 unknown #
plane-surface $-1 -1 -1 $-1 -28.313284271248492 48.490000000000002 0.16671572875136323 0.70710678118778758 0 -0.70710678118530745 0 -1 0 forward_v I I I I #
coedge $-1 -1 -1 $-1 $5158 $5159 $4203 $4686 forward $5160 $-1 #
edge $5161 -1 -1 $-1 $2223 0 $4790 0.58186291502299881 $4203 $5162 forward @7 unknown T -28.820000000020052 48.403137084949897 0.15999999997995312 -28.819999999979949 48.984999999999999 0.16000000002005438 #
coedge $-1 -1 -1 $-1 $4205 $4546 $4708 $5163 forward $3629 $-1 #
named_attribute-st-attrib $-1 -1 $5164 $-1 $4206 1 1 1 1 1 1 1 1 1 1 1 1 1 1 0 1 1 1 @3 eif #
tvertex-vertex $5165 -1 -1 $-1 $-1 $5166 5.0735372119333775e-012 #
straight-curve $-1 -1 -1 $-1 -27.671754264805358 48.709999999999987 0.20499999999980159 0 -1 0 F 0 F 0.43999999999998618 #
integer_attrib-name_attrib-gen-attrib $-1 -1 $-1 $4207 $3758 2 1 1 1 1 1 1 1 1 1 1 1 1 1 0 1 1 1 @3 pid 7929 #
vertedge-sys-attrib $-1 -1 $5167 $-1 $4208 1 1 1 1 1 1 1 1 1 1 1 1 0 1 0 1 1 1 4 $5168 $4231 $-1 $-1 #
point $-1 -1 -1 $-1 -27.671754264805585 48.270000000000003 0.20499999999970214 #
named_attribute-st-attrib $-1 -1 $5169 $-1 $4210 1 1 1 1 1 1 1 1 1 1 1 1 1 1 0 1 1 1 @3 eif #
straight-curve $-1 -1 -1 $-1 -28.216862915010097 48.270000000000003 0.22999999999999998 1 0 0 F 0 F 0.02686291501001925 #
vertedge-sys-attrib $-1 -1 $-1 $4212 $3762 1 1 1 1 1 1 1 1 1 1 1 1 0 1 0 1 1 1 4 $3683 $4988 $-1 $-1 #
named_attribute-st-attrib $-1 -1 $5170 $-1 $4214 1 1 1 1 1 1 1 1 1 1 1 1 1 1 0 1 1 1 @3 eif #
straight-curve $-1 -1 -1 $-1 -28.109999999999999 48.189999999999991 0.23000000000001961 0 0 1 F 0 F 0.079999999999959909 #
integer_attrib-name_attrib-gen-attrib $-1 -1 $-1 $4215 $3766 2 1 1 1 1 1 1 1 1 1 1 1 1 1 0 1 1 1 @3 pid 8291 #
integer_attrib-name_attrib-gen-attrib $-1 -1 $-1 $-1 $4216 2 1 1 1 1 1 1 1 1 1 1 1 1 1 0 1 1 1 @3 pid 5090 #
point $-1 -1 -1 $-1 -27.984999999999971 48.145000000000351 0.22999999999999998 #
coedge $-1 -1 -1 $-1 $4217 $4510 $5171 $5172 forward $4704 $-1 #
tcoedge-coedge $-1 -1 -1 $-1 $4561 $4730 $4217 $3766 reversed $4085 $5173 -0.65566422217986642 -0 F #
loop $-1 -1 -1 $-1 $-1 $4729 $5174 T -28.110001503342186 48.102479264750663 0.22999849665776292 -27.859998496657848 48.145001503342591 0.31000150334219412 unknown #
pcurve $-1 -1 -1 $-1 0 forward { exppc nubs 1 open 2 
	0 1 0.65566422217986642 1 
	-0.011629502256585362 -2.4858398278339937 
	-0.011629502256585362 -3.1415926535897931 
	0.001 
	-1 
	cone -27.984999999999999 47.939999999999998 0.22761595203739998 0 0 1 0 -0.20500000000000007 0 1 I I 0 -1 0.20500000000000007 reversed I I I I 
	} 0 0 #
named_attribute-st-attrib $-1 -1 $5175 $-1 $4220 1 1 1 1 1 1 1 1 1 1 1 1 1 1 0 1 1 1 @3 eif #
straight-curve $-1 -1 -1 $-1 -28.216862915010068 48.709999999999987 0.22999999999999998 0 -1 0 F 0 F 0.43999999999998618 #
coedge $-1 -1 -1 $-1 $5176 $4221 $4687 $5163 reversed $2847 $-1 #
integer_attrib-name_attrib-gen-attrib $-1 -1 $-1 $4223 $3771 2 1 1 1 1 1 1 1 1 1 1 1 1 1 0 1 1 1 @3 pid 7040 #
integer_attrib-name_attrib-gen-attrib $-1 -1 $5177 $-1 $4224 2 1 1 1 1 1 1 1 1 1 1 1 1 1 0 1 1 1 @3 pid 4677 #
point $-1 -1 -1 $-1 -28.216862915010083 48.710000000000058 0.23000000000002432 #
named_attribute-st-attrib $-1 -1 $5178 $-1 $4226 1 1 1 1 1 1 1 1 1 1 1 1 1 1 0 1 1 1 @3 eif #
ellipse-curve $-1 -1 -1 $-1 -27.715053966191611 48.710000000000001 0.18000271724714687 0 1 0 -1.5688034551430972e-006 0 0.049997282752856614 1 F 0 F 1.0472603067472521 #
integer_attrib-name_attrib-gen-attrib $-1 -1 $-1 $4228 $3774 2 1 1 1 1 1 1 1 1 1 1 1 1 1 0 1 1 1 @3 pid 4676 #
tedge-edge $5179 -1 -1 $-1 $3774 0 $4689 1.0468372048154317 $5180 $5181 forward @7 unknown T -27.71505794979959 48.709997585195474 0.20499758519531433 -27.671751849999467 48.71000241480457 0.23000241480455716 2.414804524615826e-006 #
coedge $-1 -1 -1 $-1 $4230 $5182 $5183 $5184 reversed $3244 $-1 #
tcoedge-coedge $-1 -1 -1 $-1 $5185 $5039 $4230 $4718 forward $5186 $5187 0 1.0472603067467987 F #
tedge-edge $5188 -1 -1 $-1 $4721 0 $5189 1.0472603067467987 $4230 $5190 forward @7 unknown T -27.654434850729327 48.269998906000893 0.1099989059369109 -27.541849360239055 48.270001093999113 0.17500109399912767 1.0939991065286243e-006 #
pcurve $-1 -1 -1 $-1 0 forward { exppc nurbs 2 open 2 
	-1.0472603067467987 2 0 2 
	0.12990381056741462 0.024999999999835154 1 
	0.092377402798364372 -0.040002355118609501 0.86600971447060082 
	0.017320508075446384 -0.040000000000333102 1 
	1e-008 
	-1 
	plane -27.628452994616246 48.270000000000003 0.20999999999995497 -0 1 -0 0.4999999999992063 0 -0.8660254037848969 reverse_v I I I I 
	} 0 0 #
named_attribute-st-attrib $-1 -1 $5191 $-1 $4231 1 1 1 1 1 1 1 1 1 1 1 1 1 1 0 1 1 1 @3 eif #
tvertex-vertex $5192 -1 -1 $-1 $-1 $5193 3.9302077799677188e-012 #
straight-curve $-1 -1 -1 $-1 -27.671754264805386 48.270000000000003 0.20499999999984786 0.50000000001047828 0 -0.86602540377838899 F -3.4933930302731565e-016 F 0.034641016151132804 #
named_attribute-st-attrib $-1 -1 $5194 $-1 $4233 1 1 1 1 1 1 1 1 1 1 1 1 1 1 0 1 1 1 @3 eif #
coedge $-1 -1 -1 $-1 $5195 $5120 $5122 $4233 forward $5196 $-1 #
straight-curve $-1 -1 -1 $-1 -27.780000000000349 48.270000000000003 0.22999999999999998 1 0 0 F 0 F 0.064944465010706054 #
named_attribute-st-attrib $-1 -1 $5197 $-1 $4234 1 1 1 1 1 1 1 1 1 1 1 1 1 1 0 1 1 1 @3 eif #
straight-curve $-1 -1 -1 $-1 -27.77999999999999 48.270000000000003 0.23000000000001961 0 0 1 F 0 F 0.079999999999959909 #
integer_attrib-name_attrib-gen-attrib $-1 -1 $-1 $4235 $3781 2 1 1 1 1 1 1 1 1 1 1 1 1 1 0 1 1 1 @3 pid 8290 #
coedge $-1 -1 -1 $-1 $4635 $4236 $5126 $5198 forward $4704 $-1 #
tcoedge-coedge $-1 -1 -1 $-1 $4703 $5121 $4236 $3781 reversed $4085 $5199 -0.65566422217633591 -0 F #
pcurve $-1 -1 -1 $-1 0 forward { exppc nubs 1 open 2 
	0 1 0.65566422217633591 1 
	-0.011629502256585362 3.1415926535897931 
	-0.011629502256585362 2.4858398278340363 
	0.001 
	-1 
	cone -27.984999999999999 47.939999999999998 0.22761595203739998 0 0 1 0 -0.20500000000000007 0 1 I I 0 -1 0.20500000000000007 reversed I I I I 
	} 0 0 #
string_attrib-name_attrib-gen-attrib $-1 -1 $-1 $4239 $2602 2 1 2 1 1 1 1 1 1 1 1 1 1 1 0 1 1 1 @15 ATTRIB_XACIS_ID @5 43366 #
rgb_color-st-attrib $-1 -1 $5200 $4241 $2998 2 1 2 1 1 1 1 1 1 1 1 1 1 1 0 1 1 1 0.93699997663497925 0.7850000262260437 0 #
rh_material-rh_entity $-1 -1 4 4 @5 plain @5 color -4 1 1 1 @5 phong @14 ambient factor -2 1 @14 diffuse factor -2 0.75 @15 specular factor -2 0.5 @8 exponent -2 10 @14 specular color -4 1 1 1 @4 none @5 plain @5 color -4 0 0 0 #
render-rbase-attrib $-1 -1 $5201 $4242 $3384 1 1 1 1 1 1 1 1 1 1 1 1 0 1 0 1 1 1 $5202 $-1 0 2 0 -1 0 1 0 0 0 0 1 -36.899999999999999 52.719999999999999 0.079999999999999988 1 rotate no_reflect no_shear #
integer_attrib-name_attrib-gen-attrib $-1 -1 $5203 $4243 $3788 2 1 1 1 1 1 1 1 1 1 1 1 1 1 0 1 1 1 @3 pid 2182 #
integer_attrib-name_attrib-gen-attrib $-1 -1 $5204 $-1 $4244 2 0 0 1 1 1 1 1 1 1 1 1 1 1 0 1 1 1 @3 fif 0 #
face $5205 -1 -1 $-1 $5206 $4887 $5 $-1 $5207 reversed double out T -28.820000000065161 48.403137084798999 0.079999999827947713 -28.78999999982797 48.730000000000636 0.11000000006519779 F #
cone-surface $-1 -1 -1 $-1 -28.739999999999998 48.40313708499 1.0300000000023386 0 0 -1 1 0 0 1 I I -0.70710678118566228 0.70710678118743275 1 reversed I I I I #
coedge $-1 -1 -1 $-1 $5208 $5209 $5210 $5211 forward $4245 $-1 #
coedge $-1 -1 -1 $-1 $5210 $4247 $5212 $4845 reversed $3789 $-1 #
tcoedge-coedge $-1 -1 -1 $-1 $4247 $5210 $5213 $5214 reversed $3789 $5215 -1 -0 F #
edge $5216 -1 -1 $-1 $3413 -6.094290036910582e-009 $4326 0.042427841275425371 $4247 $5217 forward @7 unknown T -28.686862921096829 48.269999998214715 0.079985954524094585 -28.686807092171033 48.300016065400825 0.11000000178507365 #
coedge $-1 -1 -1 $-1 $5213 $4759 $4249 $4745 reversed $340 $-1 #
edge $5218 -1 -1 $-1 $4326 -1.587381352133817e-006 $4750 0.030000449777868581 $4249 $5219 forward @7 unknown T -28.686865236013681 48.269997687599613 0.079985954524094585 -28.686807092171033 48.300016065400825 0.080014045475604575 #
coedge $-1 -1 -1 $-1 $4752 $4250 $4759 $5220 forward $4748 $-1 #
coedge $-1 -1 -1 $-1 $4250 $5221 $5222 $5223 forward $4748 $-1 #
loop $-1 -1 -1 $-1 $-1 $5224 $5225 T -28.686865236013681 48.269997577312019 0.079997577311779977 -28.189999999999642 48.270002422687988 0.31000242268800565 unknown #
named_attribute-st-attrib $-1 -1 $5226 $-1 $4251 1 1 1 1 1 1 1 1 1 1 1 1 1 1 0 1 1 1 @3 eif #
tvertex-vertex $5227 -1 -1 $-1 $-1 $5228 2.3210192589618805e-006 #
straight-curve $-1 -1 -1 $-1 -28.686862915010423 48.270000000000032 0.079999999999699187 0 0 1 F -3.4694469519536142e-018 F 0.029999991380970807 #
tcoedge-coedge $-1 -1 -1 $-1 $4819 $4746 $4252 $4753 forward $4748 $5229 0 0.78524597917537442 F #
tedge-edge $5230 -1 -1 $-1 $4302 2.4420419721008857e-012 $3400 0.78524597916093564 $4752 $5231 forward @7 unknown T -28.46627659266786 48.269997577312125 0.079997577311779977 -28.35313466230205 48.270002422687881 0.1268653376984156 2.4226878746204533e-006 #
pcurve $-1 -1 -1 $-1 0 forward { exppc nubs 1 open 2 
	-0.78524597917537442 1 -0 1 
	-2.8049999999999962 -2.3561944901766427 
	-2.8049999999999962 -3.1415926535897931 
	0.001 
	-1 
	cone -28.466274169979997 48.718800000000002 0.23999999999999999 0 -1 0 0 0 0.16 1 I I -0 1 0.16 reversed I I I I 
	} 0 0 #
coedge $-1 -1 -1 $-1 $5232 $4253 $4258 $4766 forward $4683 $-1 #
coedge $-1 -1 -1 $-1 $4253 $5232 $4819 $4308 forward $4683 $-1 #
named_attribute-st-attrib $-1 -1 $5233 $-1 $4254 1 1 1 1 1 1 1 1 1 1 1 1 1 1 0 1 1 1 @3 eif #
straight-curve $-1 -1 -1 $-1 -28.353137084989207 48.270000000000017 0.12686291501050914 0 1 0 F 0 F 0.43999999999998618 #
coedge $-1 -1 -1 $-1 $4744 $4255 $4746 $5220 reversed $340 $-1 #
coedge $-1 -1 -1 $-1 $4255 $4299 $4293 $4803 reversed $340 $-1 #
named_attribute-st-attrib $-1 -1 $5234 $-1 $4256 1 1 1 1 1 1 1 1 1 1 1 1 1 1 0 1 1 1 @3 eif #
straight-curve $-1 -1 -1 $-1 -28.466274169979965 48.710000000000001 0.079999999999999988 0 -1 0 F 0 F 0.43999999999998618 #
tcoedge-coedge $-1 -1 -1 $-1 $5235 $4257 $5236 $5237 reversed $4259 $5238 -0.78524597922986672 -1.7377507900159085e-011 F #
edge $5239 -1 -1 $-1 $4349 3.5693670241698783e-014 $4262 0.080000000000037028 $4257 $5240 forward @7 unknown T -28.467012493379599 48.709261676600448 0.079274121510437029 -28.465535846580494 48.710738323399553 0.16073832339953861 #
tcoedge-coedge $-1 -1 -1 $-1 $4258 $5241 $5033 $5242 reversed $4259 $5243 -0.78524597929729423 -0 F #
edge $5244 -1 -1 $-1 $3818 7.3598084000930888e-017 $3812 0.11272077938119879 $4258 $5245 forward @7 unknown T -28.353137084991086 48.709999999995759 0.12686291500907154 -28.273431457501015 48.710000000004328 0.20656854249924689 #
coedge $-1 -1 -1 $-1 $5246 $5247 $5248 $5249 reversed $4259 $-1 #
face $5250 -1 -1 $-1 $5251 $4259 $5 $-1 $5252 reversed double out T -28.467012493379599 48.709261676600448 0.079274121510437029 -27.479999999997098 48.710738323399553 0.31000254343445804 F #
integer_attrib-name_attrib-gen-attrib $-1 -1 $-1 $4261 $3795 2 1 1 1 1 1 1 1 1 1 1 1 1 1 0 1 1 1 @3 pid 7227 #
integer_attrib-name_attrib-gen-attrib $-1 -1 $-1 $-1 $4262 2 1 1 1 1 1 1 1 1 1 1 1 1 1 0 1 1 1 @3 pid 2834 #
edge $5253 -1 -1 $-1 $4349 0 $4262 0.08000000000000132 $4798 $5254 forward @7 unknown T -28.467012493379599 48.709261676600448 0.079274121510437029 -28.465535846580494 48.710738323399553 0.16073832339953861 #
point $-1 -1 -1 $-1 -28.466274169980046 48.710000000000001 0.079999999999985597 #
coedge $-1 -1 -1 $-1 $4264 $5255 $4271 $4784 forward $340 $-1 #
named_attribute-st-attrib $-1 -1 $5256 $-1 $4265 1 1 1 1 1 1 1 1 1 1 1 1 1 1 0 1 1 1 @3 eif #
straight-curve $-1 -1 -1 $-1 -28.549999999999997 48.789999999999999 0.079999999999999988 0 1 0 F 0 F 0.1949999999999994 #
coedge $-1 -1 -1 $-1 $4267 $4266 $-1 $5257 forward $4201 $-1 #
pcurve $-1 -1 -1 $-1 0 forward { exppc nubs 1 open 2 
	0 1 0.97222861819710205 1 
	-0.029800599532748898 1.5707963267948966 
	-0.029800599532748898 0.0003332675889885624 
	0.001 
	-1 
	cone -28.469999999999999 48.789999999999999 0.16238404796261988 0 0 -1 0 -0.079999999999999627 0 1 I I 0 -1 0.079999999999999627 reversed I I I I 
	} 0 0 #
edge $5258 -1 -1 $-1 $5259 0 $4269 1.5707963267948744 $4267 $5260 forward @7 unknown T -28.550000000000001 48.710000000000001 0.079999999999999363 -28.469999999999999 48.790000000000006 0.079999999999999766 #
integer_attrib-name_attrib-gen-attrib $-1 -1 $-1 $4268 $3799 2 1 1 1 1 1 1 1 1 1 1 1 1 1 0 1 1 1 @3 pid 7225 #
integer_attrib-name_attrib-gen-attrib $-1 -1 $-1 $-1 $4269 2 1 1 1 1 1 1 1 1 1 1 1 1 1 0 1 1 1 @3 pid 2835 #
edge $5261 -1 -1 $-1 $5259 0 $4269 1.5707963267948744 $4859 $5262 forward @7 unknown T -28.550000000000001 48.710000000000001 0.079999999999999363 -28.469999999999999 48.790000000000006 0.079999999999999766 #
point $-1 -1 -1 $-1 -28.549999999999997 48.790000000000006 0.079999999999999363 #
coedge $-1 -1 -1 $-1 $4272 $4271 $5158 $5263 reversed $4273 $-1 #
edge $5264 -1 -1 $-1 $5265 0 $4275 0.26999999999999957 $4271 $5266 forward @7 unknown T -28.82 48.984999999999999 0.07999999999999903 -28.549999999999997 48.985000000000177 0.079999999999999988 #
face $5267 -1 -1 $-1 $5268 $4273 $5 $-1 $5269 reversed double out T -28.82 48.984999999999999 0.079999999999999016 -28.549999999999997 48.985000000000177 0.15999999999999998 F #
integer_attrib-name_attrib-gen-attrib $-1 -1 $-1 $4274 $3801 2 1 1 1 1 1 1 1 1 1 1 1 1 1 0 1 1 1 @3 pid 7226 #
integer_attrib-name_attrib-gen-attrib $-1 -1 $-1 $-1 $4275 2 1 1 1 1 1 1 1 1 1 1 1 1 1 0 1 1 1 @3 pid 3910 #
point $-1 -1 -1 $-1 -28.549999999999997 48.984999999999999 0.07999999999999903 #
named_attribute-st-attrib $-1 -1 $5270 $-1 $4277 1 1 1 1 1 1 1 1 1 1 1 1 1 1 0 1 1 1 @3 eif #
vertex $5271 -1 -1 $-1 $4277 $5272 #
straight-curve $-1 -1 -1 $-1 -28.82 48.984999999999999 0.15999999999999998 1 0 0 F 0 F 0.27000000000000135 #
coedge $-1 -1 -1 $-1 $4278 $5273 $5035 $5274 reversed $3754 $-1 #
edge $5275 -1 -1 $-1 $4795 0.97222861819710205 $4349 0.99997722429075764 $4278 $5276 forward @7 unknown T -28.470681462767665 48.708691385326972 0.15926167660043525 -28.465535846580494 48.710738323399553 0.16073832339953861 #
named_attribute-st-attrib $-1 -1 $5277 $-1 $4279 1 1 1 1 1 1 1 1 1 1 1 1 1 1 0 1 1 1 @3 eif #
tvertex-vertex $5278 -1 -1 $-1 $-1 $5279 0.00065458339211876262 #
intcurve-curve $-1 -1 -1 $-1 forward { exactcur full nubs 3 open 5 
	0 3 0.24188065376802104 1 0.4853267315515668 1 0.72878446986295964 1 1 3 
	-28.550000000000001 48.789999999999999 0.15999999999999998 
	-28.549846191965294 48.77905421594577 0.15999999999999998 
	-28.54589567727864 48.758862574716431 0.15999999999999998 
	-28.528100928780724 48.73185343360926 0.15999999999999998 
	-28.499988730021482 48.713536129987759 0.15999999999999998 
	-28.478596523705278 48.709313115028706 0.16 
	-28.466274169979997 48.709261670120235 0.15999999999999998 
	0 
	null_surface 
	null_surface 
	nullbs 
	nullbs 
	-1 
	-1 
	I I 
	0 
	0 
	3 0.24188065376802104 0.4853267315515668 0.72878446986295964 
	
	-1 
	none F F 1 F 0 } I I #
vertedge-sys-attrib $-1 -1 $-1 $4284 $3806 1 1 1 1 1 1 1 1 1 1 1 1 0 1 0 1 1 1 4 $3858 $4279 $-1 $-1 #
coedge $-1 -1 -1 $-1 $4286 $4927 $-1 $4771 forward $2847 $-1 #
integer_attrib-name_attrib-gen-attrib $-1 -1 $-1 $4287 $3809 2 1 1 1 1 1 1 1 1 1 1 1 1 1 0 1 1 1 @3 pid 7220 #
named_attribute-st-attrib $-1 -1 $5280 $-1 $4289 1 1 1 1 1 1 1 1 1 1 1 1 1 1 0 1 1 1 @3 eif #
ellipse-curve $-1 -1 -1 $-1 -28.216862989859024 48.710000000000001 0.15000018070151416 0 1 0 -0.056568467645947251 0 0.056568361793351729 1 F 0 F 0.78540003462755281 #
vertedge-sys-attrib $-1 -1 $-1 $4291 $3812 1 1 1 1 1 1 1 1 1 1 1 1 0 1 0 1 1 1 4 $3809 $5281 $-1 $-1 #
edge $5282 -1 -1 $-1 $4262 9.2370555648813024e-014 $4302 0.44000000000018336 $4293 $5283 forward @7 unknown T -28.467000048469593 48.269999999999484 0.079274121510437029 -28.465548291490499 48.710725878489548 0.080725878489534164 #
named_attribute-st-attrib $-1 -1 $5284 $-1 $4294 1 1 1 1 1 1 1 1 1 1 1 1 1 1 0 1 1 1 @3 eif #
ellipse-curve $-1 -1 -1 $-1 -28.466274020282135 48.710000000000001 0.23999963859768766 0 -1 0 -1.4969790917973569e-007 -0 -0.15999963859770205 1 F 0 F 0.78540003462502672 #
integer_attrib-name_attrib-gen-attrib $-1 -1 $5285 $-1 $4295 2 0 0 1 1 1 1 1 1 1 1 1 1 1 0 1 1 1 @3 fif 0 #
cone-surface $-1 -1 -1 $-1 -28.466274169979997 48.750369963685998 0.23999999999999999 0 -1 0 0 0 0.16 1 I I -0 1 0.16 reversed I I I I #
integer_attrib-name_attrib-gen-attrib $-1 -1 $-1 $4297 $3818 2 1 1 1 1 1 1 1 1 1 1 1 1 1 0 1 1 1 @3 pid 3909 #
coedge $-1 -1 -1 $-1 $4299 $4321 $4323 $4838 forward $340 $-1 #
named_attribute-st-attrib $-1 -1 $5286 $-1 $4300 1 1 1 1 1 1 1 1 1 1 1 1 1 1 0 1 1 1 @3 eif #
straight-curve $-1 -1 -1 $-1 -28.68685827298858 48.270000000000003 0.079999999999999988 1 0 0 F -2.3210025847930638e-006 F 0.22058410300859421 #
integer_attrib-name_attrib-gen-attrib $-1 -1 $-1 $4301 $3821 2 1 1 1 1 1 1 1 1 1 1 1 1 1 0 1 1 1 @3 pid 5881 #
vertedge-sys-attrib $-1 -1 $5287 $-1 $4302 1 1 1 1 1 1 1 1 1 1 1 1 0 1 0 1 1 1 4 $3821 $5220 $-1 $-1 #
point $-1 -1 -1 $-1 -28.466274169979986 48.270000000000003 0.079999999999997962 #
integer_attrib-name_attrib-gen-attrib $-1 -1 $-1 $4304 $3823 2 1 1 1 1 1 1 1 1 1 1 1 1 1 0 1 1 1 @3 pid 7932 #
integer_attrib-name_attrib-gen-attrib $-1 -1 $5288 $-1 $4305 2 1 1 1 1 1 1 1 1 1 1 1 1 1 0 1 1 1 @3 pid 4678 #
point $-1 -1 -1 $-1 -28.21686291501004 48.270000000000003 0.22999999999997908 #
named_attribute-st-attrib $-1 -1 $5289 $-1 $4308 1 1 1 1 1 1 1 1 1 1 1 1 1 1 0 1 1 1 @3 eif #
coedge $-1 -1 -1 $-1 $4822 $4752 $4756 $4308 reversed $4748 $-1 #
straight-curve $-1 -1 -1 $-1 -28.273431457507492 48.270000000000003 0.20656854249250098 -0.70710678118530634 -0 -0.70710678118778869 F -5.8878471451513691e-017 F 0.11272077937938568 #
named_attribute-st-attrib $-1 -1 $5290 $-1 $4310 1 1 1 1 1 1 1 1 1 1 1 1 1 1 0 1 1 1 @3 eif #
tcoedge-coedge $-1 -1 -1 $-1 $5291 $4819 $5292 $4310 forward $4748 $5293 0 0.78524597931700768 F #
ellipse-curve $-1 -1 -1 $-1 -28.216856826528968 48.270000000000003 0.14998530110138286 0 1 0 -0.056574630978841967 0 0.056583241390946851 1 F 0 F 0.78524597931700768 #
coedge $-1 -1 -1 $-1 $4315 $4925 $4311 $4825 forward $4829 $-1 #
edge $5294 -1 -1 $-1 $4932 0 $4318 0.78540003462621277 $4824 $5295 forward @7 unknown T -28.466274169980416 48.269999999994205 0.15999999999959047 -28.409705627479184 48.270000000005801 0.18343145751092291 #
named_attribute-st-attrib $-1 -1 $5296 $-1 $4313 1 1 1 1 1 1 1 1 1 1 1 1 1 1 0 1 1 1 @3 eif #
straight-curve $-1 -1 -1 $-1 -28.686862915009755 48.270000000000032 0.079999999999999988 0 0 1 F 1.263746052249104e-015 F 0.029999995690104454 #
coedge $-1 -1 -1 $-1 $4925 $4315 $4927 $5297 reversed $4829 $-1 #
loop $-1 -1 -1 $-1 $-1 $4828 $4995 T -28.467012493379599 48.269999999994205 0.15926167660043525 -28.409705627479184 48.710738323399553 0.18343145751092924 unknown #
named_attribute-st-attrib $-1 -1 $5298 $-1 $4316 1 1 1 1 1 1 1 1 1 1 1 1 1 1 0 1 1 1 @3 eif #
straight-curve $-1 -1 -1 $-1 -28.466274169979982 48.710000000000001 0.15999999999999998 0 -1 0 F 0 F 0.43999999999998618 #
integer_attrib-name_attrib-gen-attrib $-1 -1 $-1 $4317 $3834 2 1 1 1 1 1 1 1 1 1 1 1 1 1 0 1 1 1 @3 pid 5879 #
integer_attrib-name_attrib-gen-attrib $-1 -1 $5299 $-1 $4318 2 1 1 1 1 1 1 1 1 1 1 1 1 1 0 1 1 1 @3 pid 3907 #
point $-1 -1 -1 $-1 -28.466274169980014 48.27000000000001 0.15999999999999021 #
edge $5300 -1 -1 $-1 $3407 3.872457909892546e-013 $4318 0.22058874503037096 $5273 $5301 forward @7 unknown T -28.686862915010078 48.269999999999612 0.15999999999959047 -28.466274169979613 48.270000000000408 0.16000000000038994 #
named_attribute-st-attrib $-1 -1 $5302 $-1 $4322 1 1 1 1 1 1 1 1 1 1 1 1 1 1 0 1 1 1 @3 eif #
ellipse-curve $-1 -1 -1 $-1 -28.686863801869794 48.349997858161053 0.079999999999999988 0 0 -1 2.8738988795851128e-005 -0.0499978501350542 0 1 F -0.00027856573605571674 F 0.7859907193436424 #
edge $5303 -1 -1 $-1 $4326 6.3548979155447784e-007 $4750 0.030001270386316926 $4809 $5304 forward @7 unknown T -28.686865236013681 48.269997687599613 0.079985954524094585 -28.686807092171033 48.300016065400825 0.080014045475604575 #
integer_attrib-name_attrib-gen-attrib $-1 -1 $-1 $4325 $3840 2 1 1 1 1 1 1 1 1 1 1 1 1 1 0 1 1 1 @3 pid 5876 #
integer_attrib-name_attrib-gen-attrib $-1 -1 $5305 $-1 $4326 2 1 1 1 1 1 1 1 1 1 1 1 1 1 0 1 1 1 @3 pid 2831 #
point $-1 -1 -1 $-1 -28.686821137646788 48.300002019925067 0.07999999999984958 #
integer_attrib-name_attrib-gen-attrib $-1 -1 $5306 $4328 $3841 2 1 1 1 1 1 1 1 1 1 1 1 1 1 0 1 1 1 @3 pid 1724 #
integer_attrib-name_attrib-gen-attrib $-1 -1 $5307 $-1 $4329 2 0 0 1 1 1 1 1 1 1 1 1 1 1 0 1 1 1 @3 fif 0 #
plane-surface $-1 -1 -1 $-1 -28.686835061762501 48.2850006179535 0.094999995690104977 0.99999827613897929 -0.001856803454777542 0 -0.001856803454777542 -0.99999827613897929 0 forward_v I I I I #
edge $5308 -1 -1 $-1 $5309 0.00011551861953960105 $3413 0.78539816403418206 $4741 $5310 forward @7 unknown T -28.743434164284206 48.269999998214715 0.10999075853297455 -28.686862908906892 48.29343416428398 0.11000924147008931 #
named_attribute-st-attrib $-1 -1 $5311 $-1 $4332 1 1 1 1 1 1 1 1 1 1 1 1 1 1 0 1 1 1 @3 eif #
tcoedge-coedge $-1 -1 -1 $-1 $5273 $4340 $5312 $4332 reversed $3754 $5313 -0.78524597871513457 -0 F #
ellipse-curve $-1 -1 -1 $-1 -28.686856826526693 48.350014698894533 0.15999999999999998 0 0 -1 -6.0884833086305434e-006 -0.080014698894530945 0 1 F 0 F 0.78524597871513457 #
integer_attrib-name_attrib-gen-attrib $-1 -1 $-1 $4333 $3847 2 1 1 1 1 1 1 1 1 1 1 1 1 1 0 1 1 1 @3 pid 3813 #
render-rbase-attrib $-1 -1 $5314 $4338 $3423 1 1 1 1 1 1 1 1 1 1 1 1 0 1 0 1 1 1 $5315 $-1 0 2 0 -1 0 1 0 0 0 0 1 -36.899999999999999 52.719999999999999 0.079999999999999988 1 rotate no_reflect no_shear #
integer_attrib-name_attrib-gen-attrib $-1 -1 $-1 $4339 $3853 2 1 1 1 1 1 1 1 1 1 1 1 1 1 0 1 1 1 @3 pid 8018 #
coedge $-1 -1 -1 $-1 $5316 $5317 $4340 $3853 forward $5318 $-1 #
integer_attrib-name_attrib-gen-attrib $-1 -1 $-1 $4342 $3854 2 1 1 1 1 1 1 1 1 1 1 1 1 1 0 1 1 1 @3 pid 7239 #
coedge $-1 -1 -1 $-1 $4343 $4377 $5319 $5320 reversed $4379 $-1 #
coedge $-1 -1 -1 $-1 $4889 $4888 $4343 $3854 forward $4890 $-1 #
integer_attrib-name_attrib-gen-attrib $-1 -1 $-1 $4348 $3858 2 1 1 1 1 1 1 1 1 1 1 1 1 1 0 1 1 1 @3 pid 6839 #
integer_attrib-name_attrib-gen-attrib $-1 -1 $5321 $-1 $4349 2 1 1 1 1 1 1 1 1 1 1 1 1 1 0 1 1 1 @3 pid 4546 #
point $-1 -1 -1 $-1 -28.466274169980046 48.710000000000001 0.15999999999998693 #
coedge $-1 -1 -1 $-1 $5322 $4352 $-1 $4781 reversed $4861 $-1 #
coedge $-1 -1 -1 $-1 $4352 $5322 $-1 $5323 reversed $4861 $-1 #
loop $-1 -1 -1 $-1 $-1 $5322 $5268 T -28.550000000000011 48.708691385326972 0.079999999999999363 -28.469372295983426 48.79000000000002 0.16065458339211874 unknown #
named_attribute-st-attrib $-1 -1 $5324 $-1 $4353 1 1 1 1 1 1 1 1 1 1 1 1 1 1 0 1 1 1 @3 eif #
straight-curve $-1 -1 -1 $-1 -28.550000000000001 48.790000000000006 0.079999999999999363 0 0 1 F 0 F 0.08000000000001127 #
integer_attrib-name_attrib-gen-attrib $-1 -1 $5325 $-1 $4354 2 0 0 1 1 1 1 1 1 1 1 1 1 1 0 1 1 1 @3 fif 0 #
face $5326 -1 -1 $-1 $5327 $5095 $5 $-1 $5328 forward double out T -27.490000000004205 48.269999999991619 0.079999999999910185 -27.489999999995799 48.945000000000093 0.11000000000420161 F #
plane-surface $-1 -1 -1 $-1 -28.550000000000001 48.8125 0.11999999999999998 1 0 0 0 1 0 forward_v I I I I #
rgb_color-st-attrib $-1 -1 $5329 $4356 $3029 2 1 2 1 1 1 1 1 1 1 1 1 1 1 0 1 1 1 0.73000001907348633 0.40000000596046448 0 #
rh_material-rh_entity $-1 -1 4 4 @5 plain @5 color -4 1 1 1 @5 phong @14 ambient factor -2 1 @14 diffuse factor -2 0.75 @15 specular factor -2 0.5 @8 exponent -2 10 @14 specular color -4 1 1 1 @4 none @5 plain @5 color -4 0 0 0 #
rgb_color-st-attrib $-1 -1 $5330 $4357 $3433 2 1 2 1 1 1 1 1 1 1 1 1 1 1 0 1 1 1 0.73000001907348633 0.40000000596046448 0 #
rh_material-rh_entity $-1 -1 4 4 @5 plain @5 color -4 1 1 1 @5 phong @14 ambient factor -2 1 @14 diffuse factor -2 0.75 @15 specular factor -2 0.5 @8 exponent -2 10 @14 specular color -4 1 1 1 @4 none @5 plain @5 color -4 0 0 0 #
edge $5331 -1 -1 $-1 $3438 0 $3442 0.78540003459730812 $4377 $5332 forward @7 unknown T -28.790000000172071 48.367781745793046 0.079999999827947713 -28.775355338921042 48.403137085143101 0.080000000172049349 #
integer_attrib-name_attrib-gen-attrib $-1 -1 $-1 $4360 $3873 2 1 1 1 1 1 1 1 1 1 1 1 1 1 0 1 1 1 @3 pid 3811 #
rgb_color-st-attrib $-1 -1 $5333 $4363 $3035 2 1 2 1 1 1 1 1 1 1 1 1 1 1 0 1 1 1 0.73000001907348633 0.40000000596046448 0 #
rh_material-rh_entity $-1 -1 4 4 @5 plain @5 color -4 1 1 1 @5 phong @14 ambient factor -2 1 @14 diffuse factor -2 0.75 @15 specular factor -2 0.5 @8 exponent -2 10 @14 specular color -4 1 1 1 @4 none @5 plain @5 color -4 0 0 0 #
integer_attrib-name_attrib-gen-attrib $-1 -1 $-1 $4365 $3881 2 1 1 1 1 1 1 1 1 1 1 1 1 1 0 1 1 1 @3 pid 3810 #
vertedge-sys-attrib $-1 -1 $-1 $4369 $3886 1 1 1 1 1 1 1 1 1 1 1 1 0 1 0 1 1 1 4 $5334 $3873 $-1 $-1 #
render-rbase-attrib $-1 -1 $5335 $4371 $3455 1 1 1 1 1 1 1 1 1 1 1 1 0 1 0 1 1 1 $5336 $-1 0 2 0 -1 0 1 0 0 0 0 1 -36.899999999999999 52.719999999999999 0.079999999999999988 1 rotate no_reflect no_shear #
named_attribute-st-attrib $-1 -1 $5337 $-1 $4372 1 1 1 1 1 1 1 1 1 1 1 1 1 1 0 1 1 1 @3 eif #
coedge $-1 -1 -1 $-1 $5338 $5339 $5340 $4372 reversed $5341 $-1 #
straight-curve $-1 -1 -1 $-1 -28.82 48.730000000000004 0.079999999999999988 0 0 1 F 3.4694469519536142e-018 F 0.029999999999600003 #
string_attrib-name_attrib-gen-attrib $-1 -1 $-1 $4373 $2632 2 1 2 1 1 1 1 1 1 1 1 1 1 1 0 1 1 1 @15 ATTRIB_XACIS_ID @5 45472 #
rgb_color-st-attrib $-1 -1 $5342 $4375 $3051 2 1 2 1 1 1 1 1 1 1 1 1 1 1 0 1 1 1 0.73000001907348633 0.40000000596046448 0 #
rh_material-rh_entity $-1 -1 4 4 @5 plain @5 color -4 1 1 1 @5 phong @14 ambient factor -2 1 @14 diffuse factor -2 0.75 @15 specular factor -2 0.5 @8 exponent -2 10 @14 specular color -4 1 1 1 @4 none @5 plain @5 color -4 0 0 0 #
coedge $-1 -1 -1 $-1 $5343 $5344 $4377 $4871 forward $340 $-1 #
coedge $-1 -1 -1 $-1 $5345 $4378 $5346 $5347 reversed $4887 $-1 #
coedge $-1 -1 -1 $-1 $4378 $5345 $5343 $5348 reversed $4887 $-1 #
loop $-1 -1 -1 $-1 $-1 $5345 $4738 T -28.820000000065161 48.403137084798999 0.079999999827947713 -28.78999999982797 48.730000000000636 0.11000000006519779 unknown #
coedge $-1 -1 -1 $-1 $4855 $4381 $5159 $5349 reversed $4890 $-1 #
coedge $-1 -1 -1 $-1 $4381 $4855 $5316 $5350 reversed $4890 $-1 #
loop $-1 -1 -1 $-1 $-1 $4889 $5351 T -28.820001211844005 48.346567330637896 0.10999999993479646 -28.796567330637814 48.40313829681395 0.16000121184400801 unknown #
pcurve $-1 -1 -1 $-1 0 forward { exppc nubs 1 open 2 
	0 1 0.7852459785024154 1 
	-0.65480059953274938 0.78539816283174391 
	-0.65480059953274938 1.6249224188413776e-010 
	0.001 
	-1 
	cone -28.739999999999998 48.40313708499 0.10761595203737997 0 0 1 -0.080000000000000071 0 0 1 I I -0 1 0.080000000000000071 reversed I I I I 
	} 0 0 #
string_attrib-name_attrib-gen-attrib $-1 -1 $-1 $4384 $2641 2 1 2 1 1 1 1 1 1 1 1 1 1 1 0 1 1 1 @15 ATTRIB_XACIS_ID @5 41395 #
string_attrib-name_attrib-gen-attrib $-1 -1 $-1 $4388 $2665 2 1 2 1 1 1 1 1 1 1 1 1 1 1 0 1 1 1 @15 ATTRIB_XACIS_ID @5 44791 #
rgb_color-st-attrib $-1 -1 $5352 $4390 $3087 2 1 2 1 1 1 1 1 1 1 1 1 1 1 0 1 1 1 0.73000001907348633 0.40000000596046448 0 #
rh_material-rh_entity $-1 -1 4 4 @5 plain @5 color -4 1 1 1 @5 phong @14 ambient factor -2 1 @14 diffuse factor -2 0.75 @15 specular factor -2 0.5 @8 exponent -2 10 @14 specular color -4 1 1 1 @4 none @5 plain @5 color -4 0 0 0 #
coedge $-1 -1 -1 $-1 $4413 $4458 $4391 $4897 reversed $4912 $-1 #
edge $5353 -1 -1 $-1 $4416 0 $4591 0.28000000000013259 $4391 $5354 forward @7 unknown T -27.340000000000053 48.169999999999838 0.18999999999999997 -27.059999999999921 48.170000000000002 0.18999999999999997 #
integer_attrib-name_attrib-gen-attrib $-1 -1 $5355 $-1 $4392 2 0 0 1 1 1 1 1 1 1 1 1 1 1 0 1 1 1 @3 fif 0 #
plane-surface $-1 -1 -1 $-1 -27.199999999999999 48.170000000000002 0.34999999999998488 0 -1 0 1 0 0 forward_v I I I I #
integer_attrib-name_attrib-gen-attrib $-1 -1 $-1 $4394 $3922 2 1 1 1 1 1 1 1 1 1 1 1 1 1 0 1 1 1 @3 pid 7262 #
named_attribute-st-attrib $-1 -1 $5356 $-1 $4397 1 1 1 1 1 1 1 1 1 1 1 1 1 1 0 1 1 1 @3 eif #
straight-curve $-1 -1 -1 $-1 -27.339999999999957 47.920000000000002 0.10999999999999999 -1 0 0 F 0 F 0.060000000000083986 #
integer_attrib-name_attrib-gen-attrib $-1 -1 $-1 $4398 $3927 2 1 1 1 1 1 1 1 1 1 1 1 1 1 0 1 1 1 @3 pid 5907 #
integer_attrib-name_attrib-gen-attrib $-1 -1 $5357 $4400 $3928 2 1 1 1 1 1 1 1 1 1 1 1 1 1 0 1 1 1 @3 pid 1734 #
integer_attrib-name_attrib-gen-attrib $-1 -1 $-1 $4402 $3933 2 1 1 1 1 1 1 1 1 1 1 1 1 1 0 1 1 1 @3 pid 7270 #
string_attrib-name_attrib-gen-attrib $-1 -1 $-1 $4407 $2685 2 1 2 1 1 1 1 1 1 1 1 1 1 1 0 1 1 1 @15 ATTRIB_XACIS_ID @5 44570 #
rgb_color-st-attrib $-1 -1 $5358 $4409 $3105 2 1 2 1 1 1 1 1 1 1 1 1 1 1 0 1 1 1 0.73000001907348633 0.40000000596046448 0 #
rh_material-rh_entity $-1 -1 4 4 @5 plain @5 color -4 1 1 1 @5 phong @14 ambient factor -2 1 @14 diffuse factor -2 0.75 @15 specular factor -2 0.5 @8 exponent -2 10 @14 specular color -4 1 1 1 @4 none @5 plain @5 color -4 0 0 0 #
render-rbase-attrib $-1 -1 $5359 $4410 $3521 1 1 1 1 1 1 1 1 1 1 1 1 0 1 0 1 1 1 $5360 $-1 0 2 0 -1 0 1 0 0 0 0 1 -36.899999999999999 52.719999999999999 0.079999999999999988 1 rotate no_reflect no_shear #
integer_attrib-name_attrib-gen-attrib $-1 -1 $5361 $4411 $3941 2 1 1 1 1 1 1 1 1 1 1 1 1 1 0 1 1 1 @3 pid 2200 #
coedge $-1 -1 -1 $-1 $4951 $4413 $5017 $5362 forward $4912 $-1 #
loop $-1 -1 -1 $-1 $-1 $4911 $5363 T -27.400000000000269 48.119999999999905 0.18999999999973732 -27.059999999999921 48.182522729151543 0.19000000000027756 unknown #
named_attribute-st-attrib $-1 -1 $5364 $-1 $4414 1 1 1 1 1 1 1 1 1 1 1 1 1 1 0 1 1 1 @3 eif #
tvertex-vertex $5365 -1 -1 $-1 $-1 $5366 1.9772536157405675e-014 #
straight-curve $-1 -1 -1 $-1 -27.059999999999999 48.119999999999877 0.18999999999999997 0 1 0 F 0 F 0.049999999999966072 #
integer_attrib-name_attrib-gen-attrib $-1 -1 $-1 $4415 $3946 2 1 1 1 1 1 1 1 1 1 1 1 1 1 0 1 1 1 @3 pid 5909 #
integer_attrib-name_attrib-gen-attrib $-1 -1 $-1 $-1 $4416 2 1 1 1 1 1 1 1 1 1 1 1 1 1 0 1 1 1 @3 pid 3922 #
point $-1 -1 -1 $-1 -27.059999999999921 48.169999999999838 0.18999999999999997 #
render-rbase-attrib $-1 -1 $5367 $4421 $3525 1 1 1 1 1 1 1 1 1 1 1 1 0 1 0 1 1 1 $5368 $-1 0 2 0 -1 0 1 0 0 0 0 1 -36.899999999999999 52.719999999999999 0.079999999999999988 1 rotate no_reflect no_shear #
render-rbase-attrib $-1 -1 $5369 $4422 $3529 1 1 1 1 1 1 1 1 1 1 1 1 0 1 0 1 1 1 $5370 $-1 0 2 0 -1 0 1 0 0 0 0 1 -36.899999999999999 52.719999999999999 0.079999999999999988 1 rotate no_reflect no_shear #
string_attrib-name_attrib-gen-attrib $-1 -1 $-1 $4425 $2706 2 1 2 1 1 1 1 1 1 1 1 1 1 1 0 1 1 1 @15 ATTRIB_XACIS_ID @5 44211 #
rgb_color-st-attrib $-1 -1 $5371 $4427 $3128 2 1 2 1 1 1 1 1 1 1 1 1 1 1 0 1 1 1 0.73000001907348633 0.40000000596046448 0 #
rh_material-rh_entity $-1 -1 4 4 @5 plain @5 color -4 1 1 1 @5 phong @14 ambient factor -2 1 @14 diffuse factor -2 0.75 @15 specular factor -2 0.5 @8 exponent -2 10 @14 specular color -4 1 1 1 @4 none @5 plain @5 color -4 0 0 0 #
render-rbase-attrib $-1 -1 $5372 $4428 $3535 1 1 1 1 1 1 1 1 1 1 1 1 0 1 0 1 1 1 $5373 $-1 0 2 0 -1 0 1 0 0 0 0 1 -36.899999999999999 52.719999999999999 0.079999999999999988 1 rotate no_reflect no_shear #
coedge $-1 -1 -1 $-1 $4824 $4828 $4430 $4926 reversed $4829 $-1 #
edge $5374 -1 -1 $-1 $4932 0 $4929 0.43999999999998352 $4925 $5375 forward @7 tangent T -28.409705627490816 48.269999999994205 0.18343145749929954 -28.409705627479184 48.710000000005813 0.18343145751092924 #
coedge $-1 -1 -1 $-1 $4798 $4431 $4828 $5297 forward $2847 $-1 #
named_attribute-st-attrib $-1 -1 $5376 $-1 $4432 1 1 1 1 1 1 1 1 1 1 1 1 1 1 0 1 1 1 @3 eif #
tvertex-vertex $5377 -1 -1 $-1 $-1 $5378 5.814861544468622e-012 #
straight-curve $-1 -1 -1 $-1 -28.330000000000318 48.710000000000001 0.26313708499019439 -0.70710678118670123 -0 -0.70710678118639381 F -1.5700924596008859e-016 F 0.11272077938659197 #
named_attribute-st-attrib $-1 -1 $5379 $-1 $4434 1 1 1 1 1 1 1 1 1 1 1 1 1 1 0 1 1 1 @3 eif #
tvertex-vertex $5380 -1 -1 $-1 $-1 $5381 5.7963411875269143e-012 #
straight-curve $-1 -1 -1 $-1 -28.330000000000322 48.270000000000003 0.26313708499018917 -0.70710678118670389 -0 -0.70710678118639125 F -1.7663540169406818e-016 F 0.11272077938657603 #
integer_attrib-name_attrib-gen-attrib $-1 -1 $-1 $4435 $3966 2 1 1 1 1 1 1 1 1 1 1 1 1 1 0 1 1 1 @3 pid 7882 #
integer_attrib-name_attrib-gen-attrib $-1 -1 $5382 $-1 $4436 2 1 1 1 1 1 1 1 1 1 1 1 1 1 0 1 1 1 @3 pid 4973 #
point $-1 -1 -1 $-1 -28.329999999999973 48.270000000000003 0.26313708498984367 #
rgb_color-st-attrib $-1 -1 $5383 $4439 $3133 2 1 2 1 1 1 1 1 1 1 1 1 1 1 0 1 1 1 0.73000001907348633 0.40000000596046448 0 #
rh_material-rh_entity $-1 -1 4 4 @5 plain @5 color -4 1 1 1 @5 phong @14 ambient factor -2 1 @14 diffuse factor -2 0.75 @15 specular factor -2 0.5 @8 exponent -2 10 @14 specular color -4 1 1 1 @4 none @5 plain @5 color -4 0 0 0 #
string_attrib-name_attrib-gen-attrib $-1 -1 $-1 $4446 $2749 2 1 2 1 1 1 1 1 1 1 1 1 1 1 0 1 1 1 @15 ATTRIB_XACIS_ID @5 43636 #
rgb_color-st-attrib $-1 -1 $5384 $4448 $3163 2 1 2 1 1 1 1 1 1 1 1 1 1 1 0 1 1 1 0.73000001907348633 0.40000000596046448 0 #
rh_material-rh_entity $-1 -1 4 4 @5 plain @5 color -4 1 1 1 @5 phong @14 ambient factor -2 1 @14 diffuse factor -2 0.75 @15 specular factor -2 0.5 @8 exponent -2 10 @14 specular color -4 1 1 1 @4 none @5 plain @5 color -4 0 0 0 #
render-rbase-attrib $-1 -1 $5385 $4449 $3575 1 1 1 1 1 1 1 1 1 1 1 1 0 1 0 1 1 1 $5386 $-1 0 2 0 -1 0 1 0 0 0 0 1 -36.899999999999999 52.719999999999999 0.079999999999999988 1 rotate no_reflect no_shear #
integer_attrib-name_attrib-gen-attrib $-1 -1 $5387 $4450 $3992 2 1 1 1 1 1 1 1 1 1 1 1 1 1 0 1 1 1 @3 pid 2021 #
coedge $-1 -1 -1 $-1 $4453 $4972 $4970 $5388 forward $3993 $-1 #
coedge $-1 -1 -1 $-1 $5389 $4604 $4453 $4946 reversed $5095 $-1 #
edge $5390 -1 -1 $-1 $5391 0 $4609 0.23500000000006116 $4945 $5392 forward @7 unknown T -27.490000000000002 48.710000000000029 0.10999999999999999 -27.489999999999998 48.945000000000093 0.10999999999999999 #
coedge $-1 -1 -1 $-1 $4575 $4454 $4577 $5075 forward $3576 $-1 #
edge $5393 -1 -1 $-1 $4465 0.00065413498063726649 $5065 0.060964811158688903 $4454 $5394 forward @7 unknown T -27.541850454240176 48.269509376110662 0.18931563127266085 -27.480855409332662 48.270878113565345 0.19068436872733915 #
named_attribute-st-attrib $-1 -1 $5395 $-1 $4455 1 1 1 1 1 1 1 1 1 1 1 1 1 1 0 1 1 1 @3 eif #
intcurve-curve $-1 -1 -1 $-1 forward { exactcur full nubs 3 open 4 
	0 3 0.33265710770507123 1 0.66694731660916495 1 1 3 
	-27.481430612867037 48.27003180763495 0.19 
	-27.483319313123797 48.275380951137457 0.19 
	-27.486480323033845 48.286234846975866 0.18999999999999997 
	-27.489360079176492 48.303026976108008 0.19 
	-27.489997948411798 48.314320465642119 0.19 
	-27.489999999999785 48.319999999999908 0.19 
	0 
	null_surface 
	null_surface 
	nullbs 
	nullbs 
	-1 
	-1 
	I I 
	0 
	0 
	2 0.33265710770507123 0.66694731660916495 
	
	-1 
	none F F 1 F 0 } F 0.0036943536346243093 F 1 #
coedge $-1 -1 -1 $-1 $4458 $4911 $5396 $5397 forward $4912 $-1 #
named_attribute-st-attrib $-1 -1 $5398 $-1 $4459 1 1 1 1 1 1 1 1 1 1 1 1 1 1 0 1 1 1 @3 eif #
ellipse-curve $-1 -1 -1 $-1 -27.339999747293078 48.320001210792213 0.18999999999999997 0 0 -1 -2.5270697356916116e-007 -0.15000121079237427 0 1 F 0 F 0.41151347666706151 #
coedge $-1 -1 -1 $-1 $5396 $5399 $4460 $4955 reversed $5400 $-1 #
edge $5401 -1 -1 $-1 $4466 0 $5402 0.0074772708487813588 $4460 $5403 forward @7 unknown T -27.400000000000269 48.182522729151003 0.18999999999973732 -27.399999999999729 48.190000000000367 0.19000000000027756 #
tcoedge-coedge $-1 -1 -1 $-1 $5404 $5405 $4461 $4957 reversed $5406 $5407 -1 -0 F #
tedge-edge $5408 -1 -1 $-1 $5402 0 $4465 1 $4956 $5409 forward @7 unknown T -27.482224146787338 48.189791524443599 0.18931563127266085 -27.3997915244436 48.270878113565345 0.19068436872733915 0.0002084755563979533 #
pcurve $-1 -1 -1 $-1 0 forward { exppc nubs 3 open 5 
	0 3 0.2444287048375807 1 0.49816039799748535 1 0.75280146514016744 1 1 3 
	0.036358236994500359 0.040769889029999007 
	0.025490379124797791 0.040623139609831327 
	0.0051129025226908098 0.036681447954212132 
	-0.022244757357639422 0.018504237753633745 
	-0.0400493788865246 -0.00921559014006057 
	-0.043802871543848099 -0.029783712514632299 
	-0.043835507843501098 -0.04076988903000256 
	0 
	0 
	plane -27.440769889029998 48.2263582369945 0.19 0 0 1 0 -1 0 forward_v I I I I 
	} 0 0 #
integer_attrib-name_attrib-gen-attrib $-1 -1 $-1 $4464 $3999 2 1 1 1 1 1 1 1 1 1 1 1 1 1 0 1 1 1 @3 pid 6828 #
integer_attrib-name_attrib-gen-attrib $-1 -1 $-1 $-1 $4465 2 1 1 1 1 1 1 1 1 1 1 1 1 1 0 1 1 1 @3 pid 4540 #
point $-1 -1 -1 $-1 -27.48153977806 48.270193744838004 0.19 #
integer_attrib-name_attrib-gen-attrib $-1 -1 $-1 $-1 $4466 2 1 1 1 1 1 1 1 1 1 1 1 1 1 0 1 1 1 @3 pid 4539 #
point $-1 -1 -1 $-1 -27.399999999999999 48.182522729151273 0.19000000000000744 #
named_attribute-st-attrib $-1 -1 $5410 $-1 $4468 1 1 1 1 1 1 1 1 1 1 1 1 1 1 0 1 1 1 @3 eif #
straight-curve $-1 -1 -1 $-1 -27.399999999999928 48.945 0.19 -1 0 0 F 0 F 0.090000000000067359 #
coedge $-1 -1 -1 $-1 $4470 $4469 $4607 $5101 reversed $4451 $-1 #
integer_attrib-name_attrib-gen-attrib $-1 -1 $-1 $4471 $4003 2 1 1 1 1 1 1 1 1 1 1 1 1 1 0 1 1 1 @3 pid 6826 #
integer_attrib-name_attrib-gen-attrib $-1 -1 $5411 $-1 $4472 2 1 1 1 1 1 1 1 1 1 1 1 1 1 0 1 1 1 @3 pid 3468 #
point $-1 -1 -1 $-1 -27.399999999999963 48.945000000000036 0.19000000000000869 #
coedge $-1 -1 -1 $-1 $4474 $5412 $4944 $5388 reversed $2847 $-1 #
integer_attrib-name_attrib-gen-attrib $-1 -1 $-1 $4475 $4005 2 1 1 1 1 1 1 1 1 1 1 1 1 1 0 1 1 1 @3 pid 6827 #
tcoedge-coedge $-1 -1 -1 $-1 $4944 $4607 $4477 $4973 forward $3993 $5413 0 1 F #
tedge-edge $5414 -1 -1 $-1 $4979 0 $4976 1 $4477 $5415 forward @7 unknown T -27.480048311239972 48.709951688760107 0.10995168876010376 -27.399951688760101 48.790048311240845 0.11004831123989631 4.831123989621788e-005 #
pcurve $-1 -1 -1 $-1 0 forward { exppc nubs 1 open 2 
	-1 1 -0 1 
	-1.5046245460737486 1.5707963267948966 
	-1.5046245460737486 -1.1862733018119785e-011 
	0.001 
	-1 
	cone -27.479999999999997 48.789999999999999 0.23036996368589999 0 0 -1 0.080000000000000071 0 0 1 I I -0 1 0.080000000000000071 reversed I I I I 
	} 0 0 #
named_attribute-st-attrib $-1 -1 $5416 $-1 $4478 1 1 1 1 1 1 1 1 1 1 1 1 1 1 0 1 1 1 @3 eif #
tvertex-vertex $5417 -1 -1 $-1 $-1 $5418 2.9763779890220389e-012 #
straight-curve $-1 -1 -1 $-1 -27.480000000000008 48.710000000000001 0.10999999999999936 0 0 1 F 0 F 0.08000000000001127 #
named_attribute-st-attrib $-1 -1 $5419 $-1 $4479 1 1 1 1 1 1 1 1 1 1 1 1 1 1 0 1 1 1 @3 eif #
tvertex-vertex $5420 -1 -1 $-1 $-1 $5421 9.4945401166634497e-013 #
straight-curve $-1 -1 -1 $-1 -27.399999999999999 48.789999999999999 0.19000000000001063 0 0 -1 F 0 F 0.08000000000001127 #
vertedge-sys-attrib $-1 -1 $-1 $4481 $4011 1 1 1 1 1 1 1 1 1 1 1 1 0 1 0 1 1 1 4 $5422 $4005 $-1 $-1 #
vertedge-sys-attrib $-1 -1 $-1 $4483 $4012 1 1 1 1 1 1 1 1 1 1 1 1 0 1 0 1 1 1 4 $5423 $4003 $-1 $-1 #
integer_attrib-name_attrib-gen-attrib $-1 -1 $-1 $4485 $4015 2 1 1 1 1 1 1 1 1 1 1 1 1 1 0 1 1 1 @3 pid 6820 #
integer_attrib-name_attrib-gen-attrib $-1 -1 $5424 $-1 $4486 2 1 1 1 1 1 1 1 1 1 1 1 1 1 0 1 1 1 @3 pid 4533 #
point $-1 -1 -1 $-1 -28.216862915010115 48.710000000000051 0.31000000000006117 #
integer_attrib-name_attrib-gen-attrib $-1 -1 $-1 $4489 $4017 2 1 1 1 1 1 1 1 1 1 1 1 1 1 0 1 1 1 @3 pid 4532 #
edge $5425 -1 -1 $-1 $3588 4.7961634663806763e-013 $4017 0.026862915009957078 $5224 $5426 forward @7 unknown T -28.216862915010555 48.269999999999534 0.30999999999951194 -28.189999999999646 48.270000000000636 0.31000000000049305 #
edge $5427 -1 -1 $-1 $3588 0 $3762 0.079999999999959909 $5108 $5428 forward @7 tangent T -28.190000000000627 48.269999999999655 0.22999999999960202 -28.189999999999642 48.270000000000636 0.31000000000049305 #
string_attrib-name_attrib-gen-attrib $-1 -1 $-1 $4493 $2755 2 1 2 1 1 1 1 1 1 1 1 1 1 1 0 1 1 1 @15 ATTRIB_XACIS_ID @5 42274 #
rgb_color-st-attrib $-1 -1 $5429 $4495 $3173 2 1 2 1 1 1 1 1 1 1 1 1 1 1 0 1 1 1 0.73000001907348633 0.40000000596046448 0 #
rh_material-rh_entity $-1 -1 4 4 @5 plain @5 color -4 1 1 1 @5 phong @14 ambient factor -2 1 @14 diffuse factor -2 0.75 @15 specular factor -2 0.5 @8 exponent -2 10 @14 specular color -4 1 1 1 @4 none @5 plain @5 color -4 0 0 0 #
render-rbase-attrib $-1 -1 $5430 $4496 $3594 1 1 1 1 1 1 1 1 1 1 1 1 0 1 0 1 1 1 $5431 $-1 0 2 0 -1 0 1 0 0 0 0 1 -36.899999999999999 52.719999999999999 0.079999999999999988 1 rotate no_reflect no_shear #
integer_attrib-name_attrib-gen-attrib $-1 -1 $5432 $4497 $4027 2 1 1 1 1 1 1 1 1 1 1 1 1 1 0 1 1 1 @3 pid 2605 #
integer_attrib-name_attrib-gen-attrib $-1 -1 $5433 $-1 $4498 2 0 0 1 1 1 1 1 1 1 1 1 1 1 0 1 1 1 @3 fif 0 #
face $5434 -1 -1 $-1 $2167 $4829 $5 $-1 $5435 forward double out T -28.467012493379599 48.269999999994205 0.15926167660043525 -28.409705627479184 48.710738323399553 0.18343145751092924 F #
cone-surface $-1 -1 -1 $-1 -27.541850454237998 48.718800000000002 0.23999999999999999 0 -1 0 0.043301270189000832 0 0.025000000000000678 1 I I -0 1 0.049999999999808857 reversed I I I I #
named_attribute-st-attrib $-1 -1 $5436 $-1 $4502 1 1 1 1 1 1 1 1 1 1 1 1 1 1 0 1 1 1 @3 eif #
straight-curve $-1 -1 -1 $-1 -28.330000000000421 48.269999999999911 0.26313708499008992 0 1 2.5232341468743043e-016 F -8.3221183742341771e-029 F 0.44000000000018336 #
integer_attrib-name_attrib-gen-attrib $-1 -1 $-1 $4503 $4032 2 1 1 1 1 1 1 1 1 1 1 1 1 1 0 1 1 1 @3 pid 7881 #
integer_attrib-name_attrib-gen-attrib $-1 -1 $5437 $-1 $4504 2 1 1 1 1 1 1 1 1 1 1 1 1 1 0 1 1 1 @3 pid 4972 #
point $-1 -1 -1 $-1 -28.330000000000002 48.710000000000051 0.26313708498977506 #
coedge $-1 -1 -1 $-1 $5109 $5171 $4509 $5003 reversed $5050 $-1 #
edge $5438 -1 -1 $-1 $2498 0 $2345 0.087519231907424277 $4509 $5439 forward @7 unknown T -28.110000000000348 48.102480768092711 0.30999999999943262 -28.109999999999211 48.190000000001085 0.31000000000056738 #
pcurve $-1 -1 -1 $-1 0 forward { exppc nubs 1 open 2 
	-0.6556642221821477 1 -0 1 
	-0.40187340469560967 -3.1415926535897931 
	-0.40187340469560967 -2.4858398278339937 
	0.001 
	-1 
	cone -27.984999999999999 47.939999999999998 0.22761595203739998 0 0 1 0 -0.20500000000000007 0 1 I I 0 -1 0.20500000000000007 reversed I I I I 
	} 0 0 #
face $5440 -1 -1 $-1 $5441 $4511 $5 $-1 $5442 forward double out T -28.216862915010623 48.102479264750762 0.30999849665780588 -27.715055534989645 48.710000000005017 0.31000150334219412 F #
coedge $-1 -1 -1 $-1 $4604 $5443 $4513 $5007 reversed $5095 $-1 #
edge $5444 -1 -1 $-1 $5097 -4.4408920985006262e-016 $5013 0.67500000000017746 $5006 $5445 forward @7 unknown T -27.490000000000087 48.269999999999911 0.079999999999910185 -27.48999999999991 48.945000000000093 0.080000000000089597 #
coedge $-1 -1 -1 $-1 $5446 $4514 $5443 $5447 forward $5010 $-1 #
coedge $-1 -1 -1 $-1 $4514 $5448 $4517 $5016 forward $5010 $-1 #
loop $-1 -1 -1 $-1 $-1 $5009 $5327 T -27.49009058269915 48.119909417300853 0.079909417300847232 -27.339909417300845 48.270090582699154 0.11008157238244508 unknown #
pcurve $-1 -1 -1 $-1 0 forward { exppc nubs 1 open 2 
	0 1 1 1 
	-0.0039999999999995499 1.5707963267948966 
	-0.0039999999999995499 0 
	0.001 
	-1 
	cone -27.339999999999996 48.270000000000003 0.079400000000000054 0 0 1 -0.15000000000000036 0 0 1 I I 0 -1 0.15000000000000036 reversed I I I I 
	} 0 0 #
named_attribute-st-attrib $-1 -1 $5449 $-1 $4515 1 1 1 1 1 1 1 1 1 1 1 1 1 1 0 1 1 1 @3 eif #
tvertex-vertex $5450 -1 -1 $-1 $5447 $5451 8.9706070266642248e-014 #
intcurve-curve $-1 -1 -1 $-1 forward { exactcur full nubs 3 open 5 
	0 3 0.2458798480450918 1 0.50063558777787076 1 0.75489193752062811 1 1 3 
	-27.339999999999996 48.120000000000005 0.079999999999999988 
	-27.360230128681046 48.120274346849996 0.079999999999999988 
	-27.398171241623345 48.127575045097245 0.079999999999999988 
	-27.44909611184552 48.161069918183308 0.079999999999999988 
	-27.482468924650156 48.211987846500513 0.079999999999999988 
	-27.489729248971443 48.2498391996564 0.079999999999999988 
	-27.489999999999998 48.270000000000003 0.079999999999999988 
	0 
	null_surface 
	null_surface 
	nullbs 
	nullbs 
	-1 
	-1 
	I I 
	0 
	0 
	3 0.2458798480450918 0.50063558777787076 0.75489193752062811 
	
	-1 
	none F F 1 F 0 } I I #
coedge $-1 -1 -1 $-1 $5452 $4517 $5453 $5454 reversed $4519 $-1 #
edge $5455 -1 -1 $-1 $5456 0 $4521 0.029999999999999232 $5009 $5457 forward @7 tangent T -27.340000000000067 48.119999999999962 0.079999999999957355 -27.339999999999982 48.120000000000047 0.10999999999999999 #
coedge $-1 -1 -1 $-1 $4518 $5452 $4911 $5362 reversed $4519 $-1 #
face $5458 -1 -1 $-1 $3525 $4519 $5 $-1 $5459 reversed double out T -27.400000000000176 48.119999999999905 0.079999999999957355 -27.05999999999991 48.120000000000104 0.19000000000009659 F #
integer_attrib-name_attrib-gen-attrib $-1 -1 $-1 $4520 $4039 2 1 1 1 1 1 1 1 1 1 1 1 1 1 0 1 1 1 @3 pid 3827 #
integer_attrib-name_attrib-gen-attrib $-1 -1 $-1 $-1 $4521 2 1 1 1 1 1 1 1 1 1 1 1 1 1 0 1 1 1 @3 pid 2843 #
point $-1 -1 -1 $-1 -27.340000000000025 48.120000000000005 0.079999999999999988 #
named_attribute-st-attrib $-1 -1 $5460 $-1 $4523 1 1 1 1 1 1 1 1 1 1 1 1 1 1 0 1 1 1 @3 eif #
straight-curve $-1 -1 -1 $-1 -27.059999999999999 48.120000000000005 0.079999999999999988 0 0 1 F 6.9388939039072284e-018 F 0.11 #
integer_attrib-name_attrib-gen-attrib $-1 -1 $-1 $4527 $4048 2 1 1 1 1 1 1 1 1 1 1 1 1 1 0 1 1 1 @3 pid 5919 #
integer_attrib-name_attrib-gen-attrib $-1 -1 $-1 $4532 $4052 2 1 1 1 1 1 1 1 1 1 1 1 1 1 0 1 1 1 @3 pid 5917 #
render-rbase-attrib $-1 -1 $5461 $4534 $3609 1 1 1 1 1 1 1 1 1 1 1 1 0 1 0 1 1 1 $5462 $-1 0 2 0 -1 0 1 0 0 0 0 1 -36.899999999999999 52.719999999999999 0.079999999999999988 1 rotate no_reflect no_shear #
string_attrib-name_attrib-gen-attrib $-1 -1 $-1 $4535 $2771 2 1 2 1 1 1 1 1 1 1 1 1 1 1 0 1 1 1 @15 ATTRIB_XACIS_ID @5 42264 #
string_attrib-name_attrib-gen-attrib $-1 -1 $-1 $4538 $2798 2 1 2 1 1 1 1 1 1 1 1 1 1 1 0 1 1 1 @15 ATTRIB_XACIS_ID @5 44567 #
rgb_color-st-attrib $-1 -1 $5463 $4540 $3212 2 1 2 1 1 1 1 1 1 1 1 1 1 1 0 1 1 1 0.73000001907348633 0.40000000596046448 0 #
rh_material-rh_entity $-1 -1 4 4 @5 plain @5 color -4 1 1 1 @5 phong @14 ambient factor -2 1 @14 diffuse factor -2 0.75 @15 specular factor -2 0.5 @8 exponent -2 10 @14 specular color -4 1 1 1 @4 none @5 plain @5 color -4 0 0 0 #
render-rbase-attrib $-1 -1 $5464 $4541 $3628 1 1 1 1 1 1 1 1 1 1 1 1 0 1 0 1 1 1 $5465 $-1 0 2 0 -1 0 1 0 0 0 0 1 -36.899999999999999 52.719999999999999 0.079999999999999988 1 rotate no_reflect no_shear #
integer_attrib-name_attrib-gen-attrib $-1 -1 $5466 $4542 $4066 2 1 1 1 1 1 1 1 1 1 1 1 1 1 0 1 1 1 @3 pid 2824 #
tcoedge-coedge $-1 -1 -1 $-1 $5467 $5468 $4765 $5242 forward $4543 $5469 0 0.78524597929729423 F #
coedge $-1 -1 -1 $-1 $5236 $4545 $4563 $5059 forward $4067 $-1 #
coedge $-1 -1 -1 $-1 $4545 $5236 $4792 $5274 forward $4067 $-1 #
tcoedge-coedge $-1 -1 -1 $-1 $5221 $4564 $4545 $5037 forward $4748 $5470 0 0.78524597927156647 F #
tedge-edge $5471 -1 -1 $-1 $4932 3.2123133600337154e-011 $4318 0.78524597926703721 $4545 $5472 forward @7 unknown T -28.466275381824286 48.269998788155732 0.15999878815571827 -28.409704415640711 48.270001211844281 0.18343266935073402 1.2118442719303314e-006 #
pcurve $-1 -1 -1 $-1 0 forward { exppc nubs 1 open 2 
	-0.78524597927156647 1 -0 1 
	-5.6099999999999932 -3.1415926535897931 
	-5.6099999999999932 -2.356194490158936 
	0.001 
	-1 
	cone -28.466274169979997 48.718800000000002 0.23999999999999999 0 -1 0 0 0 0.079999999999999988 1 I I 0 -1 0.079999999999999988 reversed I I I I 
	} 0 0 #
coedge $-1 -1 -1 $-1 $4717 $5473 $4546 $5040 forward $5186 $-1 #
edge $5474 -1 -1 $-1 $5475 0 $4721 0.44000000000018336 $5039 $5476 forward @7 tangent T -27.654433756733816 48.269999999996074 0.17499999999562701 -27.654433756725957 48.710000000002502 0.17500000000348745 #
string_attrib-name_attrib-gen-attrib $-1 -1 $-1 $4548 $2813 2 1 2 1 1 1 1 1 1 1 1 1 1 1 0 1 1 1 @15 ATTRIB_XACIS_ID @5 44488 #
string_attrib-name_attrib-gen-attrib $-1 -1 $-1 $4550 $2821 2 1 2 1 1 1 1 1 1 1 1 1 1 1 0 1 1 1 @15 ATTRIB_XACIS_ID @5 43610 #
string_attrib-name_attrib-gen-attrib $-1 -1 $-1 $4553 $2846 2 1 2 1 1 1 1 1 1 1 1 1 1 1 0 1 1 1 @15 ATTRIB_XACIS_ID @5 41322 #
rgb_color-st-attrib $-1 -1 $5477 $4555 $3243 2 1 2 1 1 1 1 1 1 1 1 1 1 1 0 1 1 1 0.93699997663497925 0.7850000262260437 0 #
rh_material-rh_entity $-1 -1 4 4 @5 plain @5 color -4 1 1 1 @5 phong @14 ambient factor -2 1 @14 diffuse factor -2 0.75 @15 specular factor -2 0.5 @8 exponent -2 10 @14 specular color -4 1 1 1 @4 none @5 plain @5 color -4 0 0 0 #
render-rbase-attrib $-1 -1 $5478 $4556 $3648 1 1 1 1 1 1 1 1 1 1 1 1 0 1 0 1 1 1 $5479 $-1 0 2 0 -1 0 1 0 0 0 0 1 -36.899999999999999 52.719999999999999 0.079999999999999988 1 rotate no_reflect no_shear #
integer_attrib-name_attrib-gen-attrib $-1 -1 $5480 $4557 $4084 2 1 1 1 1 1 1 1 1 1 1 1 1 1 0 1 1 1 @3 pid 2880 #
integer_attrib-name_attrib-gen-attrib $-1 -1 $5481 $-1 $4558 2 0 0 1 1 1 1 1 1 1 1 1 1 1 0 1 1 1 @3 fif 0 #
face $5482 -1 -1 $-1 $5225 $4622 $5 $-1 $5483 reversed double out T -28.190000000000627 48.189999999999948 0.22999999999960202 -28.109999999999211 48.270000000000636 0.31000000000056738 F #
loop $-1 -1 -1 $-1 $-1 $5002 $4558 T -28.110000000000348 48.102480768092612 0.22999999999971368 -28.109999999999211 48.190000000001085 0.31000000000056738 unknown #
plane-surface $-1 -1 -1 $-1 -28.109999999999999 48.1462403840465 0.27000000000000002 1 0 0 0 -1 0 forward_v I I I I #
tcoedge-coedge $-1 -1 -1 $-1 $5484 $5057 $5060 $5485 reversed $4559 $5486 -0.78524597916441652 -0 F #
coedge $-1 -1 -1 $-1 $5487 $4561 $5107 $5488 reversed $4085 $-1 #
coedge $-1 -1 -1 $-1 $5171 $5109 $4561 $5055 reversed $5050 $-1 #
edge $5489 -1 -1 $-1 $2577 0 $2967 0.087519231907631223 $4561 $5490 forward @7 unknown T -28.110000000000234 48.102480768092612 0.22999999999971368 -28.109999999999602 48.190000000000538 0.23000000000029458 #
coedge $-1 -1 -1 $-1 $4563 $4562 $5235 $5491 reversed $3649 $-1 #
coedge $-1 -1 -1 $-1 $5052 $5492 $4562 $5058 reversed $4559 $-1 #
edge $5493 -1 -1 $-1 $4436 8.8817841970150495e-016 $4504 0.43999999999998618 $5057 $5494 forward @7 tangent T -28.330000000004858 48.269999999995122 0.2631370849849598 -28.329999999995088 48.710000000004818 0.26313708499472754 #
edge $5495 -1 -1 $-1 $4932 0 $4929 0.43999999999998352 $5034 $5496 forward @7 tangent T -28.409705627490816 48.269999999994205 0.18343145749929954 -28.409705627479184 48.710000000005813 0.18343145751092924 #
tcoedge-coedge $-1 -1 -1 $-1 $4564 $5224 $5052 $5485 forward $4748 $5497 0 0.78524597916441652 F #
named_attribute-st-attrib $-1 -1 $5498 $-1 $4565 1 1 1 1 1 1 1 1 1 1 1 1 1 1 0 1 1 1 @3 eif #
straight-curve $-1 -1 -1 $-1 -28.409705627479852 48.270000000000003 0.18343145750485229 0.70710678118569481 0 0.70710678118740034 F 1.8644848297114597e-016 F 0.11272077937968994 #
tcoedge-coedge $-1 -1 -1 $-1 $5182 $4566 $5405 $5499 forward $3244 $5500 -7.2433692583048447e-006 0.080004893737205665 F #
named_attribute-st-attrib $-1 -1 $5501 $-1 $4568 1 1 1 1 1 1 1 1 1 1 1 1 1 1 0 1 1 1 @3 eif #
tvertex-vertex $5502 -1 -1 $-1 $-1 $5503 2.1251722095498628e-012 #
ellipse-curve $-1 -1 -1 $-1 -27.541852023041688 48.270000000000003 0.23999728275268684 0 1 0 1.5688034888938773e-006 0 -0.049997282752697575 1 F 0 F 1.0472603067469759 #
integer_attrib-name_attrib-gen-attrib $-1 -1 $-1 $4569 $4090 2 1 1 1 1 1 1 1 1 1 1 1 1 1 0 1 1 1 @3 pid 8182 #
integer_attrib-name_attrib-gen-attrib $-1 -1 $5504 $-1 $4570 2 1 1 1 1 1 1 1 1 1 1 1 1 1 0 1 1 1 @3 pid 4977 #
point $-1 -1 -1 $-1 -27.585151724427206 48.270000000000003 0.21500000000013897 #
integer_attrib-name_attrib-gen-attrib $-1 -1 $5505 $-1 $4571 2 1 1 1 1 1 1 1 1 1 1 1 1 1 0 1 1 1 @3 pid 4975 #
point $-1 -1 -1 $-1 -27.602472232502983 48.269999999999953 0.24499999999994901 #
integer_attrib-name_attrib-gen-attrib $-1 -1 $-1 $4573 $4092 2 1 1 1 1 1 1 1 1 1 1 1 1 1 0 1 1 1 @3 pid 7886 #
named_attribute-st-attrib $-1 -1 $5506 $-1 $4576 1 1 1 1 1 1 1 1 1 1 1 1 1 1 0 1 1 1 @3 eif #
straight-curve $-1 -1 -1 $-1 -27.489999999999974 48.710000000000001 0.19 -1 0 0 F 0 F 0.051850454238071109 #
edge $5507 -1 -1 $-1 $5065 0 $4581 0.43999999999998618 $4947 $5508 forward @7 tangent T -27.541850454240201 48.269999999997886 0.18999999999796505 -27.541850454235927 48.710000000001983 0.19000000000221537 #
integer_attrib-name_attrib-gen-attrib $-1 -1 $-1 $4580 $4096 2 1 1 1 1 1 1 1 1 1 1 1 1 1 0 1 1 1 @3 pid 7895 #
vertedge-sys-attrib $-1 -1 $5509 $-1 $4581 1 1 1 1 1 1 1 1 1 1 1 1 0 1 0 1 1 1 4 $5422 $4576 $-1 $-1 #
point $-1 -1 -1 $-1 -27.541850454238215 48.710000000000001 0.19000000000001746 #
named_attribute-st-attrib $-1 -1 $5510 $-1 $4583 1 1 1 1 1 1 1 1 1 1 1 1 1 1 0 1 1 1 @3 eif #
straight-curve $-1 -1 -1 $-1 -27.585151724427369 48.710000000000001 0.21499999999954364 0 -1 -9.4621280507828807e-016 F -2.5847730699081502e-028 F 0.43999999999998618 #
named_attribute-st-attrib $-1 -1 $5511 $-1 $4584 1 1 1 1 1 1 1 1 1 1 1 1 1 1 0 1 1 1 @3 eif #
straight-curve $-1 -1 -1 $-1 -27.602472232503391 48.710000000000093 0.24499999999984484 0 -1 0 F 0 F 0.44000000000018336 #
vertedge-sys-attrib $-1 -1 $-1 $4586 $4100 1 1 1 1 1 1 1 1 1 1 1 1 0 1 0 1 1 1 4 $4583 $5512 $-1 $-1 #
vertedge-sys-attrib $-1 -1 $-1 $4588 $4101 1 1 1 1 1 1 1 1 1 1 1 1 0 1 0 1 1 1 4 $4584 $5513 $-1 $-1 #
integer_attrib-name_attrib-gen-attrib $-1 -1 $-1 $4590 $4103 2 1 1 1 1 1 1 1 1 1 1 1 1 1 0 1 1 1 @3 pid 6830 #
integer_attrib-name_attrib-gen-attrib $-1 -1 $-1 $-1 $4591 2 1 1 1 1 1 1 1 1 1 1 1 1 1 0 1 1 1 @3 pid 4541 #
point $-1 -1 -1 $-1 -27.340000000000053 48.169999999999838 0.18999999999999997 #
integer_attrib-name_attrib-gen-attrib $-1 -1 $-1 $4593 $4108 2 1 1 1 1 1 1 1 1 1 1 1 1 1 0 1 1 1 @3 pid 4872 #
string_attrib-name_attrib-gen-attrib $-1 -1 $-1 $4599 $2870 2 1 2 1 1 1 1 1 1 1 1 1 1 1 0 1 1 1 @15 ATTRIB_XACIS_ID @5 40958 #
rgb_color-st-attrib $-1 -1 $5514 $4601 $3268 2 1 2 1 1 1 1 1 1 1 1 1 1 1 0 1 1 1 0.73000001907348633 0.40000000596046448 0 #
rh_material-rh_entity $-1 -1 4 4 @5 plain @5 color -4 1 1 1 @5 phong @14 ambient factor -2 1 @14 diffuse factor -2 0.75 @15 specular factor -2 0.5 @8 exponent -2 10 @14 specular color -4 1 1 1 @4 none @5 plain @5 color -4 0 0 0 #
render-rbase-attrib $-1 -1 $5515 $4602 $3676 1 1 1 1 1 1 1 1 1 1 1 1 0 1 0 1 1 1 $5516 $-1 0 2 0 -1 0 1 0 0 0 0 1 -36.899999999999999 52.719999999999999 0.079999999999999988 1 rotate no_reflect no_shear #
coedge $-1 -1 -1 $-1 $4648 $4654 $4603 $5094 reversed $340 $-1 #
edge $5517 -1 -1 $-1 $4651 0 $4657 0.14142135623731147 $5093 $5518 forward @7 unknown T -27.700000000000145 48.944999999999858 0.079999999999999988 -27.599999999999895 49.045000000000144 0.08000000000000998 #
loop $-1 -1 -1 $-1 $-1 $5443 $4865 T -27.490000000004205 48.269999999991619 0.079999999999910185 -27.489999999995799 48.945000000000093 0.11000000000420161 unknown #
named_attribute-st-attrib $-1 -1 $5519 $-1 $4605 1 1 1 1 1 1 1 1 1 1 1 1 1 1 0 1 1 1 @3 eif #
vertex $5520 -1 -1 $-1 $4605 $5521 #
straight-curve $-1 -1 -1 $-1 -27.489999999999998 48.945 0.10999999999999999 0 0 -1 F 3.4694469519536142e-018 F 0.029999999999999999 #
named_attribute-st-attrib $-1 -1 $5522 $-1 $4606 1 1 1 1 1 1 1 1 1 1 1 1 1 1 0 1 1 1 @3 eif #
straight-curve $-1 -1 -1 $-1 -27.399999999999999 48.945 0.19000000000000744 0 0 -1 F 0 F 0.080000000000004942 #
edge $5523 -1 -1 $-1 $4610 0 $4979 0.15499999999607494 $4607 $5524 forward @7 unknown T -27.400000000002976 48.789999999999047 0.10999999999702342 -27.399999999997021 48.945000000002977 0.110000000002976 #
integer_attrib-name_attrib-gen-attrib $-1 -1 $-1 $4608 $4124 2 1 1 1 1 1 1 1 1 1 1 1 1 1 0 1 1 1 @3 pid 4873 #
integer_attrib-name_attrib-gen-attrib $-1 -1 $-1 $-1 $4609 2 1 1 1 1 1 1 1 1 1 1 1 1 1 0 1 1 1 @3 pid 3467 #
point $-1 -1 -1 $-1 -27.489999999999998 48.945000000000093 0.10999999999999999 #
integer_attrib-name_attrib-gen-attrib $-1 -1 $5525 $-1 $4610 2 1 1 1 1 1 1 1 1 1 1 1 1 1 0 1 1 1 @3 pid 3466 #
point $-1 -1 -1 $-1 -27.399999999999999 48.945 0.10999999999999971 #
coedge $-1 -1 -1 $-1 $4620 $4619 $5053 $5488 forward $4622 $-1 #
coedge $-1 -1 -1 $-1 $5224 $5291 $4619 $4988 reversed $4748 $-1 #
coedge $-1 -1 -1 $-1 $5054 $5002 $4620 $4214 reversed $5050 $-1 #
coedge $-1 -1 -1 $-1 $4621 $5526 $5224 $4987 reversed $4511 $-1 #
integer_attrib-name_attrib-gen-attrib $-1 -1 $-1 $4623 $4134 2 1 1 1 1 1 1 1 1 1 1 1 1 1 0 1 1 1 @3 pid 6821 #
vertedge-sys-attrib $-1 -1 $-1 $4627 $4137 1 1 1 1 1 1 1 1 1 1 1 1 0 1 0 1 1 1 4 $4134 $5513 $-1 $-1 #
integer_attrib-name_attrib-gen-attrib $-1 -1 $-1 $4629 $4139 2 1 1 1 1 1 1 1 1 1 1 1 1 1 0 1 1 1 @3 pid 7888 #
named_attribute-st-attrib $-1 -1 $5527 $-1 $4632 1 1 1 1 1 1 1 1 1 1 1 1 1 1 0 1 1 1 @3 eif #
coedge $-1 -1 -1 $-1 $5528 $5529 $5530 $4632 reversed $5531 $-1 #
straight-curve $-1 -1 -1 $-1 -27.715055534989972 48.270000000000003 0.31 0 1 0 F 0 F 0.43999999999998618 #
edge $5532 -1 -1 $-1 $2507 0 $2133 0.087519231907435824 $4634 $5533 forward @7 unknown T -27.860000000000387 48.102480768092612 0.30999999999969424 -27.859999999999769 48.190000000000154 0.31000000000031386 #
pcurve $-1 -1 -1 $-1 0 forward { exppc nubs 1 open 2 
	-0.65566422218299358 1 -0 1 
	-0.40187340469560967 2.4858398278337432 
	-0.40187340469560967 3.1415926535897931 
	0.001 
	-1 
	cone -27.984999999999999 47.939999999999998 0.22761595203739998 0 0 1 0 -0.20500000000000007 0 1 I I 0 -1 0.20500000000000007 reversed I I I I 
	} 0 0 #
integer_attrib-name_attrib-gen-attrib $-1 -1 $-1 $4637 $4147 2 1 1 1 1 1 1 1 1 1 1 1 1 1 0 1 1 1 @3 pid 8328 #
coedge $-1 -1 -1 $-1 $4724 $5534 $4639 $4234 reversed $5196 $-1 #
coedge $-1 -1 -1 $-1 $4730 $4640 $4644 $5127 reversed $4085 $-1 #
coedge $-1 -1 -1 $-1 $4640 $5535 $4724 $4233 reversed $4085 $-1 #
named_attribute-st-attrib $-1 -1 $5536 $-1 $4641 1 1 1 1 1 1 1 1 1 1 1 1 1 1 0 1 1 1 @3 eif #
ellipse-curve $-1 -1 -1 $-1 -27.779997732226967 48.189997732227056 0.22999999999999998 0 0 -1 -0.080002267773192415 2.2677730617814973e-006 0 1 F 0 F 1.5707396340722366 #
coedge $-1 -1 -1 $-1 $5530 $4642 $5534 $5537 forward $4511 $-1 #
coedge $-1 -1 -1 $-1 $4644 $4643 $4729 $5198 reversed $4645 $-1 #
edge $5538 -1 -1 $-1 $2593 0 $2594 0.087519231907435824 $4644 $5539 forward @7 unknown T -27.860000000000387 48.102480768092612 0.22999999999968651 -27.859999999999769 48.190000000000154 0.23000000000030529 #
face $5540 -1 -1 $-1 $5174 $4645 $5 $-1 $5541 forward double out T -27.860000000000387 48.102480768092612 0.22999999999968651 -27.859999999999769 48.190000000000154 0.31000000000031386 F #
integer_attrib-name_attrib-gen-attrib $-1 -1 $5542 $-1 $4646 2 0 0 1 1 1 1 1 1 1 1 1 1 1 0 1 1 1 @3 fif 0 #
cone-surface $-1 -1 -1 $-1 -27.780000000000001 48.189999999999998 0.31238404796259978 0 0 -1 -0.080000000000000071 0 0 1 I I -0 1 0.080000000000000071 reversed I I I I #
named_attribute-st-attrib $-1 -1 $5543 $-1 $4649 1 1 1 1 1 1 1 1 1 1 1 1 1 1 0 1 1 1 @3 eif #
straight-curve $-1 -1 -1 $-1 -27.600000000000076 48.945 0.079999999999999988 1 0 0 F 0 F 0.11000000000008292 #
integer_attrib-name_attrib-gen-attrib $-1 -1 $-1 $4650 $4158 2 1 1 1 1 1 1 1 1 1 1 1 1 1 0 1 1 1 @3 pid 4875 #
integer_attrib-name_attrib-gen-attrib $-1 -1 $-1 $-1 $4651 2 1 1 1 1 1 1 1 1 1 1 1 1 1 0 1 1 1 @3 pid 2840 #
point $-1 -1 -1 $-1 -27.599999999999895 48.944999999999858 0.08000000000000998 #
named_attribute-st-attrib $-1 -1 $5544 $-1 $4655 1 1 1 1 1 1 1 1 1 1 1 1 1 1 0 1 1 1 @3 eif #
straight-curve $-1 -1 -1 $-1 -27.699999999999999 49.045000000000002 0.079999999999999988 -1 0 0 F 0 F 0.5 #
integer_attrib-name_attrib-gen-attrib $-1 -1 $-1 $4656 $4165 2 1 1 1 1 1 1 1 1 1 1 1 1 1 0 1 1 1 @3 pid 4878 #
integer_attrib-name_attrib-gen-attrib $-1 -1 $-1 $-1 $4657 2 1 1 1 1 1 1 1 1 1 1 1 1 1 0 1 1 1 @3 pid 2839 #
point $-1 -1 -1 $-1 -27.700000000000145 49.045000000000144 0.08000000000000497 #
integer_attrib-name_attrib-gen-attrib $-1 -1 $-1 $4659 $4170 2 1 1 1 1 1 1 1 1 1 1 1 1 1 0 1 1 1 @3 pid 3821 #
render-rbase-attrib $-1 -1 $5545 $4664 $3719 1 1 1 1 1 1 1 1 1 1 1 1 0 1 0 1 1 1 $5546 $-1 0 2 0 -1 0 1 0 0 0 0 1 -36.899999999999999 52.719999999999999 0.079999999999999988 1 rotate no_reflect no_shear #
integer_attrib-name_attrib-gen-attrib $-1 -1 $-1 $4665 $4176 2 1 1 1 1 1 1 1 1 1 1 1 1 1 0 1 1 1 @3 pid 4883 #
named_attribute-st-attrib $-1 -1 $5547 $-1 $4667 1 1 1 1 1 1 1 1 1 1 1 1 1 1 0 1 1 1 @3 eif #
straight-curve $-1 -1 -1 $-1 -28.550000000000001 48.789999999999999 0.079999999999999988 0 1 0 F 0 F 0.044999999999999929 #
rgb_color-st-attrib $-1 -1 $5548 $4672 $3312 2 1 2 1 1 1 1 1 1 1 1 1 1 1 0 1 1 1 0.73000001907348633 0.40000000596046448 0 #
rh_material-rh_entity $-1 -1 4 4 @5 plain @5 color -4 1 1 1 @5 phong @14 ambient factor -2 1 @14 diffuse factor -2 0.75 @15 specular factor -2 0.5 @8 exponent -2 10 @14 specular color -4 1 1 1 @4 none @5 plain @5 color -4 0 0 0 #
string_attrib-name_attrib-gen-attrib $-1 -1 $-1 $4673 $2925 2 1 2 1 1 1 1 1 1 1 1 1 1 1 0 1 1 1 @15 ATTRIB_XACIS_ID @5 44162 #
string_attrib-name_attrib-gen-attrib $-1 -1 $-1 $4677 $2947 2 1 2 1 1 1 1 1 1 1 1 1 1 1 0 1 1 1 @15 ATTRIB_XACIS_ID @5 43437 #
rgb_color-st-attrib $-1 -1 $5549 $4679 $3341 2 1 2 1 1 1 1 1 1 1 1 1 1 1 0 1 1 1 0.93699997663497925 0.7850000262260437 0 #
rh_material-rh_entity $-1 -1 4 4 @5 plain @5 color -4 1 1 1 @5 phong @14 ambient factor -2 1 @14 diffuse factor -2 0.75 @15 specular factor -2 0.5 @8 exponent -2 10 @14 specular color -4 1 1 1 @4 none @5 plain @5 color -4 0 0 0 #
render-rbase-attrib $-1 -1 $5550 $4680 $3753 1 1 1 1 1 1 1 1 1 1 1 1 0 1 0 1 1 1 $5551 $-1 0 2 0 -1 0 1 0 0 0 0 1 -36.899999999999999 52.719999999999999 0.079999999999999988 1 rotate no_reflect no_shear #
integer_attrib-name_attrib-gen-attrib $-1 -1 $5552 $4681 $4200 2 1 1 1 1 1 1 1 1 1 1 1 1 1 0 1 1 1 @3 pid 2681 #
integer_attrib-name_attrib-gen-attrib $-1 -1 $5553 $-1 $4682 2 0 0 1 1 1 1 1 1 1 1 1 1 1 0 1 1 1 @3 fif 0 #
face $5554 -1 -1 $-1 $5351 $5318 $5 $-1 $5555 reversed double out T -28.796568542545675 48.293415681346872 0.10999075853297455 -28.743415681347091 48.346568542545754 0.16000000006385492 F #
loop $-1 -1 -1 $-1 $-1 $5222 $4682 T -28.743434164284206 48.269998788156677 0.10999075853297455 -28.68686170316667 48.29343416428398 0.16000121184332444 unknown #
cone-surface $-1 -1 -1 $-1 -28.686862915009996 48.350000000000001 0.16238404796261988 0 0 -1 0 -0.080000000000000071 0 1 I I -0 1 0.080000000000000071 reversed I I I I #
coedge $-1 -1 -1 $-1 $5556 $4685 $4783 $5263 forward $5160 $-1 #
coedge $-1 -1 -1 $-1 $4685 $5346 $4888 $5349 forward $5160 $-1 #
loop $-1 -1 -1 $-1 $-1 $5556 $5557 T -28.820000000065161 48.403137084870707 0.079999999999617113 -28.819999999934762 48.985000000000177 0.16000000002005438 unknown #
named_attribute-st-attrib $-1 -1 $5558 $-1 $4686 1 1 1 1 1 1 1 1 1 1 1 1 1 1 0 1 1 1 @3 eif #
straight-curve $-1 -1 -1 $-1 -28.82 48.403137084977004 0.15999999999999998 0 1 0 F 0 F 0.58186291502299881 #
edge $5559 -1 -1 $-1 $5475 1.6825923505738622e-016 $4689 0.034641016151078001 $4708 $5560 forward @7 unknown T -27.671754264810605 48.70999999999497 0.17499999999645166 -27.654433756728725 48.710000000005117 0.20500000000491247 #
integer_attrib-name_attrib-gen-attrib $-1 -1 $-1 $4688 $4206 2 1 1 1 1 1 1 1 1 1 1 1 1 1 0 1 1 1 @3 pid 7930 #
integer_attrib-name_attrib-gen-attrib $-1 -1 $5561 $-1 $4689 2 1 1 1 1 1 1 1 1 1 1 1 1 1 0 1 1 1 @3 pid 4981 #
point $-1 -1 -1 $-1 -27.671754264805532 48.710000000000043 0.20499999999983895 #
integer_attrib-name_attrib-gen-attrib $-1 -1 $-1 $4692 $4208 2 1 1 1 1 1 1 1 1 1 1 1 1 1 0 1 1 1 @3 pid 4980 #
edge $5562 -1 -1 $-1 $4689 0 $4208 0.43999999999998529 $5563 $5564 forward @7 tangent T -27.671754264810605 48.269999999995548 0.20499999999476543 -27.671754264800459 48.710000000005117 0.20500000000491247 #
integer_attrib-name_attrib-gen-attrib $-1 -1 $-1 $4694 $4210 2 1 1 1 1 1 1 1 1 1 1 1 1 1 0 1 1 1 @3 pid 7042 #
integer_attrib-name_attrib-gen-attrib $-1 -1 $-1 $4697 $4214 2 1 1 1 1 1 1 1 1 1 1 1 1 1 0 1 1 1 @3 pid 8317 #
coedge $-1 -1 -1 $-1 $5002 $5054 $4702 $5172 reversed $5050 $-1 #
edge $5565 -1 -1 $-1 $2345 0 $2577 0.079999999999959909 $4702 $5566 forward @7 unknown T -28.110000000000234 48.102480768092612 0.22999999999971368 -28.109999999999399 48.102480768093464 0.31000000000037559 #
pcurve $-1 -1 -1 $-1 0 forward { exppc nurbs 2 open 2 
	-0.65566422217986642 2 0 2 
	0.26124038404612282 -0.019040774999970367 1 
	0.26124347323157959 -0.088771264529476923 0.94674260918905251 
	0.30375961595338641 -0.14404077499977674 1 
	1e-008 
	-1 
	plane -27.965959224999999 48.406240384046477 0.22999999999999998 0 0 -1 0 -1 0 reverse_v I I I I 
	} 0 0 #
face $5567 -1 -1 $-1 $5005 $4704 $5 $-1 $5568 reversed double out T -28.110001503342186 48.102479264750663 0.22999849665776292 -27.859998496657848 48.145001503342591 0.31000150334219412 F #
integer_attrib-name_attrib-gen-attrib $-1 -1 $-1 $4706 $4220 2 1 1 1 1 1 1 1 1 1 1 1 1 1 0 1 1 1 @3 pid 7041 #
tcoedge-coedge $-1 -1 -1 $-1 $5412 $4708 $5473 $5569 forward $2847 $5570 0 1.0472603067474437 F #
vertedge-sys-attrib $-1 -1 $-1 $4710 $4224 1 1 1 1 1 1 1 1 1 1 1 1 0 1 0 1 1 1 4 $3771 $5571 $-1 $-1 #
integer_attrib-name_attrib-gen-attrib $-1 -1 $-1 $4712 $4226 2 1 1 1 1 1 1 1 1 1 1 1 1 1 0 1 1 1 @3 pid 7931 #
named_attribute-st-attrib $-1 -1 $5572 $-1 $4715 1 1 1 1 1 1 1 1 1 1 1 1 1 1 0 1 1 1 @3 eif #
tcoedge-coedge $-1 -1 -1 $-1 $5241 $5573 $5574 $4715 reversed $4259 $5575 -1.0468372048154317 -0 F #
ellipse-curve $-1 -1 -1 $-1 -27.715064546460166 48.710000000000001 0.17998439167742841 0 1 0 9.0114697961496404e-006 0 0.050015608322604127 1 F 0 F 1.0468372048154317 #
coedge $-1 -1 -1 $-1 $4716 $5063 $5576 $5577 reversed $3244 $-1 #
coedge $-1 -1 -1 $-1 $5578 $5579 $4716 $5184 forward $5580 $-1 #
edge $5581 -1 -1 $-1 $5189 0 $5582 0.051850454237857946 $5183 $5583 forward @7 unknown T -27.541850454242095 48.269999999991619 0.10999999999579836 -27.489999999995799 48.270000000002021 0.11000000000420161 #
coedge $-1 -1 -1 $-1 $5473 $4717 $5579 $5584 forward $5186 $-1 #
loop $-1 -1 -1 $-1 $-1 $4717 $5585 T -27.654434850730311 48.269998906000893 0.1099989059369109 -27.541849360239055 48.71000109399909 0.17500109399917924 unknown #
pcurve $-1 -1 -1 $-1 0 forward { exppc nubs 1 open 2 
	0 1 1.0472603067467987 1 
	-3.6951535668148039 -3.1415926535897931 
	-3.6951535668148039 -2.0943951023943495 
	0.001 
	-1 
	cone -27.541850454237998 48.750369963685998 0.23999999999999999 0 -1 0 0.11258330249200041 0 0.065000000000000113 1 I I 0 -1 0.13000000000002029 reversed I I I I 
	} 0 0 #
named_attribute-st-attrib $-1 -1 $5586 $-1 $4718 1 1 1 1 1 1 1 1 1 1 1 1 1 1 0 1 1 1 @3 eif #
tvertex-vertex $5587 -1 -1 $-1 $-1 $5588 2.0165057718333077e-012 #
ellipse-curve $-1 -1 -1 $-1 -27.541854533127278 48.270000000000003 0.23999293515695094 0 -1 0 -0.11257922360294081 -0 -0.06499293515692979 1 F 0 F 1.0472603067467987 #
integer_attrib-name_attrib-gen-attrib $-1 -1 $-1 $4720 $4231 2 1 1 1 1 1 1 1 1 1 1 1 1 1 0 1 1 1 @3 pid 8188 #
integer_attrib-name_attrib-gen-attrib $-1 -1 $5589 $-1 $4721 2 1 1 1 1 1 1 1 1 1 1 1 1 1 0 1 1 1 @3 pid 5016 #
point $-1 -1 -1 $-1 -27.654433756729887 48.270000000000003 0.17499999999955723 #
integer_attrib-name_attrib-gen-attrib $-1 -1 $-1 $4723 $4233 2 1 1 1 1 1 1 1 1 1 1 1 1 1 0 1 1 1 @3 pid 8287 #
tcoedge-coedge $-1 -1 -1 $-1 $5590 $4724 $5591 $5592 forward $5196 $5593 0 1.0468372048130761 F #
loop $-1 -1 -1 $-1 $-1 $5594 $5595 T -27.780000000000665 48.269997456565491 0.10999745656557776 -27.479999999995705 48.270002543434465 0.31000254343447281 unknown #
integer_attrib-name_attrib-gen-attrib $-1 -1 $-1 $4726 $4234 2 1 1 1 1 1 1 1 1 1 1 1 1 1 0 1 1 1 @3 pid 8327 #
edge $5596 -1 -1 $-1 $2593 0 $2507 0.079999999999959909 $4729 $5597 forward @7 unknown T -27.860000000000387 48.102480768092612 0.22999999999968651 -27.859999999999769 48.102480768093237 0.31000000000031386 #
pcurve $-1 -1 -1 $-1 0 forward { exppc nurbs 2 open 2 
	-0.65566422217633591 2 0 2 
	0.30375961595328604 0.10595922499983956 1 
	0.26124347323165154 0.05068971452947757 0.94674260918967901 
	0.26124038404612282 -0.019040774999970367 1 
	1e-008 
	-1 
	plane -27.965959224999999 48.406240384046477 0.22999999999999998 0 0 -1 0 -1 0 reverse_v I I I I 
	} 0 0 #
string_attrib-name_attrib-gen-attrib $-1 -1 $-1 $4733 $2998 2 1 2 1 1 1 1 1 1 1 1 1 1 1 0 1 1 1 @15 ATTRIB_XACIS_ID @5 45069 #
rgb_color-st-attrib $-1 -1 $5598 $4735 $3384 2 1 2 1 1 1 1 1 1 1 1 1 1 1 0 1 1 1 0.93699997663497925 0.7850000262260437 0 #
rh_material-rh_entity $-1 -1 4 4 @5 plain @5 color -4 1 1 1 @5 phong @14 ambient factor -2 1 @14 diffuse factor -2 0.75 @15 specular factor -2 0.5 @8 exponent -2 10 @14 specular color -4 1 1 1 @4 none @5 plain @5 color -4 0 0 0 #
render-rbase-attrib $-1 -1 $5599 $4736 $3788 1 1 1 1 1 1 1 1 1 1 1 1 0 1 0 1 1 1 $5600 $-1 0 2 0 -1 0 1 0 0 0 0 1 -36.899999999999999 52.719999999999999 0.079999999999999988 1 rotate no_reflect no_shear #
integer_attrib-name_attrib-gen-attrib $-1 -1 $5601 $4737 $4244 2 1 1 1 1 1 1 1 1 1 1 1 1 1 0 1 1 1 @3 pid 2183 #
integer_attrib-name_attrib-gen-attrib $-1 -1 $5602 $-1 $4738 2 0 0 1 1 1 1 1 1 1 1 1 1 1 0 1 1 1 @3 fif 0 #
face $5603 -1 -1 $-1 $5557 $5341 $5 $-1 $5604 forward double out T -28.820000000000846 48.729999999999372 0.079999999999366134 -28.789999999999992 48.730000000000636 0.11000000000007622 F #
plane-surface $-1 -1 -1 $-1 -28.805 48.566568542473 0.094999999999912488 0.70710678118564219 2.653733390535851e-018 0.70710678118745285 -0.70710678118745285 0 0.70710678118564219 forward_v I I I I #
coedge $-1 -1 -1 $-1 $5319 $4740 $5605 $5606 forward $4245 $-1 #
coedge $-1 -1 -1 $-1 $4740 $5319 $5344 $5607 reversed $4245 $-1 #
coedge $-1 -1 -1 $-1 $4742 $4741 $4740 $5211 reversed $3789 $-1 #
edge $5608 -1 -1 $-1 $5609 4.4598546316647332e-014 $5309 0.042426406872837913 $5210 $5610 forward @7 tangent T -28.743434164284206 48.293415681346872 0.079954024127031148 -28.722133233655033 48.314651592272973 0.11000924147008931 #
coedge $-1 -1 -1 $-1 $5222 $5611 $4741 $4845 forward $5156 $-1 #
tcoedge-coedge $-1 -1 -1 $-1 $5344 $4744 $4742 $5214 forward $340 $5612 0 1 F #
tedge-edge $5613 -1 -1 $-1 $4326 0 $5609 1 $4742 $5614 forward @7 unknown T -28.722225185400969 48.299987974449309 0.079954024127031148 -28.686807092171033 48.314651592272973 0.080045975872968828 6.7705362683991182e-006 #
pcurve $-1 -1 -1 $-1 0 forward { exppc nubs 1 open 2 
	-1 1 -0 1 
	-1.3435028626971128 2.3550901442529559 
	-1.343505447810488 1.5702392909564509 
	0.001 
	6.5034531255042427e-006 
	cone -28.686862915009996 48.350000000000001 1.0300000000023892 0 0 -1 1 0 0 1 I I -0.70710678118564352 0.70710678118745152 1 reversed I I I I 
	} 0 0 #
named_attribute-st-attrib $-1 -1 $5615 $-1 $4743 1 1 1 1 1 1 1 1 1 1 1 1 1 1 0 1 1 1 @3 eif #
straight-curve $-1 -1 -1 $-1 -28.686862914994421 48.270000008618872 0.10999999138066999 0.0013129683698731162 0.7071109644222624 -0.70710137894638403 F -6.0946144830672668e-009 F 0.042427841275425371 #
named_attribute-st-attrib $-1 -1 $5616 $-1 $4745 1 1 1 1 1 1 1 1 1 1 1 1 1 1 0 1 1 1 @3 eif #
straight-curve $-1 -1 -1 $-1 -28.686807210054575 48.300000406680134 0.079999999999999988 -0.0018568034899172886 -0.99999827613891412 0 F -1.587381352133817e-006 F 0.030000449777868581 #
edge $5617 -1 -1 $-1 $4750 -4.6416260754966743e-006 $4302 0.22058410338835976 $4746 $5618 forward @7 unknown T -28.686865236013681 48.269997687599613 0.079997678980440218 -28.466274169979467 48.270002329638132 0.080002321018958128 #
coedge $-1 -1 -1 $-1 $4747 $5036 $5273 $4835 reversed $4748 $-1 #
coedge $-1 -1 -1 $-1 $5312 $5212 $4747 $5223 reversed $5156 $-1 #
edge $5619 -1 -1 $-1 $3407 0 $3413 0.049999999999997387 $4747 $5620 forward @7 tangent T -28.686862921096829 48.269999998214715 0.10999998959513523 -28.686862908906892 48.270000010404658 0.16000000000008169 #
coedge $-1 -1 -1 $-1 $5060 $5108 $5110 $4987 forward $4748 $-1 #
face $5621 -1 -1 $-1 $5622 $4748 $5 $-1 $5623 forward double out T -28.686865236013681 48.269997577312019 0.079997577311779977 -28.189999999999642 48.270002422687988 0.31000242268800565 F #
integer_attrib-name_attrib-gen-attrib $-1 -1 $-1 $4749 $4251 2 1 1 1 1 1 1 1 1 1 1 1 1 1 0 1 1 1 @3 pid 7233 #
integer_attrib-name_attrib-gen-attrib $-1 -1 $5624 $-1 $4750 2 1 1 1 1 1 1 1 1 1 1 1 1 1 0 1 1 1 @3 pid 2832 #
point $-1 -1 -1 $-1 -28.686862914994421 48.270000008618872 0.079999999999699173 #
pcurve $-1 -1 -1 $-1 0 forward { exppc nurbs 2 open 2 
	0 2 0.78524597917537442 2 
	-0.26284271247537916 -0.19000000000034545 1 
	-0.19657063128317276 -0.18999495721698642 0.92390864902680436 
	-0.14970562748362326 -0.14313708498782529 1 
	1e-008 
	-1 
	plane -28.203431457504998 48.270000000000003 0.27000000000000002 0 -1 0 1 0 0 forward_v I I I I 
	} 0 0 #
named_attribute-st-attrib $-1 -1 $5625 $-1 $4753 1 1 1 1 1 1 1 1 1 1 1 1 1 1 0 1 1 1 @3 eif #
ellipse-curve $-1 -1 -1 $-1 -28.466286346957013 48.270000000000003 0.24002939782068786 0 -1 0 1.2176976635913661e-005 0 -0.16002939782103329 1 F 0 F 0.78524597917537442 #
coedge $-1 -1 -1 $-1 $4756 $4755 $5468 $5281 reversed $4683 $-1 #
integer_attrib-name_attrib-gen-attrib $-1 -1 $-1 $4757 $4254 2 1 1 1 1 1 1 1 1 1 1 1 1 1 0 1 1 1 @3 pid 7228 #
integer_attrib-name_attrib-gen-attrib $-1 -1 $-1 $4761 $4256 2 1 1 1 1 1 1 1 1 1 1 1 1 1 0 1 1 1 @3 pid 5885 #
coedge $-1 -1 -1 $-1 $5626 $4763 $5056 $5491 forward $4259 $-1 #
tcoedge-coedge $-1 -1 -1 $-1 $5035 $5034 $4763 $5237 forward $4067 $5627 1.7377507900159085e-011 0.78524597922986672 F #
tedge-edge $5628 -1 -1 $-1 $4929 1.7377507900159085e-011 $4349 0.78524597922986672 $5236 $5629 forward @7 unknown T -28.467012493379599 48.709261676600448 0.15926167660043525 -28.4097044156408 48.710738323399553 0.18343266935029495 1.2118441987719729e-006 #
pcurve $-1 -1 -1 $-1 0 forward { exppc nurbs 2 open 2 
	-0.78524597922986672 2 0 2 
	-0.95534894285999883 0.010000000000031872 1 
	-0.92221290226379793 0.01000252139138938 0.92390864901622194 
	-0.89878040036500195 0.03343145750708934 1 
	1e-008 
	-1 
	plane -27.510925227119998 48.710000000000001 0.14999999999998997 -0 1 -0 1 0 0 reverse_v I I I I 
	} 0 0 #
named_attribute-st-attrib $-1 -1 $5630 $-1 $4764 1 1 1 1 1 1 1 1 1 1 1 1 1 1 0 1 1 1 @3 eif #
straight-curve $-1 -1 -1 $-1 -28.466274169980373 48.710000000000001 0.16000000000002262 0 0 -1 F 2.2620794126737565e-014 F 0.080000000000037028 #
coedge $-1 -1 -1 $-1 $4765 $5180 $5631 $5632 reversed $4259 $-1 #
tedge-edge $5633 -1 -1 $-1 $3812 4.5264797325448994e-011 $4224 0.78524597929729423 $5033 $5634 forward @7 unknown T -28.273432669348974 48.709998788156582 0.20656733065154076 -28.216861703166661 48.710001211843476 0.23000121184344513 1.2118434208135982e-006 #
pcurve $-1 -1 -1 $-1 0 forward { exppc nurbs 2 open 2 
	-0.78524597929729423 2 0 2 
	-0.70593768789157707 0.079999999998714377 1 
	-0.7390737284888047 0.079997478609297235 0.92390864900378145 
	-0.76250623038811582 0.05656854249266563 1 
	1e-008 
	-1 
	plane -27.510925227119998 48.710000000000001 0.14999999999998997 -0 1 -0 1 0 0 reverse_v I I I I 
	} 0 0 #
named_attribute-st-attrib $-1 -1 $5635 $-1 $4766 1 1 1 1 1 1 1 1 1 1 1 1 1 1 0 1 1 1 @3 eif #
straight-curve $-1 -1 -1 $-1 -28.353137084988962 48.710000000000001 0.12686291501075322 0.7071067811853089 0 0.70710678118778625 F 7.3598084000930888e-017 F 0.11272077938119879 #
coedge $-1 -1 -1 $-1 $5636 $4767 $5637 $5638 reversed $4259 $-1 #
coedge $-1 -1 -1 $-1 $4767 $5639 $5640 $5422 reversed $4259 $-1 #
coedge $-1 -1 -1 $-1 $5641 $5642 $4767 $5249 forward $5643 $-1 #
edge $5644 -1 -1 $-1 $4976 0 $4011 0.079999999999978769 $5248 $5645 forward @7 tangent T -27.480000000003052 48.709999999997024 0.1099999999970237 -27.479999999997098 48.710000000002978 0.19000000000014211 #
integer_attrib-name_attrib-gen-attrib $-1 -1 $5646 $-1 $4768 2 0 0 1 1 1 1 1 1 1 1 1 1 1 0 1 1 1 @3 fif 0 #
face $5647 -1 -1 $-1 $5648 $5643 $5 $-1 $5649 reversed double out T -27.480000000003052 48.709999999997024 0.1099999999970237 -27.399999999999089 48.790000000000951 0.19000000000014211 F #
plane-surface $-1 -1 -1 $-1 -27.510925227119998 48.710000000000001 0.14999999999998997 0 -1 0 1 0 0 forward_v I I I I #
named_attribute-st-attrib $-1 -1 $5650 $-1 $4771 1 1 1 1 1 1 1 1 1 1 1 1 1 1 0 1 1 1 @3 eif #
straight-curve $-1 -1 -1 $-1 -28.466274169980046 48.710000000000001 0.15999999999998693 0 0 -1 F 0 F 0.08000000000000132 #
coedge $-1 -1 -1 $-1 $4773 $5651 $5556 $5652 reversed $340 $-1 #
integer_attrib-name_attrib-gen-attrib $-1 -1 $-1 $4774 $4265 2 1 1 1 1 1 1 1 1 1 1 1 1 1 0 1 1 1 @3 pid 5884 #
edge $5653 -1 -1 $-1 $4795 0 $5259 0.0799999999999986 $4776 $5654 forward @7 unknown T -28.470681462767665 48.708691385326972 0.079999999999999766 -28.469372295983426 48.710000552111211 0.16065458339211874 #
named_attribute-st-attrib $-1 -1 $5655 $-1 $4778 1 1 1 1 1 1 1 1 1 1 1 1 1 1 0 1 1 1 @3 eif #
vertex $5656 -1 -1 $-1 $-1 $5657 #
ellipse-curve $-1 -1 -1 $-1 -28.469999999999999 48.790000000000006 0.079999999999999766 0 0 -1 -1.7763568394002505e-015 -0.080000000000001403 0 1 F 0 F 1.5707963267949576 #
named_attribute-st-attrib $-1 -1 $5658 $-1 $4781 1 1 1 1 1 1 1 1 1 1 1 1 1 1 0 1 1 1 @3 eif #
ellipse-curve $-1 -1 -1 $-1 -28.469999999999999 48.790000000000006 0.079999999999999363 0 0 -1 -1.7763568394002505e-015 -0.080000000000001403 0 1 F 0 F 1.5707963267949576 #
edge $5659 -1 -1 $-1 $4790 0 $5265 0.080000000000000959 $5158 $5660 forward @7 unknown T -28.82 48.984999999999999 0.079999999999999016 -28.82 48.985000000000177 0.15999999999999998 #
named_attribute-st-attrib $-1 -1 $5661 $-1 $4784 1 1 1 1 1 1 1 1 1 1 1 1 1 1 0 1 1 1 @3 eif #
vertex $5662 -1 -1 $-1 $5263 $5663 #
straight-curve $-1 -1 -1 $-1 -28.82 48.984999999999999 0.079999999999999988 1 0 0 F 0 F 0.26999999999999957 #
integer_attrib-name_attrib-gen-attrib $-1 -1 $5664 $-1 $4785 2 0 0 1 1 1 1 1 1 1 1 1 1 1 0 1 1 1 @3 fif 0 #
face $5665 -1 -1 $-1 $5666 $4861 $5 $-1 $5667 forward double out T -28.550000000000011 48.708691385326972 0.079999999999999363 -28.469372295983426 48.79000000000002 0.16065458339211874 F #
plane-surface $-1 -1 -1 $-1 -28.684999999999999 48.984999999999999 0.11999999999999898 0 -1 0 1 0 0 forward_v I I I I #
integer_attrib-name_attrib-gen-attrib $-1 -1 $-1 $4789 $4277 2 1 1 1 1 1 1 1 1 1 1 1 1 1 0 1 1 1 @3 pid 7247 #
integer_attrib-name_attrib-gen-attrib $-1 -1 $-1 $-1 $4790 2 1 1 1 1 1 1 1 1 1 1 1 1 1 0 1 1 1 @3 pid 4797 #
point $-1 -1 -1 $-1 -28.82 48.984999999999999 0.15999999999999998 #
coedge $-1 -1 -1 $-1 $4792 $4847 $5221 $4835 forward $3754 $-1 #
edge $5668 -1 -1 $-1 $4349 0.00018458246994157435 $4318 0.4399999999999924 $4792 $5669 forward @7 tangent T -28.467012493379599 48.269999999999612 0.15926167660043525 -28.465535846580494 48.710738323399553 0.16073832339953861 #
named_attribute-st-attrib $-1 -1 $5670 $-1 $4793 1 1 1 1 1 1 1 1 1 1 1 1 1 1 0 1 1 1 @3 eif #
intcurve-curve $-1 -1 -1 $-1 forward { ref 162 } I I #
integer_attrib-name_attrib-gen-attrib $-1 -1 $-1 $4794 $4279 2 1 1 1 1 1 1 1 1 1 1 1 1 1 0 1 1 1 @3 pid 8022 #
integer_attrib-name_attrib-gen-attrib $-1 -1 $5671 $-1 $4795 2 1 1 1 1 1 1 1 1 1 1 1 1 1 0 1 1 1 @3 pid 4799 #
point $-1 -1 -1 $-1 -28.470026879375546 48.709345968719092 0.15999999999999998 #
integer_attrib-name_attrib-gen-attrib $-1 -1 $-1 $4800 $4289 2 1 1 1 1 1 1 1 1 1 1 1 1 1 0 1 1 1 @3 pid 7933 #
edge $5672 -1 -1 $-1 $3401 8.8817841970150179e-016 $3812 0.43999999999998618 $5468 $5673 forward @7 tangent T -28.273431457509584 48.269999999995605 0.20656854249051973 -28.273431457500692 48.710000000004328 0.20656854249931708 #
named_attribute-st-attrib $-1 -1 $5674 $-1 $4803 1 1 1 1 1 1 1 1 1 1 1 1 1 1 0 1 1 1 @3 eif #
straight-curve $-1 -1 -1 $-1 -28.466274169979965 48.710000000000093 0.079999999999999988 0 -1 0 F 0 F 0.44000000000018336 #
integer_attrib-name_attrib-gen-attrib $-1 -1 $-1 $4804 $4294 2 1 1 1 1 1 1 1 1 1 1 1 1 1 0 1 1 1 @3 pid 5883 #
integer_attrib-name_attrib-gen-attrib $-1 -1 $5675 $4806 $4295 2 1 1 1 1 1 1 1 1 1 1 1 1 1 0 1 1 1 @3 pid 1727 #
integer_attrib-name_attrib-gen-attrib $-1 -1 $-1 $4810 $4300 2 1 1 1 1 1 1 1 1 1 1 1 1 1 0 1 1 1 @3 pid 3816 #
integer_attrib-name_attrib-gen-attrib $-1 -1 $-1 $4813 $4302 2 1 1 1 1 1 1 1 1 1 1 1 1 1 0 1 1 1 @3 pid 2833 #
vertedge-sys-attrib $-1 -1 $-1 $4816 $4305 1 1 1 1 1 1 1 1 1 1 1 1 0 1 0 1 1 1 4 $3823 $5676 $-1 $-1 #
integer_attrib-name_attrib-gen-attrib $-1 -1 $-1 $4818 $4308 2 1 1 1 1 1 1 1 1 1 1 1 1 1 0 1 1 1 @3 pid 8030 #
integer_attrib-name_attrib-gen-attrib $-1 -1 $-1 $4821 $4310 2 1 1 1 1 1 1 1 1 1 1 1 1 1 0 1 1 1 @3 pid 8231 #
coedge $-1 -1 -1 $-1 $5108 $4822 $5487 $5676 reversed $4748 $-1 #
tcoedge-coedge $-1 -1 -1 $-1 $5468 $5467 $4822 $4310 reversed $4543 $5677 -0.78524597931700768 -0 F #
pcurve $-1 -1 -1 $-1 0 forward { exppc nurbs 2 open 2 
	0 2 0.78524597931700768 2 
	-0.070000000002814033 -0.063431457507670319 1 
	-0.046567498103858185 -0.040002521390613471 0.9239086489997359 
	-0.01343145750657726 -0.040000000001297775 1 
	1e-008 
	-1 
	plane -28.203431457504998 48.270000000000003 0.27000000000000002 0 -1 0 1 0 0 forward_v I I I I 
	} 0 0 #
named_attribute-st-attrib $-1 -1 $5678 $-1 $4825 1 1 1 1 1 1 1 1 1 1 1 1 1 1 0 1 1 1 @3 eif #
ellipse-curve $-1 -1 -1 $-1 -28.466274095131077 48.270000000000003 0.23999981929875649 0 1 0 0.056568467646096465 0 -0.05656836179362993 1 F 0 F 0.78540003462621277 #
integer_attrib-name_attrib-gen-attrib $-1 -1 $-1 $4826 $4313 2 1 1 1 1 1 1 1 1 1 1 1 1 1 0 1 1 1 @3 pid 5877 #
edge $5679 -1 -1 $-1 $4929 0 $4349 0.7854000346255432 $4927 $5680 forward @7 unknown T -28.467012493379599 48.709261676600448 0.15926167660043525 -28.409705627479184 48.710738323399553 0.18343145751092924 #
integer_attrib-name_attrib-gen-attrib $-1 -1 $-1 $4830 $4316 2 1 1 1 1 1 1 1 1 1 1 1 1 1 0 1 1 1 @3 pid 6840 #
vertedge-sys-attrib $-1 -1 $-1 $4833 $4318 1 1 1 1 1 1 1 1 1 1 1 1 0 1 0 1 1 1 4 $4316 $5274 $-1 $-1 #
named_attribute-st-attrib $-1 -1 $5681 $-1 $4835 1 1 1 1 1 1 1 1 1 1 1 1 1 1 0 1 1 1 @3 eif #
straight-curve $-1 -1 -1 $-1 -28.686862915010387 48.270000000000003 0.15999999999999998 1 0 0 F 0 F 0.22058874503077064 #
integer_attrib-name_attrib-gen-attrib $-1 -1 $-1 $4836 $4322 2 1 1 1 1 1 1 1 1 1 1 1 1 1 0 1 1 1 @3 pid 3814 #
named_attribute-st-attrib $-1 -1 $5682 $-1 $4838 1 1 1 1 1 1 1 1 1 1 1 1 1 1 0 1 1 1 @3 eif #
straight-curve $-1 -1 -1 $-1 -28.686807208531249 48.30000122728763 0.079999999999999988 -0.0018568034547663309 -0.9999982761389794 0 F 6.3548979155447784e-007 F 0.030001270386316926 #
vertedge-sys-attrib $-1 -1 $-1 $4840 $4326 1 1 1 1 1 1 1 1 1 1 1 1 0 1 0 1 1 1 4 $5214 $4322 $-1 $-1 #
render-rbase-attrib $-1 -1 $5683 $4842 $3841 1 1 1 1 1 1 1 1 1 1 1 1 0 1 0 1 1 1 $5684 $-1 0 2 0 -1 0 1 0 0 0 0 1 -36.899999999999999 52.719999999999999 0.079999999999999988 1 rotate no_reflect no_shear #
integer_attrib-name_attrib-gen-attrib $-1 -1 $5685 $4843 $4329 2 1 1 1 1 1 1 1 1 1 1 1 1 1 0 1 1 1 @3 pid 1725 #
named_attribute-st-attrib $-1 -1 $5686 $-1 $4845 1 1 1 1 1 1 1 1 1 1 1 1 1 1 0 1 1 1 @3 eif #
tvertex-vertex $5687 -1 -1 $-1 $5211 $5688 9.2414685573838598e-006 #
ellipse-curve $-1 -1 -1 $-1 -28.686862915009996 48.350000000000001 0.10999999999999742 -6.0238676686776043e-015 -5.077176667604956e-015 1 -0.056568542525401 -0.056568542464391136 -6.2796989830360417e-016 1 F 0.00011551861953960105 F 0.78539816403418206 #
integer_attrib-name_attrib-gen-attrib $-1 -1 $-1 $4846 $4332 2 1 1 1 1 1 1 1 1 1 1 1 1 1 0 1 1 1 @3 pid 8019 #
tcoedge-coedge $-1 -1 -1 $-1 $5611 $5222 $4847 $4332 forward $5156 $5689 0 0.78524597871513457 F #
pcurve $-1 -1 -1 $-1 0 forward { exppc nurbs 2 open 2 
	-0.78524597871513457 2 0 2 
	0.33406854252799878 -0.1002943724800005 1 
	0.35749747861039527 -0.076861870587912051 0.92390864911504877 
	0.35749999999999904 -0.043725830019999634 1 
	1e-008 
	-1 
	plane -28.643137084990002 48.627499999999998 0.15999999999999998 0 0 1 0 -1 0 forward_v I I I I 
	} 0 0 #
rgb_color-st-attrib $-1 -1 $5690 $4850 $3423 2 1 2 1 1 1 1 1 1 1 1 1 1 1 0 1 1 1 0.73000001907348633 0.40000000596046448 0 #
rh_material-rh_entity $-1 -1 4 4 @5 plain @5 color -4 1 1 1 @5 phong @14 ambient factor -2 1 @14 diffuse factor -2 0.75 @15 specular factor -2 0.5 @8 exponent -2 10 @14 specular color -4 1 1 1 @4 none @5 plain @5 color -4 0 0 0 #
coedge $-1 -1 -1 $-1 $5605 $4852 $4889 $5350 forward $5318 $-1 #
coedge $-1 -1 -1 $-1 $4852 $5605 $5611 $5691 forward $5318 $-1 #
loop $-1 -1 -1 $-1 $-1 $5317 $5155 T -28.796568542545675 48.293415681346872 0.10999075853297455 -28.743415681347091 48.346568542545754 0.16000000006385492 unknown #
coedge $-1 -1 -1 $-1 $5209 $5208 $4854 $5320 forward $4245 $-1 #
edge $5692 -1 -1 $-1 $2616 -4.8092576511868371e-016 $3438 0.042426406871135379 $4854 $5693 forward @7 tangent T -28.796568542515583 48.346568542420592 0.079999999855042039 -28.775355338921042 48.367781746082962 0.11000000004759893 #
vertedge-sys-attrib $-1 -1 $-1 $4857 $4349 1 1 1 1 1 1 1 1 1 1 1 1 0 1 0 1 1 1 4 $4771 $4793 $-1 $-1 #
coedge $-1 -1 -1 $-1 $4860 $4859 $-1 $5694 reversed $4861 $-1 #
edge $5695 -1 -1 $-1 $3806 8.3266726846884822e-014 $4795 1.570463059205947 $4860 $5696 forward @7 unknown T -28.550000000000011 48.708691385326972 0.15934541660788121 -28.469372295983426 48.79000000000002 0.16065458339211874 #
integer_attrib-name_attrib-gen-attrib $-1 -1 $-1 $4862 $4353 2 1 1 1 1 1 1 1 1 1 1 1 1 1 0 1 1 1 @3 pid 5895 #
integer_attrib-name_attrib-gen-attrib $-1 -1 $5697 $4864 $4354 2 1 1 1 1 1 1 1 1 1 1 1 1 1 0 1 1 1 @3 pid 1729 #
integer_attrib-name_attrib-gen-attrib $-1 -1 $5698 $-1 $4865 2 0 0 1 1 1 1 1 1 1 1 1 1 1 0 1 1 1 @3 fif 0 #
face $5699 -1 -1 $-1 $5018 $5010 $5 $-1 $5700 reversed double out T -27.49009058269915 48.119909417300853 0.079909417300847232 -27.339909417300845 48.270090582699154 0.11008157238244508 F #
plane-surface $-1 -1 -1 $-1 -27.489999999999998 48.607500000000002 0.094999999999999987 1 0 0 0 1 0 forward_v I I I I #
string_attrib-name_attrib-gen-attrib $-1 -1 $-1 $4867 $3029 2 1 2 1 1 1 1 1 1 1 1 1 1 1 0 1 1 1 @15 ATTRIB_XACIS_ID @5 41636 #
string_attrib-name_attrib-gen-attrib $-1 -1 $-1 $4869 $3433 2 1 2 1 1 1 1 1 1 1 1 1 1 1 0 1 1 1 @15 ATTRIB_XACIS_ID @5 40081 #
named_attribute-st-attrib $-1 -1 $5701 $-1 $4871 1 1 1 1 1 1 1 1 1 1 1 1 1 1 0 1 1 1 @3 eif #
ellipse-curve $-1 -1 -1 $-1 -28.740000112941583 48.403137038208719 0.079999999999999988 0 0 -1 -0.035355226124416106 -0.035355292270718763 0 1 F 0 F 0.78540003459730812 #
string_attrib-name_attrib-gen-attrib $-1 -1 $-1 $4873 $3035 2 1 2 1 1 1 1 1 1 1 1 1 1 1 0 1 1 1 @15 ATTRIB_XACIS_ID @5 41737 #
edge $5702 -1 -1 $-1 $3886 -2.6985963615085269e-017 $3043 0.042426406870728656 $5339 $5703 forward @7 unknown T -28.820000000000846 48.729999999999372 0.079999999999366134 -28.789999999999992 48.730000000000636 0.11000000000007622 #
rgb_color-st-attrib $-1 -1 $5704 $4877 $3455 2 1 2 1 1 1 1 1 1 1 1 1 1 1 0 1 1 1 0.73000001907348633 0.40000000596046448 0 #
rh_material-rh_entity $-1 -1 4 4 @5 plain @5 color -4 1 1 1 @5 phong @14 ambient factor -2 1 @14 diffuse factor -2 0.75 @15 specular factor -2 0.5 @8 exponent -2 10 @14 specular color -4 1 1 1 @4 none @5 plain @5 color -4 0 0 0 #
integer_attrib-name_attrib-gen-attrib $-1 -1 $-1 $4878 $4372 2 1 1 1 1 1 1 1 1 1 1 1 1 1 0 1 1 1 @3 pid 7243 #
coedge $-1 -1 -1 $-1 $5339 $4879 $5651 $5705 forward $5341 $-1 #
coedge $-1 -1 -1 $-1 $4879 $5338 $5345 $5334 forward $5341 $-1 #
coedge $-1 -1 -1 $-1 $5346 $5556 $4879 $4372 forward $5160 $-1 #
loop $-1 -1 -1 $-1 $-1 $5338 $5206 T -28.820000000000846 48.729999999999372 0.079999999999366134 -28.789999999999992 48.730000000000636 0.11000000000007622 unknown #
string_attrib-name_attrib-gen-attrib $-1 -1 $-1 $4882 $3051 2 1 2 1 1 1 1 1 1 1 1 1 1 1 0 1 1 1 @15 ATTRIB_XACIS_ID @5 40952 #
coedge $-1 -1 -1 $-1 $5651 $4884 $4886 $5348 forward $340 $-1 #
coedge $-1 -1 -1 $-1 $4884 $5213 $5209 $5607 forward $340 $-1 #
coedge $-1 -1 -1 $-1 $4886 $4885 $5339 $5334 reversed $4887 $-1 #
coedge $-1 -1 -1 $-1 $5159 $5340 $4885 $5347 forward $5160 $-1 #
edge $5706 -1 -1 $-1 $3043 0 $2222 0.32686291505379961 $4885 $5707 forward @7 unknown T -28.820000000065161 48.403137084870707 0.10999999993479646 -28.819999999934762 48.73000000000048 0.11000000006519779 #
edge $5708 -1 -1 $-1 $3442 2.2037443692663446e-033 $3886 0.32686291505380005 $4886 $5709 forward @7 unknown T -28.790000000172071 48.403137084798999 0.079999999827947713 -28.78999999982797 48.730000000000636 0.080000000172049349 #
edge $5710 -1 -1 $-1 $2222 0 $2223 0.049999999999997928 $4888 $5711 forward @7 tangent T -28.820000000065161 48.403137084870707 0.10999999993479646 -28.819999999934762 48.403137085001106 0.16000000002005438 #
edge $5712 -1 -1 $-1 $2615 0 $2616 0.049999999999997928 $4889 $5713 forward @7 tangent T -28.796568542545675 48.346568542418041 0.10999999995239533 -28.796568542417962 48.346568542545754 0.16000000006385492 #
face $5714 -1 -1 $-1 $5585 $4890 $5 $-1 $5715 forward double out T -28.820001211844005 48.346567330637896 0.10999999993479646 -28.796567330637814 48.40313829681395 0.16000121184400801 F #
string_attrib-name_attrib-gen-attrib $-1 -1 $-1 $4894 $3087 2 1 2 1 1 1 1 1 1 1 1 1 1 1 0 1 1 1 @15 ATTRIB_XACIS_ID @5 43210 #
named_attribute-st-attrib $-1 -1 $5716 $-1 $4897 1 1 1 1 1 1 1 1 1 1 1 1 1 1 0 1 1 1 @3 eif #
straight-curve $-1 -1 -1 $-1 -27.059999999999921 48.170000000000002 0.18999999999999997 -1 0 0 F 0 F 0.28000000000013259 #
integer_attrib-name_attrib-gen-attrib $-1 -1 $5717 $4898 $4392 2 1 1 1 1 1 1 1 1 1 1 1 1 1 0 1 1 1 @3 pid 2194 #
integer_attrib-name_attrib-gen-attrib $-1 -1 $-1 $4901 $4397 2 1 1 1 1 1 1 1 1 1 1 1 1 1 0 1 1 1 @3 pid 5915 #
render-rbase-attrib $-1 -1 $5718 $4904 $3928 1 1 1 1 1 1 1 1 1 1 1 1 0 1 0 1 1 1 $5719 $-1 0 2 0 -1 0 1 0 0 0 0 1 -36.899999999999999 52.719999999999999 0.079999999999999988 1 rotate no_reflect no_shear #
string_attrib-name_attrib-gen-attrib $-1 -1 $-1 $4907 $3105 2 1 2 1 1 1 1 1 1 1 1 1 1 1 0 1 1 1 @15 ATTRIB_XACIS_ID @5 44081 #
rgb_color-st-attrib $-1 -1 $5720 $4909 $3521 2 1 2 1 1 1 1 1 1 1 1 1 1 1 0 1 1 1 0.73000001907348633 0.40000000596046448 0 #
rh_material-rh_entity $-1 -1 4 4 @5 plain @5 color -4 1 1 1 @5 phong @14 ambient factor -2 1 @14 diffuse factor -2 0.75 @15 specular factor -2 0.5 @8 exponent -2 10 @14 specular color -4 1 1 1 @4 none @5 plain @5 color -4 0 0 0 #
render-rbase-attrib $-1 -1 $5721 $4910 $3941 1 1 1 1 1 1 1 1 1 1 1 1 0 1 0 1 1 1 $5722 $-1 0 2 0 -1 0 1 0 0 0 0 1 -36.899999999999999 52.719999999999999 0.079999999999999988 1 rotate no_reflect no_shear #
edge $5723 -1 -1 $-1 $4914 9.0594198809412774e-014 $5724 0.34000000000017216 $5017 $5725 forward @7 unknown T -27.400000000000176 48.119999999999905 0.18999999999990341 -27.059999999999977 48.120000000000104 0.19000000000009659 #
face $5726 -1 -1 $-1 $4392 $4912 $5 $-1 $5727 reversed double out T -27.400000000000269 48.119999999999905 0.18999999999973732 -27.059999999999921 48.182522729151543 0.19000000000027756 F #
integer_attrib-name_attrib-gen-attrib $-1 -1 $-1 $4913 $4414 2 1 1 1 1 1 1 1 1 1 1 1 1 1 0 1 1 1 @3 pid 5908 #
integer_attrib-name_attrib-gen-attrib $-1 -1 $5728 $-1 $4914 2 1 1 1 1 1 1 1 1 1 1 1 1 1 0 1 1 1 @3 pid 3920 #
point $-1 -1 -1 $-1 -27.059999999999999 48.120000000000005 0.1899999999999803 #
rgb_color-st-attrib $-1 -1 $5729 $4919 $3525 2 1 2 1 1 1 1 1 1 1 1 1 1 1 0 1 1 1 0.73000001907348633 0.40000000596046448 0 #
rh_material-rh_entity $-1 -1 4 4 @5 plain @5 color -4 1 1 1 @5 phong @14 ambient factor -2 1 @14 diffuse factor -2 0.75 @15 specular factor -2 0.5 @8 exponent -2 10 @14 specular color -4 1 1 1 @4 none @5 plain @5 color -4 0 0 0 #
rgb_color-st-attrib $-1 -1 $5730 $4920 $3529 2 1 2 1 1 1 1 1 1 1 1 1 1 1 0 1 1 1 0.73000001907348633 0.40000000596046448 0 #
rh_material-rh_entity $-1 -1 4 4 @5 plain @5 color -4 1 1 1 @5 phong @14 ambient factor -2 1 @14 diffuse factor -2 0.75 @15 specular factor -2 0.5 @8 exponent -2 10 @14 specular color -4 1 1 1 @4 none @5 plain @5 color -4 0 0 0 #
string_attrib-name_attrib-gen-attrib $-1 -1 $-1 $4922 $3128 2 1 2 1 1 1 1 1 1 1 1 1 1 1 0 1 1 1 @15 ATTRIB_XACIS_ID @5 40922 #
rgb_color-st-attrib $-1 -1 $5731 $4924 $3535 2 1 2 1 1 1 1 1 1 1 1 1 1 1 0 1 1 1 0.73000001907348633 0.40000000596046448 0 #
rh_material-rh_entity $-1 -1 4 4 @5 plain @5 color -4 1 1 1 @5 phong @14 ambient factor -2 1 @14 diffuse factor -2 0.75 @15 specular factor -2 0.5 @8 exponent -2 10 @14 specular color -4 1 1 1 @4 none @5 plain @5 color -4 0 0 0 #
named_attribute-st-attrib $-1 -1 $5732 $-1 $4926 1 1 1 1 1 1 1 1 1 1 1 1 1 1 0 1 1 1 @3 eif #
straight-curve $-1 -1 -1 $-1 -28.409705627485231 48.270000000000017 0.18343145750531664 0 1 0 F 0 F 0.43999999999998618 #
integer_attrib-name_attrib-gen-attrib $-1 -1 $-1 $4928 $4432 2 1 1 1 1 1 1 1 1 1 1 1 1 1 0 1 1 1 @3 pid 8016 #
integer_attrib-name_attrib-gen-attrib $-1 -1 $5733 $-1 $4929 2 1 1 1 1 1 1 1 1 1 1 1 1 1 0 1 1 1 @3 pid 4794 #
point $-1 -1 -1 $-1 -28.409705627485 48.710000000000001 0.18343145750511439 #
integer_attrib-name_attrib-gen-attrib $-1 -1 $-1 $4931 $4434 2 1 1 1 1 1 1 1 1 1 1 1 1 1 0 1 1 1 @3 pid 8014 #
integer_attrib-name_attrib-gen-attrib $-1 -1 $5734 $-1 $4932 2 1 1 1 1 1 1 1 1 1 1 1 1 1 0 1 1 1 @3 pid 4791 #
point $-1 -1 -1 $-1 -28.409705627484982 48.270000000000003 0.18343145750512657 #
vertedge-sys-attrib $-1 -1 $-1 $4935 $4436 1 1 1 1 1 1 1 1 1 1 1 1 0 1 0 1 1 1 4 $3966 $5485 $-1 $-1 #
string_attrib-name_attrib-gen-attrib $-1 -1 $-1 $4937 $3133 2 1 2 1 1 1 1 1 1 1 1 1 1 1 0 1 1 1 @15 ATTRIB_XACIS_ID @5 41948 #
string_attrib-name_attrib-gen-attrib $-1 -1 $-1 $4940 $3163 2 1 2 1 1 1 1 1 1 1 1 1 1 1 0 1 1 1 @15 ATTRIB_XACIS_ID @5 41967 #
rgb_color-st-attrib $-1 -1 $5735 $4942 $3575 2 1 2 1 1 1 1 1 1 1 1 1 1 1 0 1 1 1 0.73000001907348633 0.40000000596046448 0 #
rh_material-rh_entity $-1 -1 4 4 @5 plain @5 color -4 1 1 1 @5 phong @14 ambient factor -2 1 @14 diffuse factor -2 0.75 @15 specular factor -2 0.5 @8 exponent -2 10 @14 specular color -4 1 1 1 @4 none @5 plain @5 color -4 0 0 0 #
render-rbase-attrib $-1 -1 $5736 $4943 $3992 1 1 1 1 1 1 1 1 1 1 1 1 0 1 0 1 1 1 $5737 $-1 0 2 0 -1 0 1 0 0 0 0 1 -36.899999999999999 52.719999999999999 0.079999999999999988 1 rotate no_reflect no_shear #
edge $5738 -1 -1 $-1 $4976 7.638334409421077e-014 $5391 0.010000000000001563 $4970 $5739 forward @7 unknown T -27.490000000000002 48.709999999997024 0.1099999999970237 -27.479999999997098 48.710000000002978 0.11000000000297647 #
coedge $-1 -1 -1 $-1 $5443 $4945 $5578 $5740 reversed $5095 $-1 #
named_attribute-st-attrib $-1 -1 $5741 $-1 $4946 1 1 1 1 1 1 1 1 1 1 1 1 1 1 0 1 1 1 @3 eif #
vertex $5742 -1 -1 $-1 $5388 $5743 #
straight-curve $-1 -1 -1 $-1 -27.489999999999998 48.710000000000029 0.10999999999999999 0 1 0 F 0 F 0.23500000000006116 #
named_attribute-st-attrib $-1 -1 $5744 $-1 $4948 1 1 1 1 1 1 1 1 1 1 1 1 1 1 0 1 1 1 @3 eif #
straight-curve $-1 -1 -1 $-1 -27.480885643079361 48.270000000000003 0.19 -1 0 0 F 0.00065413498063726649 F 0.060964811158688903 #
integer_attrib-name_attrib-gen-attrib $-1 -1 $-1 $4949 $4455 2 1 1 1 1 1 1 1 1 1 1 1 1 1 0 1 1 1 @3 pid 6829 #
coedge $-1 -1 -1 $-1 $5745 $4954 $4951 $5397 reversed $5400 $-1 #
edge $5746 -1 -1 $-1 $5724 0 $4466 0.062522729151321066 $5396 $5747 forward @7 unknown T -27.400000000000269 48.119999999999905 0.18999999999973732 -27.399999999999729 48.182522729151543 0.19000000000027756 #
integer_attrib-name_attrib-gen-attrib $-1 -1 $-1 $4952 $4459 2 1 1 1 1 1 1 1 1 1 1 1 1 1 0 1 1 1 @3 pid 6831 #
coedge $-1 -1 -1 $-1 $4954 $5748 $5404 $5749 forward $5400 $-1 #
loop $-1 -1 -1 $-1 $-1 $5396 $5750 T -27.400000000005722 48.119999999999905 0.10999999999427729 -27.399999999994275 48.1900000000049 0.19000000000027756 unknown #
named_attribute-st-attrib $-1 -1 $5751 $-1 $4955 1 1 1 1 1 1 1 1 1 1 1 1 1 1 0 1 1 1 @3 eif #
tvertex-vertex $5752 -1 -1 $-1 $-1 $5753 1.9199946716213951e-013 #
straight-curve $-1 -1 -1 $-1 -27.399999999999999 48.182522729151273 0.19 0 1 0 F 0 F 0.0074772708487813588 #
coedge $-1 -1 -1 $-1 $5754 $4956 $5399 $5749 reversed $5406 $-1 #
tcoedge-coedge $-1 -1 -1 $-1 $4956 $5754 $5063 $5499 reversed $5406 $5755 -0.080004893737205665 7.2433692583048447e-006 F #
loop $-1 -1 -1 $-1 $-1 $5404 $5756 T -27.482224146787338 48.189791524443599 0.10995168875514677 -27.3997915244436 48.270878113565345 0.19068436872733915 unknown #
pcurve $-1 -1 -1 $-1 0 forward { exppc nubs 1 open 2 
	-1 1 -0 1 
	-0.50462454607374951 -0.019198366190952734 
	-0.50462454607374951 1.5707963267948966 
	0.001 
	-1 
	cone -27.479999999999997 48.189999999999998 0.23036996368589999 0 0 -1 0 0.080000000000000071 0 1 I I -0 1 0.080000000000000071 reversed I I I I 
	} 0 0 #
named_attribute-st-attrib $-1 -1 $5757 $-1 $4957 1 1 1 1 1 1 1 1 1 1 1 1 1 1 0 1 1 1 @3 eif #
intcurve-curve $-1 -1 -1 $-1 forward { exactcur full nubs 3 open 5 
	0 3 0.2444287048375807 1 0.49816039799748535 1 0.75280146514016744 1 1 3 
	-27.399999999999999 48.189999999999998 0.19 
	-27.400146749420166 48.200867857869703 0.19 
	-27.404088441075785 48.22124533447181 0.18999999999999997 
	-27.422265651276362 48.24860299435214 0.19 
	-27.44998547917006 48.266407615881029 0.18999999999999995 
	-27.47055360154463 48.270161108538346 0.19 
	-27.48153977806 48.270193744838004 0.19 
	0 
	null_surface 
	null_surface 
	nullbs 
	nullbs 
	-1 
	-1 
	I I 
	0 
	0 
	3 0.2444287048375807 0.49816039799748535 0.75280146514016744 
	
	-1 
	none F F 1 F 0 } I I #
integer_attrib-name_attrib-gen-attrib $-1 -1 $-1 $4964 $4468 2 1 1 1 1 1 1 1 1 1 1 1 1 1 0 1 1 1 @3 pid 4876 #
vertedge-sys-attrib $-1 -1 $-1 $4968 $4472 1 1 1 1 1 1 1 1 1 1 1 1 0 1 0 1 1 1 4 $4468 $5758 $-1 $-1 #
coedge $-1 -1 -1 $-1 $4970 $5176 $5759 $5760 reversed $2847 $-1 #
pcurve $-1 -1 -1 $-1 0 forward { exppc nubs 3 open 5 
	0 3 0.24587984796012194 1 0.5006355876100006 1 0.75489193728363302 1 1 3 
	-0.037499999999050626 -0.045000000000001705 
	-0.048289401957869238 -0.044853681679800417 
	-0.06852466218661446 -0.040959975949826699 
	-0.095684592967281379 -0.023096043650630449 
	-0.11348342646894016 0.0040601847845866956 
	-0.11735559944681873 0.024247573139469125 
	-0.11749999999702387 0.035000000000000142 
	0 
	0 
	plane -27.445 48.827500000000001 0.10999999999999999 0 0 -1 0 1 0 reverse_v I I I I 
	} 0 0 #
named_attribute-st-attrib $-1 -1 $5761 $-1 $4973 1 1 1 1 1 1 1 1 1 1 1 1 1 1 0 1 1 1 @3 eif #
intcurve-curve $-1 -1 -1 $-1 forward { exactcur full nubs 3 open 5 
	0 3 0.24587984796012194 1 0.5006355876100006 1 0.75489193728363302 1 1 3 
	-27.399999999999999 48.790000000000951 0.10999999999999999 
	-27.400146318320196 48.779210598042134 0.10999999999999999 
	-27.404040024050172 48.758975337813389 0.10999999999999999 
	-27.421903956349368 48.73181540703272 0.10999999999999999 
	-27.449060184784585 48.714016573531062 0.10999999999999999 
	-27.469247573139469 48.710144400553183 0.10999999999999999 
	-27.479999999999997 48.710000000002978 0.10999999999999999 
	0 
	null_surface 
	null_surface 
	nullbs 
	nullbs 
	-1 
	-1 
	I I 
	0 
	0 
	3 0.24587984796012194 0.5006355876100006 0.75489193728363302 
	
	-1 
	none F F 1 F 0 } I I #
integer_attrib-name_attrib-gen-attrib $-1 -1 $-1 $4975 $4478 2 1 1 1 1 1 1 1 1 1 1 1 1 1 0 1 1 1 @3 pid 7890 #
integer_attrib-name_attrib-gen-attrib $-1 -1 $5762 $-1 $4976 2 1 1 1 1 1 1 1 1 1 1 1 1 1 0 1 1 1 @3 pid 4545 #
point $-1 -1 -1 $-1 -27.480000000000075 48.710000000000001 0.11000000000000008 #
integer_attrib-name_attrib-gen-attrib $-1 -1 $-1 $4978 $4479 2 1 1 1 1 1 1 1 1 1 1 1 1 1 0 1 1 1 @3 pid 6838 #
integer_attrib-name_attrib-gen-attrib $-1 -1 $5763 $-1 $4979 2 1 1 1 1 1 1 1 1 1 1 1 1 1 0 1 1 1 @3 pid 4544 #
point $-1 -1 -1 $-1 -27.400000000000038 48.789999999999999 0.11000000000000008 #
edge $5764 -1 -1 $-1 $4011 0 $4581 0.061850454238074448 $5640 $5765 forward @7 unknown T -27.541850454240201 48.709999999998018 0.18999999999803277 -27.479999999999997 48.710000000001983 0.19000000000200215 #
edge $5766 -1 -1 $-1 $4012 0 $4011 1.5707396340716873 $5767 $5768 forward @7 unknown T -27.480000000000281 48.709999999999859 0.18999999999985789 -27.399999999999995 48.790000000000042 0.19000000000014211 #
vertedge-sys-attrib $-1 -1 $-1 $4984 $4486 1 1 1 1 1 1 1 1 1 1 1 1 0 1 0 1 1 1 4 $4015 $5769 $-1 $-1 #
named_attribute-st-attrib $-1 -1 $5770 $-1 $4987 1 1 1 1 1 1 1 1 1 1 1 1 1 1 0 1 1 1 @3 eif #
straight-curve $-1 -1 -1 $-1 -28.189999999999657 48.270000000000003 0.31 -1 0 0 F 0 F 0.026862915009957078 #
named_attribute-st-attrib $-1 -1 $5771 $-1 $4988 1 1 1 1 1 1 1 1 1 1 1 1 1 1 0 1 1 1 @3 eif #
straight-curve $-1 -1 -1 $-1 -28.189999999999998 48.270000000000003 0.30999999999997951 0 0 -1 F 0 F 0.079999999999959909 #
string_attrib-name_attrib-gen-attrib $-1 -1 $-1 $4990 $3173 2 1 2 1 1 1 1 1 1 1 1 1 1 1 0 1 1 1 @15 ATTRIB_XACIS_ID @5 44985 #
rgb_color-st-attrib $-1 -1 $5772 $4992 $3594 2 1 2 1 1 1 1 1 1 1 1 1 1 1 0 1 1 1 0.73000001907348633 0.40000000596046448 0 #
rh_material-rh_entity $-1 -1 4 4 @5 plain @5 color -4 1 1 1 @5 phong @14 ambient factor -2 1 @14 diffuse factor -2 0.75 @15 specular factor -2 0.5 @8 exponent -2 10 @14 specular color -4 1 1 1 @4 none @5 plain @5 color -4 0 0 0 #
render-rbase-attrib $-1 -1 $5773 $4993 $4027 1 1 1 1 1 1 1 1 1 1 1 1 0 1 0 1 1 1 $5774 $-1 0 2 0 -1 0 1 0 0 0 0 1 -36.899999999999999 52.719999999999999 0.079999999999999988 1 rotate no_reflect no_shear #
integer_attrib-name_attrib-gen-attrib $-1 -1 $5775 $4994 $4498 2 1 1 1 1 1 1 1 1 1 1 1 1 1 0 1 1 1 @3 pid 2607 #
integer_attrib-name_attrib-gen-attrib $-1 -1 $5776 $-1 $4995 2 0 0 1 1 1 1 1 1 1 1 1 1 1 0 1 1 1 @3 fif 0 #
cone-surface $-1 -1 -1 $-1 -28.466274169979997 48.718800000000002 0.23999999999999999 0 -1 0 0 0 0.079999999999999988 1 I I -0 1 0.079999999999999988 reversed I I I I #
integer_attrib-name_attrib-gen-attrib $-1 -1 $-1 $4997 $4502 2 1 1 1 1 1 1 1 1 1 1 1 1 1 0 1 1 1 @3 pid 7883 #
vertedge-sys-attrib $-1 -1 $-1 $5000 $4504 1 1 1 1 1 1 1 1 1 1 1 1 0 1 0 1 1 1 4 $4502 $5491 $-1 $-1 #
named_attribute-st-attrib $-1 -1 $5777 $-1 $5003 1 1 1 1 1 1 1 1 1 1 1 1 1 1 0 1 1 1 @3 eif #
straight-curve $-1 -1 -1 $-1 -28.109999999999999 48.190000000000516 0.31 0 -1 0 F 0 F 0.087519231907424277 #
integer_attrib-name_attrib-gen-attrib $-1 -1 $5778 $-1 $5005 2 0 0 1 1 1 1 1 1 1 1 1 1 1 0 1 1 1 @3 fif 0 #
face $5779 -1 -1 $-1 $5780 $5781 $5 $-1 $5782 reversed double out T -27.671754264810605 48.269999999995548 0.17499999999562701 -27.654433756725957 48.710000000005117 0.20500000000491247 F #
plane-surface $-1 -1 -1 $-1 -27.965959224999999 48.406240384046477 0.31 0 0 1 0 -1 0 forward_v I I I I #
coedge $-1 -1 -1 $-1 $5006 $5389 $5008 $5447 reversed $5095 $-1 #
named_attribute-st-attrib $-1 -1 $5783 $-1 $5007 1 1 1 1 1 1 1 1 1 1 1 1 1 1 0 1 1 1 @3 eif #
straight-curve $-1 -1 -1 $-1 -27.489999999999998 48.945000000000093 0.079999999999999988 0 -1 0 F -4.4408920985006262e-016 F 0.67500000000017746 #
tcoedge-coedge $-1 -1 -1 $-1 $5448 $5008 $5784 $5785 reversed $5010 $5786 -1 -0 F #
edge $5787 -1 -1 $-1 $5013 -1.0842021724855044e-019 $5582 0.029999999999999229 $5008 $5788 forward @7 tangent T -27.490000000004205 48.269999999991619 0.079999999999910185 -27.489999999995799 48.270000000000095 0.11000000000420161 #
coedge $-1 -1 -1 $-1 $5009 $5446 $5789 $5790 reversed $5010 $-1 #
integer_attrib-name_attrib-gen-attrib $-1 -1 $-1 $5012 $4515 2 1 1 1 1 1 1 1 1 1 1 1 1 1 0 1 1 1 @3 pid 3826 #
integer_attrib-name_attrib-gen-attrib $-1 -1 $-1 $-1 $5013 2 1 1 1 1 1 1 1 1 1 1 1 1 1 0 1 1 1 @3 pid 2842 #
point $-1 -1 -1 $-1 -27.489999999999998 48.270000000000003 0.079999999999999891 #
coedge $-1 -1 -1 $-1 $5017 $5015 $5745 $5791 reversed $4519 $-1 #
coedge $-1 -1 -1 $-1 $5789 $5792 $5015 $5454 forward $5793 $-1 #
edge $5794 -1 -1 $-1 $5795 0 $5456 0.060000000000030695 $5453 $5796 forward @7 unknown T -27.400000000000126 48.119999999999933 0.10999999999993766 -27.340000000000003 48.120000000000061 0.11000000000006231 #
named_attribute-st-attrib $-1 -1 $5797 $-1 $5016 1 1 1 1 1 1 1 1 1 1 1 1 1 1 0 1 1 1 @3 eif #
vertex $5798 -1 -1 $-1 $5790 $5799 #
straight-curve $-1 -1 -1 $-1 -27.339999999999982 48.120000000000005 0.10999999999999903 0 0 -1 F 0 F 0.029999999999999232 #
integer_attrib-name_attrib-gen-attrib $-1 -1 $5800 $-1 $5018 2 0 0 1 1 1 1 1 1 1 1 1 1 1 0 1 1 1 @3 fif 0 #
plane-surface $-1 -1 -1 $-1 -27.22999999999999 48.120000000000005 0.13499999999999995 0 -1 0 -1 0 0 forward_v I I I I #
integer_attrib-name_attrib-gen-attrib $-1 -1 $-1 $5022 $4523 2 1 1 1 1 1 1 1 1 1 1 1 1 1 0 1 1 1 @3 pid 5906 #
rgb_color-st-attrib $-1 -1 $5801 $5026 $3609 2 1 2 1 1 1 1 1 1 1 1 1 1 1 0 1 1 1 0.73000001907348633 0.40000000596046448 0 #
rh_material-rh_entity $-1 -1 4 4 @5 plain @5 color -4 1 1 1 @5 phong @14 ambient factor -2 1 @14 diffuse factor -2 0.75 @15 specular factor -2 0.5 @8 exponent -2 10 @14 specular color -4 1 1 1 @4 none @5 plain @5 color -4 0 0 0 #
string_attrib-name_attrib-gen-attrib $-1 -1 $-1 $5029 $3212 2 1 2 1 1 1 1 1 1 1 1 1 1 1 0 1 1 1 @15 ATTRIB_XACIS_ID @5 40602 #
rgb_color-st-attrib $-1 -1 $5802 $5031 $3628 2 1 2 1 1 1 1 1 1 1 1 1 1 1 0 1 1 1 0.93699997663497925 0.7850000262260437 0 #
rh_material-rh_entity $-1 -1 4 4 @5 plain @5 color -4 1 1 1 @5 phong @14 ambient factor -2 1 @14 diffuse factor -2 0.75 @15 specular factor -2 0.5 @8 exponent -2 10 @14 specular color -4 1 1 1 @4 none @5 plain @5 color -4 0 0 0 #
render-rbase-attrib $-1 -1 $5803 $5032 $4066 1 1 1 1 1 1 1 1 1 1 1 1 0 1 0 1 1 1 $5804 $-1 0 2 0 -1 0 1 0 0 0 0 1 -36.899999999999999 52.719999999999999 0.079999999999999988 1 rotate no_reflect no_shear #
coedge $-1 -1 -1 $-1 $5292 $5033 $5805 $5571 forward $4543 $-1 #
coedge $-1 -1 -1 $-1 $5033 $5292 $5232 $5281 forward $4543 $-1 #
pcurve $-1 -1 -1 $-1 0 forward { exppc nubs 1 open 2 
	0 1 0.78524597929729423 1 
	-5.6099999999958881 -3.1415926535897931 
	-5.6099999999958881 -2.3561944902114398 
	0.001 
	-1 
	cone -28.216862915009997 48.261200000000002 0.14999999999998997 0 1 0 0.056568542495000526 0 -0.056568542494930089 1 I I 0 -1 0.080000000000058691 reversed I I I I 
	} 0 0 #
pcurve $-1 -1 -1 $-1 0 forward { exppc nurbs 2 open 2 
	0 2 0.78524597927156647 2 
	-0.20627416997950121 -0.086568542491720579 1 
	-0.22970667187820126 -0.10999747860889289 0.92390864900812641 
	-0.26284271247538271 -0.10999999999997689 1 
	1e-008 
	-1 
	plane -28.203431457504998 48.270000000000003 0.27000000000000002 0 -1 0 1 0 0 forward_v I I I I 
	} 0 0 #
named_attribute-st-attrib $-1 -1 $5806 $-1 $5037 1 1 1 1 1 1 1 1 1 1 1 1 1 1 0 1 1 1 @3 eif #
ellipse-curve $-1 -1 -1 $-1 -28.466280258467258 48.270000000000003 0.24001469890224528 0 1 0 0.056574630982757057 0 -0.056583241393965852 1 F 0 F 0.78524597927156647 #
tcoedge-coedge $-1 -1 -1 $-1 $5039 $5185 $5176 $5569 reversed $5186 $5807 -1.0472603067474437 -0 F #
named_attribute-st-attrib $-1 -1 $5808 $-1 $5040 1 1 1 1 1 1 1 1 1 1 1 1 1 1 0 1 1 1 @3 eif #
tvertex-vertex $5809 -1 -1 $-1 $-1 $5810 2.4978873500470896e-012 #
straight-curve $-1 -1 -1 $-1 -27.654433756729528 48.710000000000093 0.17500000000039068 0 -1 0 F 0 F 0.44000000000018336 #
string_attrib-name_attrib-gen-attrib $-1 -1 $-1 $5044 $3243 2 1 2 1 1 1 1 1 1 1 1 1 1 1 0 1 1 1 @15 ATTRIB_XACIS_ID @5 40718 #
rgb_color-st-attrib $-1 -1 $5811 $5046 $3648 2 1 2 1 1 1 1 1 1 1 1 1 1 1 0 1 1 1 0.93699997663497925 0.7850000262260437 0 #
rh_material-rh_entity $-1 -1 4 4 @5 plain @5 color -4 1 1 1 @5 phong @14 ambient factor -2 1 @14 diffuse factor -2 0.75 @15 specular factor -2 0.5 @8 exponent -2 10 @14 specular color -4 1 1 1 @4 none @5 plain @5 color -4 0 0 0 #
render-rbase-attrib $-1 -1 $5812 $5047 $4084 1 1 1 1 1 1 1 1 1 1 1 1 0 1 0 1 1 1 $5813 $-1 0 2 0 -1 0 1 0 0 0 0 1 -36.899999999999999 52.719999999999999 0.079999999999999988 1 rotate no_reflect no_shear #
integer_attrib-name_attrib-gen-attrib $-1 -1 $5814 $5048 $4558 2 1 1 1 1 1 1 1 1 1 1 1 1 1 0 1 1 1 @3 pid 2882 #
integer_attrib-name_attrib-gen-attrib $-1 -1 $5815 $-1 $5049 2 0 0 1 1 1 1 1 1 1 1 1 1 1 0 1 1 1 @3 fif 0 #
cone-surface $-1 -1 -1 $-1 -28.189999999999998 48.189999999999998 0.31238404796259978 0 0 -1 0 0.080000000000000071 0 1 I I -0 1 0.080000000000000071 reversed I I I I #
coedge $-1 -1 -1 $-1 $5492 $5052 $5526 $5769 reversed $4559 $-1 #
tedge-edge $5816 -1 -1 $-1 $4017 5.1060876438608617e-013 $4436 0.78524597914109728 $5060 $5817 forward @7 unknown T -28.330002422688253 48.269997577312019 0.26313466230185928 -28.216860492322098 48.270002422687988 0.31000242268800565 2.4226879844009635e-006 #
pcurve $-1 -1 -1 $-1 0 forward { exppc nubs 1 open 2 
	-0.78524597916441652 1 -0 1 
	-0.054999999999964695 -3.1415926535897931 
	-0.054999999999964695 -2.3561944901917444 
	0.001 
	-1 
	cone -28.216862915009997 48.261200000000002 0.14999999999998997 0 1 0 0.11313708499000105 0 -0.11313708498986018 1 I I -0 1 0.16000000000011738 reversed I I I I 
	} 0 0 #
coedge $-1 -1 -1 $-1 $5805 $5053 $5291 $5676 forward $4085 $-1 #
edge $5818 -1 -1 $-1 $3762 0 $2967 1.570739634067041 $5107 $5819 forward @7 unknown T -28.190000000000431 48.189999999999969 0.22999999999960202 -28.109999999999602 48.270000000000536 0.23000000000038978 #
named_attribute-st-attrib $-1 -1 $5820 $-1 $5055 1 1 1 1 1 1 1 1 1 1 1 1 1 1 0 1 1 1 @3 eif #
straight-curve $-1 -1 -1 $-1 -28.109999999999999 48.102480768092626 0.22999999999999998 0 1 0 F 0 F 0.087519231907757344 #
edge $5821 -1 -1 $-1 $4929 -4.219623447039427e-016 $4504 0.11272077938132451 $5235 $5822 forward @7 unknown T -28.409705627490816 48.709999999994189 0.18343145749929954 -28.329999999995231 48.710000000005813 0.26313708499454608 #
tcoedge-coedge $-1 -1 -1 $-1 $5057 $5484 $5626 $5823 forward $4559 $5824 0 0.78524597916378935 F #
named_attribute-st-attrib $-1 -1 $5825 $-1 $5058 1 1 1 1 1 1 1 1 1 1 1 1 1 1 0 1 1 1 @3 eif #
straight-curve $-1 -1 -1 $-1 -28.329999999998179 48.270000000000003 0.26313708498671906 0 1 4.4156597570320114e-016 F 1.0931911024969052e-027 F 0.43999999999998618 #
named_attribute-st-attrib $-1 -1 $5826 $-1 $5059 1 1 1 1 1 1 1 1 1 1 1 1 1 1 0 1 1 1 @3 eif #
straight-curve $-1 -1 -1 $-1 -28.409705627479198 48.270000000000017 0.18343145750550716 0 1 0 F 0 F 0.43999999999998618 #
pcurve $-1 -1 -1 $-1 0 forward { exppc nurbs 2 open 2 
	0 2 0.78524597916441652 2 
	-0.013431457505006961 0.040000000000021241 1 
	-0.079703538697636134 0.039994957216537896 0.92390864902898195 
	-0.12656854249791039 -0.0068629150124975835 1 
	1e-008 
	-1 
	plane -28.203431457504998 48.270000000000003 0.27000000000000002 0 -1 0 1 0 0 forward_v I I I I 
	} 0 0 #
integer_attrib-name_attrib-gen-attrib $-1 -1 $-1 $5061 $4565 2 1 1 1 1 1 1 1 1 1 1 1 1 1 0 1 1 1 @3 pid 8233 #
tedge-edge $5827 -1 -1 $-1 $4465 -7.2433692583048447e-006 $5828 0.080004893737205665 $5405 $5829 forward @7 tangent T -27.482224146787338 48.269509376110662 0.10999510437670308 -27.479995104376599 48.270878113565345 0.19068436872733915 4.8956232965963324e-006 #
pcurve $-1 -1 -1 $-1 0 forward { exppc nubs 1 open 2 
	-7.2433692583048447e-006 1 0.080004893737205665 1 
	0.091098250144984405 0.11780128358450526 
	0.16082903768645451 0.078564064605711081 
	0 
	0 
	plane -27.628452994616246 48.270000000000003 0.20999999999995497 -0 1 -0 0.4999999999992063 0 -0.8660254037848969 reverse_v I I I I 
	} 0 0 #
integer_attrib-name_attrib-gen-attrib $-1 -1 $-1 $5064 $4568 2 1 1 1 1 1 1 1 1 1 1 1 1 1 0 1 1 1 @3 pid 7896 #
integer_attrib-name_attrib-gen-attrib $-1 -1 $5830 $-1 $5065 2 1 1 1 1 1 1 1 1 1 1 1 1 1 0 1 1 1 @3 pid 4542 #
point $-1 -1 -1 $-1 -27.541850454238052 48.27000000000001 0.19000000000009021 #
vertedge-sys-attrib $-1 -1 $-1 $5068 $4570 1 1 1 1 1 1 1 1 1 1 1 1 0 1 0 1 1 1 4 $4090 $5831 $-1 $-1 #
vertedge-sys-attrib $-1 -1 $-1 $5070 $4571 1 1 1 1 1 1 1 1 1 1 1 1 0 1 0 1 1 1 4 $4584 $5832 $-1 $-1 #
integer_attrib-name_attrib-gen-attrib $-1 -1 $-1 $5073 $4576 2 1 1 1 1 1 1 1 1 1 1 1 1 1 0 1 1 1 @3 pid 6834 #
named_attribute-st-attrib $-1 -1 $5833 $-1 $5075 1 1 1 1 1 1 1 1 1 1 1 1 1 1 0 1 1 1 @3 eif #
straight-curve $-1 -1 -1 $-1 -27.541850454237906 48.270000000000017 0.19 0 1 0 F 0 F 0.43999999999998618 #
integer_attrib-name_attrib-gen-attrib $-1 -1 $-1 $5077 $4581 2 1 1 1 1 1 1 1 1 1 1 1 1 1 0 1 1 1 @3 pid 4543 #
integer_attrib-name_attrib-gen-attrib $-1 -1 $-1 $5079 $4583 2 1 1 1 1 1 1 1 1 1 1 1 1 1 0 1 1 1 @3 pid 7897 #
integer_attrib-name_attrib-gen-attrib $-1 -1 $-1 $5081 $4584 2 1 1 1 1 1 1 1 1 1 1 1 1 1 0 1 1 1 @3 pid 7887 #
tedge-edge $5834 -1 -1 $-1 $4581 0 $4100 1.0468372048305323 $5639 $5835 forward @7 unknown T -27.585154139232877 48.709997585195708 0.18999758519568391 -27.541848039433923 48.710002414804293 0.21500241480422214 2.4148042935923068e-006 #
tedge-edge $5836 -1 -1 $-1 $4101 0 $4137 1.0470515729145633 $5837 $5838 forward @7 unknown T -27.71505807842944 48.709997456565546 0.24499745656556735 -27.602469689065178 48.710002543434506 0.31000254343445804 2.5434344516499697e-006 #
string_attrib-name_attrib-gen-attrib $-1 -1 $-1 $5090 $3268 2 1 2 1 1 1 1 1 1 1 1 1 1 1 0 1 1 1 @15 ATTRIB_XACIS_ID @5 40119 #
rgb_color-st-attrib $-1 -1 $5839 $5092 $3676 2 1 2 1 1 1 1 1 1 1 1 1 1 1 0 1 1 1 0.73000001907348633 0.40000000596046448 0 #
rh_material-rh_entity $-1 -1 4 4 @5 plain @5 color -4 1 1 1 @5 phong @14 ambient factor -2 1 @14 diffuse factor -2 0.75 @15 specular factor -2 0.5 @8 exponent -2 10 @14 specular color -4 1 1 1 @4 none @5 plain @5 color -4 0 0 0 #
named_attribute-st-attrib $-1 -1 $5840 $-1 $5094 1 1 1 1 1 1 1 1 1 1 1 1 1 1 0 1 1 1 @3 eif #
straight-curve $-1 -1 -1 $-1 -27.600000000000001 48.945 0.079999999999999988 -0.70710678118654757 0.70710678118654757 0 F 0 F 0.14142135623731147 #
integer_attrib-name_attrib-gen-attrib $-1 -1 $-1 $5096 $4605 2 1 1 1 1 1 1 1 1 1 1 1 1 1 0 1 1 1 @3 pid 4874 #
integer_attrib-name_attrib-gen-attrib $-1 -1 $-1 $-1 $5097 2 1 1 1 1 1 1 1 1 1 1 1 1 1 0 1 1 1 @3 pid 2841 #
point $-1 -1 -1 $-1 -27.489999999999998 48.945000000000093 0.079999999999999988 #
integer_attrib-name_attrib-gen-attrib $-1 -1 $-1 $5099 $4606 2 1 1 1 1 1 1 1 1 1 1 1 1 1 0 1 1 1 @3 pid 4877 #
named_attribute-st-attrib $-1 -1 $5841 $-1 $5101 1 1 1 1 1 1 1 1 1 1 1 1 1 1 0 1 1 1 @3 eif #
straight-curve $-1 -1 -1 $-1 -27.399999999999999 48.944999999997023 0.10999999999999999 0 -1 0 F 0 F 0.15499999999607494 #
vertedge-sys-attrib $-1 -1 $-1 $5105 $4610 1 1 1 1 1 1 1 1 1 1 1 1 0 1 0 1 1 1 4 $5842 $4606 $-1 $-1 #
coedge $-1 -1 -1 $-1 $5110 $5843 $5484 $5769 forward $4511 $-1 #
integer_attrib-name_attrib-gen-attrib $-1 -1 $-1 $5114 $4632 2 1 1 1 1 1 1 1 1 1 1 1 1 1 0 1 1 1 @3 pid 8363 #
tcoedge-coedge $-1 -1 -1 $-1 $5844 $5115 $5845 $5846 reversed $5531 $5847 -1.047051572922125 -0 F #
tcoedge-coedge $-1 -1 -1 $-1 $5115 $5844 $5837 $5513 forward $5531 $5848 0 1.0470515729145633 F #
coedge $-1 -1 -1 $-1 $5843 $5125 $5115 $4632 forward $4511 $-1 #
loop $-1 -1 -1 $-1 $-1 $5528 $5780 T -27.715058078429553 48.269997456565491 0.24499745656548394 -27.602469689064169 48.710002543434506 0.31000254343447281 unknown #
named_attribute-st-attrib $-1 -1 $5849 $-1 $5117 1 1 1 1 1 1 1 1 1 1 1 1 1 1 0 1 1 1 @3 eif #
straight-curve $-1 -1 -1 $-1 -27.859999999999999 48.102480768092619 0.31 0 1 0 F 0 F 0.087519231907758233 #
coedge $-1 -1 -1 $-1 $5120 $5845 $5125 $5537 reversed $5196 $-1 #
coedge $-1 -1 -1 $-1 $5122 $5631 $5850 $5851 reversed $4085 $-1 #
integer_attrib-name_attrib-gen-attrib $-1 -1 $-1 $5123 $4641 2 1 1 1 1 1 1 1 1 1 1 1 1 1 0 1 1 1 @3 pid 8288 #
edge $5852 -1 -1 $-1 $2899 3.3750779948604759e-014 $3691 0.064944465010706054 $5534 $5853 forward @7 unknown T -27.780000000000665 48.26999999999456 0.3099999999945649 -27.715055534989645 48.270000000005446 0.31000000000545053 #
named_attribute-st-attrib $-1 -1 $5854 $-1 $5127 1 1 1 1 1 1 1 1 1 1 1 1 1 1 0 1 1 1 @3 eif #
straight-curve $-1 -1 -1 $-1 -27.859999999999999 48.102480768092619 0.22999999999999998 0 1 0 F 0 F 0.087519231907758233 #
integer_attrib-name_attrib-gen-attrib $-1 -1 $5855 $-1 $5128 2 0 0 1 1 1 1 1 1 1 1 1 1 1 0 1 1 1 @3 fif 0 #
plane-surface $-1 -1 -1 $-1 -27.859999999999999 48.1462403840465 0.27000000000000002 1 0 0 0 1 0 forward_v I I I I #
integer_attrib-name_attrib-gen-attrib $-1 -1 $5856 $5129 $4646 2 1 1 1 1 1 1 1 1 1 1 1 1 1 0 1 1 1 @3 pid 2887 #
integer_attrib-name_attrib-gen-attrib $-1 -1 $-1 $5131 $4649 2 1 1 1 1 1 1 1 1 1 1 1 1 1 0 1 1 1 @3 pid 3824 #
integer_attrib-name_attrib-gen-attrib $-1 -1 $-1 $5136 $4655 2 1 1 1 1 1 1 1 1 1 1 1 1 1 0 1 1 1 @3 pid 3822 #
rgb_color-st-attrib $-1 -1 $5857 $5142 $3719 2 1 2 1 1 1 1 1 1 1 1 1 1 1 0 1 1 1 0.73000001907348633 0.40000000596046448 0 #
rh_material-rh_entity $-1 -1 4 4 @5 plain @5 color -4 1 1 1 @5 phong @14 ambient factor -2 1 @14 diffuse factor -2 0.75 @15 specular factor -2 0.5 @8 exponent -2 10 @14 specular color -4 1 1 1 @4 none @5 plain @5 color -4 0 0 0 #
integer_attrib-name_attrib-gen-attrib $-1 -1 $-1 $5144 $4667 2 1 1 1 1 1 1 1 1 1 1 1 1 1 0 1 1 1 @3 pid 3819 #
string_attrib-name_attrib-gen-attrib $-1 -1 $-1 $5146 $3312 2 1 2 1 1 1 1 1 1 1 1 1 1 1 0 1 1 1 @15 ATTRIB_XACIS_ID @5 42538 #
string_attrib-name_attrib-gen-attrib $-1 -1 $-1 $5150 $3341 2 1 2 1 1 1 1 1 1 1 1 1 1 1 0 1 1 1 @15 ATTRIB_XACIS_ID @5 44690 #
rgb_color-st-attrib $-1 -1 $5858 $5152 $3753 2 1 2 1 1 1 1 1 1 1 1 1 1 1 0 1 1 1 0.93699997663497925 0.7850000262260437 0 #
rh_material-rh_entity $-1 -1 4 4 @5 plain @5 color -4 1 1 1 @5 phong @14 ambient factor -2 1 @14 diffuse factor -2 0.75 @15 specular factor -2 0.5 @8 exponent -2 10 @14 specular color -4 1 1 1 @4 none @5 plain @5 color -4 0 0 0 #
render-rbase-attrib $-1 -1 $5859 $5153 $4200 1 1 1 1 1 1 1 1 1 1 1 1 0 1 0 1 1 1 $5860 $-1 0 2 0 -1 0 1 0 0 0 0 1 -36.899999999999999 52.719999999999999 0.079999999999999988 1 rotate no_reflect no_shear #
integer_attrib-name_attrib-gen-attrib $-1 -1 $5861 $5154 $4682 2 1 1 1 1 1 1 1 1 1 1 1 1 1 0 1 1 1 @3 pid 2683 #
integer_attrib-name_attrib-gen-attrib $-1 -1 $5862 $-1 $5155 2 0 0 1 1 1 1 1 1 1 1 1 1 1 0 1 1 1 @3 fif 0 #
plane-surface $-1 -1 -1 $-1 -28.770000000000501 48.320000000000505 0.13499999999989998 0.70710678118655301 0.70710678118654202 0 0.70710678118654202 -0.70710678118655301 0 forward_v I I I I #
coedge $-1 -1 -1 $-1 $5340 $5158 $5255 $5652 forward $5160 $-1 #
face $5863 -1 -1 $-1 $4785 $5160 $5 $-1 $5864 reversed double out T -28.820000000065161 48.403137084870707 0.079999999999617113 -28.819999999934762 48.985000000000177 0.16000000002005438 F #
integer_attrib-name_attrib-gen-attrib $-1 -1 $-1 $5161 $4686 2 1 1 1 1 1 1 1 1 1 1 1 1 1 0 1 1 1 @3 pid 7245 #
named_attribute-st-attrib $-1 -1 $5865 $-1 $5163 1 1 1 1 1 1 1 1 1 1 1 1 1 1 0 1 1 1 @3 eif #
straight-curve $-1 -1 -1 $-1 -27.654433756729517 48.710000000000001 0.17500000000037308 -0.50000000001048051 0 0.86602540377838777 F 1.6825923505738622e-016 F 0.034641016151197065 #
vertedge-sys-attrib $-1 -1 $-1 $5165 $4689 1 1 1 1 1 1 1 1 1 1 1 1 0 1 0 1 1 1 4 $5163 $4715 $-1 $-1 #
named_attribute-st-attrib $-1 -1 $5866 $-1 $5168 1 1 1 1 1 1 1 1 1 1 1 1 1 1 0 1 1 1 @3 eif #
coedge $-1 -1 -1 $-1 $5867 $5868 $5869 $5168 reversed $5781 $-1 #
straight-curve $-1 -1 -1 $-1 -27.671754264809845 48.709999999999987 0.20500000000050309 0 -1 0 F 0 F 0.43999999999998618 #
named_attribute-st-attrib $-1 -1 $5870 $-1 $5172 1 1 1 1 1 1 1 1 1 1 1 1 1 1 0 1 1 1 @3 eif #
straight-curve $-1 -1 -1 $-1 -28.109999999999999 48.102480768092789 0.3099999999999804 0 0 -1 F 0 F 0.079999999999959909 #
integer_attrib-name_attrib-gen-attrib $-1 -1 $5871 $-1 $5174 2 0 0 1 1 1 1 1 1 1 1 1 1 1 0 1 1 1 @3 fif 0 #
cone-surface $-1 -1 -1 $-1 -27.984999999999999 47.939999999999998 0.22761595203739998 0 0 1 0 -0.20500000000000007 0 1 I I -0 1 0.20500000000000007 reversed I I I I #
tedge-edge $5872 -1 -1 $-1 $5475 0 $5873 1.0472603067474437 $5176 $5874 forward @7 unknown T -27.654434850730311 48.709998906000912 0.10999890593693738 -27.541849360239091 48.71000109399909 0.17500109399917924 1.0939990892015991e-006 #
pcurve $-1 -1 -1 $-1 0 forward { exppc nurbs 2 open 2 
	0 2 1.0472603067474437 2 
	0.017320508075588492 -0.04000000000029047 1 
	0.092377402798524244 -0.040002355118417654 0.86600971447028718 
	0.12990381056740929 0.025000000000140687 1 
	1e-008 
	-1 
	plane -27.628452994616246 48.710000000000001 0.21000000000005251 0 -1 0 0.49999999999674349 0 -0.86602540378631887 forward_v I I I I 
	} 0 0 #
edge $5875 -1 -1 $-1 $4224 0 $4305 0.43999999999998529 $5467 $5876 forward @7 tangent T -28.216862915012076 48.269999999998007 0.22999999999798074 -28.216862915008043 48.710000000002054 0.23000000000201862 #
integer_attrib-name_attrib-gen-attrib $-1 -1 $-1 $5179 $4715 2 1 1 1 1 1 1 1 1 1 1 1 1 1 0 1 1 1 @3 pid 8322 #
coedge $-1 -1 -1 $-1 $5180 $5636 $5867 $5877 reversed $4259 $-1 #
tcoedge-coedge $-1 -1 -1 $-1 $5869 $5850 $5180 $4715 forward $5878 $5879 0 1.0468372048154317 F #
pcurve $-1 -1 -1 $-1 0 forward { exppc nurbs 2 open 2 
	-1.0468372048154317 2 0 2 
	-0.16082903768399248 0.055000000004028216 1 
	-0.17526579698766653 0.07999479939013851 0.86611547632252217 
	-0.20413030787037201 0.080000000000042565 1 
	1e-008 
	-1 
	plane -27.510925227119998 48.710000000000001 0.14999999999998997 -0 1 -0 1 0 0 reverse_v I I I I 
	} 0 0 #
coedge $-1 -1 -1 $-1 $5880 $5784 $5182 $5577 forward $5881 $-1 #
edge $5882 -1 -1 $-1 $5582 0 $5828 0.010000000000001563 $5182 $5883 forward @7 unknown T -27.490000000004205 48.269999999991619 0.10999999999579836 -27.479999999995705 48.270000000004188 0.11000000000420161 #
coedge $-1 -1 -1 $-1 $5759 $5183 $5389 $5740 forward $5580 $-1 #
coedge $-1 -1 -1 $-1 $5183 $5759 $5185 $5584 reversed $5580 $-1 #
loop $-1 -1 -1 $-1 $-1 $5759 $5666 T -27.54185045424218 48.269999999991619 0.10999999999579836 -27.489999999995799 48.710000000002061 0.11000000000420161 unknown #
named_attribute-st-attrib $-1 -1 $5884 $-1 $5184 1 1 1 1 1 1 1 1 1 1 1 1 1 1 0 1 1 1 @3 eif #
tvertex-vertex $5885 -1 -1 $-1 $5785 $5886 4.2016201779682323e-012 #
straight-curve $-1 -1 -1 $-1 -27.541850454238208 48.270000000000003 0.10999999999999999 1 0 0 F 0 F 0.051850454237857946 #
edge $5887 -1 -1 $-1 $5189 0 $5873 0.44000000000018336 $5579 $5888 forward @7 tangent T -27.54185045424218 48.269999999997985 0.10999999999789882 -27.541850454238059 48.710000000002061 0.11000000000201778 #
face $5889 -1 -1 $-1 $5756 $5186 $5 $-1 $5890 reversed double out T -27.654434850730311 48.269998906000893 0.1099989059369109 -27.541849360239055 48.71000109399909 0.17500109399917924 F #
integer_attrib-name_attrib-gen-attrib $-1 -1 $-1 $5188 $4718 2 1 1 1 1 1 1 1 1 1 1 1 1 1 0 1 1 1 @3 pid 8035 #
integer_attrib-name_attrib-gen-attrib $-1 -1 $5891 $-1 $5189 2 1 1 1 1 1 1 1 1 1 1 1 1 1 0 1 1 1 @3 pid 4801 #
point $-1 -1 -1 $-1 -27.541850454240077 48.270000000000003 0.10999999999999874 #
vertedge-sys-attrib $-1 -1 $-1 $5192 $4721 1 1 1 1 1 1 1 1 1 1 1 1 0 1 0 1 1 1 4 $5892 $4231 $-1 $-1 #
coedge $-1 -1 -1 $-1 $5893 $5195 $5868 $5892 reversed $5196 $-1 #
tcoedge-coedge $-1 -1 -1 $-1 $5850 $5869 $5195 $5592 reversed $5878 $5894 -1.0468372048130761 -0 F #
tedge-edge $5895 -1 -1 $-1 $3369 0 $4208 1.0468372048130761 $5591 $5896 forward @7 unknown T -27.7150579497997 48.269997585195327 0.20499758519502684 -27.671751849998081 48.270002414804679 0.23000241480467454 2.4148046752918684e-006 #
pcurve $-1 -1 -1 $-1 0 forward { exppc nurbs 2 open 2 
	0 2 1.0468372048130761 2 
	-0.20413030787036845 0.079999999999897542 1 
	-0.1752657969867073 0.079994799389685955 0.8661154763232719 
	-0.16082903768276324 0.055000000002629224 1 
	1e-008 
	-1 
	plane -27.510925227119998 48.270000000000003 0.14999999999998997 0 -1 0 1 0 0 forward_v I I I I 
	} 0 0 #
coedge $-1 -1 -1 $-1 $5897 $5898 $5899 $5900 forward $5196 $-1 #
face $5901 -1 -1 $-1 $5902 $5196 $5 $-1 $5903 forward double out T -27.780000000000665 48.269997456565491 0.10999745656557776 -27.479999999995705 48.270002543434465 0.31000254343447281 F #
named_attribute-st-attrib $-1 -1 $5904 $-1 $5198 1 1 1 1 1 1 1 1 1 1 1 1 1 1 0 1 1 1 @3 eif #
straight-curve $-1 -1 -1 $-1 -27.859999999999999 48.102480768092846 0.23000000000002047 0 0 1 F 0 F 0.079999999999959909 #
string_attrib-name_attrib-gen-attrib $-1 -1 $-1 $5201 $3384 2 1 2 1 1 1 1 1 1 1 1 1 1 1 0 1 1 1 @15 ATTRIB_XACIS_ID @5 43103 #
rgb_color-st-attrib $-1 -1 $5905 $5203 $3788 2 1 2 1 1 1 1 1 1 1 1 1 1 1 0 1 1 1 0.93699997663497925 0.7850000262260437 0 #
rh_material-rh_entity $-1 -1 4 4 @5 plain @5 color -4 1 1 1 @5 phong @14 ambient factor -2 1 @14 diffuse factor -2 0.75 @15 specular factor -2 0.5 @8 exponent -2 10 @14 specular color -4 1 1 1 @4 none @5 plain @5 color -4 0 0 0 #
render-rbase-attrib $-1 -1 $5906 $5204 $4244 1 1 1 1 1 1 1 1 1 1 1 1 0 1 0 1 1 1 $5907 $-1 0 2 0 -1 0 1 0 0 0 0 1 -36.899999999999999 52.719999999999999 0.079999999999999988 1 rotate no_reflect no_shear #
integer_attrib-name_attrib-gen-attrib $-1 -1 $5908 $5205 $4738 2 1 1 1 1 1 1 1 1 1 1 1 1 1 0 1 1 1 @3 pid 2184 #
integer_attrib-name_attrib-gen-attrib $-1 -1 $5909 $-1 $5206 2 0 0 1 1 1 1 1 1 1 1 1 1 1 0 1 1 1 @3 fif 0 #
plane-surface $-1 -1 -1 $-1 -28.805000000000497 48.730000000000004 0.094999999999799994 0 -1 0 0 0 1 forward_v I I I I #
coedge $-1 -1 -1 $-1 $5317 $5316 $5208 $5606 reversed $5318 $-1 #
edge $5910 -1 -1 $-1 $5309 -6.2803698363637119e-016 $2616 0.07515642767331733 $5208 $5911 forward @7 unknown T -28.796568542515583 48.293415681346872 0.10999075853297455 -28.743415681347091 48.34656854251579 0.11000924147008931 #
edge $5912 -1 -1 $-1 $5609 -7.9502033116897728e-025 $3438 0.075202403587146235 $5209 $5913 forward @7 unknown T -28.775355339210957 48.31455964052703 0.079954024127031148 -28.722133233655033 48.367781746082962 0.080045975872968828 #
named_attribute-st-attrib $-1 -1 $5914 $-1 $5211 1 1 1 1 1 1 1 1 1 1 1 1 1 1 0 1 1 1 @3 eif #
tvertex-vertex $5915 -1 -1 $-1 $5214 $5916 4.5975872968836419e-005 #
straight-curve $-1 -1 -1 $-1 -28.722211719379271 48.314638126251829 0.080000000000328836 -0.49999999999904382 -0.49999999999960903 0.70710678118750014 F 4.4598546316647332e-014 F 0.042426406872837913 #
coedge $-1 -1 -1 $-1 $5212 $5312 $5317 $5691 reversed $5156 $-1 #
pcurve $-1 -1 -1 $-1 0 forward { exppc nubs 3 open 4 
	0 3 0.3309560419304729 1 0.66908118087152668 1 1 3 
	-4.2575036331699962 1.9031649347609942 
	-4.2575183868497817 1.8987399131905178 
	-4.2586182950468796 1.8901407439972999 
	-4.2637051839999742 1.8778343069958865 
	-4.2689940611621893 1.8709660592913089 
	-4.2721056163999975 1.8678207904719955 
	0 
	0 
	plane -30.589999999999996 44.042500000000004 0.079999999999999988 -0 -0 -1 0 -1 0 reverse_v I I I I 
	} 0 0 #
named_attribute-st-attrib $-1 -1 $5917 $-1 $5214 1 1 1 1 1 1 1 1 1 1 1 1 1 1 0 1 1 1 @3 eif #
intcurve-curve $-1 -1 -1 $-1 forward { exactcur full nubs 3 open 4 
	0 3 0.3309560419304729 1 0.66908118087152668 1 1 3 
	-28.686835065239002 48.30000363317 0.079999999999999988 
	-28.691260086809478 48.300018386849786 0.079999999999999988 
	-28.699859256002696 48.301118295046884 0.079999999999999988 
	-28.71216569300411 48.306205183999978 0.079999999999999988 
	-28.719033940708687 48.311494061162193 0.079999999999999988 
	-28.722179209528001 48.314605616400002 0.079999999999999988 
	0 
	null_surface 
	null_surface 
	nullbs 
	nullbs 
	-1 
	-1 
	I I 
	0 
	0 
	2 0.3309560419304729 0.66908118087152668 
	
	-1 
	none F F 1 F 0 } I I #
integer_attrib-name_attrib-gen-attrib $-1 -1 $-1 $5216 $4743 2 1 1 1 1 1 1 1 1 1 1 1 1 1 0 1 1 1 @3 pid 7234 #
integer_attrib-name_attrib-gen-attrib $-1 -1 $-1 $5218 $4745 2 1 1 1 1 1 1 1 1 1 1 1 1 1 0 1 1 1 @3 pid 5887 #
named_attribute-st-attrib $-1 -1 $5918 $-1 $5220 1 1 1 1 1 1 1 1 1 1 1 1 1 1 0 1 1 1 @3 eif #
straight-curve $-1 -1 -1 $-1 -28.686858273368344 48.270000000000003 0.079999999999999988 1 0 0 F -4.6416260754966743e-006 F 0.22058410338873102 #
named_attribute-st-attrib $-1 -1 $5919 $-1 $5223 1 1 1 1 1 1 1 1 1 1 1 1 1 1 0 1 1 1 @3 eif #
straight-curve $-1 -1 -1 $-1 -28.686862915009996 48.270000000000003 0.15999999999999842 0 0 -1 F 0 F 0.049999999999997387 #
integer_attrib-name_attrib-gen-attrib $-1 -1 $5920 $-1 $5225 2 0 0 1 1 1 1 1 1 1 1 1 1 1 0 1 1 1 @3 fif 0 #
face $5921 -1 -1 $-1 $4646 $5878 $5 $-1 $5922 reversed double out T -27.7150579497997 48.269997585195327 0.20499758519502684 -27.671751849998081 48.71000241480457 0.23000241480467454 F #
plane-surface $-1 -1 -1 $-1 -28.203431457504998 48.270000000000003 0.27000000000000002 0 -1 0 1 0 0 forward_v I I I I #
vertedge-sys-attrib $-1 -1 $-1 $5227 $4750 1 1 1 1 1 1 1 1 1 1 1 1 0 1 0 1 1 1 4 $4745 $4300 $-1 $-1 #
integer_attrib-name_attrib-gen-attrib $-1 -1 $-1 $5230 $4753 2 1 1 1 1 1 1 1 1 1 1 1 1 1 0 1 1 1 @3 pid 7229 #
tcoedge-coedge $-1 -1 -1 $-1 $5923 $5235 $5492 $5823 reversed $4259 $5924 -0.78524597916378935 -0 F #
pcurve $-1 -1 -1 $-1 0 forward { exppc nubs 1 open 2 
	0 1 0.78524597922986672 1 
	-0.1100000000000101 -2.3561944901739817 
	-0.1100000000000101 -3.1415926535897931 
	0.001 
	-1 
	cone -28.466274169979997 48.718800000000002 0.23999999999999999 0 -1 0 0 0 0.079999999999999988 1 I I 0 -1 0.079999999999999988 reversed I I I I 
	} 0 0 #
named_attribute-st-attrib $-1 -1 $5925 $-1 $5237 1 1 1 1 1 1 1 1 1 1 1 1 1 1 0 1 1 1 @3 eif #
ellipse-curve $-1 -1 -1 $-1 -28.466280258467538 48.710000000000001 0.24001469890461127 0 1 0 0.056574630982538565 0 -0.056583241397531958 1 F 0 F 0.78524597922986672 #
integer_attrib-name_attrib-gen-attrib $-1 -1 $-1 $5239 $4764 2 1 1 1 1 1 1 1 1 1 1 1 1 1 0 1 1 1 @3 pid 8026 #
coedge $-1 -1 -1 $-1 $5535 $5805 $5241 $5632 forward $4085 $-1 #
edge $5926 -1 -1 $-1 $4224 0 $3774 0.50180738001454728 $5241 $5927 forward @7 unknown T -28.216862915012076 48.70999999999492 0.22999999999492662 -27.71505553498999 48.710000000005081 0.23000000000508034 #
named_attribute-st-attrib $-1 -1 $5928 $-1 $5242 1 1 1 1 1 1 1 1 1 1 1 1 1 1 0 1 1 1 @3 eif #
ellipse-curve $-1 -1 -1 $-1 -28.216856826528723 48.710000000000001 0.14998530109927355 0 1 0 -0.05657463097939263 0 0.056583241393382042 1 F 0 F 0.78524597929729423 #
integer_attrib-name_attrib-gen-attrib $-1 -1 $-1 $5244 $4766 2 1 1 1 1 1 1 1 1 1 1 1 1 1 0 1 1 1 @3 pid 8028 #
tcoedge-coedge $-1 -1 -1 $-1 $5573 $5246 $5929 $5930 reversed $4259 $5931 -1.0470515729249683 -0 F #
coedge $-1 -1 -1 $-1 $5932 $5933 $5246 $5638 forward $5934 $-1 #
edge $5935 -1 -1 $-1 $5873 0 $4976 0.061850454240705233 $5246 $5936 forward @7 unknown T -27.54185045424218 48.709999999997024 0.1099999999970237 -27.479999999997098 48.710000000002978 0.11000000000297647 #
tcoedge-coedge $-1 -1 -1 $-1 $5247 $5937 $5938 $5512 reversed $4259 $5939 -1.0468372048305323 -0 F #
coedge $-1 -1 -1 $-1 $5940 $5767 $5247 $5422 forward $5941 $-1 #
coedge $-1 -1 -1 $-1 $5942 $5248 $5767 $5423 reversed $5643 $-1 #
coedge $-1 -1 -1 $-1 $5248 $5942 $5932 $5943 forward $5643 $-1 #
loop $-1 -1 -1 $-1 $-1 $5942 $5251 T -27.480000000003052 48.709999999997024 0.1099999999970237 -27.399999999999089 48.790000000000951 0.19000000000014211 unknown #
named_attribute-st-attrib $-1 -1 $5944 $-1 $5249 1 1 1 1 1 1 1 1 1 1 1 1 1 1 0 1 1 1 @3 eif #
straight-curve $-1 -1 -1 $-1 -27.480000000000008 48.710000000000001 0.11000000000000018 0 0 1 F 0 F 0.079999999999978769 #
integer_attrib-name_attrib-gen-attrib $-1 -1 $5945 $5250 $4768 2 1 1 1 1 1 1 1 1 1 1 1 1 1 0 1 1 1 @3 pid 2929 #
integer_attrib-name_attrib-gen-attrib $-1 -1 $5946 $-1 $5251 2 0 0 1 1 1 1 1 1 1 1 1 1 1 0 1 1 1 @3 fif 0 #
face $5947 -1 -1 $-1 $5948 $5949 $5 $-1 $5950 reversed double out T -27.400000000002976 48.789999999999047 0.10999999999702342 -27.399999999997021 48.945000000002977 0.19000000000006506 F #
cone-surface $-1 -1 -1 $-1 -27.479999999999997 48.789999999999999 0.1923840479626 0 0 -1 0.080000000000000071 0 0 1 I I -0 1 0.080000000000000071 reversed I I I I #
integer_attrib-name_attrib-gen-attrib $-1 -1 $-1 $5253 $4771 2 1 1 1 1 1 1 1 1 1 1 1 1 1 0 1 1 1 @3 pid 7223 #
coedge $-1 -1 -1 $-1 $5255 $5343 $5338 $5705 reversed $340 $-1 #
edge $5951 -1 -1 $-1 $5265 0 $3452 0.25500000000016065 $5556 $5952 forward @7 unknown T -28.820000000000753 48.72999999999962 0.079999999999617113 -28.819999999999986 48.985000000000177 0.080000000000382862 #
named_attribute-st-attrib $-1 -1 $5953 $-1 $5257 1 1 1 1 1 1 1 1 1 1 1 1 1 1 0 1 1 1 @3 eif #
straight-curve $-1 -1 -1 $-1 -28.469999999999999 48.710000000000001 0.15999999999999837 0 0 -1 F 0 F 0.0799999999999986 #
integer_attrib-name_attrib-gen-attrib $-1 -1 $-1 $5258 $4778 2 1 1 1 1 1 1 1 1 1 1 1 1 1 0 1 1 1 @3 pid 8023 #
integer_attrib-name_attrib-gen-attrib $-1 -1 $5954 $-1 $5259 2 1 1 1 1 1 1 1 1 1 1 1 1 1 0 1 1 1 @3 pid 4798 #
point $-1 -1 -1 $-1 -28.469999999999999 48.710000000000001 0.079999999999999766 #
integer_attrib-name_attrib-gen-attrib $-1 -1 $-1 $5261 $4781 2 1 1 1 1 1 1 1 1 1 1 1 1 1 0 1 1 1 @3 pid 7250 #
named_attribute-st-attrib $-1 -1 $5955 $-1 $5263 1 1 1 1 1 1 1 1 1 1 1 1 1 1 0 1 1 1 @3 eif #
straight-curve $-1 -1 -1 $-1 -28.82 48.984999999999999 0.15999999999999998 0 0 -1 F 0 F 0.080000000000000959 #
integer_attrib-name_attrib-gen-attrib $-1 -1 $-1 $5264 $4784 2 1 1 1 1 1 1 1 1 1 1 1 1 1 0 1 1 1 @3 pid 5894 #
integer_attrib-name_attrib-gen-attrib $-1 -1 $-1 $-1 $5265 2 1 1 1 1 1 1 1 1 1 1 1 1 1 0 1 1 1 @3 pid 3912 #
point $-1 -1 -1 $-1 -28.82 48.985000000000177 0.07999999999999903 #
integer_attrib-name_attrib-gen-attrib $-1 -1 $5956 $5267 $4785 2 1 1 1 1 1 1 1 1 1 1 1 1 1 0 1 1 1 @3 pid 2187 #
integer_attrib-name_attrib-gen-attrib $-1 -1 $5957 $-1 $5268 2 0 0 1 1 1 1 1 1 1 1 1 1 1 0 1 1 1 @3 fif 0 #
face $5958 -1 -1 $-1 $5959 $5580 $5 $-1 $5960 forward double out T -27.54185045424218 48.269999999991619 0.10999999999579836 -27.489999999995799 48.710000000002061 0.11000000000420161 F #
cone-surface $-1 -1 -1 $-1 -28.469999999999999 48.789999999999999 0.20036996368590013 0 0 -1 0 -0.079999999999999627 0 1 I I -0 1 0.079999999999999627 reversed I I I I #
named_attribute-st-attrib $-1 -1 $5961 $-1 $5274 1 1 1 1 1 1 1 1 1 1 1 1 1 1 0 1 1 1 @3 eif #
straight-curve $-1 -1 -1 $-1 -28.466274169979982 48.710000000000001 0.15999999999999998 0 -1 0 F 0.00018458246994157435 F 0.4399999999999924 #
integer_attrib-name_attrib-gen-attrib $-1 -1 $-1 $5275 $4793 2 1 1 1 1 1 1 1 1 1 1 1 1 1 0 1 1 1 @3 pid 8021 #
vertedge-sys-attrib $-1 -1 $-1 $5278 $4795 1 1 1 1 1 1 1 1 1 1 1 1 0 1 0 1 1 1 4 $4793 $5323 $-1 $-1 #
named_attribute-st-attrib $-1 -1 $5962 $-1 $5281 1 1 1 1 1 1 1 1 1 1 1 1 1 1 0 1 1 1 @3 eif #
straight-curve $-1 -1 -1 $-1 -28.273431457508195 48.270000000000003 0.20656854249180107 0 1 4.4156597570320114e-016 F -1.6471953560723349e-029 F 0.43999999999998618 #
integer_attrib-name_attrib-gen-attrib $-1 -1 $-1 $5282 $4803 2 1 1 1 1 1 1 1 1 1 1 1 1 1 0 1 1 1 @3 pid 3817 #
render-rbase-attrib $-1 -1 $5963 $5285 $4295 1 1 1 1 1 1 1 1 1 1 1 1 0 1 0 1 1 1 $5964 $-1 0 2 0 -1 0 1 0 0 0 0 1 -36.899999999999999 52.719999999999999 0.079999999999999988 1 rotate no_reflect no_shear #
edge $5965 -1 -1 $-1 $3762 3.6237679523765109e-013 $4305 0.026862915010367416 $5291 $5966 forward @7 unknown T -28.216862915012037 48.269999999998007 0.22999999999798074 -28.189999999999642 48.270000000002 0.23000000000197743 #
pcurve $-1 -1 -1 $-1 0 forward { exppc nubs 1 open 2 
	-0.78524597931700768 1 -0 1 
	-0.10999999999992939 -2.356194490211462 
	-0.10999999999992939 -3.1415926535897931 
	0.001 
	-1 
	cone -28.216862915009997 48.261200000000002 0.14999999999998997 0 1 0 0.056568542495000526 0 -0.056568542494930089 1 I I 0 -1 0.080000000000058691 reversed I I I I 
	} 0 0 #
integer_attrib-name_attrib-gen-attrib $-1 -1 $-1 $5294 $4825 2 1 1 1 1 1 1 1 1 1 1 1 1 1 0 1 1 1 @3 pid 7216 #
named_attribute-st-attrib $-1 -1 $5967 $-1 $5297 1 1 1 1 1 1 1 1 1 1 1 1 1 1 0 1 1 1 @3 eif #
ellipse-curve $-1 -1 -1 $-1 -28.466274095131091 48.710000000000001 0.23999981929879716 0 1 0 0.056568467646091129 0 -0.05656836179368277 1 F 0 F 0.7854000346255432 #
integer_attrib-name_attrib-gen-attrib $-1 -1 $-1 $5300 $4835 2 1 1 1 1 1 1 1 1 1 1 1 1 1 0 1 1 1 @3 pid 7231 #
integer_attrib-name_attrib-gen-attrib $-1 -1 $-1 $5303 $4838 2 1 1 1 1 1 1 1 1 1 1 1 1 1 0 1 1 1 @3 pid 3815 #
rgb_color-st-attrib $-1 -1 $5968 $5306 $3841 2 1 2 1 1 1 1 1 1 1 1 1 1 1 0 1 1 1 0.73000001907348633 0.40000000596046448 0 #
rh_material-rh_entity $-1 -1 4 4 @5 plain @5 color -4 1 1 1 @5 phong @14 ambient factor -2 1 @14 diffuse factor -2 0.75 @15 specular factor -2 0.5 @8 exponent -2 10 @14 specular color -4 1 1 1 @4 none @5 plain @5 color -4 0 0 0 #
render-rbase-attrib $-1 -1 $5969 $5307 $4329 1 1 1 1 1 1 1 1 1 1 1 1 0 1 0 1 1 1 $5970 $-1 0 2 0 -1 0 1 0 0 0 0 1 -36.899999999999999 52.719999999999999 0.079999999999999988 1 rotate no_reflect no_shear #
integer_attrib-name_attrib-gen-attrib $-1 -1 $-1 $5308 $4845 2 1 1 1 1 1 1 1 1 1 1 1 1 1 0 1 1 1 @3 pid 7235 #
integer_attrib-name_attrib-gen-attrib $-1 -1 $-1 $-1 $5309 2 1 1 1 1 1 1 1 1 1 1 1 1 1 0 1 1 1 @3 pid 4796 #
point $-1 -1 -1 $-1 -28.743424922815649 48.293424922815426 0.11000000000153193 #
pcurve $-1 -1 -1 $-1 0 forward { exppc nubs 1 open 2 
	0 1 0.78524597871513457 1 
	-0.029800599532748731 2.2204460492503112e-014 
	-0.029800599532748731 0.78539816279644836 
	0.001 
	-1 
	cone -28.686862915009996 48.350000000000001 0.16238404796261988 0 0 -1 0 -0.080000000000000071 0 1 I I -0 1 0.080000000000000071 reversed I I I I 
	} 0 0 #
string_attrib-name_attrib-gen-attrib $-1 -1 $-1 $5314 $3423 2 1 2 1 1 1 1 1 1 1 1 1 1 1 0 1 1 1 @15 ATTRIB_XACIS_ID @5 41891 #
edge $5971 -1 -1 $-1 $5309 1.530914284231244e-012 $3013 0.049999999999998955 $5611 $5972 forward @7 tangent T -28.743434164284206 48.293415681346872 0.10999075853297455 -28.743415681347091 48.29343416428398 0.16000000004951445 #
named_attribute-st-attrib $-1 -1 $5973 $-1 $5320 1 1 1 1 1 1 1 1 1 1 1 1 1 1 0 1 1 1 @3 eif #
straight-curve $-1 -1 -1 $-1 -28.79656854246743 48.346568542468745 0.1100000000007771 0.49999999976143578 0.50000000023721569 -0.70710678118750125 F -4.8092576511868371e-016 F 0.042426406871135379 #
edge $5974 -1 -1 $-1 $4795 1.0658141036401503e-014 $5259 0.080000000000010868 $5322 $5975 forward @7 unknown T -28.470681462767665 48.708691385326972 0.079999999999999766 -28.469372295983426 48.710000552111211 0.16065458339211874 #
named_attribute-st-attrib $-1 -1 $5976 $-1 $5323 1 1 1 1 1 1 1 1 1 1 1 1 1 1 0 1 1 1 @3 eif #
ellipse-curve $-1 -1 -1 $-1 -28.469999999999999 48.790000000000006 0.16000000000001063 0 0 1 -0.080000000000001847 6.6613381477509392e-015 0 1 F 0 F 1.5707963267949576 #
render-rbase-attrib $-1 -1 $5977 $5325 $4354 1 1 1 1 1 1 1 1 1 1 1 1 0 1 0 1 1 1 $5978 $-1 0 2 0 -1 0 1 0 0 0 0 1 -36.899999999999999 52.719999999999999 0.079999999999999988 1 rotate no_reflect no_shear #
integer_attrib-name_attrib-gen-attrib $-1 -1 $5979 $5326 $4865 2 1 1 1 1 1 1 1 1 1 1 1 1 1 0 1 1 1 @3 pid 1730 #
integer_attrib-name_attrib-gen-attrib $-1 -1 $5980 $-1 $5327 2 0 0 1 1 1 1 1 1 1 1 1 1 1 0 1 1 1 @3 fif 0 #
cone-surface $-1 -1 -1 $-1 -27.339999999999996 48.270000000000003 0.079400000000000054 0 0 1 -0.15000000000000036 0 0 1 I I -0 1 0.15000000000000036 reversed I I I I #
integer_attrib-name_attrib-gen-attrib $-1 -1 $-1 $5331 $4871 2 1 1 1 1 1 1 1 1 1 1 1 1 1 0 1 1 1 @3 pid 5890 #
named_attribute-st-attrib $-1 -1 $5981 $-1 $5334 1 1 1 1 1 1 1 1 1 1 1 1 1 1 0 1 1 1 @3 eif #
straight-curve $-1 -1 -1 $-1 -28.790000000000337 48.730000000000004 0.080000000000287799 -0.70710678118744841 0 0.70710678118564663 F -2.6985963615085269e-017 F 0.042426406870728656 #
string_attrib-name_attrib-gen-attrib $-1 -1 $-1 $5335 $3455 2 1 2 1 1 1 1 1 1 1 1 1 1 1 0 1 1 1 @15 ATTRIB_XACIS_ID @5 40051 #
edge $5982 -1 -1 $-1 $3452 0 $3886 0.029999999999743565 $5338 $5983 forward @7 unknown T -28.820000000000753 48.729999999999372 0.079999999999366134 -28.789999999999992 48.730000000000636 0.080000000000633842 #
named_attribute-st-attrib $-1 -1 $5984 $-1 $5347 1 1 1 1 1 1 1 1 1 1 1 1 1 1 0 1 1 1 @3 eif #
straight-curve $-1 -1 -1 $-1 -28.819999999999975 48.729999999999905 0.10999999999985038 0 -1 0 F 0 F 0.32686291505379961 #
named_attribute-st-attrib $-1 -1 $5985 $-1 $5348 1 1 1 1 1 1 1 1 1 1 1 1 1 1 0 1 1 1 @3 eif #
straight-curve $-1 -1 -1 $-1 -28.790000000000049 48.403137084946103 0.079999999999998253 0 1 -1.8764728759109463e-018 F 2.2037443692663446e-033 F 0.32686291505380005 #
named_attribute-st-attrib $-1 -1 $5986 $-1 $5349 1 1 1 1 1 1 1 1 1 1 1 1 1 1 0 1 1 1 @3 eif #
straight-curve $-1 -1 -1 $-1 -28.82 48.40313708499 0.11000000000000101 0 0 1 F 0 F 0.049999999999997928 #
named_attribute-st-attrib $-1 -1 $5987 $-1 $5350 1 1 1 1 1 1 1 1 1 1 1 1 1 1 0 1 1 1 @3 eif #
straight-curve $-1 -1 -1 $-1 -28.796568542479498 48.346568542479503 0.15999999999999895 0 0 -1 F 0 F 0.049999999999997928 #
integer_attrib-name_attrib-gen-attrib $-1 -1 $5988 $-1 $5351 2 0 0 1 1 1 1 1 1 1 1 1 1 1 0 1 1 1 @3 fif 0 #
cone-surface $-1 -1 -1 $-1 -28.739999999999998 48.40313708499 0.10761595203737997 0 0 1 -0.080000000000000071 0 0 1 I I -0 1 0.080000000000000071 reversed I I I I #
integer_attrib-name_attrib-gen-attrib $-1 -1 $-1 $5353 $4897 2 1 1 1 1 1 1 1 1 1 1 1 1 1 0 1 1 1 @3 pid 7261 #
render-rbase-attrib $-1 -1 $5989 $5355 $4392 1 1 1 1 1 1 1 1 1 1 1 1 0 1 0 1 1 1 $5990 $-1 0 2 0 -1 0 1 0 0 0 0 1 -36.899999999999999 52.719999999999999 0.079999999999999988 1 rotate no_reflect no_shear #
rgb_color-st-attrib $-1 -1 $5991 $5357 $3928 2 1 2 1 1 1 1 1 1 1 1 1 1 1 0 1 1 1 0.73000001907348633 0.40000000596046448 0 #
rh_material-rh_entity $-1 -1 4 4 @5 plain @5 color -4 1 1 1 @5 phong @14 ambient factor -2 1 @14 diffuse factor -2 0.75 @15 specular factor -2 0.5 @8 exponent -2 10 @14 specular color -4 1 1 1 @4 none @5 plain @5 color -4 0 0 0 #
string_attrib-name_attrib-gen-attrib $-1 -1 $-1 $5359 $3521 2 1 2 1 1 1 1 1 1 1 1 1 1 1 0 1 1 1 @15 ATTRIB_XACIS_ID @5 43498 #
rgb_color-st-attrib $-1 -1 $5992 $5361 $3941 2 1 2 1 1 1 1 1 1 1 1 1 1 1 0 1 1 1 0.73000001907348633 0.40000000596046448 0 #
rh_material-rh_entity $-1 -1 4 4 @5 plain @5 color -4 1 1 1 @5 phong @14 ambient factor -2 1 @14 diffuse factor -2 0.75 @15 specular factor -2 0.5 @8 exponent -2 10 @14 specular color -4 1 1 1 @4 none @5 plain @5 color -4 0 0 0 #
named_attribute-st-attrib $-1 -1 $5993 $-1 $5362 1 1 1 1 1 1 1 1 1 1 1 1 1 1 0 1 1 1 @3 eif #
tvertex-vertex $5994 -1 -1 $-1 $-1 $5995 9.6595274105657586e-014 #
straight-curve $-1 -1 -1 $-1 -27.05999999999991 48.120000000000005 0.18999999999999997 -1 0 0 F 0 F 0.34000000000017216 #
integer_attrib-name_attrib-gen-attrib $-1 -1 $5996 $-1 $5363 2 0 0 1 1 1 1 1 1 1 1 1 1 1 0 1 1 1 @3 fif 0 #
plane-surface $-1 -1 -1 $-1 -27.23 48.151261364575504 0.18999999999999997 0 0 1 0 -1 0 forward_v I I I I #
vertedge-sys-attrib $-1 -1 $-1 $5365 $4914 1 1 1 1 1 1 1 1 1 1 1 1 0 1 0 1 1 1 4 $5997 $4414 $-1 $-1 #
string_attrib-name_attrib-gen-attrib $-1 -1 $-1 $5367 $3525 2 1 2 1 1 1 1 1 1 1 1 1 1 1 0 1 1 1 @15 ATTRIB_XACIS_ID @5 41522 #
string_attrib-name_attrib-gen-attrib $-1 -1 $-1 $5369 $3529 2 1 2 1 1 1 1 1 1 1 1 1 1 1 0 1 1 1 @15 ATTRIB_XACIS_ID @5 43079 #
string_attrib-name_attrib-gen-attrib $-1 -1 $-1 $5372 $3535 2 1 2 1 1 1 1 1 1 1 1 1 1 1 0 1 1 1 @15 ATTRIB_XACIS_ID @5 42337 #
integer_attrib-name_attrib-gen-attrib $-1 -1 $-1 $5374 $4926 2 1 1 1 1 1 1 1 1 1 1 1 1 1 0 1 1 1 @3 pid 7898 #
vertedge-sys-attrib $-1 -1 $-1 $5377 $4929 1 1 1 1 1 1 1 1 1 1 1 1 0 1 0 1 1 1 4 $5297 $5237 $-1 $-1 #
vertedge-sys-attrib $-1 -1 $-1 $5380 $4932 1 1 1 1 1 1 1 1 1 1 1 1 0 1 0 1 1 1 4 $4825 $5059 $-1 $-1 #
string_attrib-name_attrib-gen-attrib $-1 -1 $-1 $5385 $3575 2 1 2 1 1 1 1 1 1 1 1 1 1 1 0 1 1 1 @15 ATTRIB_XACIS_ID @5 40908 #
rgb_color-st-attrib $-1 -1 $5998 $5387 $3992 2 1 2 1 1 1 1 1 1 1 1 1 1 1 0 1 1 1 0.73000001907348633 0.40000000596046448 0 #
rh_material-rh_entity $-1 -1 4 4 @5 plain @5 color -4 1 1 1 @5 phong @14 ambient factor -2 1 @14 diffuse factor -2 0.75 @15 specular factor -2 0.5 @8 exponent -2 10 @14 specular color -4 1 1 1 @4 none @5 plain @5 color -4 0 0 0 #
named_attribute-st-attrib $-1 -1 $5999 $-1 $5388 1 1 1 1 1 1 1 1 1 1 1 1 1 1 0 1 1 1 @3 eif #
straight-curve $-1 -1 -1 $-1 -27.479999999999997 48.710000000000001 0.10999999999999999 -1 0 0 F 0 F 0.01000000000000334 #
edge $6000 -1 -1 $-1 $5582 0 $5391 0.44000000000000039 $5389 $6001 forward @7 unknown T -27.490000000004205 48.269999999991619 0.10999999999579836 -27.489999999995799 48.7100000000015 0.11000000000420161 #
integer_attrib-name_attrib-gen-attrib $-1 -1 $-1 $5390 $4946 2 1 1 1 1 1 1 1 1 1 1 1 1 1 0 1 1 1 @3 pid 5898 #
integer_attrib-name_attrib-gen-attrib $-1 -1 $-1 $-1 $5391 2 1 1 1 1 1 1 1 1 1 1 1 1 1 0 1 1 1 @3 pid 3915 #
point $-1 -1 -1 $-1 -27.490000000000002 48.7100000000015 0.10999999999999999 #
integer_attrib-name_attrib-gen-attrib $-1 -1 $-1 $5393 $4948 2 1 1 1 1 1 1 1 1 1 1 1 1 1 0 1 1 1 @3 pid 6832 #
coedge $-1 -1 -1 $-1 $6002 $5396 $5452 $5791 forward $5400 $-1 #
named_attribute-st-attrib $-1 -1 $6003 $-1 $5397 1 1 1 1 1 1 1 1 1 1 1 1 1 1 0 1 1 1 @3 eif #
straight-curve $-1 -1 -1 $-1 -27.399999999999999 48.119999999999948 0.18999999999999997 0 1 0 F 0 F 0.062522729151321066 #
coedge $-1 -1 -1 $-1 $5399 $6002 $6004 $6005 reversed $5400 $-1 #
edge $6006 -1 -1 $-1 $6007 5.863365348801608e-016 $5402 0.079999999999980267 $5404 $6008 forward @7 tangent T -27.400000000004727 48.18999999999545 0.10999999999527217 -27.39999999999527 48.1900000000049 0.19000000000017164 #
face $6009 -1 -1 $-1 $5363 $5400 $5 $-1 $6010 forward double out T -27.400000000005722 48.119999999999905 0.10999999999427729 -27.399999999994275 48.1900000000049 0.19000000000027756 F #
integer_attrib-name_attrib-gen-attrib $-1 -1 $-1 $5401 $4955 2 1 1 1 1 1 1 1 1 1 1 1 1 1 0 1 1 1 @3 pid 7260 #
integer_attrib-name_attrib-gen-attrib $-1 -1 $6011 $-1 $5402 2 1 1 1 1 1 1 1 1 1 1 1 1 1 0 1 1 1 @3 pid 4804 #
point $-1 -1 -1 $-1 -27.399999999999999 48.190000000000175 0.18999999999997963 #
tcoedge-coedge $-1 -1 -1 $-1 $5405 $5404 $5880 $6012 reversed $5406 $6013 -1 -0 F #
pcurve $-1 -1 -1 $-1 0 forward { exppc nubs 1 open 2 
	-0.080004893737205665 1 7.2433692583048447e-006 1 
	-1.5046245460737524 0 
	-0.50453400949616545 -0.01106161582861015 
	0.001 
	1.754445230657542e-007 
	cone -27.479999999999997 48.189999999999998 0.23036996368589999 0 0 -1 0 0.080000000000000071 0 1 I I -0 1 0.080000000000000071 reversed I I I I 
	} 0 0 #
face $6014 -1 -1 $-1 $3133 $5406 $5 $-1 $6015 forward double out T -27.482224146787338 48.189791524443599 0.10995168875514677 -27.3997915244436 48.270878113565345 0.19068436872733915 F #
integer_attrib-name_attrib-gen-attrib $-1 -1 $-1 $5408 $4957 2 1 1 1 1 1 1 1 1 1 1 1 1 1 0 1 1 1 @3 pid 7892 #
edge $6016 -1 -1 $-1 $4472 0 $4012 0.15500000000000069 $6017 $6018 forward @7 unknown T -27.40000000000008 48.789999999999957 0.18999999999994813 -27.399999999999906 48.945000000000093 0.19000000000006506 #
coedge $-1 -1 -1 $-1 $5579 $5578 $5412 $5760 forward $5580 $-1 #
edge $6019 -1 -1 $-1 $5391 2.3092638912203256e-013 $5873 0.051850454238460131 $5412 $6020 forward @7 unknown T -27.54185045424218 48.70999999999794 0.10999999999789882 -27.489999999999998 48.710000000002061 0.11000000000201778 #
integer_attrib-name_attrib-gen-attrib $-1 -1 $-1 $5414 $4973 2 1 1 1 1 1 1 1 1 1 1 1 1 1 0 1 1 1 @3 pid 6836 #
vertedge-sys-attrib $-1 -1 $-1 $5417 $4976 1 1 1 1 1 1 1 1 1 1 1 1 0 1 0 1 1 1 4 $5249 $4478 $-1 $-1 #
vertedge-sys-attrib $-1 -1 $-1 $5420 $4979 1 1 1 1 1 1 1 1 1 1 1 1 0 1 0 1 1 1 4 $6021 $4479 $-1 $-1 #
named_attribute-st-attrib $-1 -1 $6022 $-1 $5422 1 1 1 1 1 1 1 1 1 1 1 1 1 1 0 1 1 1 @3 eif #
straight-curve $-1 -1 -1 $-1 -27.480000000000139 48.710000000000001 0.19 -1 0 0 F 0 F 0.061850454240047981 #
named_attribute-st-attrib $-1 -1 $6023 $-1 $5423 1 1 1 1 1 1 1 1 1 1 1 1 1 1 0 1 1 1 @3 eif #
coedge $-1 -1 -1 $-1 $5640 $6017 $5641 $5423 forward $5941 $-1 #
ellipse-curve $-1 -1 -1 $-1 -27.480002267773322 48.790002267773247 0.19 0 0 -1 0.080002267773243929 -2.2677732443021625e-006 0 1 F 0 F 1.5707396340716873 #
edge $6024 -1 -1 $-1 $4486 0 $4017 0.43999999999998529 $5526 $6025 forward @7 tangent T -28.216862915010623 48.269999999999534 0.30999999999952105 -28.216862915009607 48.710000000000562 0.31000000000056971 #
integer_attrib-name_attrib-gen-attrib $-1 -1 $-1 $5425 $4987 2 1 1 1 1 1 1 1 1 1 1 1 1 1 0 1 1 1 @3 pid 8321 #
integer_attrib-name_attrib-gen-attrib $-1 -1 $-1 $5427 $4988 2 1 1 1 1 1 1 1 1 1 1 1 1 1 0 1 1 1 @3 pid 8320 #
string_attrib-name_attrib-gen-attrib $-1 -1 $-1 $5430 $3594 2 1 2 1 1 1 1 1 1 1 1 1 1 1 0 1 1 1 @15 ATTRIB_XACIS_ID @5 41908 #
rgb_color-st-attrib $-1 -1 $6026 $5432 $4027 2 1 2 1 1 1 1 1 1 1 1 1 1 1 0 1 1 1 0.73000001907348633 0.40000000596046448 0 #
rh_material-rh_entity $-1 -1 4 4 @5 plain @5 color -4 1 1 1 @5 phong @14 ambient factor -2 1 @14 diffuse factor -2 0.75 @15 specular factor -2 0.5 @8 exponent -2 10 @14 specular color -4 1 1 1 @4 none @5 plain @5 color -4 0 0 0 #
render-rbase-attrib $-1 -1 $6027 $5433 $4498 1 1 1 1 1 1 1 1 1 1 1 1 0 1 0 1 1 1 $6028 $-1 0 2 0 -1 0 1 0 0 0 0 1 -36.899999999999999 52.719999999999999 0.079999999999999988 1 rotate no_reflect no_shear #
integer_attrib-name_attrib-gen-attrib $-1 -1 $6029 $5434 $4995 2 1 1 1 1 1 1 1 1 1 1 1 1 1 0 1 1 1 @3 pid 2608 #
integer_attrib-name_attrib-gen-attrib $-1 -1 $-1 $5438 $5003 2 1 1 1 1 1 1 1 1 1 1 1 1 1 0 1 1 1 @3 pid 8316 #
integer_attrib-name_attrib-gen-attrib $-1 -1 $6030 $5440 $5005 2 1 1 1 1 1 1 1 1 1 1 1 1 1 0 1 1 1 @3 pid 2904 #
integer_attrib-name_attrib-gen-attrib $-1 -1 $6031 $-1 $5441 2 0 0 1 1 1 1 1 1 1 1 1 1 1 0 1 1 1 @3 fif 0 #
face $6032 -1 -1 $-1 $6033 $5531 $5 $-1 $6034 forward double out T -27.715058078429553 48.269997456565491 0.24499745656548394 -27.602469689064169 48.710002543434506 0.31000254343447281 F #
loop $-1 -1 -1 $-1 $-1 $5867 $5441 T -27.671754264810605 48.269999999995548 0.17499999999562701 -27.654433756725957 48.710000000005117 0.20500000000491247 unknown #
plane-surface $-1 -1 -1 $-1 -27.663094010771502 48.490000000000002 0.18999999999893866 0.86602540379449944 0 0.49999999998257422 0 -1 0 forward_v I I I I #
integer_attrib-name_attrib-gen-attrib $-1 -1 $-1 $5444 $5007 2 1 1 1 1 1 1 1 1 1 1 1 1 1 0 1 1 1 @3 pid 3825 #
tcoedge-coedge $-1 -1 -1 $-1 $5576 $6004 $5446 $5785 forward $5881 $6035 0 1 F #
tedge-edge $6036 -1 -1 $-1 $6037 0 $5582 1 $5446 $6038 forward @7 unknown T -27.490081572382447 48.132441156762745 0.1099184276175549 -27.399918427617553 48.27008157237826 0.11008157238244508 8.1572382445096409e-005 #
pcurve $-1 -1 -1 $-1 0 forward { exppc nubs 1 open 2 
	-1 1 -0 1 
	-0.20399999999999907 2.7912487136442536e-011 
	-0.20399999999999907 1.1592794807437907 
	0.001 
	-1 
	cone -27.339999999999996 48.270000000000003 0.079400000000000054 0 0 1 -0.15000000000000036 0 0 1 I I 0 -1 0.15000000000000036 reversed I I I I 
	} 0 0 #
named_attribute-st-attrib $-1 -1 $6039 $-1 $5447 1 1 1 1 1 1 1 1 1 1 1 1 1 1 0 1 1 1 @3 eif #
straight-curve $-1 -1 -1 $-1 -27.489999999999998 48.270000000000003 0.079999999999999793 0 0 1 F -1.0842021724855044e-019 F 0.029999999999999229 #
coedge $-1 -1 -1 $-1 $5792 $5453 $5448 $5790 forward $5793 $-1 #
edge $6040 -1 -1 $-1 $5456 0 $6037 0.41151347665828097 $5448 $6041 forward @7 unknown T -27.400000000005722 48.119999999999997 0.10999999999427729 -27.339999999999954 48.132522729150914 0.11000000000572269 #
edge $6042 -1 -1 $-1 $5724 0 $5795 0.080000000000000016 $5745 $6043 forward @7 unknown T -27.400000000000176 48.119999999999905 0.10999999999993766 -27.399999999999984 48.120000000000104 0.19000000000009659 #
coedge $-1 -1 -1 $-1 $5453 $5789 $6002 $6044 forward $5793 $-1 #
loop $-1 -1 -1 $-1 $-1 $5792 $6045 T -27.400000000005722 48.119999999999933 0.10999999999427729 -27.339999999999954 48.132522729150914 0.11000000000572269 unknown #
named_attribute-st-attrib $-1 -1 $6046 $-1 $5454 1 1 1 1 1 1 1 1 1 1 1 1 1 1 0 1 1 1 @3 eif #
tvertex-vertex $6047 -1 -1 $-1 $-1 $6048 6.2330891268790086e-014 #
straight-curve $-1 -1 -1 $-1 -27.40000000000008 48.120000000000005 0.10999999999999999 1 0 0 F 0 F 0.060000000000030695 #
integer_attrib-name_attrib-gen-attrib $-1 -1 $-1 $5455 $5016 2 1 1 1 1 1 1 1 1 1 1 1 1 1 0 1 1 1 @3 pid 5900 #
integer_attrib-name_attrib-gen-attrib $-1 -1 $-1 $-1 $5456 2 1 1 1 1 1 1 1 1 1 1 1 1 1 0 1 1 1 @3 pid 3916 #
point $-1 -1 -1 $-1 -27.340000000000003 48.119999999999997 0.10999999999999999 #
integer_attrib-name_attrib-gen-attrib $-1 -1 $6049 $5458 $5018 2 1 1 1 1 1 1 1 1 1 1 1 1 1 0 1 1 1 @3 pid 1732 #
string_attrib-name_attrib-gen-attrib $-1 -1 $-1 $5461 $3609 2 1 2 1 1 1 1 1 1 1 1 1 1 1 0 1 1 1 @15 ATTRIB_XACIS_ID @5 42617 #
string_attrib-name_attrib-gen-attrib $-1 -1 $-1 $5464 $3628 2 1 2 1 1 1 1 1 1 1 1 1 1 1 0 1 1 1 @15 ATTRIB_XACIS_ID @5 42210 #
rgb_color-st-attrib $-1 -1 $6050 $5466 $4066 2 1 2 1 1 1 1 1 1 1 1 1 1 1 0 1 1 1 0.93699997663497925 0.7850000262260437 0 #
rh_material-rh_entity $-1 -1 4 4 @5 plain @5 color -4 1 1 1 @5 phong @14 ambient factor -2 1 @14 diffuse factor -2 0.75 @15 specular factor -2 0.5 @8 exponent -2 10 @14 specular color -4 1 1 1 @4 none @5 plain @5 color -4 0 0 0 #
coedge $-1 -1 -1 $-1 $5631 $5487 $5467 $5571 reversed $4085 $-1 #
integer_attrib-name_attrib-gen-attrib $-1 -1 $-1 $5471 $5037 2 1 1 1 1 1 1 1 1 1 1 1 1 1 0 1 1 1 @3 pid 8032 #
pcurve $-1 -1 -1 $-1 0 forward { exppc nubs 1 open 2 
	-1.0472603067474437 1 -0 1 
	-0.31053818219994461 -2.0943951023945138 
	-0.31053818219994461 -3.1415926535897931 
	0.001 
	-1 
	cone -27.541850454237998 48.750369963685998 0.23999999999999999 0 -1 0 0.11258330249200041 0 0.065000000000000113 1 I I 0 -1 0.13000000000002029 reversed I I I I 
	} 0 0 #
integer_attrib-name_attrib-gen-attrib $-1 -1 $-1 $5474 $5040 2 1 1 1 1 1 1 1 1 1 1 1 1 1 0 1 1 1 @3 pid 8037 #
vertedge-sys-attrib $-1 -1 $6051 $-1 $5475 1 1 1 1 1 1 1 1 1 1 1 1 0 1 0 1 1 1 4 $5163 $5930 $-1 $-1 #
point $-1 -1 -1 $-1 -27.654433756731223 48.710000000000001 0.17499999999894955 #
string_attrib-name_attrib-gen-attrib $-1 -1 $-1 $5478 $3648 2 1 2 1 1 1 1 1 1 1 1 1 1 1 0 1 1 1 @15 ATTRIB_XACIS_ID @5 43260 #
rgb_color-st-attrib $-1 -1 $6052 $5480 $4084 2 1 2 1 1 1 1 1 1 1 1 1 1 1 0 1 1 1 0.93699997663497925 0.7850000262260437 0 #
rh_material-rh_entity $-1 -1 4 4 @5 plain @5 color -4 1 1 1 @5 phong @14 ambient factor -2 1 @14 diffuse factor -2 0.75 @15 specular factor -2 0.5 @8 exponent -2 10 @14 specular color -4 1 1 1 @4 none @5 plain @5 color -4 0 0 0 #
render-rbase-attrib $-1 -1 $6053 $5481 $4558 1 1 1 1 1 1 1 1 1 1 1 1 0 1 0 1 1 1 $6054 $-1 0 2 0 -1 0 1 0 0 0 0 1 -36.899999999999999 52.719999999999999 0.079999999999999988 1 rotate no_reflect no_shear #
integer_attrib-name_attrib-gen-attrib $-1 -1 $6055 $5482 $5049 2 1 1 1 1 1 1 1 1 1 1 1 1 1 0 1 1 1 @3 pid 2883 #
named_attribute-st-attrib $-1 -1 $6056 $-1 $5485 1 1 1 1 1 1 1 1 1 1 1 1 1 1 0 1 1 1 @3 eif #
ellipse-curve $-1 -1 -1 $-1 -28.216850738033067 48.270000000000003 0.1499706021754825 0 -1 0 -1.2176976936117969e-005 0 0.16002939782453879 1 F 0 F 0.78524597916441652 #
named_attribute-st-attrib $-1 -1 $6057 $-1 $5488 1 1 1 1 1 1 1 1 1 1 1 1 1 1 0 1 1 1 @3 eif #
ellipse-curve $-1 -1 -1 $-1 -28.190002267772982 48.189997732227042 0.22999999999999998 0 0 -1 2.2677733237941311e-006 0.080002267773203073 0 1 F 0 F 1.570739634067041 #
integer_attrib-name_attrib-gen-attrib $-1 -1 $-1 $5489 $5055 2 1 1 1 1 1 1 1 1 1 1 1 1 1 0 1 1 1 @3 pid 8282 #
named_attribute-st-attrib $-1 -1 $6058 $-1 $5491 1 1 1 1 1 1 1 1 1 1 1 1 1 1 0 1 1 1 @3 eif #
straight-curve $-1 -1 -1 $-1 -28.409705627480964 48.710000000000001 0.18343145750374126 0.70710678118568771 0 0.70710678118740733 F -4.219623447039427e-016 F 0.11272077938132451 #
tedge-edge $6059 -1 -1 $-1 $4486 7.4371280470488122e-013 $4504 0.78524597914131977 $5492 $6060 forward @7 unknown T -28.330002422688324 48.709997577312045 0.26313466230181842 -28.216860492322159 48.710002422688007 0.31000242268801781 2.4226879566473335e-006 #
pcurve $-1 -1 -1 $-1 0 forward { exppc nubs 1 open 2 
	0 1 0.78524597916378935 1 
	-2.804999999997944 -2.3561944901917 
	-2.804999999997944 -3.1415926535897931 
	0.001 
	-1 
	cone -28.216862915009997 48.261200000000002 0.14999999999998997 0 1 0 0.11313708499000105 0 -0.11313708498986018 1 I I -0 1 0.16000000000011738 reversed I I I I 
	} 0 0 #
integer_attrib-name_attrib-gen-attrib $-1 -1 $-1 $5493 $5058 2 1 1 1 1 1 1 1 1 1 1 1 1 1 0 1 1 1 @3 pid 8279 #
integer_attrib-name_attrib-gen-attrib $-1 -1 $-1 $5495 $5059 2 1 1 1 1 1 1 1 1 1 1 1 1 1 0 1 1 1 @3 pid 8226 #
named_attribute-st-attrib $-1 -1 $6061 $-1 $5499 1 1 1 1 1 1 1 1 1 1 1 1 1 1 0 1 1 1 @3 eif #
tvertex-vertex $6062 -1 -1 $-1 $-1 $6063 4.188184604870964e-012 #
straight-curve $-1 -1 -1 $-1 -27.480884885246695 48.270000000000003 0.19000000000001063 0.011060389000719458 0 -0.99993883202681588 F -7.2433692583048447e-006 F 0.080004893737205665 #
vertedge-sys-attrib $-1 -1 $-1 $5502 $5065 1 1 1 1 1 1 1 1 1 1 1 1 0 1 0 1 1 1 4 $5075 $5900 $-1 $-1 #
edge $6064 -1 -1 $-1 $4100 3.0840056267106098e-027 $4570 0.43999999999998618 $6065 $6066 forward @7 tangent T -27.585151724430823 48.269999999996585 0.21499999999630942 -27.585151724423582 48.710000000003618 0.21500000000355665 #
edge $6067 -1 -1 $-1 $4101 0 $4571 0.43999999999998618 $5844 $6068 forward @7 tangent T -27.602472232507484 48.269999999995449 0.24499999999544606 -27.602472232498481 48.710000000004399 0.24500000000445196 #
integer_attrib-name_attrib-gen-attrib $-1 -1 $-1 $5507 $5075 2 1 1 1 1 1 1 1 1 1 1 1 1 1 0 1 1 1 @3 pid 6833 #
named_attribute-st-attrib $-1 -1 $6069 $-1 $5512 1 1 1 1 1 1 1 1 1 1 1 1 1 1 0 1 1 1 @3 eif #
ellipse-curve $-1 -1 -1 $-1 -27.541841442769247 48.710000000000001 0.24001560832513033 0 1 0 -9.0114709472288723e-006 -0 -0.050015608325152838 1 F 0 F 1.0468372048305323 #
named_attribute-st-attrib $-1 -1 $6070 $-1 $5513 1 1 1 1 1 1 1 1 1 1 1 1 1 1 0 1 1 1 @3 eif #
tcoedge-coedge $-1 -1 -1 $-1 $5937 $5923 $5529 $5513 reversed $4259 $6071 -1.0470515729145633 -0 F #
ellipse-curve $-1 -1 -1 $-1 -27.715065024776653 48.710000000000001 0.17998356320726694 0 -1 0 0.11259279227702201 0 0.065016436795375998 1 F 0 F 1.0470515729145633 #
string_attrib-name_attrib-gen-attrib $-1 -1 $-1 $5515 $3676 2 1 2 1 1 1 1 1 1 1 1 1 1 1 0 1 1 1 @15 ATTRIB_XACIS_ID @5 44180 #
integer_attrib-name_attrib-gen-attrib $-1 -1 $-1 $5517 $5094 2 1 1 1 1 1 1 1 1 1 1 1 1 1 0 1 1 1 @3 pid 3823 #
integer_attrib-name_attrib-gen-attrib $-1 -1 $-1 $5523 $5101 2 1 1 1 1 1 1 1 1 1 1 1 1 1 0 1 1 1 @3 pid 6835 #
edge $6072 -1 -1 $-1 $4979 0 $4610 0.15500000000000069 $6073 $6074 forward @7 unknown T -27.400000000002976 48.789999999999047 0.10999999999702342 -27.399999999997021 48.945000000002977 0.110000000002976 #
coedge $-1 -1 -1 $-1 $5526 $5530 $5923 $6075 forward $4511 $-1 #
coedge $-1 -1 -1 $-1 $5529 $5528 $6076 $5832 reversed $5531 $-1 #
tcoedge-coedge $-1 -1 -1 $-1 $5534 $6077 $5528 $5846 forward $5196 $6078 0 1.047051572922125 F #
tedge-edge $6079 -1 -1 $-1 $4571 0 $3691 1.047051572922125 $5528 $6080 forward @7 unknown T -27.715058078429553 48.269997456565491 0.24499745656548394 -27.602469689064169 48.270002543434465 0.31000254343447281 2.543434465078329e-006 #
pcurve $-1 -1 -1 $-1 0 forward { exppc nubs 1 open 2 
	-1.047051572922125 1 -0 1 
	-0.067692307692313894 -3.1415926535897931 
	-0.067692307692313894 -2.0943951024029506 
	0.001 
	-1 
	cone -27.71505553499 48.261200000000002 0.17999999999999999 0 1 0 0 0 -0.13 1 I I -0 1 0.13 reversed I I I I 
	} 0 0 #
pcurve $-1 -1 -1 $-1 0 forward { exppc nubs 1 open 2 
	0 1 1.0470515729145633 1 
	-3.4523076923077016 -2.0943951024169927 
	-3.4523076923077016 -3.1415926535897931 
	0.001 
	-1 
	cone -27.71505553499 48.261200000000002 0.17999999999999999 0 1 0 0 0 -0.13 1 I I -0 1 0.13 reversed I I I I 
	} 0 0 #
integer_attrib-name_attrib-gen-attrib $-1 -1 $-1 $5532 $5117 2 1 1 1 1 1 1 1 1 1 1 1 1 1 0 1 1 1 @3 pid 8330 #
coedge $-1 -1 -1 $-1 $5574 $5591 $5535 $5851 forward $5878 $-1 #
edge $6081 -1 -1 $-1 $3369 8.8817841970012523e-016 $3774 0.43999999999998618 $5850 $6082 forward @7 tangent T -27.715055535000403 48.269999999994624 0.22999999999462217 -27.715055534989645 48.710000000005081 0.23000000000537629 #
named_attribute-st-attrib $-1 -1 $6083 $-1 $5537 1 1 1 1 1 1 1 1 1 1 1 1 1 1 0 1 1 1 @3 eif #
straight-curve $-1 -1 -1 $-1 -27.780000000000349 48.270000000000003 0.31 1 0 0 F 0 F 0.064944465010706054 #
integer_attrib-name_attrib-gen-attrib $-1 -1 $-1 $5538 $5127 2 1 1 1 1 1 1 1 1 1 1 1 1 1 0 1 1 1 @3 pid 8289 #
integer_attrib-name_attrib-gen-attrib $-1 -1 $6084 $5540 $5128 2 1 1 1 1 1 1 1 1 1 1 1 1 1 0 1 1 1 @3 pid 2888 #
render-rbase-attrib $-1 -1 $6085 $5542 $4646 1 1 1 1 1 1 1 1 1 1 1 1 0 1 0 1 1 1 $6086 $-1 0 2 0 -1 0 1 0 0 0 0 1 -36.899999999999999 52.719999999999999 0.079999999999999988 1 rotate no_reflect no_shear #
string_attrib-name_attrib-gen-attrib $-1 -1 $-1 $5545 $3719 2 1 2 1 1 1 1 1 1 1 1 1 1 1 0 1 1 1 @15 ATTRIB_XACIS_ID @5 44048 #
string_attrib-name_attrib-gen-attrib $-1 -1 $-1 $5550 $3753 2 1 2 1 1 1 1 1 1 1 1 1 1 1 0 1 1 1 @15 ATTRIB_XACIS_ID @5 42127 #
rgb_color-st-attrib $-1 -1 $6087 $5552 $4200 2 1 2 1 1 1 1 1 1 1 1 1 1 1 0 1 1 1 0.93699997663497925 0.7850000262260437 0 #
rh_material-rh_entity $-1 -1 4 4 @5 plain @5 color -4 1 1 1 @5 phong @14 ambient factor -2 1 @14 diffuse factor -2 0.75 @15 specular factor -2 0.5 @8 exponent -2 10 @14 specular color -4 1 1 1 @4 none @5 plain @5 color -4 0 0 0 #
render-rbase-attrib $-1 -1 $6088 $5553 $4682 1 1 1 1 1 1 1 1 1 1 1 1 0 1 0 1 1 1 $6089 $-1 0 2 0 -1 0 1 0 0 0 0 1 -36.899999999999999 52.719999999999999 0.079999999999999988 1 rotate no_reflect no_shear #
integer_attrib-name_attrib-gen-attrib $-1 -1 $6090 $5554 $5155 2 1 1 1 1 1 1 1 1 1 1 1 1 1 0 1 1 1 @3 pid 2684 #
integer_attrib-name_attrib-gen-attrib $-1 -1 $6091 $-1 $5557 2 0 0 1 1 1 1 1 1 1 1 1 1 1 0 1 1 1 @3 fif 0 #
plane-surface $-1 -1 -1 $-1 -28.82 48.694068542479492 0.11999999999999948 1 0 0 0 -1 0 forward_v I I I I #
integer_attrib-name_attrib-gen-attrib $-1 -1 $-1 $5559 $5163 2 1 1 1 1 1 1 1 1 1 1 1 1 1 0 1 1 1 @3 pid 8189 #
integer_attrib-name_attrib-gen-attrib $-1 -1 $-1 $5562 $5168 2 1 1 1 1 1 1 1 1 1 1 1 1 1 0 1 1 1 @3 pid 8323 #
coedge $-1 -1 -1 $-1 $6092 $5563 $5573 $5877 forward $5781 $-1 #
coedge $-1 -1 -1 $-1 $5563 $6092 $5590 $5892 forward $5781 $-1 #
coedge $-1 -1 -1 $-1 $5591 $5574 $5563 $5168 forward $5878 $-1 #
integer_attrib-name_attrib-gen-attrib $-1 -1 $-1 $5565 $5172 2 1 1 1 1 1 1 1 1 1 1 1 1 1 0 1 1 1 @3 pid 8318 #
integer_attrib-name_attrib-gen-attrib $-1 -1 $6093 $5567 $5174 2 1 1 1 1 1 1 1 1 1 1 1 1 1 0 1 1 1 @3 pid 2889 #
named_attribute-st-attrib $-1 -1 $6094 $-1 $5569 1 1 1 1 1 1 1 1 1 1 1 1 1 1 0 1 1 1 @3 eif #
tvertex-vertex $6095 -1 -1 $-1 $-1 $6096 2.0594762488376136e-012 #
ellipse-curve $-1 -1 -1 $-1 -27.541854533127275 48.710000000000001 0.23999293515689427 0 -1 0 -0.11257922360293726 -0 -0.064992935156804252 1 F 0 F 1.0472603067474437 #
named_attribute-st-attrib $-1 -1 $6097 $-1 $5571 1 1 1 1 1 1 1 1 1 1 1 1 1 1 0 1 1 1 @3 eif #
straight-curve $-1 -1 -1 $-1 -28.216862915010068 48.709999999999987 0.22999999999999998 0 -1 0 F 0 F 0.43999999999998618 #
edge $6098 -1 -1 $-1 $4689 2.5284420833733406e-012 $5475 0.034641016154181123 $5573 $6099 forward @7 unknown T -27.671754264810605 48.70999999999497 0.17499999999645166 -27.654433756728725 48.710000000005117 0.20500000000491247 #
loop $-1 -1 -1 $-1 $-1 $5574 $5622 T -27.7150579497997 48.269997585195327 0.20499758519502684 -27.671751849998081 48.71000241480457 0.23000241480467454 unknown #
pcurve $-1 -1 -1 $-1 0 forward { exppc nubs 1 open 2 
	0 1 1.0468372048154317 1 
	-8.976000000000024 -3.1415926535897931 
	-8.976000000000024 -2.0943951024949037 
	0.001 
	-1 
	cone -27.71505553499 48.261200000000002 0.17999999999999999 0 1 0 0 0 -0.049999999999999996 1 I I 0 -1 0.049999999999999996 reversed I I I I 
	} 0 0 #
tcoedge-coedge $-1 -1 -1 $-1 $6004 $5576 $5754 $6012 forward $5881 $6100 0 1 F #
loop $-1 -1 -1 $-1 $-1 $5784 $5959 T -27.490081572382447 48.132441156762745 0.1099184276175549 -27.399918427617553 48.27008157237826 0.11008157238244508 unknown #
named_attribute-st-attrib $-1 -1 $6101 $-1 $5577 1 1 1 1 1 1 1 1 1 1 1 1 1 1 0 1 1 1 @3 eif #
straight-curve $-1 -1 -1 $-1 -27.490000000000002 48.270000000000003 0.10999999999999999 1 0 0 F 0 F 0.010000000000001563 #
integer_attrib-name_attrib-gen-attrib $-1 -1 $-1 $5581 $5184 2 1 1 1 1 1 1 1 1 1 1 1 1 1 0 1 1 1 @3 pid 7253 #
integer_attrib-name_attrib-gen-attrib $-1 -1 $-1 $-1 $5582 2 1 1 1 1 1 1 1 1 1 1 1 1 1 0 1 1 1 @3 pid 3914 #
point $-1 -1 -1 $-1 -27.490000000000002 48.269999999995818 0.10999999999999999 #
named_attribute-st-attrib $-1 -1 $6102 $-1 $5584 1 1 1 1 1 1 1 1 1 1 1 1 1 1 0 1 1 1 @3 eif #
straight-curve $-1 -1 -1 $-1 -27.541850454238059 48.269999999999911 0.10999999999999999 0 1 0 F 0 F 0.44000000000018336 #
integer_attrib-name_attrib-gen-attrib $-1 -1 $6103 $-1 $5585 2 0 0 1 1 1 1 1 1 1 1 1 1 1 0 1 1 1 @3 fif 0 #
cone-surface $-1 -1 -1 $-1 -27.541850454237998 48.750369963685998 0.23999999999999999 0 -1 0 0.11258330249200041 0 0.065000000000000113 1 I I -0 1 0.13000000000002029 reversed I I I I #
vertedge-sys-attrib $-1 -1 $-1 $5587 $5189 1 1 1 1 1 1 1 1 1 1 1 1 0 1 0 1 1 1 4 $6104 $5184 $-1 $-1 #
edge $6105 -1 -1 $-1 $4721 4.1473368405135094e-016 $4208 0.034641016151513083 $5868 $6106 forward @7 unknown T -27.671754264810041 48.269999999995548 0.17499999999562701 -27.654433756725957 48.270000000004458 0.20500000000415816 #
tcoedge-coedge $-1 -1 -1 $-1 $6107 $5590 $6108 $6104 forward $5196 $6109 0 1.0470515729256229 F #
pcurve $-1 -1 -1 $-1 0 forward { exppc nubs 1 open 2 
	-1.0468372048130761 1 -0 1 
	-0.17600000000001617 -2.094395102458412 
	-0.17600000000001617 -3.1415926535897931 
	0.001 
	-1 
	cone -27.71505553499 48.261200000000002 0.17999999999999999 0 1 0 0 0 -0.049999999999999996 1 I I 0 -1 0.049999999999999996 reversed I I I I 
	} 0 0 #
named_attribute-st-attrib $-1 -1 $6110 $-1 $5592 1 1 1 1 1 1 1 1 1 1 1 1 1 1 0 1 1 1 @3 eif #
ellipse-curve $-1 -1 -1 $-1 -27.715064546460695 48.270000000000003 0.17998439167549315 0 1 0 9.0114703290566922e-006 0 0.050015608324394362 1 F 0 F 1.0468372048130761 #
tcoedge-coedge $-1 -1 -1 $-1 $6077 $5594 $6111 $6112 forward $5196 $6113 0 1.0468372048322143 F #
coedge $-1 -1 -1 $-1 $5594 $6107 $6114 $6115 reversed $5196 $-1 #
coedge $-1 -1 -1 $-1 $6116 $5940 $5594 $5900 reversed $5941 $-1 #
edge $6117 -1 -1 $-1 $6118 2.4868995751603507e-013 $5065 0.061850454238406627 $5899 $6119 forward @7 unknown T -27.541850454240176 48.269999999997886 0.18999999999796505 -27.479999999999894 48.270000000002135 0.19000000000221537 #
integer_attrib-name_attrib-gen-attrib $-1 -1 $6120 $-1 $5595 2 0 0 1 1 1 1 1 1 1 1 1 1 1 0 1 1 1 @3 fif 0 #
face $6121 -1 -1 $-1 $-1 $5941 $5 $-1 $6122 forward double out T -27.541850454240201 48.119999999999905 0.18999999999796505 -27.059999999999977 48.945000000000093 0.19000000000221537 F #
plane-surface $-1 -1 -1 $-1 -27.510925227119998 48.270000000000003 0.14999999999998997 0 -1 0 1 0 0 forward_v I I I I #
integer_attrib-name_attrib-gen-attrib $-1 -1 $-1 $5596 $5198 2 1 1 1 1 1 1 1 1 1 1 1 1 1 0 1 1 1 @3 pid 8331 #
string_attrib-name_attrib-gen-attrib $-1 -1 $-1 $5599 $3788 2 1 2 1 1 1 1 1 1 1 1 1 1 1 0 1 1 1 @15 ATTRIB_XACIS_ID @5 44107 #
rgb_color-st-attrib $-1 -1 $6123 $5601 $4244 2 1 2 1 1 1 1 1 1 1 1 1 1 1 0 1 1 1 0.93699997663497925 0.7850000262260437 0 #
rh_material-rh_entity $-1 -1 4 4 @5 plain @5 color -4 1 1 1 @5 phong @14 ambient factor -2 1 @14 diffuse factor -2 0.75 @15 specular factor -2 0.5 @8 exponent -2 10 @14 specular color -4 1 1 1 @4 none @5 plain @5 color -4 0 0 0 #
render-rbase-attrib $-1 -1 $6124 $5602 $4738 1 1 1 1 1 1 1 1 1 1 1 1 0 1 0 1 1 1 $6125 $-1 0 2 0 -1 0 1 0 0 0 0 1 -36.899999999999999 52.719999999999999 0.079999999999999988 1 rotate no_reflect no_shear #
integer_attrib-name_attrib-gen-attrib $-1 -1 $6126 $5603 $5206 2 1 1 1 1 1 1 1 1 1 1 1 1 1 0 1 1 1 @3 pid 2185 #
named_attribute-st-attrib $-1 -1 $6127 $-1 $5606 1 1 1 1 1 1 1 1 1 1 1 1 1 1 0 1 1 1 @3 eif #
straight-curve $-1 -1 -1 $-1 -28.743424922815592 48.293424922815483 0.11000000000145171 -0.70710678118428438 0.70710678118881065 1.202177116713243e-012 F -6.2803698363637119e-016 F 0.07515642767331733 #
named_attribute-st-attrib $-1 -1 $6128 $-1 $5607 1 1 1 1 1 1 1 1 1 1 1 1 1 1 0 1 1 1 @3 eif #
straight-curve $-1 -1 -1 $-1 -28.722179209527745 48.314605616400257 0.079999999999999988 -0.70710678118498271 0.70710678118811243 0 F -7.9502033116897728e-025 F 0.075202403587146235 #
integer_attrib-name_attrib-gen-attrib $-1 -1 $-1 $5608 $5211 2 1 1 1 1 1 1 1 1 1 1 1 1 1 0 1 1 1 @3 pid 7236 #
integer_attrib-name_attrib-gen-attrib $-1 -1 $-1 $-1 $5609 2 1 1 1 1 1 1 1 1 1 1 1 1 1 0 1 1 1 @3 pid 3911 #
point $-1 -1 -1 $-1 -28.722179209528001 48.314605616400002 0.079999999999999988 #
integer_attrib-name_attrib-gen-attrib $-1 -1 $-1 $5613 $5214 2 1 1 1 1 1 1 1 1 1 1 1 1 1 0 1 1 1 @3 pid 5888 #
integer_attrib-name_attrib-gen-attrib $-1 -1 $-1 $5617 $5220 2 1 1 1 1 1 1 1 1 1 1 1 1 1 0 1 1 1 @3 pid 5886 #
integer_attrib-name_attrib-gen-attrib $-1 -1 $-1 $5619 $5223 2 1 1 1 1 1 1 1 1 1 1 1 1 1 0 1 1 1 @3 pid 7232 #
integer_attrib-name_attrib-gen-attrib $-1 -1 $6129 $5621 $5225 2 1 1 1 1 1 1 1 1 1 1 1 1 1 0 1 1 1 @3 pid 2884 #
integer_attrib-name_attrib-gen-attrib $-1 -1 $6130 $-1 $5622 2 0 0 1 1 1 1 1 1 1 1 1 1 1 0 1 1 1 @3 fif 0 #
cone-surface $-1 -1 -1 $-1 -27.71505553499 48.261200000000002 0.17999999999999999 0 1 0 0 0 -0.049999999999999996 1 I I -0 1 0.049999999999999996 reversed I I I I #
coedge $-1 -1 -1 $-1 $5837 $5626 $5843 $6075 reversed $4259 $-1 #
pcurve $-1 -1 -1 $-1 0 forward { exppc nurbs 2 open 2 
	-0.78524597916378935 2 0 2 
	-0.81907477288291375 0.11313708498760977 1 
	-0.77220976908260397 0.15999495721657409 0.92390864902899339 
	-0.70593768788999967 0.16000000000002351 1 
	1e-008 
	-1 
	plane -27.510925227119998 48.710000000000001 0.14999999999998997 -0 1 -0 1 0 0 reverse_v I I I I 
	} 0 0 #
integer_attrib-name_attrib-gen-attrib $-1 -1 $-1 $5628 $5237 2 1 1 1 1 1 1 1 1 1 1 1 1 1 0 1 1 1 @3 pid 8027 #
named_attribute-st-attrib $-1 -1 $6131 $-1 $5632 1 1 1 1 1 1 1 1 1 1 1 1 1 1 0 1 1 1 @3 eif #
straight-curve $-1 -1 -1 $-1 -28.216862915009614 48.710000000000001 0.22999999999999998 1 0 0 F 0 F 0.50180738001922798 #
integer_attrib-name_attrib-gen-attrib $-1 -1 $-1 $5633 $5242 2 1 1 1 1 1 1 1 1 1 1 1 1 1 0 1 1 1 @3 pid 8229 #
tcoedge-coedge $-1 -1 -1 $-1 $6132 $6133 $5636 $5930 forward $6134 $6135 0 1.0470515729249683 F #
tedge-edge $6136 -1 -1 $-1 $5475 0 $5873 1.0470515729249683 $5636 $6137 forward @7 unknown T -27.654436300165639 48.709997456565588 0.10999745656554312 -27.5418479108057 48.710002543434413 0.17500254343336474 2.5434344151821143e-006 #
pcurve $-1 -1 -1 $-1 0 forward { exppc nurbs 2 open 2 
	-1.0470515729249683 2 0 2 
	-0.03092522712012169 -0.040000000000030178 1 
	-0.10597759938476514 -0.039994521992480866 0.86606189604544148 
	-0.14350852961122484 0.024999999998959577 1 
	1e-008 
	-1 
	plane -27.510925227119998 48.710000000000001 0.14999999999998997 -0 1 -0 1 0 0 reverse_v I I I I 
	} 0 0 #
coedge $-1 -1 -1 $-1 $6138 $5637 $5642 $5943 reversed $5934 $-1 #
coedge $-1 -1 -1 $-1 $5637 $6139 $6132 $6140 forward $5934 $-1 #
loop $-1 -1 -1 $-1 $-1 $5932 $6141 T -27.54185045424218 48.119999999999933 0.10999999999527217 -27.059999999999999 48.945000000002977 0.11000000000472772 unknown #
named_attribute-st-attrib $-1 -1 $6142 $-1 $5638 1 1 1 1 1 1 1 1 1 1 1 1 1 1 0 1 1 1 @3 eif #
straight-curve $-1 -1 -1 $-1 -27.541850454240354 48.710000000000001 0.10999999999999999 1 0 0 F 0 F 0.061850454240705233 #
coedge $-1 -1 -1 $-1 $5639 $5837 $6143 $6144 forward $4259 $-1 #
tcoedge-coedge $-1 -1 -1 $-1 $6145 $6146 $5639 $5512 forward $6147 $6148 0 1.0468372048305323 F #
pcurve $-1 -1 -1 $-1 0 forward { exppc nurbs 2 open 2 
	-1.0468372048305323 2 0 2 
	-0.074226497308586659 0.064999999998926111 1 
	-0.05978973800487708 0.040005200610555958 0.86611547631896391 
	-0.030925227120196297 0.039999999999987518 1 
	1e-008 
	-1 
	plane -27.510925227119998 48.710000000000001 0.14999999999998997 -0 1 -0 1 0 0 reverse_v I I I I 
	} 0 0 #
coedge $-1 -1 -1 $-1 $5899 $5640 $6146 $6149 reversed $5941 $-1 #
loop $-1 -1 -1 $-1 $-1 $5940 $5902 T -27.541850454240201 48.119999999999905 0.18999999999796505 -27.059999999999977 48.945000000000093 0.19000000000221537 unknown #
coedge $-1 -1 -1 $-1 $5642 $5641 $6150 $6021 forward $5643 $-1 #
edge $6151 -1 -1 $-1 $4979 0 $4976 1.5707396340703939 $5642 $6152 forward @7 unknown T -27.480000000003052 48.709999999997024 0.1099999999970237 -27.399999999999089 48.790000000000951 0.11000000000297647 #
integer_attrib-name_attrib-gen-attrib $-1 -1 $-1 $5644 $5249 2 1 1 1 1 1 1 1 1 1 1 1 1 1 0 1 1 1 @3 pid 8424 #
render-rbase-attrib $-1 -1 $6153 $5646 $4768 1 1 1 1 1 1 1 1 1 1 1 1 0 1 0 1 1 1 $6154 $-1 0 2 0 -1 0 1 0 0 0 0 1 -36.899999999999999 52.719999999999999 0.079999999999999988 1 rotate no_reflect no_shear #
integer_attrib-name_attrib-gen-attrib $-1 -1 $6155 $5647 $5251 2 1 1 1 1 1 1 1 1 1 1 1 1 1 0 1 1 1 @3 pid 2930 #
integer_attrib-name_attrib-gen-attrib $-1 -1 $6156 $-1 $5648 2 0 0 1 1 1 1 1 1 1 1 1 1 1 0 1 1 1 @3 fif 0 #
face $6157 -1 -1 $-1 $6158 $6159 $5 $-1 $6160 reversed double out T -27.400000000002976 48.944999999997023 0.10999999999702342 -27.059999999999999 48.945000000002977 0.19000000000006506 F #
loop $-1 -1 -1 $-1 $-1 $6161 $5648 T -27.400000000002976 48.789999999999047 0.10999999999702342 -27.399999999997021 48.945000000002977 0.19000000000006506 unknown #
plane-surface $-1 -1 -1 $-1 -27.399999999999999 48.8675 0.14999999999999 1 0 0 0 -1 0 forward_v I I I I #
named_attribute-st-attrib $-1 -1 $6162 $-1 $5652 1 1 1 1 1 1 1 1 1 1 1 1 1 1 0 1 1 1 @3 eif #
straight-curve $-1 -1 -1 $-1 -28.82 48.985000000000177 0.079999999999999988 0 -1 0 F 0 F 0.25500000000016065 #
integer_attrib-name_attrib-gen-attrib $-1 -1 $-1 $5653 $5257 2 1 1 1 1 1 1 1 1 1 1 1 1 1 0 1 1 1 @3 pid 8024 #
vertedge-sys-attrib $-1 -1 $-1 $5656 $5259 1 1 1 1 1 1 1 1 1 1 1 1 0 1 0 1 1 1 4 $5257 $4781 $-1 $-1 #
integer_attrib-name_attrib-gen-attrib $-1 -1 $-1 $5659 $5263 2 1 1 1 1 1 1 1 1 1 1 1 1 1 0 1 1 1 @3 pid 7246 #
render-rbase-attrib $-1 -1 $6163 $5664 $4785 1 1 1 1 1 1 1 1 1 1 1 1 0 1 0 1 1 1 $6164 $-1 0 2 0 -1 0 1 0 0 0 0 1 -36.899999999999999 52.719999999999999 0.079999999999999988 1 rotate no_reflect no_shear #
integer_attrib-name_attrib-gen-attrib $-1 -1 $6165 $5665 $5268 2 1 1 1 1 1 1 1 1 1 1 1 1 1 0 1 1 1 @3 pid 2188 #
integer_attrib-name_attrib-gen-attrib $-1 -1 $6166 $-1 $5666 2 0 0 1 1 1 1 1 1 1 1 1 1 1 0 1 1 1 @3 fif 0 #
face $6167 -1 -1 $-1 $6045 $5881 $5 $-1 $6168 reversed double out T -27.490081572382447 48.132441156762745 0.1099184276175549 -27.399918427617553 48.27008157237826 0.11008157238244508 F #
plane-surface $-1 -1 -1 $-1 -27.515925227118998 48.490000000000002 0.10999999999999999 0 0 1 0 -1 0 forward_v I I I I #
integer_attrib-name_attrib-gen-attrib $-1 -1 $-1 $5668 $5274 2 1 1 1 1 1 1 1 1 1 1 1 1 1 0 1 1 1 @3 pid 8020 #
integer_attrib-name_attrib-gen-attrib $-1 -1 $-1 $5672 $5281 2 1 1 1 1 1 1 1 1 1 1 1 1 1 0 1 1 1 @3 pid 8029 #
rgb_color-st-attrib $-1 -1 $6169 $5675 $4295 2 1 2 1 1 1 1 1 1 1 1 1 1 1 0 1 1 1 0.73000001907348633 0.40000000596046448 0 #
rh_material-rh_entity $-1 -1 4 4 @5 plain @5 color -4 1 1 1 @5 phong @14 ambient factor -2 1 @14 diffuse factor -2 0.75 @15 specular factor -2 0.5 @8 exponent -2 10 @14 specular color -4 1 1 1 @4 none @5 plain @5 color -4 0 0 0 #
named_attribute-st-attrib $-1 -1 $6170 $-1 $5676 1 1 1 1 1 1 1 1 1 1 1 1 1 1 0 1 1 1 @3 eif #
straight-curve $-1 -1 -1 $-1 -28.189999999999674 48.270000000000003 0.22999999999999998 -1 0 0 F 0 F 0.026862915010648081 #
integer_attrib-name_attrib-gen-attrib $-1 -1 $-1 $5679 $5297 2 1 1 1 1 1 1 1 1 1 1 1 1 1 0 1 1 1 @3 pid 7222 #
string_attrib-name_attrib-gen-attrib $-1 -1 $-1 $5683 $3841 2 1 2 1 1 1 1 1 1 1 1 1 1 1 0 1 1 1 @15 ATTRIB_XACIS_ID @5 44402 #
rgb_color-st-attrib $-1 -1 $6171 $5685 $4329 2 1 2 1 1 1 1 1 1 1 1 1 1 1 0 1 1 1 0.73000001907348633 0.40000000596046448 0 #
rh_material-rh_entity $-1 -1 4 4 @5 plain @5 color -4 1 1 1 @5 phong @14 ambient factor -2 1 @14 diffuse factor -2 0.75 @15 specular factor -2 0.5 @8 exponent -2 10 @14 specular color -4 1 1 1 @4 none @5 plain @5 color -4 0 0 0 #
named_attribute-st-attrib $-1 -1 $6172 $-1 $5691 1 1 1 1 1 1 1 1 1 1 1 1 1 1 0 1 1 1 @3 eif #
straight-curve $-1 -1 -1 $-1 -28.743431457520622 48.293431457520626 0.11000000000000101 0 0 1 F 1.530914284231244e-012 F 0.049999999999998955 #
integer_attrib-name_attrib-gen-attrib $-1 -1 $-1 $5692 $5320 2 1 1 1 1 1 1 1 1 1 1 1 1 1 0 1 1 1 @3 pid 7238 #
named_attribute-st-attrib $-1 -1 $6173 $-1 $5694 1 1 1 1 1 1 1 1 1 1 1 1 1 1 0 1 1 1 @3 eif #
straight-curve $-1 -1 -1 $-1 -28.469999999999999 48.710000000000001 0.16000000000001063 0 0 -1 F 0 F 0.08000000000001127 #
integer_attrib-name_attrib-gen-attrib $-1 -1 $-1 $5695 $5323 2 1 1 1 1 1 1 1 1 1 1 1 1 1 0 1 1 1 @3 pid 7249 #
rgb_color-st-attrib $-1 -1 $6174 $5697 $4354 2 1 2 1 1 1 1 1 1 1 1 1 1 1 0 1 1 1 0.73000001907348633 0.40000000596046448 0 #
rh_material-rh_entity $-1 -1 4 4 @5 plain @5 color -4 1 1 1 @5 phong @14 ambient factor -2 1 @14 diffuse factor -2 0.75 @15 specular factor -2 0.5 @8 exponent -2 10 @14 specular color -4 1 1 1 @4 none @5 plain @5 color -4 0 0 0 #
render-rbase-attrib $-1 -1 $6175 $5698 $4865 1 1 1 1 1 1 1 1 1 1 1 1 0 1 0 1 1 1 $6176 $-1 0 2 0 -1 0 1 0 0 0 0 1 -36.899999999999999 52.719999999999999 0.079999999999999988 1 rotate no_reflect no_shear #
integer_attrib-name_attrib-gen-attrib $-1 -1 $6177 $5699 $5327 2 1 1 1 1 1 1 1 1 1 1 1 1 1 0 1 1 1 @3 pid 1731 #
integer_attrib-name_attrib-gen-attrib $-1 -1 $-1 $5702 $5334 2 1 1 1 1 1 1 1 1 1 1 1 1 1 0 1 1 1 @3 pid 7241 #
named_attribute-st-attrib $-1 -1 $6178 $-1 $5705 1 1 1 1 1 1 1 1 1 1 1 1 1 1 0 1 1 1 @3 eif #
straight-curve $-1 -1 -1 $-1 -28.82000000000037 48.730000000000004 0.079999999999999988 1 0 0 F 0 F 0.029999999999743565 #
integer_attrib-name_attrib-gen-attrib $-1 -1 $-1 $5706 $5347 2 1 1 1 1 1 1 1 1 1 1 1 1 1 0 1 1 1 @3 pid 7242 #
integer_attrib-name_attrib-gen-attrib $-1 -1 $-1 $5708 $5348 2 1 1 1 1 1 1 1 1 1 1 1 1 1 0 1 1 1 @3 pid 5891 #
integer_attrib-name_attrib-gen-attrib $-1 -1 $-1 $5710 $5349 2 1 1 1 1 1 1 1 1 1 1 1 1 1 0 1 1 1 @3 pid 7244 #
integer_attrib-name_attrib-gen-attrib $-1 -1 $-1 $5712 $5350 2 1 1 1 1 1 1 1 1 1 1 1 1 1 0 1 1 1 @3 pid 8034 #
integer_attrib-name_attrib-gen-attrib $-1 -1 $6179 $5714 $5351 2 1 1 1 1 1 1 1 1 1 1 1 1 1 0 1 1 1 @3 pid 2685 #
rgb_color-st-attrib $-1 -1 $6180 $5717 $4392 2 1 2 1 1 1 1 1 1 1 1 1 1 1 0 1 1 1 0.73000001907348633 0.40000000596046448 0 #
rh_material-rh_entity $-1 -1 4 4 @5 plain @5 color -4 1 1 1 @5 phong @14 ambient factor -2 1 @14 diffuse factor -2 0.75 @15 specular factor -2 0.5 @8 exponent -2 10 @14 specular color -4 1 1 1 @4 none @5 plain @5 color -4 0 0 0 #
string_attrib-name_attrib-gen-attrib $-1 -1 $-1 $5718 $3928 2 1 2 1 1 1 1 1 1 1 1 1 1 1 0 1 1 1 @15 ATTRIB_XACIS_ID @5 43933 #
string_attrib-name_attrib-gen-attrib $-1 -1 $-1 $5721 $3941 2 1 2 1 1 1 1 1 1 1 1 1 1 1 0 1 1 1 @15 ATTRIB_XACIS_ID @5 43852 #
integer_attrib-name_attrib-gen-attrib $-1 -1 $-1 $5723 $5362 2 1 1 1 1 1 1 1 1 1 1 1 1 1 0 1 1 1 @3 pid 5905 #
integer_attrib-name_attrib-gen-attrib $-1 -1 $6181 $-1 $5724 2 1 1 1 1 1 1 1 1 1 1 1 1 1 0 1 1 1 @3 pid 3919 #
point $-1 -1 -1 $-1 -27.40000000000008 48.120000000000005 0.19 #
integer_attrib-name_attrib-gen-attrib $-1 -1 $6182 $5726 $5363 2 1 1 1 1 1 1 1 1 1 1 1 1 1 0 1 1 1 @3 pid 2193 #
edge $6183 -1 -1 $-1 $6184 0 $4914 0.82500000000000062 $6185 $6186 forward @7 unknown T -27.06000000000002 48.119999999999983 0.18999999999996053 -27.059999999999977 48.945 0.19000000000000006 #
string_attrib-name_attrib-gen-attrib $-1 -1 $-1 $5736 $3992 2 1 2 1 1 1 1 1 1 1 1 1 1 1 0 1 1 1 @15 ATTRIB_XACIS_ID @5 42367 #
integer_attrib-name_attrib-gen-attrib $-1 -1 $-1 $5738 $5388 2 1 1 1 1 1 1 1 1 1 1 1 1 1 0 1 1 1 @3 pid 6837 #
named_attribute-st-attrib $-1 -1 $6187 $-1 $5740 1 1 1 1 1 1 1 1 1 1 1 1 1 1 0 1 1 1 @3 eif #
straight-curve $-1 -1 -1 $-1 -27.489999999999998 48.270000000000003 0.10999999999999999 0 1 0 F 0 F 0.44000000000000039 #
coedge $-1 -1 -1 $-1 $5748 $5745 $5792 $6044 reversed $5400 $-1 #
integer_attrib-name_attrib-gen-attrib $-1 -1 $-1 $5746 $5397 2 1 1 1 1 1 1 1 1 1 1 1 1 1 0 1 1 1 @3 pid 7258 #
coedge $-1 -1 -1 $-1 $5784 $5880 $5748 $6005 forward $5881 $-1 #
edge $6188 -1 -1 $-1 $6007 0 $6037 0.057477270850261775 $5748 $6189 forward @7 unknown T -27.400000000005722 48.132522729139467 0.10999999999427729 -27.399999999994275 48.1900000000049 0.11000000000572269 #
named_attribute-st-attrib $-1 -1 $6190 $-1 $5749 1 1 1 1 1 1 1 1 1 1 1 1 1 1 0 1 1 1 @3 eif #
tvertex-vertex $6191 -1 -1 $-1 $-1 $6192 4.7277740619312674e-012 #
straight-curve $-1 -1 -1 $-1 -27.399999999999999 48.189999999999991 0.10999999999999936 0 0 1 F 0 F 0.08000000000001127 #
integer_attrib-name_attrib-gen-attrib $-1 -1 $6193 $-1 $5750 2 0 0 1 1 1 1 1 1 1 1 1 1 1 0 1 1 1 @3 fif 0 #
plane-surface $-1 -1 -1 $-1 -27.399999999999999 48.155000000000001 0.15000000000000499 1 0 0 0 -1 0 forward_v I I I I #
vertedge-sys-attrib $-1 -1 $-1 $5752 $5402 1 1 1 1 1 1 1 1 1 1 1 1 0 1 0 1 1 1 4 $6194 $4957 $-1 $-1 #
tedge-edge $6195 -1 -1 $-1 $5828 0 $6007 1 $5754 $6196 forward @7 unknown T -27.48004831124485 48.189951688750597 0.10995168875514677 -27.399951688755145 48.270048311244857 0.11004831124485293 4.8311244852942106e-005 #
pcurve $-1 -1 -1 $-1 0 forward { exppc nubs 1 open 2 
	-1 1 -0 1 
	-1.5046245460737486 1.5707963268518066 
	-1.5046245460737486 0 
	0.001 
	-1 
	cone -27.479999999999997 48.189999999999998 0.23036996368589999 0 0 -1 0 0.080000000000000071 0 1 I I -0 1 0.080000000000000071 reversed I I I I 
	} 0 0 #
integer_attrib-name_attrib-gen-attrib $-1 -1 $6197 $-1 $5756 2 0 0 1 1 1 1 1 1 1 1 1 1 1 0 1 1 1 @3 fif 0 #
cone-surface $-1 -1 -1 $-1 -27.479999999999997 48.189999999999998 0.23036996368589999 0 0 -1 0 0.080000000000000071 0 1 I I -0 1 0.080000000000000071 reversed I I I I #
named_attribute-st-attrib $-1 -1 $6198 $-1 $5758 1 1 1 1 1 1 1 1 1 1 1 1 1 1 0 1 1 1 @3 eif #
coedge $-1 -1 -1 $-1 $5767 $6199 $6200 $5758 forward $5941 $-1 #
straight-curve $-1 -1 -1 $-1 -27.399999999999999 48.945 0.19 0 -1 0 F 0 F 0.15500000000000069 #
named_attribute-st-attrib $-1 -1 $6201 $-1 $5760 1 1 1 1 1 1 1 1 1 1 1 1 1 1 0 1 1 1 @3 eif #
straight-curve $-1 -1 -1 $-1 -27.489999999999768 48.710000000000001 0.10999999999999999 -1 0 0 F 0 F 0.051850454238460131 #
edge $6202 -1 -1 $-1 $4012 0 $4979 0.079999999999978769 $6150 $6203 forward @7 tangent T -27.400000000000986 48.789999999999047 0.10999999999905063 -27.399999999999089 48.790000000000951 0.19000000000003217 #
integer_attrib-name_attrib-gen-attrib $-1 -1 $-1 $5764 $5422 2 1 1 1 1 1 1 1 1 1 1 1 1 1 0 1 1 1 @3 pid 8425 #
integer_attrib-name_attrib-gen-attrib $-1 -1 $-1 $5766 $5423 2 1 1 1 1 1 1 1 1 1 1 1 1 1 0 1 1 1 @3 pid 8427 #
named_attribute-st-attrib $-1 -1 $6204 $-1 $5769 1 1 1 1 1 1 1 1 1 1 1 1 1 1 0 1 1 1 @3 eif #
straight-curve $-1 -1 -1 $-1 -28.21686291501014 48.709999999999987 0.31 0 -1 0 F 0 F 0.43999999999998618 #
string_attrib-name_attrib-gen-attrib $-1 -1 $-1 $5773 $4027 2 1 2 1 1 1 1 1 1 1 1 1 1 1 0 1 1 1 @15 ATTRIB_XACIS_ID @5 41348 #
rgb_color-st-attrib $-1 -1 $6205 $5775 $4498 2 1 2 1 1 1 1 1 1 1 1 1 1 1 0 1 1 1 0.73000001907348633 0.40000000596046448 0 #
rh_material-rh_entity $-1 -1 4 4 @5 plain @5 color -4 1 1 1 @5 phong @14 ambient factor -2 1 @14 diffuse factor -2 0.75 @15 specular factor -2 0.5 @8 exponent -2 10 @14 specular color -4 1 1 1 @4 none @5 plain @5 color -4 0 0 0 #
render-rbase-attrib $-1 -1 $6206 $5776 $4995 1 1 1 1 1 1 1 1 1 1 1 1 0 1 0 1 1 1 $6207 $-1 0 2 0 -1 0 1 0 0 0 0 1 -36.899999999999999 52.719999999999999 0.079999999999999988 1 rotate no_reflect no_shear #
render-rbase-attrib $-1 -1 $6208 $5778 $5005 1 1 1 1 1 1 1 1 1 1 1 1 0 1 0 1 1 1 $6209 $-1 0 2 0 -1 0 1 0 0 0 0 1 -36.899999999999999 52.719999999999999 0.079999999999999988 1 rotate no_reflect no_shear #
integer_attrib-name_attrib-gen-attrib $-1 -1 $6210 $5779 $5441 2 1 1 1 1 1 1 1 1 1 1 1 1 1 0 1 1 1 @3 pid 2906 #
integer_attrib-name_attrib-gen-attrib $-1 -1 $6211 $-1 $5780 2 0 0 1 1 1 1 1 1 1 1 1 1 1 0 1 1 1 @3 fif 0 #
face $6212 -1 -1 $-1 $6213 $6134 $5 $-1 $6214 forward double out T -27.654436300165642 48.269997456565584 0.10999745656554312 -27.541847910805657 48.710002543434413 0.17500254343397811 F #
cone-surface $-1 -1 -1 $-1 -27.71505553499 48.261200000000002 0.17999999999999999 0 1 0 0 0 -0.13 1 I I -0 1 0.13 reversed I I I I #
pcurve $-1 -1 -1 $-1 0 forward { exppc nubs 3 open 4 
	0 3 0.329288837880296 1 0.67208205313065428 1 1 3 
	-0.068738635425313888 -0.045000000000001705 
	-0.060506125747388673 -0.026795698452724892 
	-0.039059133744330232 0.0047872690009658214 
	0.011394966519846506 0.037762272556246756 
	0.048850726668494993 0.044741127872756081 
	0.068738635425314776 0.045000000000001705 
	0 
	0 
	plane -27.445 48.201261364570499 0.10999999999999999 0 0 -1 0 1 0 reverse_v I I I I 
	} 0 0 #
named_attribute-st-attrib $-1 -1 $6215 $-1 $5785 1 1 1 1 1 1 1 1 1 1 1 1 1 1 0 1 1 1 @3 eif #
tvertex-vertex $6216 -1 -1 $-1 $6005 $6217 5.7227058701424711e-012 #
intcurve-curve $-1 -1 -1 $-1 forward { exactcur full nubs 3 open 4 
	0 3 0.329288837880296 1 0.67208205313065428 1 1 3 
	-27.399999999999999 48.132522729145187 0.10999999999999999 
	-27.418204301547274 48.140755238823111 0.10999999999999999 
	-27.449787269000964 48.162202230826168 0.10999999999999999 
	-27.482762272556243 48.212656331090344 0.10999999999999999 
	-27.489741127872755 48.250112091238996 0.10999999999999999 
	-27.490000000000002 48.269999999995818 0.10999999999999999 
	0 
	null_surface 
	null_surface 
	nullbs 
	nullbs 
	-1 
	-1 
	I I 
	0 
	0 
	2 0.329288837880296 0.67208205313065428 
	
	-1 
	none F F 1 F 0 } I I #
integer_attrib-name_attrib-gen-attrib $-1 -1 $-1 $5787 $5447 2 1 1 1 1 1 1 1 1 1 1 1 1 1 0 1 1 1 @3 pid 5897 #
named_attribute-st-attrib $-1 -1 $6218 $-1 $5790 1 1 1 1 1 1 1 1 1 1 1 1 1 1 0 1 1 1 @3 eif #
ellipse-curve $-1 -1 -1 $-1 -27.339999747293248 48.270001210795471 0.10999999999999999 0 0 -1 -2.5270670711563525e-007 -0.15000121079547402 0 1 F 0 F 0.41151347665828097 #
named_attribute-st-attrib $-1 -1 $6219 $-1 $5791 1 1 1 1 1 1 1 1 1 1 1 1 1 1 0 1 1 1 @3 eif #
straight-curve $-1 -1 -1 $-1 -27.399999999999999 48.120000000000005 0.19 0 0 -1 F 0 F 0.080000000000000016 #
edge $6220 -1 -1 $-1 $6037 0 $5795 0.012522729150915346 $6002 $6221 forward @7 unknown T -27.400000000005722 48.119999999999933 0.10999999999427729 -27.399999999994275 48.132522729150907 0.11000000000572269 #
face $6222 -1 -1 $-1 $5750 $5793 $5 $-1 $6223 forward double out T -27.400000000005722 48.119999999999933 0.10999999999427729 -27.339999999999954 48.132522729150914 0.11000000000572269 F #
integer_attrib-name_attrib-gen-attrib $-1 -1 $-1 $5794 $5454 2 1 1 1 1 1 1 1 1 1 1 1 1 1 0 1 1 1 @3 pid 5903 #
integer_attrib-name_attrib-gen-attrib $-1 -1 $6224 $-1 $5795 2 1 1 1 1 1 1 1 1 1 1 1 1 1 0 1 1 1 @3 pid 3918 #
point $-1 -1 -1 $-1 -27.400000000000063 48.119999999999997 0.10999999999999999 #
render-rbase-attrib $-1 -1 $6225 $5800 $5018 1 1 1 1 1 1 1 1 1 1 1 1 0 1 0 1 1 1 $6226 $-1 0 2 0 -1 0 1 0 0 0 0 1 -36.899999999999999 52.719999999999999 0.079999999999999988 1 rotate no_reflect no_shear #
string_attrib-name_attrib-gen-attrib $-1 -1 $-1 $5803 $4066 2 1 2 1 1 1 1 1 1 1 1 1 1 1 0 1 1 1 @15 ATTRIB_XACIS_ID @5 43591 #
integer_attrib-name_attrib-gen-attrib $-1 -1 $-1 $5809 $5475 2 1 1 1 1 1 1 1 1 1 1 1 1 1 0 1 1 1 @3 pid 5017 #
string_attrib-name_attrib-gen-attrib $-1 -1 $-1 $5812 $4084 2 1 2 1 1 1 1 1 1 1 1 1 1 1 0 1 1 1 @15 ATTRIB_XACIS_ID @5 41164 #
rgb_color-st-attrib $-1 -1 $6227 $5814 $4558 2 1 2 1 1 1 1 1 1 1 1 1 1 1 0 1 1 1 0.93699997663497925 0.7850000262260437 0 #
rh_material-rh_entity $-1 -1 4 4 @5 plain @5 color -4 1 1 1 @5 phong @14 ambient factor -2 1 @14 diffuse factor -2 0.75 @15 specular factor -2 0.5 @8 exponent -2 10 @14 specular color -4 1 1 1 @4 none @5 plain @5 color -4 0 0 0 #
render-rbase-attrib $-1 -1 $6228 $5815 $5049 1 1 1 1 1 1 1 1 1 1 1 1 0 1 0 1 1 1 $6229 $-1 0 2 0 -1 0 1 0 0 0 0 1 -36.899999999999999 52.719999999999999 0.079999999999999988 1 rotate no_reflect no_shear #
integer_attrib-name_attrib-gen-attrib $-1 -1 $-1 $5816 $5485 2 1 1 1 1 1 1 1 1 1 1 1 1 1 0 1 1 1 @3 pid 8293 #
integer_attrib-name_attrib-gen-attrib $-1 -1 $-1 $5818 $5488 2 1 1 1 1 1 1 1 1 1 1 1 1 1 0 1 1 1 @3 pid 8283 #
integer_attrib-name_attrib-gen-attrib $-1 -1 $-1 $5821 $5491 2 1 1 1 1 1 1 1 1 1 1 1 1 1 0 1 1 1 @3 pid 8228 #
named_attribute-st-attrib $-1 -1 $6230 $-1 $5823 1 1 1 1 1 1 1 1 1 1 1 1 1 1 0 1 1 1 @3 eif #
ellipse-curve $-1 -1 -1 $-1 -28.216850738033141 48.710000000000001 0.14997060217539399 0 -1 0 -1.2176976854405552e-005 0 0.1600293978246195 1 F 0 F 0.78524597916378935 #
integer_attrib-name_attrib-gen-attrib $-1 -1 $-1 $5827 $5499 2 1 1 1 1 1 1 1 1 1 1 1 1 1 0 1 1 1 @3 pid 7893 #
integer_attrib-name_attrib-gen-attrib $-1 -1 $6231 $-1 $5828 2 1 1 1 1 1 1 1 1 1 1 1 1 1 0 1 1 1 @3 pid 4802 #
point $-1 -1 -1 $-1 -27.479999999999894 48.270000000000003 0.10999999999999971 #
named_attribute-st-attrib $-1 -1 $6232 $-1 $5831 1 1 1 1 1 1 1 1 1 1 1 1 1 1 0 1 1 1 @3 eif #
coedge $-1 -1 -1 $-1 $6143 $6233 $6145 $5831 reversed $6234 $-1 #
straight-curve $-1 -1 -1 $-1 -27.585151724426254 48.710000000000001 0.21500000000342068 0 -1 -8.8313195140640228e-016 F 1.8058114446012648e-027 F 0.43999999999998618 #
named_attribute-st-attrib $-1 -1 $6235 $-1 $5832 1 1 1 1 1 1 1 1 1 1 1 1 1 1 0 1 1 1 @3 eif #
straight-curve $-1 -1 -1 $-1 -27.602472232499828 48.709999999999987 0.24500000000051628 0 -1 0 F 0 F 0.43999999999998618 #
integer_attrib-name_attrib-gen-attrib $-1 -1 $-1 $5834 $5512 2 1 1 1 1 1 1 1 1 1 1 1 1 1 0 1 1 1 @3 pid 8397 #
integer_attrib-name_attrib-gen-attrib $-1 -1 $-1 $5836 $5513 2 1 1 1 1 1 1 1 1 1 1 1 1 1 0 1 1 1 @3 pid 8365 #
pcurve $-1 -1 -1 $-1 0 forward { exppc nurbs 2 open 2 
	-1.0470515729145633 2 0 2 
	-0.20413030787037201 0.15999999999989062 1 
	-0.12907793560663805 0.15999452199272179 0.86606189604791284 
	-0.09154700537963123 0.095000000002652962 1 
	1e-008 
	-1 
	plane -27.510925227119998 48.710000000000001 0.14999999999998997 -0 1 -0 1 0 0 reverse_v I I I I 
	} 0 0 #
named_attribute-st-attrib $-1 -1 $6236 $-1 $5842 1 1 1 1 1 1 1 1 1 1 1 1 1 1 0 1 1 1 @3 eif #
coedge $-1 -1 -1 $-1 $6150 $6161 $6138 $5842 reversed $5949 $-1 #
straight-curve $-1 -1 -1 $-1 -27.399999999999999 48.789999999999999 0.10999999999999999 0 1 0 F 0 F 0.15500000000000069 #
edge $6237 -1 -1 $-1 $4137 0 $4486 0.50180738001922798 $5843 $6238 forward @7 unknown T -28.216862915010623 48.709999999994984 0.30999999999498995 -27.715055534989972 48.710000000005017 0.31000000000502281 #
coedge $-1 -1 -1 $-1 $6233 $6143 $5844 $5832 forward $6234 $-1 #
coedge $-1 -1 -1 $-1 $5845 $5897 $6233 $6239 reversed $5196 $-1 #
pcurve $-1 -1 -1 $-1 0 forward { exppc nurbs 2 open 2 
	0 2 1.047051572922125 2 
	-0.09154700537863647 0.095000000001120688 1 
	-0.12907793560550473 0.15999452199257636 0.86606189604610739 
	-0.20413030787036845 0.15999999999999132 1 
	1e-008 
	-1 
	plane -27.510925227119998 48.270000000000003 0.14999999999998997 0 -1 0 1 0 0 forward_v I I I I 
	} 0 0 #
named_attribute-st-attrib $-1 -1 $6240 $-1 $5846 1 1 1 1 1 1 1 1 1 1 1 1 1 1 0 1 1 1 @3 eif #
ellipse-curve $-1 -1 -1 $-1 -27.715065024777076 48.270000000000003 0.1799835632065426 0 -1 0 0.11259279227844132 0 0.065016436794568047 1 F 0 F 1.047051572922125 #
named_attribute-st-attrib $-1 -1 $6241 $-1 $5851 1 1 1 1 1 1 1 1 1 1 1 1 1 1 0 1 1 1 @3 eif #
straight-curve $-1 -1 -1 $-1 -27.715055534989986 48.270000000000003 0.22999999999999998 0 1 0 F 0 F 0.43999999999998618 #
integer_attrib-name_attrib-gen-attrib $-1 -1 $-1 $5852 $5537 2 1 1 1 1 1 1 1 1 1 1 1 1 1 0 1 1 1 @3 pid 8326 #
render-rbase-attrib $-1 -1 $6242 $5855 $5128 1 1 1 1 1 1 1 1 1 1 1 1 0 1 0 1 1 1 $6243 $-1 0 2 0 -1 0 1 0 0 0 0 1 -36.899999999999999 52.719999999999999 0.079999999999999988 1 rotate no_reflect no_shear #
rgb_color-st-attrib $-1 -1 $6244 $5856 $4646 2 1 2 1 1 1 1 1 1 1 1 1 1 1 0 1 1 1 0.93699997663497925 0.7850000262260437 0 #
rh_material-rh_entity $-1 -1 4 4 @5 plain @5 color -4 1 1 1 @5 phong @14 ambient factor -2 1 @14 diffuse factor -2 0.75 @15 specular factor -2 0.5 @8 exponent -2 10 @14 specular color -4 1 1 1 @4 none @5 plain @5 color -4 0 0 0 #
string_attrib-name_attrib-gen-attrib $-1 -1 $-1 $5859 $4200 2 1 2 1 1 1 1 1 1 1 1 1 1 1 0 1 1 1 @15 ATTRIB_XACIS_ID @5 41723 #
rgb_color-st-attrib $-1 -1 $6245 $5861 $4682 2 1 2 1 1 1 1 1 1 1 1 1 1 1 0 1 1 1 0.93699997663497925 0.7850000262260437 0 #
rh_material-rh_entity $-1 -1 4 4 @5 plain @5 color -4 1 1 1 @5 phong @14 ambient factor -2 1 @14 diffuse factor -2 0.75 @15 specular factor -2 0.5 @8 exponent -2 10 @14 specular color -4 1 1 1 @4 none @5 plain @5 color -4 0 0 0 #
render-rbase-attrib $-1 -1 $6246 $5862 $5155 1 1 1 1 1 1 1 1 1 1 1 1 0 1 0 1 1 1 $6247 $-1 0 2 0 -1 0 1 0 0 0 0 1 -36.899999999999999 52.719999999999999 0.079999999999999988 1 rotate no_reflect no_shear #
integer_attrib-name_attrib-gen-attrib $-1 -1 $6248 $5863 $5557 2 1 1 1 1 1 1 1 1 1 1 1 1 1 0 1 1 1 @3 pid 2186 #
coedge $-1 -1 -1 $-1 $5868 $5867 $6133 $6249 forward $5781 $-1 #
render-rbase-attrib $-1 -1 $6250 $5871 $5174 1 1 1 1 1 1 1 1 1 1 1 1 0 1 0 1 1 1 $6251 $-1 0 2 0 -1 0 1 0 0 0 0 1 -36.899999999999999 52.719999999999999 0.079999999999999988 1 rotate no_reflect no_shear #
integer_attrib-name_attrib-gen-attrib $-1 -1 $-1 $5872 $5569 2 1 1 1 1 1 1 1 1 1 1 1 1 1 0 1 1 1 @3 pid 8036 #
vertedge-sys-attrib $-1 -1 $6252 $-1 $5873 1 1 1 1 1 1 1 1 1 1 1 1 0 1 0 1 1 1 4 $5760 $5638 $-1 $-1 #
point $-1 -1 -1 $-1 -27.541850454240119 48.710000000000001 0.1099999999999583 #
integer_attrib-name_attrib-gen-attrib $-1 -1 $-1 $5875 $5571 2 1 1 1 1 1 1 1 1 1 1 1 1 1 0 1 1 1 @3 pid 8230 #
named_attribute-st-attrib $-1 -1 $6253 $-1 $5877 1 1 1 1 1 1 1 1 1 1 1 1 1 1 0 1 1 1 @3 eif #
straight-curve $-1 -1 -1 $-1 -27.671754264809742 48.710000000000001 0.20500000000032689 0.49999999998258421 0 -0.86602540379449366 F 1.2018516790036815e-016 F 0.034641016154181123 #
pcurve $-1 -1 -1 $-1 0 forward { exppc nubs 3 open 5 
	0 3 0.24587984829214765 1 0.50063558796042773 1 0.75489193756499096 1 1 3 
	0.068738635425314776 0.035000000000000142 
	0.068592317103456146 0.024210598025463881 
	0.064698611364450542 0.0039753377834390591 
	0.046834679046382277 -0.023184593000053155 
	0.019678450615693066 -0.040983426484006102 
	-0.00050893772712168328 -0.044855599452363393 
	-0.011261364575052113 -0.045000000000001705 
	0 
	0 
	plane -27.445 48.201261364570499 0.10999999999999999 0 0 -1 0 1 0 reverse_v I I I I 
	} 0 0 #
integer_attrib-name_attrib-gen-attrib $-1 -1 $-1 $5882 $5577 2 1 1 1 1 1 1 1 1 1 1 1 1 1 0 1 1 1 @3 pid 7254 #
integer_attrib-name_attrib-gen-attrib $-1 -1 $-1 $5887 $5584 2 1 1 1 1 1 1 1 1 1 1 1 1 1 0 1 1 1 @3 pid 7252 #
integer_attrib-name_attrib-gen-attrib $-1 -1 $6254 $5889 $5585 2 1 1 1 1 1 1 1 1 1 1 1 1 1 0 1 1 1 @3 pid 2686 #
tedge-edge $6255 -1 -1 $-1 $4721 0 $5189 1.0470515729256229 $6108 $6256 forward @7 unknown T -27.654436300165642 48.269997456565584 0.10999745656557776 -27.541847910805657 48.270002543434423 0.17500254343397811 2.5434344208681647e-006 #
named_attribute-st-attrib $-1 -1 $6257 $-1 $5892 1 1 1 1 1 1 1 1 1 1 1 1 1 1 0 1 1 1 @3 eif #
straight-curve $-1 -1 -1 $-1 -27.654433756733219 48.270000000000003 0.17499999999748997 -0.49999999998258726 0 0.866025403794492 F 4.1473368405135094e-016 F 0.034641016151513083 #
coedge $-1 -1 -1 $-1 $5898 $5893 $6139 $6258 forward $5196 $-1 #
tcoedge-coedge $-1 -1 -1 $-1 $6133 $6132 $5893 $6104 reversed $6134 $6259 -1.0470515729256229 -0 F #
pcurve $-1 -1 -1 $-1 0 forward { exppc nurbs 2 open 2 
	0 2 1.0470515729256229 2 
	-0.14350852961122484 0.024999999998939842 1 
	-0.10597759938474027 -0.039994521992508691 0.86606189604539774 
	-0.030925227120079057 -0.039999999999991348 1 
	1e-008 
	-1 
	plane -27.510925227119998 48.270000000000003 0.14999999999998997 0 -1 0 1 0 0 forward_v I I I I 
	} 0 0 #
integer_attrib-name_attrib-gen-attrib $-1 -1 $-1 $5895 $5592 2 1 1 1 1 1 1 1 1 1 1 1 1 1 0 1 1 1 @3 pid 8324 #
tcoedge-coedge $-1 -1 -1 $-1 $6146 $6145 $5897 $6112 reversed $6147 $6260 -1.0468372048322143 -0 F #
tedge-edge $6261 -1 -1 $-1 $5065 0 $4570 1.0468372048322143 $6111 $6262 forward @7 unknown T -27.585154139232817 48.269997585195703 0.18999758519563487 -27.541848039433756 48.27000241480431 0.21500241480443516 2.4148042961991333e-006 #
pcurve $-1 -1 -1 $-1 0 forward { exppc nurbs 2 open 2 
	0 2 1.0468372048322143 2 
	-0.030925227120171428 0.039999999999941083 1 
	-0.059789738004869974 0.040005200610536196 0.86611547631849084 
	-0.07422649730852271 0.064999999998958724 1 
	1e-008 
	-1 
	plane -27.510925227119998 48.270000000000003 0.14999999999998997 0 -1 0 1 0 0 forward_v I I I I 
	} 0 0 #
coedge $-1 -1 -1 $-1 $6263 $6264 $5898 $6115 forward $6265 $-1 #
edge $6266 -1 -1 $-1 $6118 0 $5828 0.079999999999978769 $6114 $6267 forward @7 tangent T -27.480000000004082 48.269999999995818 0.10999999999581152 -27.479999999995705 48.270000000004188 0.18999999999999026 #
coedge $-1 -1 -1 $-1 $6268 $5899 $6264 $6269 forward $5941 $-1 #
named_attribute-st-attrib $-1 -1 $6270 $-1 $5900 1 1 1 1 1 1 1 1 1 1 1 1 1 1 0 1 1 1 @3 eif #
vertex $6271 -1 -1 $-1 $6269 $6272 #
straight-curve $-1 -1 -1 $-1 -27.479999999999645 48.270000000000003 0.19 -1 0 0 F 0 F 0.061850454240707009 #
integer_attrib-name_attrib-gen-attrib $-1 -1 $6273 $5901 $5595 2 1 1 1 1 1 1 1 1 1 1 1 1 1 0 1 1 1 @3 pid 2937 #
integer_attrib-name_attrib-gen-attrib $-1 -1 $6274 $-1 $5902 2 0 0 1 1 1 1 1 1 1 1 1 1 1 0 1 1 1 @3 fif 0 #
plane-surface $-1 -1 -1 $-1 -27.300925227119997 48.532499999999999 0.19 0 0 1 0 -1 0 forward_v I I I I #
string_attrib-name_attrib-gen-attrib $-1 -1 $-1 $5906 $4244 2 1 2 1 1 1 1 1 1 1 1 1 1 1 0 1 1 1 @15 ATTRIB_XACIS_ID @5 44013 #
rgb_color-st-attrib $-1 -1 $6275 $5908 $4738 2 1 2 1 1 1 1 1 1 1 1 1 1 1 0 1 1 1 0.93699997663497925 0.7850000262260437 0 #
rh_material-rh_entity $-1 -1 4 4 @5 plain @5 color -4 1 1 1 @5 phong @14 ambient factor -2 1 @14 diffuse factor -2 0.75 @15 specular factor -2 0.5 @8 exponent -2 10 @14 specular color -4 1 1 1 @4 none @5 plain @5 color -4 0 0 0 #
render-rbase-attrib $-1 -1 $6276 $5909 $5206 1 1 1 1 1 1 1 1 1 1 1 1 0 1 0 1 1 1 $6277 $-1 0 2 0 -1 0 1 0 0 0 0 1 -36.899999999999999 52.719999999999999 0.079999999999999988 1 rotate no_reflect no_shear #
integer_attrib-name_attrib-gen-attrib $-1 -1 $-1 $5910 $5606 2 1 1 1 1 1 1 1 1 1 1 1 1 1 0 1 1 1 @3 pid 7237 #
integer_attrib-name_attrib-gen-attrib $-1 -1 $-1 $5912 $5607 2 1 1 1 1 1 1 1 1 1 1 1 1 1 0 1 1 1 @3 pid 5889 #
render-rbase-attrib $-1 -1 $6278 $5920 $5225 1 1 1 1 1 1 1 1 1 1 1 1 0 1 0 1 1 1 $6279 $-1 0 2 0 -1 0 1 0 0 0 0 1 -36.899999999999999 52.719999999999999 0.079999999999999988 1 rotate no_reflect no_shear #
integer_attrib-name_attrib-gen-attrib $-1 -1 $6280 $5921 $5622 2 1 1 1 1 1 1 1 1 1 1 1 1 1 0 1 1 1 @3 pid 2885 #
integer_attrib-name_attrib-gen-attrib $-1 -1 $-1 $5926 $5632 2 1 1 1 1 1 1 1 1 1 1 1 1 1 0 1 1 1 @3 pid 8285 #
coedge $-1 -1 -1 $-1 $6108 $5929 $5933 $6140 reversed $6134 $-1 #
coedge $-1 -1 -1 $-1 $5929 $6108 $6092 $6249 reversed $6134 $-1 #
loop $-1 -1 -1 $-1 $-1 $5929 $6033 T -27.654436300165642 48.269997456565584 0.10999745656554312 -27.541847910805657 48.710002543434413 0.17500254343397811 unknown #
pcurve $-1 -1 -1 $-1 0 forward { exppc nubs 1 open 2 
	0 1 1.0470515729249683 1 
	-0.067692307692296505 -3.1415926535897931 
	-0.067692307692296505 -2.0943951023940217 
	0.001 
	-1 
	cone -27.541850454239999 48.718800000000002 0.23999999999999999 0 -1 0 0.11258330249200041 0 0.065000000000000113 1 I I -0 1 0.13000000000002029 reversed I I I I 
	} 0 0 #
named_attribute-st-attrib $-1 -1 $6281 $-1 $5930 1 1 1 1 1 1 1 1 1 1 1 1 1 1 0 1 1 1 @3 eif #
ellipse-curve $-1 -1 -1 $-1 -27.541840964453176 48.710000000000001 0.24001643679259319 0 -1 0 -0.1125927922780452 -0 -0.065016436793643634 1 F 0 F 1.0470515729249683 #
coedge $-1 -1 -1 $-1 $6282 $5932 $6073 $5842 forward $5934 $-1 #
coedge $-1 -1 -1 $-1 $5933 $6283 $6107 $6258 reversed $5934 $-1 #
edge $6284 -1 -1 $-1 $5189 0 $5873 0.43999999999998618 $6132 $6285 forward @7 tangent T -27.54185045424218 48.269999999997985 0.10999999999789882 -27.541850454238059 48.710000000002061 0.11000000000201778 #
face $6286 -1 -1 $-1 $6287 $5934 $5 $-1 $6288 reversed double out T -27.54185045424218 48.119999999999933 0.10999999999527217 -27.059999999999999 48.945000000002977 0.11000000000472772 F #
integer_attrib-name_attrib-gen-attrib $-1 -1 $-1 $5935 $5638 2 1 1 1 1 1 1 1 1 1 1 1 1 1 0 1 1 1 @3 pid 8406 #
coedge $-1 -1 -1 $-1 $6076 $6065 $5937 $6144 reversed $6234 $-1 #
edge $6289 -1 -1 $-1 $4101 -1.8469499243940492e-016 $4100 0.034641016153186696 $5937 $6290 forward @7 unknown T -27.602472232507349 48.709999999995702 0.21499999999630942 -27.585151724423582 48.710000000004399 0.24500000000436423 #
coedge $-1 -1 -1 $-1 $6111 $5938 $6065 $5831 forward $6147 $-1 #
coedge $-1 -1 -1 $-1 $5938 $6111 $5940 $6149 forward $6147 $-1 #
loop $-1 -1 -1 $-1 $-1 $6111 $6287 T -27.585154139232877 48.269997585195703 0.18999758519563487 -27.541848039433756 48.710002414804293 0.21500241480443516 unknown #
pcurve $-1 -1 -1 $-1 0 forward { exppc nubs 1 open 2 
	0 1 1.0468372048305323 1 
	-0.1760000000006712 -2.0943951023992904 
	-0.1760000000006712 -3.1415926535897931 
	0.001 
	-1 
	cone -27.541850454239999 48.718800000000002 0.23999999999999999 0 -1 0 0.043301270189000832 0 0.025000000000000678 1 I I 0 -1 0.049999999999808857 reversed I I I I 
	} 0 0 #
edge $6291 -1 -1 $-1 $5065 0 $4581 0.43999999999998618 $5940 $6292 forward @7 tangent T -27.541850454240201 48.269999999997886 0.18999999999796505 -27.541850454235927 48.710000000001983 0.19000000000221537 #
coedge $-1 -1 -1 $-1 $6200 $6073 $5942 $6021 reversed $5949 $-1 #
named_attribute-st-attrib $-1 -1 $6293 $-1 $5943 1 1 1 1 1 1 1 1 1 1 1 1 1 1 0 1 1 1 @3 eif #
ellipse-curve $-1 -1 -1 $-1 -27.480002267773372 48.790002267773296 0.10999999999999999 0 0 -1 0.080002267773295443 -2.2677732962606001e-006 0 1 F 0 F 1.5707396340703939 #
rgb_color-st-attrib $-1 -1 $6294 $5945 $4768 2 1 2 1 1 1 1 1 1 1 1 1 1 1 0 1 1 1 0.93699997663497925 0.7850000262260437 0 #
rh_material-rh_entity $-1 -1 4 4 @5 plain @5 color -4 1 1 1 @5 phong @14 ambient factor -2 1 @14 diffuse factor -2 0.75 @15 specular factor -2 0.5 @8 exponent -2 10 @14 specular color -4 1 1 1 @4 none @5 plain @5 color -4 0 0 0 #
render-rbase-attrib $-1 -1 $6295 $5946 $5251 1 1 1 1 1 1 1 1 1 1 1 1 0 1 0 1 1 1 $6296 $-1 0 2 0 -1 0 1 0 0 0 0 1 -36.899999999999999 52.719999999999999 0.079999999999999988 1 rotate no_reflect no_shear #
integer_attrib-name_attrib-gen-attrib $-1 -1 $6297 $5947 $5648 2 1 1 1 1 1 1 1 1 1 1 1 1 1 0 1 1 1 @3 pid 2931 #
integer_attrib-name_attrib-gen-attrib $-1 -1 $6298 $-1 $5948 2 0 0 1 1 1 1 1 1 1 1 1 1 1 0 1 1 1 @3 fif 0 #
face $6299 -1 -1 $-1 $6300 $6301 $5 $-1 $6302 forward double out T -27.06000000000002 48.119999999999983 0.10999999999999971 -27.059999999999977 48.945000000000007 0.19000000000000006 F #
loop $-1 -1 -1 $-1 $-1 $6303 $5948 T -27.400000000002976 48.944999999997023 0.10999999999702342 -27.059999999999999 48.945000000002977 0.19000000000006506 unknown #
plane-surface $-1 -1 -1 $-1 -27.229999999999997 48.945 0.14999999999999 0 -1 0 -1 0 0 forward_v I I I I #
coedge $-1 -1 -1 $-1 $6073 $6200 $6304 $6305 reversed $5949 $-1 #
integer_attrib-name_attrib-gen-attrib $-1 -1 $-1 $5951 $5652 2 1 1 1 1 1 1 1 1 1 1 1 1 1 0 1 1 1 @3 pid 5893 #
rgb_color-st-attrib $-1 -1 $6306 $5956 $4785 2 1 2 1 1 1 1 1 1 1 1 1 1 1 0 1 1 1 0.93699997663497925 0.7850000262260437 0 #
rh_material-rh_entity $-1 -1 4 4 @5 plain @5 color -4 1 1 1 @5 phong @14 ambient factor -2 1 @14 diffuse factor -2 0.75 @15 specular factor -2 0.5 @8 exponent -2 10 @14 specular color -4 1 1 1 @4 none @5 plain @5 color -4 0 0 0 #
render-rbase-attrib $-1 -1 $6307 $5957 $5268 1 1 1 1 1 1 1 1 1 1 1 1 0 1 0 1 1 1 $6308 $-1 0 2 0 -1 0 1 0 0 0 0 1 -36.899999999999999 52.719999999999999 0.079999999999999988 1 rotate no_reflect no_shear #
integer_attrib-name_attrib-gen-attrib $-1 -1 $6309 $5958 $5666 2 1 1 1 1 1 1 1 1 1 1 1 1 1 0 1 1 1 @3 pid 2189 #
integer_attrib-name_attrib-gen-attrib $-1 -1 $6310 $-1 $5959 2 0 0 1 1 1 1 1 1 1 1 1 1 1 0 1 1 1 @3 fif 0 #
plane-surface $-1 -1 -1 $-1 -27.445 48.201261364570499 0.10999999999999999 0 0 1 0 1 0 forward_v I I I I #
string_attrib-name_attrib-gen-attrib $-1 -1 $-1 $5963 $4295 2 1 2 1 1 1 1 1 1 1 1 1 1 1 0 1 1 1 @15 ATTRIB_XACIS_ID @5 45355 #
integer_attrib-name_attrib-gen-attrib $-1 -1 $-1 $5965 $5676 2 1 1 1 1 1 1 1 1 1 1 1 1 1 0 1 1 1 @3 pid 8284 #
string_attrib-name_attrib-gen-attrib $-1 -1 $-1 $5969 $4329 2 1 2 1 1 1 1 1 1 1 1 1 1 1 0 1 1 1 @15 ATTRIB_XACIS_ID @5 44669 #
integer_attrib-name_attrib-gen-attrib $-1 -1 $-1 $5971 $5691 2 1 1 1 1 1 1 1 1 1 1 1 1 1 0 1 1 1 @3 pid 8033 #
integer_attrib-name_attrib-gen-attrib $-1 -1 $-1 $5974 $5694 2 1 1 1 1 1 1 1 1 1 1 1 1 1 0 1 1 1 @3 pid 7248 #
string_attrib-name_attrib-gen-attrib $-1 -1 $-1 $5977 $4354 2 1 2 1 1 1 1 1 1 1 1 1 1 1 0 1 1 1 @15 ATTRIB_XACIS_ID @5 44388 #
rgb_color-st-attrib $-1 -1 $6311 $5979 $4865 2 1 2 1 1 1 1 1 1 1 1 1 1 1 0 1 1 1 0.73000001907348633 0.40000000596046448 0 #
rh_material-rh_entity $-1 -1 4 4 @5 plain @5 color -4 1 1 1 @5 phong @14 ambient factor -2 1 @14 diffuse factor -2 0.75 @15 specular factor -2 0.5 @8 exponent -2 10 @14 specular color -4 1 1 1 @4 none @5 plain @5 color -4 0 0 0 #
render-rbase-attrib $-1 -1 $6312 $5980 $5327 1 1 1 1 1 1 1 1 1 1 1 1 0 1 0 1 1 1 $6313 $-1 0 2 0 -1 0 1 0 0 0 0 1 -36.899999999999999 52.719999999999999 0.079999999999999988 1 rotate no_reflect no_shear #
integer_attrib-name_attrib-gen-attrib $-1 -1 $-1 $5982 $5705 2 1 1 1 1 1 1 1 1 1 1 1 1 1 0 1 1 1 @3 pid 5892 #
render-rbase-attrib $-1 -1 $6314 $5988 $5351 1 1 1 1 1 1 1 1 1 1 1 1 0 1 0 1 1 1 $6315 $-1 0 2 0 -1 0 1 0 0 0 0 1 -36.899999999999999 52.719999999999999 0.079999999999999988 1 rotate no_reflect no_shear #
string_attrib-name_attrib-gen-attrib $-1 -1 $-1 $5989 $4392 2 1 2 1 1 1 1 1 1 1 1 1 1 1 0 1 1 1 @15 ATTRIB_XACIS_ID @5 44281 #
vertedge-sys-attrib $-1 -1 $-1 $5994 $5724 1 1 1 1 1 1 1 1 1 1 1 1 0 1 0 1 1 1 4 $5791 $6194 $-1 $-1 #
render-rbase-attrib $-1 -1 $6316 $5996 $5363 1 1 1 1 1 1 1 1 1 1 1 1 0 1 0 1 1 1 $6317 $-1 0 2 0 -1 0 1 0 0 0 0 1 -36.899999999999999 52.719999999999999 0.079999999999999988 1 rotate no_reflect no_shear #
named_attribute-st-attrib $-1 -1 $6318 $-1 $5997 1 1 1 1 1 1 1 1 1 1 1 1 1 1 0 1 1 1 @3 eif #
vertex $6319 -1 -1 $-1 $5997 $6320 #
coedge $-1 -1 -1 $-1 $6321 $6322 $6323 $5997 forward $6301 $-1 #
straight-curve $-1 -1 -1 $-1 -27.059999999999999 48.945 0.19 0 -1 0 F 0 F 0.82500000000000062 #
integer_attrib-name_attrib-gen-attrib $-1 -1 $-1 $6000 $5740 2 1 1 1 1 1 1 1 1 1 1 1 1 1 0 1 1 1 @3 pid 5899 #
named_attribute-st-attrib $-1 -1 $6324 $-1 $6005 1 1 1 1 1 1 1 1 1 1 1 1 1 1 0 1 1 1 @3 eif #
straight-curve $-1 -1 -1 $-1 -27.399999999999999 48.18999999999545 0.10999999999999999 0 -1 0 F 0 F 0.057477270850261775 #
integer_attrib-name_attrib-gen-attrib $-1 -1 $-1 $6006 $5749 2 1 1 1 1 1 1 1 1 1 1 1 1 1 0 1 1 1 @3 pid 7259 #
integer_attrib-name_attrib-gen-attrib $-1 -1 $6325 $-1 $6007 2 1 1 1 1 1 1 1 1 1 1 1 1 1 0 1 1 1 @3 pid 4803 #
point $-1 -1 -1 $-1 -27.399999999999999 48.190000000000175 0.10999999999999995 #
integer_attrib-name_attrib-gen-attrib $-1 -1 $6326 $6009 $5750 2 1 1 1 1 1 1 1 1 1 1 1 1 1 0 1 1 1 @3 pid 2192 #
edge $6327 -1 -1 $-1 $5724 3.5615954629975022e-013 $5402 0.070000000000530527 $6328 $6329 forward @7 unknown T -27.40000000000019 48.119999999999905 0.18999999999978762 -27.399999999999807 48.190000000000367 0.19000000000017164 #
named_attribute-st-attrib $-1 -1 $6330 $-1 $6012 1 1 1 1 1 1 1 1 1 1 1 1 1 1 0 1 1 1 @3 eif #
intcurve-curve $-1 -1 -1 $-1 forward { exactcur full nubs 3 open 5 
	0 3 0.24587984829214765 1 0.50063558796042773 1 0.75489193756499096 1 1 3 
	-27.479999999999997 48.269999999995818 0.10999999999999999 
	-27.469210598025462 48.269853681673958 0.10999999999999999 
	-27.448975337783438 48.265959975934948 0.10999999999999999 
	-27.421815406999947 48.248096043616883 0.10999999999999999 
	-27.404016573515992 48.220939815186192 0.10999999999999999 
	-27.400144400547635 48.20075242684338 0.10999999999999999 
	-27.399999999999999 48.18999999999545 0.10999999999999999 
	0 
	null_surface 
	null_surface 
	nullbs 
	nullbs 
	-1 
	-1 
	I I 
	0 
	0 
	3 0.24587984829214765 0.50063558796042773 0.75489193756499096 
	
	-1 
	none F F 1 F 0 } I I #
integer_attrib-name_attrib-gen-attrib $-1 -1 $6331 $6014 $5756 2 1 1 1 1 1 1 1 1 1 1 1 1 1 0 1 1 1 @3 pid 2687 #
integer_attrib-name_attrib-gen-attrib $-1 -1 $-1 $6016 $5758 2 1 1 1 1 1 1 1 1 1 1 1 1 1 0 1 1 1 @3 pid 8429 #
coedge $-1 -1 -1 $-1 $6017 $6323 $6332 $6333 reversed $5941 $-1 #
coedge $-1 -1 -1 $-1 $6161 $6150 $6017 $5758 reversed $5949 $-1 #
integer_attrib-name_attrib-gen-attrib $-1 -1 $-1 $6019 $5760 2 1 1 1 1 1 1 1 1 1 1 1 1 1 0 1 1 1 @3 pid 7251 #
named_attribute-st-attrib $-1 -1 $6334 $-1 $6021 1 1 1 1 1 1 1 1 1 1 1 1 1 1 0 1 1 1 @3 eif #
straight-curve $-1 -1 -1 $-1 -27.399999999999999 48.789999999999999 0.18999999999997896 0 0 -1 F 0 F 0.079999999999978769 #
integer_attrib-name_attrib-gen-attrib $-1 -1 $-1 $6024 $5769 2 1 1 1 1 1 1 1 1 1 1 1 1 1 0 1 1 1 @3 pid 8313 #
string_attrib-name_attrib-gen-attrib $-1 -1 $-1 $6027 $4498 2 1 2 1 1 1 1 1 1 1 1 1 1 1 0 1 1 1 @15 ATTRIB_XACIS_ID @5 40047 #
rgb_color-st-attrib $-1 -1 $6335 $6029 $4995 2 1 2 1 1 1 1 1 1 1 1 1 1 1 0 1 1 1 0.73000001907348633 0.40000000596046448 0 #
rh_material-rh_entity $-1 -1 4 4 @5 plain @5 color -4 1 1 1 @5 phong @14 ambient factor -2 1 @14 diffuse factor -2 0.75 @15 specular factor -2 0.5 @8 exponent -2 10 @14 specular color -4 1 1 1 @4 none @5 plain @5 color -4 0 0 0 #
rgb_color-st-attrib $-1 -1 $6336 $6030 $5005 2 1 2 1 1 1 1 1 1 1 1 1 1 1 0 1 1 1 0.93699997663497925 0.7850000262260437 0 #
rh_material-rh_entity $-1 -1 4 4 @5 plain @5 color -4 1 1 1 @5 phong @14 ambient factor -2 1 @14 diffuse factor -2 0.75 @15 specular factor -2 0.5 @8 exponent -2 10 @14 specular color -4 1 1 1 @4 none @5 plain @5 color -4 0 0 0 #
render-rbase-attrib $-1 -1 $6337 $6031 $5441 1 1 1 1 1 1 1 1 1 1 1 1 0 1 0 1 1 1 $6338 $-1 0 2 0 -1 0 1 0 0 0 0 1 -36.899999999999999 52.719999999999999 0.079999999999999988 1 rotate no_reflect no_shear #
integer_attrib-name_attrib-gen-attrib $-1 -1 $6339 $6032 $5780 2 1 1 1 1 1 1 1 1 1 1 1 1 1 0 1 1 1 @3 pid 2912 #
integer_attrib-name_attrib-gen-attrib $-1 -1 $6340 $-1 $6033 2 0 0 1 1 1 1 1 1 1 1 1 1 1 0 1 1 1 @3 fif 0 #
face $6341 -1 -1 $-1 $6141 $6234 $5 $-1 $6342 forward double out T -27.602472232507484 48.269999999995449 0.21499999999630942 -27.585151724423582 48.710000000004399 0.24500000000445196 F #
cone-surface $-1 -1 -1 $-1 -27.541850454239999 48.718800000000002 0.23999999999999999 0 -1 0 0.11258330249200041 0 0.065000000000000113 1 I I -0 1 0.13000000000002029 reversed I I I I #
integer_attrib-name_attrib-gen-attrib $-1 -1 $-1 $6036 $5785 2 1 1 1 1 1 1 1 1 1 1 1 1 1 0 1 1 1 @3 pid 5901 #
integer_attrib-name_attrib-gen-attrib $-1 -1 $-1 $-1 $6037 2 1 1 1 1 1 1 1 1 1 1 1 1 1 0 1 1 1 @3 pid 3917 #
point $-1 -1 -1 $-1 -27.399999999999999 48.132522729145187 0.10999999999999999 #
integer_attrib-name_attrib-gen-attrib $-1 -1 $-1 $6040 $5790 2 1 1 1 1 1 1 1 1 1 1 1 1 1 0 1 1 1 @3 pid 5902 #
integer_attrib-name_attrib-gen-attrib $-1 -1 $-1 $6042 $5791 2 1 1 1 1 1 1 1 1 1 1 1 1 1 0 1 1 1 @3 pid 5904 #
named_attribute-st-attrib $-1 -1 $6343 $-1 $6044 1 1 1 1 1 1 1 1 1 1 1 1 1 1 0 1 1 1 @3 eif #
straight-curve $-1 -1 -1 $-1 -27.399999999999999 48.132522729150907 0.10999999999999999 0 -1 0 F 0 F 0.012522729150915346 #
integer_attrib-name_attrib-gen-attrib $-1 -1 $6344 $-1 $6045 2 0 0 1 1 1 1 1 1 1 1 1 1 1 0 1 1 1 @3 fif 0 #
plane-surface $-1 -1 -1 $-1 -27.370000000000001 48.126261364575456 0.10999999999999999 0 0 1 0 -1 0 forward_v I I I I #
vertedge-sys-attrib $-1 -1 $-1 $6047 $5795 1 1 1 1 1 1 1 1 1 1 1 1 0 1 0 1 1 1 4 $6044 $6345 $-1 $-1 #
rgb_color-st-attrib $-1 -1 $6346 $6049 $5018 2 1 2 1 1 1 1 1 1 1 1 1 1 1 0 1 1 1 0.73000001907348633 0.40000000596046448 0 #
rh_material-rh_entity $-1 -1 4 4 @5 plain @5 color -4 1 1 1 @5 phong @14 ambient factor -2 1 @14 diffuse factor -2 0.75 @15 specular factor -2 0.5 @8 exponent -2 10 @14 specular color -4 1 1 1 @4 none @5 plain @5 color -4 0 0 0 #
string_attrib-name_attrib-gen-attrib $-1 -1 $-1 $6053 $4558 2 1 2 1 1 1 1 1 1 1 1 1 1 1 0 1 1 1 @15 ATTRIB_XACIS_ID @5 40940 #
rgb_color-st-attrib $-1 -1 $6347 $6055 $5049 2 1 2 1 1 1 1 1 1 1 1 1 1 1 0 1 1 1 0.93699997663497925 0.7850000262260437 0 #
rh_material-rh_entity $-1 -1 4 4 @5 plain @5 color -4 1 1 1 @5 phong @14 ambient factor -2 1 @14 diffuse factor -2 0.75 @15 specular factor -2 0.5 @8 exponent -2 10 @14 specular color -4 1 1 1 @4 none @5 plain @5 color -4 0 0 0 #
integer_attrib-name_attrib-gen-attrib $-1 -1 $-1 $6059 $5823 2 1 1 1 1 1 1 1 1 1 1 1 1 1 0 1 1 1 @3 pid 8281 #
vertedge-sys-attrib $-1 -1 $-1 $6062 $5828 1 1 1 1 1 1 1 1 1 1 1 1 0 1 0 1 1 1 4 $6348 $5499 $-1 $-1 #
integer_attrib-name_attrib-gen-attrib $-1 -1 $-1 $6064 $5831 2 1 1 1 1 1 1 1 1 1 1 1 1 1 0 1 1 1 @3 pid 8395 #
coedge $-1 -1 -1 $-1 $6065 $6076 $6077 $6239 forward $6234 $-1 #
loop $-1 -1 -1 $-1 $-1 $6233 $6213 T -27.602472232507484 48.269999999995449 0.21499999999630942 -27.585151724423582 48.710000000004399 0.24500000000445196 unknown #
integer_attrib-name_attrib-gen-attrib $-1 -1 $-1 $6067 $5832 2 1 1 1 1 1 1 1 1 1 1 1 1 1 0 1 1 1 @3 pid 8379 #
integer_attrib-name_attrib-gen-attrib $-1 -1 $-1 $6072 $5842 2 1 1 1 1 1 1 1 1 1 1 1 1 1 0 1 1 1 @3 pid 8399 #
named_attribute-st-attrib $-1 -1 $6349 $-1 $6075 1 1 1 1 1 1 1 1 1 1 1 1 1 1 0 1 1 1 @3 eif #
straight-curve $-1 -1 -1 $-1 -27.715055534990384 48.710000000000001 0.31 -1 0 0 F 0 F 0.50180738001922798 #
edge $6350 -1 -1 $-1 $4571 -1.9045352821114975e-016 $4570 0.034641016151111814 $6233 $6351 forward @7 unknown T -27.602472232507484 48.269999999995449 0.21499999999672129 -27.585151724423788 48.270000000004458 0.24500000000445196 #
integer_attrib-name_attrib-gen-attrib $-1 -1 $-1 $6079 $5846 2 1 1 1 1 1 1 1 1 1 1 1 1 1 0 1 1 1 @3 pid 8370 #
integer_attrib-name_attrib-gen-attrib $-1 -1 $-1 $6081 $5851 2 1 1 1 1 1 1 1 1 1 1 1 1 1 0 1 1 1 @3 pid 8286 #
rgb_color-st-attrib $-1 -1 $6352 $6084 $5128 2 1 2 1 1 1 1 1 1 1 1 1 1 1 0 1 1 1 0.93699997663497925 0.7850000262260437 0 #
rh_material-rh_entity $-1 -1 4 4 @5 plain @5 color -4 1 1 1 @5 phong @14 ambient factor -2 1 @14 diffuse factor -2 0.75 @15 specular factor -2 0.5 @8 exponent -2 10 @14 specular color -4 1 1 1 @4 none @5 plain @5 color -4 0 0 0 #
string_attrib-name_attrib-gen-attrib $-1 -1 $-1 $6085 $4646 2 1 2 1 1 1 1 1 1 1 1 1 1 1 0 1 1 1 @15 ATTRIB_XACIS_ID @5 42005 #
string_attrib-name_attrib-gen-attrib $-1 -1 $-1 $6088 $4682 2 1 2 1 1 1 1 1 1 1 1 1 1 1 0 1 1 1 @15 ATTRIB_XACIS_ID @5 43535 #
rgb_color-st-attrib $-1 -1 $6353 $6090 $5155 2 1 2 1 1 1 1 1 1 1 1 1 1 1 0 1 1 1 0.93699997663497925 0.7850000262260437 0 #
rh_material-rh_entity $-1 -1 4 4 @5 plain @5 color -4 1 1 1 @5 phong @14 ambient factor -2 1 @14 diffuse factor -2 0.75 @15 specular factor -2 0.5 @8 exponent -2 10 @14 specular color -4 1 1 1 @4 none @5 plain @5 color -4 0 0 0 #
render-rbase-attrib $-1 -1 $6354 $6091 $5557 1 1 1 1 1 1 1 1 1 1 1 1 0 1 0 1 1 1 $6355 $-1 0 2 0 -1 0 1 0 0 0 0 1 -36.899999999999999 52.719999999999999 0.079999999999999988 1 rotate no_reflect no_shear #
edge $6356 -1 -1 $-1 $5475 -1.8244246820910658e-028 $4721 0.43999999999998618 $6092 $6357 forward @7 tangent T -27.654433756733816 48.269999999996074 0.17499999999562701 -27.654433756725957 48.710000000002502 0.17500000000348745 #
rgb_color-st-attrib $-1 -1 $6358 $6093 $5174 2 1 2 1 1 1 1 1 1 1 1 1 1 1 0 1 1 1 0.93699997663497925 0.7850000262260437 0 #
rh_material-rh_entity $-1 -1 4 4 @5 plain @5 color -4 1 1 1 @5 phong @14 ambient factor -2 1 @14 diffuse factor -2 0.75 @15 specular factor -2 0.5 @8 exponent -2 10 @14 specular color -4 1 1 1 @4 none @5 plain @5 color -4 0 0 0 #
integer_attrib-name_attrib-gen-attrib $-1 -1 $-1 $6095 $5873 2 1 1 1 1 1 1 1 1 1 1 1 1 1 0 1 1 1 @3 pid 4800 #
integer_attrib-name_attrib-gen-attrib $-1 -1 $-1 $6098 $5877 2 1 1 1 1 1 1 1 1 1 1 1 1 1 0 1 1 1 @3 pid 8366 #
render-rbase-attrib $-1 -1 $6359 $6103 $5585 1 1 1 1 1 1 1 1 1 1 1 1 0 1 0 1 1 1 $6360 $-1 0 2 0 -1 0 1 0 0 0 0 1 -36.899999999999999 52.719999999999999 0.079999999999999988 1 rotate no_reflect no_shear #
named_attribute-st-attrib $-1 -1 $6361 $-1 $6104 1 1 1 1 1 1 1 1 1 1 1 1 1 1 0 1 1 1 @3 eif #
ellipse-curve $-1 -1 -1 $-1 -27.54184096445325 48.270000000000003 0.24001643679256748 0 -1 0 -0.11259279227797414 -0 -0.065016436793637666 1 F 0 F 1.0470515729256229 #
integer_attrib-name_attrib-gen-attrib $-1 -1 $-1 $6105 $5892 2 1 1 1 1 1 1 1 1 1 1 1 1 1 0 1 1 1 @3 pid 8368 #
edge $6362 -1 -1 $-1 $5189 0 $5828 0.061850454240705233 $6139 $6363 forward @7 unknown T -27.541850454242095 48.269999999995818 0.10999999999581152 -27.479999999995705 48.270000000004188 0.1100000000041879 #
pcurve $-1 -1 -1 $-1 0 forward { exppc nubs 1 open 2 
	-1.0470515729256229 1 -0 1 
	-3.4523076923071487 -2.094395102393694 
	-3.4523076923071487 -3.1415926535897931 
	0.001 
	-1 
	cone -27.541850454239999 48.718800000000002 0.23999999999999999 0 -1 0 0.11258330249200041 0 0.065000000000000113 1 I I -0 1 0.13000000000002029 reversed I I I I 
	} 0 0 #
pcurve $-1 -1 -1 $-1 0 forward { exppc nubs 1 open 2 
	-1.0468372048322143 1 -0 1 
	-8.9760000000343023 -3.1415926535897931 
	-8.9760000000343023 -2.0943951023988641 
	0.001 
	-1 
	cone -27.541850454239999 48.718800000000002 0.23999999999999999 0 -1 0 0.043301270189000832 0 0.025000000000000678 1 I I 0 -1 0.049999999999808857 reversed I I I I 
	} 0 0 #
named_attribute-st-attrib $-1 -1 $6364 $-1 $6112 1 1 1 1 1 1 1 1 1 1 1 1 1 1 0 1 1 1 @3 eif #
ellipse-curve $-1 -1 -1 $-1 -27.541841442769176 48.270000000000003 0.24001560832501631 0 1 0 -9.0114709934141501e-006 -0 -0.050015608325085253 1 F 0 F 1.0468372048322143 #
coedge $-1 -1 -1 $-1 $6365 $6114 $6283 $6348 forward $6265 $-1 #
coedge $-1 -1 -1 $-1 $6114 $6365 $6116 $6269 reversed $6265 $-1 #
loop $-1 -1 -1 $-1 $-1 $6114 $6366 T -27.480000000004082 48.18999999999545 0.10999999999527217 -27.39999999999527 48.270000000004188 0.19000000000017164 unknown #
named_attribute-st-attrib $-1 -1 $6367 $-1 $6115 1 1 1 1 1 1 1 1 1 1 1 1 1 1 0 1 1 1 @3 eif #
straight-curve $-1 -1 -1 $-1 -27.479999999999997 48.270000000000003 0.18999999999997896 0 0 -1 F 0 F 0.079999999999978769 #
coedge $-1 -1 -1 $-1 $6368 $6116 $6328 $6194 reversed $5941 $-1 #
edge $6369 -1 -1 $-1 $6118 0 $5402 1.5707396340697832 $6116 $6370 forward @7 unknown T -27.480000000000143 48.189999999999984 0.18999999999978762 -27.399999999999807 48.270000000000003 0.19000000000017164 #
integer_attrib-name_attrib-gen-attrib $-1 -1 $-1 $6117 $5900 2 1 1 1 1 1 1 1 1 1 1 1 1 1 0 1 1 1 @3 pid 8440 #
integer_attrib-name_attrib-gen-attrib $-1 -1 $-1 $-1 $6118 2 1 1 1 1 1 1 1 1 1 1 1 1 1 0 1 1 1 @3 pid 5099 #
point $-1 -1 -1 $-1 -27.479999999999894 48.270000000000003 0.18999999999999026 #
render-rbase-attrib $-1 -1 $6371 $6120 $5595 1 1 1 1 1 1 1 1 1 1 1 1 0 1 0 1 1 1 $6372 $-1 0 2 0 -1 0 1 0 0 0 0 1 -36.899999999999999 52.719999999999999 0.079999999999999988 1 rotate no_reflect no_shear #
integer_attrib-name_attrib-gen-attrib $-1 -1 $6373 $6121 $5902 2 1 1 1 1 1 1 1 1 1 1 1 1 1 0 1 1 1 @3 pid 2948 #
string_attrib-name_attrib-gen-attrib $-1 -1 $-1 $6124 $4738 2 1 2 1 1 1 1 1 1 1 1 1 1 1 0 1 1 1 @15 ATTRIB_XACIS_ID @5 42543 #
rgb_color-st-attrib $-1 -1 $6374 $6126 $5206 2 1 2 1 1 1 1 1 1 1 1 1 1 1 0 1 1 1 0.93699997663497925 0.7850000262260437 0 #
rh_material-rh_entity $-1 -1 4 4 @5 plain @5 color -4 1 1 1 @5 phong @14 ambient factor -2 1 @14 diffuse factor -2 0.75 @15 specular factor -2 0.5 @8 exponent -2 10 @14 specular color -4 1 1 1 @4 none @5 plain @5 color -4 0 0 0 #
rgb_color-st-attrib $-1 -1 $6375 $6129 $5225 2 1 2 1 1 1 1 1 1 1 1 1 1 1 0 1 1 1 0.93699997663497925 0.7850000262260437 0 #
rh_material-rh_entity $-1 -1 4 4 @5 plain @5 color -4 1 1 1 @5 phong @14 ambient factor -2 1 @14 diffuse factor -2 0.75 @15 specular factor -2 0.5 @8 exponent -2 10 @14 specular color -4 1 1 1 @4 none @5 plain @5 color -4 0 0 0 #
render-rbase-attrib $-1 -1 $6376 $6130 $5622 1 1 1 1 1 1 1 1 1 1 1 1 0 1 0 1 1 1 $6377 $-1 0 2 0 -1 0 1 0 0 0 0 1 -36.899999999999999 52.719999999999999 0.079999999999999988 1 rotate no_reflect no_shear #
integer_attrib-name_attrib-gen-attrib $-1 -1 $-1 $6136 $5930 2 1 1 1 1 1 1 1 1 1 1 1 1 1 0 1 1 1 @3 pid 8382 #
coedge $-1 -1 -1 $-1 $6378 $6138 $6379 $6380 reversed $5934 $-1 #
coedge $-1 -1 -1 $-1 $6139 $6381 $6263 $6348 reversed $5934 $-1 #
named_attribute-st-attrib $-1 -1 $6382 $-1 $6140 1 1 1 1 1 1 1 1 1 1 1 1 1 1 0 1 1 1 @3 eif #
straight-curve $-1 -1 -1 $-1 -27.541850454240063 48.270000000000017 0.10999999999999999 0 1 0 F 0 F 0.43999999999998618 #
integer_attrib-name_attrib-gen-attrib $-1 -1 $6383 $-1 $6141 2 0 0 1 1 1 1 1 1 1 1 1 1 1 0 1 1 1 @3 fif 0 #
face $6384 -1 -1 $-1 $4768 $6147 $5 $-1 $6385 reversed double out T -27.585154139232877 48.269997585195703 0.18999758519563487 -27.541848039433756 48.710002414804293 0.21500241480443516 F #
plane-surface $-1 -1 -1 $-1 -27.300925227119997 48.532499999999999 0.10999999999999999 0 0 1 0 -1 0 forward_v I I I I #
named_attribute-st-attrib $-1 -1 $6386 $-1 $6144 1 1 1 1 1 1 1 1 1 1 1 1 1 1 0 1 1 1 @3 eif #
straight-curve $-1 -1 -1 $-1 -27.602472232501242 48.710000000000001 0.24500000000296876 0.49999999999055461 0 -0.86602540378989201 F -1.8469499243940492e-016 F 0.034641016153330456 #
named_attribute-st-attrib $-1 -1 $6387 $-1 $6149 1 1 1 1 1 1 1 1 1 1 1 1 1 1 0 1 1 1 @3 eif #
straight-curve $-1 -1 -1 $-1 -27.541850454239906 48.270000000000017 0.19 0 1 0 F 0 F 0.43999999999998618 #
integer_attrib-name_attrib-gen-attrib $-1 -1 $-1 $6151 $5943 2 1 1 1 1 1 1 1 1 1 1 1 1 1 0 1 1 1 @3 pid 8398 #
string_attrib-name_attrib-gen-attrib $-1 -1 $-1 $6153 $4768 2 1 2 1 1 1 1 1 1 1 1 1 1 1 0 1 1 1 @15 ATTRIB_XACIS_ID @5 43029 #
rgb_color-st-attrib $-1 -1 $6388 $6155 $5251 2 1 2 1 1 1 1 1 1 1 1 1 1 1 0 1 1 1 0.93699997663497925 0.7850000262260437 0 #
rh_material-rh_entity $-1 -1 4 4 @5 plain @5 color -4 1 1 1 @5 phong @14 ambient factor -2 1 @14 diffuse factor -2 0.75 @15 specular factor -2 0.5 @8 exponent -2 10 @14 specular color -4 1 1 1 @4 none @5 plain @5 color -4 0 0 0 #
render-rbase-attrib $-1 -1 $6389 $6156 $5648 1 1 1 1 1 1 1 1 1 1 1 1 0 1 0 1 1 1 $6390 $-1 0 2 0 -1 0 1 0 0 0 0 1 -36.899999999999999 52.719999999999999 0.079999999999999988 1 rotate no_reflect no_shear #
integer_attrib-name_attrib-gen-attrib $-1 -1 $6391 $6157 $5948 2 1 1 1 1 1 1 1 1 1 1 1 1 1 0 1 1 1 @3 pid 2932 #
integer_attrib-name_attrib-gen-attrib $-1 -1 $6392 $-1 $6158 2 0 0 1 1 1 1 1 1 1 1 1 1 1 0 1 1 1 @3 fif 0 #
face $6393 -1 -1 $-1 $6394 $6395 $5 $-1 $6396 forward double out T -27.400000000000176 48.119999999999905 0.10999999999993766 -27.059999999999977 48.120000000000104 0.19000000000009659 F #
loop $-1 -1 -1 $-1 $-1 $6321 $6158 T -27.06000000000002 48.119999999999983 0.10999999999999971 -27.059999999999977 48.945000000000007 0.19000000000000006 unknown #
plane-surface $-1 -1 -1 $-1 -27.059999999999999 48.532499999999999 0.14999999999999 1 0 0 0 1 0 forward_v I I I I #
coedge $-1 -1 -1 $-1 $6379 $6332 $6322 $6397 reversed $6159 $-1 #
coedge $-1 -1 -1 $-1 $6332 $6379 $6161 $6305 forward $6159 $-1 #
edge $6398 -1 -1 $-1 $4610 0 $4472 0.079999999999980587 $6161 $6399 forward @7 unknown T -27.400000000002976 48.944999999997023 0.10999999999702342 -27.399999999997021 48.945000000002977 0.19000000000006506 #
string_attrib-name_attrib-gen-attrib $-1 -1 $-1 $6163 $4785 2 1 2 1 1 1 1 1 1 1 1 1 1 1 0 1 1 1 @15 ATTRIB_XACIS_ID @5 44914 #
rgb_color-st-attrib $-1 -1 $6400 $6165 $5268 2 1 2 1 1 1 1 1 1 1 1 1 1 1 0 1 1 1 0.73000001907348633 0.40000000596046448 0 #
rh_material-rh_entity $-1 -1 4 4 @5 plain @5 color -4 1 1 1 @5 phong @14 ambient factor -2 1 @14 diffuse factor -2 0.75 @15 specular factor -2 0.5 @8 exponent -2 10 @14 specular color -4 1 1 1 @4 none @5 plain @5 color -4 0 0 0 #
render-rbase-attrib $-1 -1 $6401 $6166 $5666 1 1 1 1 1 1 1 1 1 1 1 1 0 1 0 1 1 1 $6402 $-1 0 2 0 -1 0 1 0 0 0 0 1 -36.899999999999999 52.719999999999999 0.079999999999999988 1 rotate no_reflect no_shear #
integer_attrib-name_attrib-gen-attrib $-1 -1 $6403 $6167 $5959 2 1 1 1 1 1 1 1 1 1 1 1 1 1 0 1 1 1 @3 pid 2190 #
string_attrib-name_attrib-gen-attrib $-1 -1 $-1 $6175 $4865 2 1 2 1 1 1 1 1 1 1 1 1 1 1 0 1 1 1 @15 ATTRIB_XACIS_ID @5 44125 #
rgb_color-st-attrib $-1 -1 $6404 $6177 $5327 2 1 2 1 1 1 1 1 1 1 1 1 1 1 0 1 1 1 0.73000001907348633 0.40000000596046448 0 #
rh_material-rh_entity $-1 -1 4 4 @5 plain @5 color -4 1 1 1 @5 phong @14 ambient factor -2 1 @14 diffuse factor -2 0.75 @15 specular factor -2 0.5 @8 exponent -2 10 @14 specular color -4 1 1 1 @4 none @5 plain @5 color -4 0 0 0 #
rgb_color-st-attrib $-1 -1 $6405 $6179 $5351 2 1 2 1 1 1 1 1 1 1 1 1 1 1 0 1 1 1 0.93699997663497925 0.7850000262260437 0 #
rh_material-rh_entity $-1 -1 4 4 @5 plain @5 color -4 1 1 1 @5 phong @14 ambient factor -2 1 @14 diffuse factor -2 0.75 @15 specular factor -2 0.5 @8 exponent -2 10 @14 specular color -4 1 1 1 @4 none @5 plain @5 color -4 0 0 0 #
rgb_color-st-attrib $-1 -1 $6406 $6182 $5363 2 1 2 1 1 1 1 1 1 1 1 1 1 1 0 1 1 1 0.73000001907348633 0.40000000596046448 0 #
rh_material-rh_entity $-1 -1 4 4 @5 plain @5 color -4 1 1 1 @5 phong @14 ambient factor -2 1 @14 diffuse factor -2 0.75 @15 specular factor -2 0.5 @8 exponent -2 10 @14 specular color -4 1 1 1 @4 none @5 plain @5 color -4 0 0 0 #
integer_attrib-name_attrib-gen-attrib $-1 -1 $-1 $6183 $5997 2 1 1 1 1 1 1 1 1 1 1 1 1 1 0 1 1 1 @3 pid 8433 #
integer_attrib-name_attrib-gen-attrib $-1 -1 $-1 $-1 $6184 2 1 1 1 1 1 1 1 1 1 1 1 1 1 0 1 1 1 @3 pid 5098 #
point $-1 -1 -1 $-1 -27.059999999999999 48.945 0.1899999999999803 #
coedge $-1 -1 -1 $-1 $6407 $6185 $6408 $6409 reversed $6301 $-1 #
coedge $-1 -1 -1 $-1 $6185 $6407 $6303 $6397 forward $6301 $-1 #
coedge $-1 -1 -1 $-1 $6199 $6368 $6185 $5997 reversed $5941 $-1 #
integer_attrib-name_attrib-gen-attrib $-1 -1 $-1 $6188 $6005 2 1 1 1 1 1 1 1 1 1 1 1 1 1 0 1 1 1 @3 pid 7256 #
vertedge-sys-attrib $-1 -1 $-1 $6191 $6007 1 1 1 1 1 1 1 1 1 1 1 1 0 1 0 1 1 1 4 $6410 $6012 $-1 $-1 #
render-rbase-attrib $-1 -1 $6411 $6193 $5750 1 1 1 1 1 1 1 1 1 1 1 1 0 1 0 1 1 1 $6412 $-1 0 2 0 -1 0 1 0 0 0 0 1 -36.899999999999999 52.719999999999999 0.079999999999999988 1 rotate no_reflect no_shear #
named_attribute-st-attrib $-1 -1 $6413 $-1 $6194 1 1 1 1 1 1 1 1 1 1 1 1 1 1 0 1 1 1 @3 eif #
coedge $-1 -1 -1 $-1 $6414 $6415 $6268 $6194 forward $6416 $-1 #
straight-curve $-1 -1 -1 $-1 -27.399999999999999 48.119999999999649 0.19 0 1 0 F 0 F 0.070000000000712603 #
integer_attrib-name_attrib-gen-attrib $-1 -1 $-1 $6195 $6012 2 1 1 1 1 1 1 1 1 1 1 1 1 1 0 1 1 1 @3 pid 7255 #
render-rbase-attrib $-1 -1 $6417 $6197 $5756 1 1 1 1 1 1 1 1 1 1 1 1 0 1 0 1 1 1 $6418 $-1 0 2 0 -1 0 1 0 0 0 0 1 -36.899999999999999 52.719999999999999 0.079999999999999988 1 rotate no_reflect no_shear #
coedge $-1 -1 -1 $-1 $6303 $6304 $6199 $6333 forward $6159 $-1 #
edge $6419 -1 -1 $-1 $4472 3.3750779948604759e-014 $6184 0.33999999999999808 $6199 $6420 forward @7 unknown T -27.40000000000002 48.944999999999979 0.18999999999995232 -27.059999999999999 48.945000000000093 0.19000000000006506 #
integer_attrib-name_attrib-gen-attrib $-1 -1 $-1 $6202 $6021 2 1 1 1 1 1 1 1 1 1 1 1 1 1 0 1 1 1 @3 pid 8426 #
string_attrib-name_attrib-gen-attrib $-1 -1 $-1 $6206 $4995 2 1 2 1 1 1 1 1 1 1 1 1 1 1 0 1 1 1 @15 ATTRIB_XACIS_ID @5 41671 #
string_attrib-name_attrib-gen-attrib $-1 -1 $-1 $6208 $5005 2 1 2 1 1 1 1 1 1 1 1 1 1 1 0 1 1 1 @15 ATTRIB_XACIS_ID @5 45433 #
rgb_color-st-attrib $-1 -1 $6421 $6210 $5441 2 1 2 1 1 1 1 1 1 1 1 1 1 1 0 1 1 1 0.93699997663497925 0.7850000262260437 0 #
rh_material-rh_entity $-1 -1 4 4 @5 plain @5 color -4 1 1 1 @5 phong @14 ambient factor -2 1 @14 diffuse factor -2 0.75 @15 specular factor -2 0.5 @8 exponent -2 10 @14 specular color -4 1 1 1 @4 none @5 plain @5 color -4 0 0 0 #
render-rbase-attrib $-1 -1 $6422 $6211 $5780 1 1 1 1 1 1 1 1 1 1 1 1 0 1 0 1 1 1 $6423 $-1 0 2 0 -1 0 1 0 0 0 0 1 -36.899999999999999 52.719999999999999 0.079999999999999988 1 rotate no_reflect no_shear #
integer_attrib-name_attrib-gen-attrib $-1 -1 $6424 $6212 $6033 2 1 1 1 1 1 1 1 1 1 1 1 1 1 0 1 1 1 @3 pid 2914 #
integer_attrib-name_attrib-gen-attrib $-1 -1 $6425 $-1 $6213 2 0 0 1 1 1 1 1 1 1 1 1 1 1 0 1 1 1 @3 fif 0 #
plane-surface $-1 -1 -1 $-1 -27.593811978463002 48.490000000000002 0.23000000000189877 0.86602540378989123 0 0.499999999990556 0 -1 0 forward_v I I I I #
integer_attrib-name_attrib-gen-attrib $-1 -1 $-1 $6220 $6044 2 1 1 1 1 1 1 1 1 1 1 1 1 1 0 1 1 1 @3 pid 7257 #
integer_attrib-name_attrib-gen-attrib $-1 -1 $6426 $6222 $6045 2 1 1 1 1 1 1 1 1 1 1 1 1 1 0 1 1 1 @3 pid 2191 #
edge $6427 -1 -1 $-1 $5795 2.6367796834847468e-016 $5724 0.079999999999980587 $6415 $6428 forward @7 unknown T -27.400000000000176 48.119999999999905 0.10999999999993766 -27.399999999999984 48.120000000000104 0.19000000000009659 #
string_attrib-name_attrib-gen-attrib $-1 -1 $-1 $6225 $5018 2 1 2 1 1 1 1 1 1 1 1 1 1 1 0 1 1 1 @15 ATTRIB_XACIS_ID @5 45127 #
string_attrib-name_attrib-gen-attrib $-1 -1 $-1 $6228 $5049 2 1 2 1 1 1 1 1 1 1 1 1 1 1 0 1 1 1 @15 ATTRIB_XACIS_ID @5 42999 #
edge $6429 -1 -1 $-1 $5828 0 $6007 1.5707396340698054 $6263 $6430 forward @7 unknown T -27.480000000004082 48.18999999999545 0.10999999999527217 -27.39999999999527 48.270000000004188 0.11000000000472772 #
integer_attrib-name_attrib-gen-attrib $-1 -1 $-1 $6237 $6075 2 1 1 1 1 1 1 1 1 1 1 1 1 1 0 1 1 1 @3 pid 8315 #
named_attribute-st-attrib $-1 -1 $6431 $-1 $6239 1 1 1 1 1 1 1 1 1 1 1 1 1 1 0 1 1 1 @3 eif #
straight-curve $-1 -1 -1 $-1 -27.602472232500297 48.270000000000003 0.24500000000133199 0.49999999999055045 0 -0.86602540378989434 F -1.9045352821114975e-016 F 0.034641016151511855 #
string_attrib-name_attrib-gen-attrib $-1 -1 $-1 $6242 $5128 2 1 2 1 1 1 1 1 1 1 1 1 1 1 0 1 1 1 @15 ATTRIB_XACIS_ID @5 45027 #
string_attrib-name_attrib-gen-attrib $-1 -1 $-1 $6246 $5155 2 1 2 1 1 1 1 1 1 1 1 1 1 1 0 1 1 1 @15 ATTRIB_XACIS_ID @5 40206 #
rgb_color-st-attrib $-1 -1 $6432 $6248 $5557 2 1 2 1 1 1 1 1 1 1 1 1 1 1 0 1 1 1 0.93699997663497925 0.7850000262260437 0 #
rh_material-rh_entity $-1 -1 4 4 @5 plain @5 color -4 1 1 1 @5 phong @14 ambient factor -2 1 @14 diffuse factor -2 0.75 @15 specular factor -2 0.5 @8 exponent -2 10 @14 specular color -4 1 1 1 @4 none @5 plain @5 color -4 0 0 0 #
named_attribute-st-attrib $-1 -1 $6433 $-1 $6249 1 1 1 1 1 1 1 1 1 1 1 1 1 1 0 1 1 1 @3 eif #
straight-curve $-1 -1 -1 $-1 -27.654433756733145 48.710000000000001 0.1749999999973563 0 -1 -1.5770213417971469e-016 F -1.8244246820910658e-028 F 0.43999999999998618 #
string_attrib-name_attrib-gen-attrib $-1 -1 $-1 $6250 $5174 2 1 2 1 1 1 1 1 1 1 1 1 1 1 0 1 1 1 @15 ATTRIB_XACIS_ID @5 43189 #
rgb_color-st-attrib $-1 -1 $6434 $6254 $5585 2 1 2 1 1 1 1 1 1 1 1 1 1 1 0 1 1 1 0.73000001907348633 0.40000000596046448 0 #
rh_material-rh_entity $-1 -1 4 4 @5 plain @5 color -4 1 1 1 @5 phong @14 ambient factor -2 1 @14 diffuse factor -2 0.75 @15 specular factor -2 0.5 @8 exponent -2 10 @14 specular color -4 1 1 1 @4 none @5 plain @5 color -4 0 0 0 #
integer_attrib-name_attrib-gen-attrib $-1 -1 $-1 $6255 $6104 2 1 1 1 1 1 1 1 1 1 1 1 1 1 0 1 1 1 @3 pid 8384 #
named_attribute-st-attrib $-1 -1 $6435 $-1 $6258 1 1 1 1 1 1 1 1 1 1 1 1 1 1 0 1 1 1 @3 eif #
straight-curve $-1 -1 -1 $-1 -27.541850454240354 48.270000000000003 0.10999999999999999 1 0 0 F 0 F 0.061850454240705233 #
integer_attrib-name_attrib-gen-attrib $-1 -1 $-1 $6261 $6112 2 1 1 1 1 1 1 1 1 1 1 1 1 1 0 1 1 1 @3 pid 8408 #
coedge $-1 -1 -1 $-1 $6264 $6263 $6414 $6436 forward $6265 $-1 #
face $6437 -1 -1 $-1 $5595 $6265 $5 $-1 $6438 reversed double out T -27.480000000004082 48.18999999999545 0.10999999999527217 -27.39999999999527 48.270000000004188 0.19000000000017164 F #
integer_attrib-name_attrib-gen-attrib $-1 -1 $-1 $6266 $6115 2 1 1 1 1 1 1 1 1 1 1 1 1 1 0 1 1 1 @3 pid 8438 #
coedge $-1 -1 -1 $-1 $6323 $6268 $6439 $6440 reversed $5941 $-1 #
named_attribute-st-attrib $-1 -1 $6441 $-1 $6269 1 1 1 1 1 1 1 1 1 1 1 1 1 1 0 1 1 1 @3 eif #
ellipse-curve $-1 -1 -1 $-1 -27.480002267773397 48.189997732226679 0.19 0 0 -1 2.2677732545162144e-006 0.080002267773322089 0 1 F 0 F 1.5707396340697832 #
rgb_color-st-attrib $-1 -1 $6442 $6273 $5595 2 1 2 1 1 1 1 1 1 1 1 1 1 1 0 1 1 1 0.93699997663497925 0.7850000262260437 0 #
rh_material-rh_entity $-1 -1 4 4 @5 plain @5 color -4 1 1 1 @5 phong @14 ambient factor -2 1 @14 diffuse factor -2 0.75 @15 specular factor -2 0.5 @8 exponent -2 10 @14 specular color -4 1 1 1 @4 none @5 plain @5 color -4 0 0 0 #
render-rbase-attrib $-1 -1 $6443 $6274 $5902 1 1 1 1 1 1 1 1 1 1 1 1 0 1 0 1 1 1 $6444 $-1 0 2 0 -1 0 1 0 0 0 0 1 -36.899999999999999 52.719999999999999 0.079999999999999988 1 rotate no_reflect no_shear #
string_attrib-name_attrib-gen-attrib $-1 -1 $-1 $6276 $5206 2 1 2 1 1 1 1 1 1 1 1 1 1 1 0 1 1 1 @15 ATTRIB_XACIS_ID @5 44607 #
string_attrib-name_attrib-gen-attrib $-1 -1 $-1 $6278 $5225 2 1 2 1 1 1 1 1 1 1 1 1 1 1 0 1 1 1 @15 ATTRIB_XACIS_ID @5 44179 #
rgb_color-st-attrib $-1 -1 $6445 $6280 $5622 2 1 2 1 1 1 1 1 1 1 1 1 1 1 0 1 1 1 0.93699997663497925 0.7850000262260437 0 #
rh_material-rh_entity $-1 -1 4 4 @5 plain @5 color -4 1 1 1 @5 phong @14 ambient factor -2 1 @14 diffuse factor -2 0.75 @15 specular factor -2 0.5 @8 exponent -2 10 @14 specular color -4 1 1 1 @4 none @5 plain @5 color -4 0 0 0 #
coedge $-1 -1 -1 $-1 $6446 $6282 $6407 $6447 reversed $5934 $-1 #
coedge $-1 -1 -1 $-1 $6304 $6303 $6282 $6380 forward $6159 $-1 #
edge $6448 -1 -1 $-1 $6449 0 $4610 0.33999999999999808 $6379 $6450 forward @7 unknown T -27.400000000002976 48.944999999997023 0.10999999999702342 -27.059999999999999 48.945000000002977 0.110000000002976 #
coedge $-1 -1 -1 $-1 $6283 $6446 $6451 $6410 reversed $5934 $-1 #
integer_attrib-name_attrib-gen-attrib $-1 -1 $-1 $6284 $6140 2 1 1 1 1 1 1 1 1 1 1 1 1 1 0 1 1 1 @3 pid 8383 #
integer_attrib-name_attrib-gen-attrib $-1 -1 $6452 $6286 $6141 2 1 1 1 1 1 1 1 1 1 1 1 1 1 0 1 1 1 @3 pid 2922 #
integer_attrib-name_attrib-gen-attrib $-1 -1 $6453 $-1 $6287 2 0 0 1 1 1 1 1 1 1 1 1 1 1 0 1 1 1 @3 fif 0 #
cone-surface $-1 -1 -1 $-1 -27.541850454239999 48.718800000000002 0.23999999999999999 0 -1 0 0.043301270189000832 0 0.025000000000000678 1 I I -0 1 0.049999999999808857 reversed I I I I #
integer_attrib-name_attrib-gen-attrib $-1 -1 $-1 $6289 $6144 2 1 1 1 1 1 1 1 1 1 1 1 1 1 0 1 1 1 @3 pid 8381 #
integer_attrib-name_attrib-gen-attrib $-1 -1 $-1 $6291 $6149 2 1 1 1 1 1 1 1 1 1 1 1 1 1 0 1 1 1 @3 pid 8423 #
string_attrib-name_attrib-gen-attrib $-1 -1 $-1 $6295 $5251 2 1 2 1 1 1 1 1 1 1 1 1 1 1 0 1 1 1 @15 ATTRIB_XACIS_ID @5 45119 #
rgb_color-st-attrib $-1 -1 $6454 $6297 $5648 2 1 2 1 1 1 1 1 1 1 1 1 1 1 0 1 1 1 0.93699997663497925 0.7850000262260437 0 #
rh_material-rh_entity $-1 -1 4 4 @5 plain @5 color -4 1 1 1 @5 phong @14 ambient factor -2 1 @14 diffuse factor -2 0.75 @15 specular factor -2 0.5 @8 exponent -2 10 @14 specular color -4 1 1 1 @4 none @5 plain @5 color -4 0 0 0 #
render-rbase-attrib $-1 -1 $6455 $6298 $5948 1 1 1 1 1 1 1 1 1 1 1 1 0 1 0 1 1 1 $6456 $-1 0 2 0 -1 0 1 0 0 0 0 1 -36.899999999999999 52.719999999999999 0.079999999999999988 1 rotate no_reflect no_shear #
integer_attrib-name_attrib-gen-attrib $-1 -1 $6457 $6299 $6158 2 1 1 1 1 1 1 1 1 1 1 1 1 1 0 1 1 1 @3 pid 2933 #
integer_attrib-name_attrib-gen-attrib $-1 -1 $6458 $-1 $6300 2 0 0 1 1 1 1 1 1 1 1 1 1 1 0 1 1 1 @3 fif 0 #
face $6459 -1 -1 $-1 $6366 $6416 $5 $-1 $6460 reversed double out T -27.400000000004727 48.119999999999905 0.10999999999527217 -27.39999999999527 48.1900000000049 0.19000000000017164 F #
loop $-1 -1 -1 $-1 $-1 $6461 $6300 T -27.400000000000176 48.119999999999905 0.10999999999993766 -27.059999999999977 48.120000000000104 0.19000000000009659 unknown #
plane-surface $-1 -1 -1 $-1 -27.229999999999997 48.120000000000005 0.14999999999999 0 -1 0 1 0 0 forward_v I I I I #
edge $6462 -1 -1 $-1 $6449 0 $6184 0.079999999999980587 $6322 $6463 forward @7 unknown T -27.059999999999999 48.945 0.10999999999999971 -27.059999999999999 48.945 0.1899999999999803 #
named_attribute-st-attrib $-1 -1 $6464 $-1 $6305 1 1 1 1 1 1 1 1 1 1 1 1 1 1 0 1 1 1 @3 eif #
straight-curve $-1 -1 -1 $-1 -27.399999999999999 48.945 0.10999999999999971 0 0 1 F 0 F 0.079999999999980587 #
string_attrib-name_attrib-gen-attrib $-1 -1 $-1 $6307 $5268 2 1 2 1 1 1 1 1 1 1 1 1 1 1 0 1 1 1 @15 ATTRIB_XACIS_ID @5 44128 #
rgb_color-st-attrib $-1 -1 $6465 $6309 $5666 2 1 2 1 1 1 1 1 1 1 1 1 1 1 0 1 1 1 0.73000001907348633 0.40000000596046448 0 #
rh_material-rh_entity $-1 -1 4 4 @5 plain @5 color -4 1 1 1 @5 phong @14 ambient factor -2 1 @14 diffuse factor -2 0.75 @15 specular factor -2 0.5 @8 exponent -2 10 @14 specular color -4 1 1 1 @4 none @5 plain @5 color -4 0 0 0 #
render-rbase-attrib $-1 -1 $6466 $6310 $5959 1 1 1 1 1 1 1 1 1 1 1 1 0 1 0 1 1 1 $6467 $-1 0 2 0 -1 0 1 0 0 0 0 1 -36.899999999999999 52.719999999999999 0.079999999999999988 1 rotate no_reflect no_shear #
string_attrib-name_attrib-gen-attrib $-1 -1 $-1 $6312 $5327 2 1 2 1 1 1 1 1 1 1 1 1 1 1 0 1 1 1 @15 ATTRIB_XACIS_ID @5 45473 #
string_attrib-name_attrib-gen-attrib $-1 -1 $-1 $6314 $5351 2 1 2 1 1 1 1 1 1 1 1 1 1 1 0 1 1 1 @15 ATTRIB_XACIS_ID @5 41208 #
string_attrib-name_attrib-gen-attrib $-1 -1 $-1 $6316 $5363 2 1 2 1 1 1 1 1 1 1 1 1 1 1 0 1 1 1 @15 ATTRIB_XACIS_ID @5 43214 #
coedge $-1 -1 -1 $-1 $6322 $6321 $6378 $6447 forward $6301 $-1 #
coedge $-1 -1 -1 $-1 $6439 $6468 $6321 $6409 forward $6395 $-1 #
edge $6469 -1 -1 $-1 $6470 0 $4914 0.079999999999980587 $6321 $6471 forward @7 unknown T -27.06000000000002 48.119999999999983 0.10999999999999971 -27.059999999999977 48.120000000000026 0.19000000000000006 #
edge $6472 -1 -1 $-1 $6007 1.8207657603852567e-013 $5795 0.070000000000359996 $6451 $6473 forward @7 unknown T -27.400000000004727 48.119999999999933 0.10999999999527217 -27.39999999999527 48.1900000000049 0.11000000000472772 #
rgb_color-st-attrib $-1 -1 $6474 $6326 $5750 2 1 2 1 1 1 1 1 1 1 1 1 1 1 0 1 1 1 0.73000001907348633 0.40000000596046448 0 #
rh_material-rh_entity $-1 -1 4 4 @5 plain @5 color -4 1 1 1 @5 phong @14 ambient factor -2 1 @14 diffuse factor -2 0.75 @15 specular factor -2 0.5 @8 exponent -2 10 @14 specular color -4 1 1 1 @4 none @5 plain @5 color -4 0 0 0 #
integer_attrib-name_attrib-gen-attrib $-1 -1 $-1 $6327 $6194 2 1 1 1 1 1 1 1 1 1 1 1 1 1 0 1 1 1 @3 pid 8437 #
coedge $-1 -1 -1 $-1 $6451 $6328 $6365 $6436 reversed $6416 $-1 #
coedge $-1 -1 -1 $-1 $6328 $6451 $6461 $6345 forward $6416 $-1 #
loop $-1 -1 -1 $-1 $-1 $6414 $6394 T -27.400000000004727 48.119999999999905 0.10999999999527217 -27.39999999999527 48.1900000000049 0.19000000000017164 unknown #
rgb_color-st-attrib $-1 -1 $6475 $6331 $5756 2 1 2 1 1 1 1 1 1 1 1 1 1 1 0 1 1 1 0.73000001907348633 0.40000000596046448 0 #
rh_material-rh_entity $-1 -1 4 4 @5 plain @5 color -4 1 1 1 @5 phong @14 ambient factor -2 1 @14 diffuse factor -2 0.75 @15 specular factor -2 0.5 @8 exponent -2 10 @14 specular color -4 1 1 1 @4 none @5 plain @5 color -4 0 0 0 #
named_attribute-st-attrib $-1 -1 $6476 $-1 $6333 1 1 1 1 1 1 1 1 1 1 1 1 1 1 0 1 1 1 @3 eif #
straight-curve $-1 -1 -1 $-1 -27.399999999999999 48.945 0.19 1 0 0 F 0 F 0.33999999999999808 #
string_attrib-name_attrib-gen-attrib $-1 -1 $-1 $6337 $5441 2 1 2 1 1 1 1 1 1 1 1 1 1 1 0 1 1 1 @15 ATTRIB_XACIS_ID @5 45044 #
rgb_color-st-attrib $-1 -1 $6477 $6339 $5780 2 1 2 1 1 1 1 1 1 1 1 1 1 1 0 1 1 1 0.93699997663497925 0.7850000262260437 0 #
rh_material-rh_entity $-1 -1 4 4 @5 plain @5 color -4 1 1 1 @5 phong @14 ambient factor -2 1 @14 diffuse factor -2 0.75 @15 specular factor -2 0.5 @8 exponent -2 10 @14 specular color -4 1 1 1 @4 none @5 plain @5 color -4 0 0 0 #
render-rbase-attrib $-1 -1 $6478 $6340 $6033 1 1 1 1 1 1 1 1 1 1 1 1 0 1 0 1 1 1 $6479 $-1 0 2 0 -1 0 1 0 0 0 0 1 -36.899999999999999 52.719999999999999 0.079999999999999988 1 rotate no_reflect no_shear #
integer_attrib-name_attrib-gen-attrib $-1 -1 $6480 $6341 $6213 2 1 1 1 1 1 1 1 1 1 1 1 1 1 0 1 1 1 @3 pid 2920 #
render-rbase-attrib $-1 -1 $6481 $6344 $6045 1 1 1 1 1 1 1 1 1 1 1 1 0 1 0 1 1 1 $6482 $-1 0 2 0 -1 0 1 0 0 0 0 1 -36.899999999999999 52.719999999999999 0.079999999999999988 1 rotate no_reflect no_shear #
named_attribute-st-attrib $-1 -1 $6483 $-1 $6345 1 1 1 1 1 1 1 1 1 1 1 1 1 1 0 1 1 1 @3 eif #
straight-curve $-1 -1 -1 $-1 -27.399999999999999 48.120000000000005 0.10999999999999971 0 0 1 F 0 F 0.079999999999980587 #
named_attribute-st-attrib $-1 -1 $6484 $-1 $6348 1 1 1 1 1 1 1 1 1 1 1 1 1 1 0 1 1 1 @3 eif #
ellipse-curve $-1 -1 -1 $-1 -27.480002267773397 48.189997732226679 0.10999999999999999 0 0 -1 2.2677732545162144e-006 0.080002267773320312 0 1 F 0 F 1.5707396340698054 #
integer_attrib-name_attrib-gen-attrib $-1 -1 $-1 $6350 $6239 2 1 1 1 1 1 1 1 1 1 1 1 1 1 0 1 1 1 @3 pid 8386 #
string_attrib-name_attrib-gen-attrib $-1 -1 $-1 $6354 $5557 2 1 2 1 1 1 1 1 1 1 1 1 1 1 0 1 1 1 @15 ATTRIB_XACIS_ID @5 43626 #
integer_attrib-name_attrib-gen-attrib $-1 -1 $-1 $6356 $6249 2 1 1 1 1 1 1 1 1 1 1 1 1 1 0 1 1 1 @3 pid 8367 #
string_attrib-name_attrib-gen-attrib $-1 -1 $-1 $6359 $5585 2 1 2 1 1 1 1 1 1 1 1 1 1 1 0 1 1 1 @15 ATTRIB_XACIS_ID @5 43397 #
integer_attrib-name_attrib-gen-attrib $-1 -1 $-1 $6362 $6258 2 1 1 1 1 1 1 1 1 1 1 1 1 1 0 1 1 1 @3 pid 8405 #
edge $6485 -1 -1 $-1 $6007 0 $5402 0.079999999999978769 $6414 $6486 forward @7 tangent T -27.400000000004727 48.18999999999545 0.10999999999527217 -27.39999999999527 48.1900000000049 0.19000000000017164 #
integer_attrib-name_attrib-gen-attrib $-1 -1 $6487 $-1 $6366 2 0 0 1 1 1 1 1 1 1 1 1 1 1 0 1 1 1 @3 fif 0 #
cone-surface $-1 -1 -1 $-1 -27.479999999999997 48.189999999999998 0.1923840479626 0 0 -1 0 0.080000000000000071 0 1 I I -0 1 0.080000000000000071 reversed I I I I #
coedge $-1 -1 -1 $-1 $6461 $6408 $6368 $6440 forward $6395 $-1 #
edge $6488 -1 -1 $-1 $4914 0 $5724 0.33999999999999808 $6368 $6489 forward @7 unknown T -27.400000000000176 48.119999999999905 0.18999999999990341 -27.059999999999977 48.120000000000104 0.19000000000009659 #
integer_attrib-name_attrib-gen-attrib $-1 -1 $-1 $6369 $6269 2 1 1 1 1 1 1 1 1 1 1 1 1 1 0 1 1 1 @3 pid 8439 #
string_attrib-name_attrib-gen-attrib $-1 -1 $-1 $6371 $5595 2 1 2 1 1 1 1 1 1 1 1 1 1 1 0 1 1 1 @15 ATTRIB_XACIS_ID @5 41868 #
rgb_color-st-attrib $-1 -1 $6490 $6373 $5902 2 1 2 1 1 1 1 1 1 1 1 1 1 1 0 1 1 1 0.93699997663497925 0.7850000262260437 0 #
rh_material-rh_entity $-1 -1 4 4 @5 plain @5 color -4 1 1 1 @5 phong @14 ambient factor -2 1 @14 diffuse factor -2 0.75 @15 specular factor -2 0.5 @8 exponent -2 10 @14 specular color -4 1 1 1 @4 none @5 plain @5 color -4 0 0 0 #
string_attrib-name_attrib-gen-attrib $-1 -1 $-1 $6376 $5622 2 1 2 1 1 1 1 1 1 1 1 1 1 1 0 1 1 1 @15 ATTRIB_XACIS_ID @5 43516 #
coedge $-1 -1 -1 $-1 $6381 $6378 $6468 $6491 reversed $5934 $-1 #
edge $6492 -1 -1 $-1 $6470 0 $6449 0.82500000000000062 $6407 $6493 forward @7 unknown T -27.059999999999999 48.120000000000005 0.10999999999999971 -27.059999999999999 48.945000000000007 0.10999999999999999 #
named_attribute-st-attrib $-1 -1 $6494 $-1 $6380 1 1 1 1 1 1 1 1 1 1 1 1 1 1 0 1 1 1 @3 eif #
vertex $6495 -1 -1 $-1 $6397 $6496 #
straight-curve $-1 -1 -1 $-1 -27.059999999999999 48.945 0.10999999999999999 -1 0 0 F 0 F 0.33999999999999808 #
coedge $-1 -1 -1 $-1 $6415 $6414 $6381 $6410 forward $6416 $-1 #
render-rbase-attrib $-1 -1 $6497 $6383 $6141 1 1 1 1 1 1 1 1 1 1 1 1 0 1 0 1 1 1 $6498 $-1 0 2 0 -1 0 1 0 0 0 0 1 -36.899999999999999 52.719999999999999 0.079999999999999988 1 rotate no_reflect no_shear #
integer_attrib-name_attrib-gen-attrib $-1 -1 $6499 $6384 $6287 2 1 1 1 1 1 1 1 1 1 1 1 1 1 0 1 1 1 @3 pid 2928 #
string_attrib-name_attrib-gen-attrib $-1 -1 $-1 $6389 $5648 2 1 2 1 1 1 1 1 1 1 1 1 1 1 0 1 1 1 @15 ATTRIB_XACIS_ID @5 43881 #
rgb_color-st-attrib $-1 -1 $6500 $6391 $5948 2 1 2 1 1 1 1 1 1 1 1 1 1 1 0 1 1 1 0.93699997663497925 0.7850000262260437 0 #
rh_material-rh_entity $-1 -1 4 4 @5 plain @5 color -4 1 1 1 @5 phong @14 ambient factor -2 1 @14 diffuse factor -2 0.75 @15 specular factor -2 0.5 @8 exponent -2 10 @14 specular color -4 1 1 1 @4 none @5 plain @5 color -4 0 0 0 #
render-rbase-attrib $-1 -1 $6501 $6392 $6158 1 1 1 1 1 1 1 1 1 1 1 1 0 1 0 1 1 1 $6502 $-1 0 2 0 -1 0 1 0 0 0 0 1 -36.899999999999999 52.719999999999999 0.079999999999999988 1 rotate no_reflect no_shear #
integer_attrib-name_attrib-gen-attrib $-1 -1 $6503 $6393 $6300 2 1 1 1 1 1 1 1 1 1 1 1 1 1 0 1 1 1 @3 pid 2934 #
integer_attrib-name_attrib-gen-attrib $-1 -1 $6504 $-1 $6394 2 0 0 1 1 1 1 1 1 1 1 1 1 1 0 1 1 1 @3 fif 0 #
plane-surface $-1 -1 -1 $-1 -27.399999999999999 48.155000000000001 0.14999999999999 1 0 0 0 -1 0 forward_v I I I I #
coedge $-1 -1 -1 $-1 $6468 $6439 $6415 $6345 reversed $6395 $-1 #
named_attribute-st-attrib $-1 -1 $6505 $-1 $6397 1 1 1 1 1 1 1 1 1 1 1 1 1 1 0 1 1 1 @3 eif #
straight-curve $-1 -1 -1 $-1 -27.059999999999999 48.945 0.10999999999999971 0 0 1 F 0 F 0.079999999999980587 #
integer_attrib-name_attrib-gen-attrib $-1 -1 $-1 $6398 $6305 2 1 1 1 1 1 1 1 1 1 1 1 1 1 0 1 1 1 @3 pid 8428 #
string_attrib-name_attrib-gen-attrib $-1 -1 $-1 $6401 $5666 2 1 2 1 1 1 1 1 1 1 1 1 1 1 0 1 1 1 @15 ATTRIB_XACIS_ID @5 42581 #
rgb_color-st-attrib $-1 -1 $6506 $6403 $5959 2 1 2 1 1 1 1 1 1 1 1 1 1 1 0 1 1 1 0.73000001907348633 0.40000000596046448 0 #
rh_material-rh_entity $-1 -1 4 4 @5 plain @5 color -4 1 1 1 @5 phong @14 ambient factor -2 1 @14 diffuse factor -2 0.75 @15 specular factor -2 0.5 @8 exponent -2 10 @14 specular color -4 1 1 1 @4 none @5 plain @5 color -4 0 0 0 #
coedge $-1 -1 -1 $-1 $6408 $6461 $6446 $6491 forward $6395 $-1 #
named_attribute-st-attrib $-1 -1 $6507 $-1 $6409 1 1 1 1 1 1 1 1 1 1 1 1 1 1 0 1 1 1 @3 eif #
vertex $6508 -1 -1 $-1 $6447 $6509 #
straight-curve $-1 -1 -1 $-1 -27.059999999999999 48.120000000000005 0.10999999999999971 0 0 1 F 0 F 0.079999999999980587 #
named_attribute-st-attrib $-1 -1 $6510 $-1 $6410 1 1 1 1 1 1 1 1 1 1 1 1 1 1 0 1 1 1 @3 eif #
straight-curve $-1 -1 -1 $-1 -27.399999999999999 48.19000000000036 0.10999999999999999 0 -1 0 F 0 F 0.070000000000712603 #
string_attrib-name_attrib-gen-attrib $-1 -1 $-1 $6411 $5750 2 1 2 1 1 1 1 1 1 1 1 1 1 1 0 1 1 1 @15 ATTRIB_XACIS_ID @5 42772 #
string_attrib-name_attrib-gen-attrib $-1 -1 $-1 $6417 $5756 2 1 2 1 1 1 1 1 1 1 1 1 1 1 0 1 1 1 @15 ATTRIB_XACIS_ID @5 41805 #
integer_attrib-name_attrib-gen-attrib $-1 -1 $-1 $6419 $6333 2 1 1 1 1 1 1 1 1 1 1 1 1 1 0 1 1 1 @3 pid 8431 #
string_attrib-name_attrib-gen-attrib $-1 -1 $-1 $6422 $5780 2 1 2 1 1 1 1 1 1 1 1 1 1 1 0 1 1 1 @15 ATTRIB_XACIS_ID @5 43311 #
rgb_color-st-attrib $-1 -1 $6511 $6424 $6033 2 1 2 1 1 1 1 1 1 1 1 1 1 1 0 1 1 1 0.93699997663497925 0.7850000262260437 0 #
rh_material-rh_entity $-1 -1 4 4 @5 plain @5 color -4 1 1 1 @5 phong @14 ambient factor -2 1 @14 diffuse factor -2 0.75 @15 specular factor -2 0.5 @8 exponent -2 10 @14 specular color -4 1 1 1 @4 none @5 plain @5 color -4 0 0 0 #
render-rbase-attrib $-1 -1 $6512 $6425 $6213 1 1 1 1 1 1 1 1 1 1 1 1 0 1 0 1 1 1 $6513 $-1 0 2 0 -1 0 1 0 0 0 0 1 -36.899999999999999 52.719999999999999 0.079999999999999988 1 rotate no_reflect no_shear #
rgb_color-st-attrib $-1 -1 $6514 $6426 $6045 2 1 2 1 1 1 1 1 1 1 1 1 1 1 0 1 1 1 0.73000001907348633 0.40000000596046448 0 #
rh_material-rh_entity $-1 -1 4 4 @5 plain @5 color -4 1 1 1 @5 phong @14 ambient factor -2 1 @14 diffuse factor -2 0.75 @15 specular factor -2 0.5 @8 exponent -2 10 @14 specular color -4 1 1 1 @4 none @5 plain @5 color -4 0 0 0 #
integer_attrib-name_attrib-gen-attrib $-1 -1 $-1 $6427 $6345 2 1 1 1 1 1 1 1 1 1 1 1 1 1 0 1 1 1 @3 pid 8434 #
integer_attrib-name_attrib-gen-attrib $-1 -1 $-1 $6429 $6348 2 1 1 1 1 1 1 1 1 1 1 1 1 1 0 1 1 1 @3 pid 8404 #
named_attribute-st-attrib $-1 -1 $6515 $-1 $6436 1 1 1 1 1 1 1 1 1 1 1 1 1 1 0 1 1 1 @3 eif #
straight-curve $-1 -1 -1 $-1 -27.399999999999999 48.189999999999991 0.11000000000000018 0 0 1 F 0 F 0.079999999999978769 #
integer_attrib-name_attrib-gen-attrib $-1 -1 $6516 $6437 $6366 2 1 1 1 1 1 1 1 1 1 1 1 1 1 0 1 1 1 @3 pid 2936 #
named_attribute-st-attrib $-1 -1 $6517 $-1 $6440 1 1 1 1 1 1 1 1 1 1 1 1 1 1 0 1 1 1 @3 eif #
straight-curve $-1 -1 -1 $-1 -27.060000000000002 48.120000000000005 0.19 -1 0 0 F 0 F 0.33999999999999808 #
string_attrib-name_attrib-gen-attrib $-1 -1 $-1 $6443 $5902 2 1 2 1 1 1 1 1 1 1 1 1 1 1 0 1 1 1 @15 ATTRIB_XACIS_ID @5 43472 #
edge $6518 -1 -1 $-1 $5795 0 $6470 0.33999999999999808 $6468 $6519 forward @7 unknown T -27.400000000000126 48.119999999999933 0.10999999999993766 -27.059999999999999 48.120000000000061 0.11000000000006231 #
named_attribute-st-attrib $-1 -1 $6520 $-1 $6447 1 1 1 1 1 1 1 1 1 1 1 1 1 1 0 1 1 1 @3 eif #
straight-curve $-1 -1 -1 $-1 -27.059999999999999 48.120000000000005 0.10999999999999999 0 1 0 F 0 F 0.82500000000000062 #
integer_attrib-name_attrib-gen-attrib $-1 -1 $-1 $6448 $6380 2 1 1 1 1 1 1 1 1 1 1 1 1 1 0 1 1 1 @3 pid 8400 #
integer_attrib-name_attrib-gen-attrib $-1 -1 $-1 $-1 $6449 2 1 1 1 1 1 1 1 1 1 1 1 1 1 0 1 1 1 @3 pid 5094 #
point $-1 -1 -1 $-1 -27.059999999999999 48.945 0.10999999999999971 #
rgb_color-st-attrib $-1 -1 $6521 $6452 $6141 2 1 2 1 1 1 1 1 1 1 1 1 1 1 0 1 1 1 0.93699997663497925 0.7850000262260437 0 #
rh_material-rh_entity $-1 -1 4 4 @5 plain @5 color -4 1 1 1 @5 phong @14 ambient factor -2 1 @14 diffuse factor -2 0.75 @15 specular factor -2 0.5 @8 exponent -2 10 @14 specular color -4 1 1 1 @4 none @5 plain @5 color -4 0 0 0 #
render-rbase-attrib $-1 -1 $6522 $6453 $6287 1 1 1 1 1 1 1 1 1 1 1 1 0 1 0 1 1 1 $6523 $-1 0 2 0 -1 0 1 0 0 0 0 1 -36.899999999999999 52.719999999999999 0.079999999999999988 1 rotate no_reflect no_shear #
string_attrib-name_attrib-gen-attrib $-1 -1 $-1 $6455 $5948 2 1 2 1 1 1 1 1 1 1 1 1 1 1 0 1 1 1 @15 ATTRIB_XACIS_ID @5 41107 #
rgb_color-st-attrib $-1 -1 $6524 $6457 $6158 2 1 2 1 1 1 1 1 1 1 1 1 1 1 0 1 1 1 0.93699997663497925 0.7850000262260437 0 #
rh_material-rh_entity $-1 -1 4 4 @5 plain @5 color -4 1 1 1 @5 phong @14 ambient factor -2 1 @14 diffuse factor -2 0.75 @15 specular factor -2 0.5 @8 exponent -2 10 @14 specular color -4 1 1 1 @4 none @5 plain @5 color -4 0 0 0 #
render-rbase-attrib $-1 -1 $6525 $6458 $6300 1 1 1 1 1 1 1 1 1 1 1 1 0 1 0 1 1 1 $6526 $-1 0 2 0 -1 0 1 0 0 0 0 1 -36.899999999999999 52.719999999999999 0.079999999999999988 1 rotate no_reflect no_shear #
integer_attrib-name_attrib-gen-attrib $-1 -1 $6527 $6459 $6394 2 1 1 1 1 1 1 1 1 1 1 1 1 1 0 1 1 1 @3 pid 2935 #
integer_attrib-name_attrib-gen-attrib $-1 -1 $-1 $6462 $6397 2 1 1 1 1 1 1 1 1 1 1 1 1 1 0 1 1 1 @3 pid 8430 #
string_attrib-name_attrib-gen-attrib $-1 -1 $-1 $6466 $5959 2 1 2 1 1 1 1 1 1 1 1 1 1 1 0 1 1 1 @15 ATTRIB_XACIS_ID @5 44872 #
integer_attrib-name_attrib-gen-attrib $-1 -1 $-1 $6469 $6409 2 1 1 1 1 1 1 1 1 1 1 1 1 1 0 1 1 1 @3 pid 8432 #
integer_attrib-name_attrib-gen-attrib $-1 -1 $-1 $-1 $6470 2 1 1 1 1 1 1 1 1 1 1 1 1 1 0 1 1 1 @3 pid 5095 #
point $-1 -1 -1 $-1 -27.059999999999999 48.120000000000005 0.10999999999999971 #
integer_attrib-name_attrib-gen-attrib $-1 -1 $-1 $6472 $6410 2 1 1 1 1 1 1 1 1 1 1 1 1 1 0 1 1 1 @3 pid 8403 #
string_attrib-name_attrib-gen-attrib $-1 -1 $-1 $6478 $6033 2 1 2 1 1 1 1 1 1 1 1 1 1 1 0 1 1 1 @15 ATTRIB_XACIS_ID @5 40614 #
rgb_color-st-attrib $-1 -1 $6528 $6480 $6213 2 1 2 1 1 1 1 1 1 1 1 1 1 1 0 1 1 1 0.93699997663497925 0.7850000262260437 0 #
rh_material-rh_entity $-1 -1 4 4 @5 plain @5 color -4 1 1 1 @5 phong @14 ambient factor -2 1 @14 diffuse factor -2 0.75 @15 specular factor -2 0.5 @8 exponent -2 10 @14 specular color -4 1 1 1 @4 none @5 plain @5 color -4 0 0 0 #
string_attrib-name_attrib-gen-attrib $-1 -1 $-1 $6481 $6045 2 1 2 1 1 1 1 1 1 1 1 1 1 1 0 1 1 1 @15 ATTRIB_XACIS_ID @5 44844 #
integer_attrib-name_attrib-gen-attrib $-1 -1 $-1 $6485 $6436 2 1 1 1 1 1 1 1 1 1 1 1 1 1 0 1 1 1 @3 pid 8436 #
render-rbase-attrib $-1 -1 $6529 $6487 $6366 1 1 1 1 1 1 1 1 1 1 1 1 0 1 0 1 1 1 $6530 $-1 0 2 0 -1 0 1 0 0 0 0 1 -36.899999999999999 52.719999999999999 0.079999999999999988 1 rotate no_reflect no_shear #
integer_attrib-name_attrib-gen-attrib $-1 -1 $-1 $6488 $6440 2 1 1 1 1 1 1 1 1 1 1 1 1 1 0 1 1 1 @3 pid 8435 #
named_attribute-st-attrib $-1 -1 $6531 $-1 $6491 1 1 1 1 1 1 1 1 1 1 1 1 1 1 0 1 1 1 @3 eif #
straight-curve $-1 -1 -1 $-1 -27.399999999999999 48.120000000000005 0.10999999999999999 1 0 0 F 0 F 0.33999999999999808 #
integer_attrib-name_attrib-gen-attrib $-1 -1 $-1 $6492 $6447 2 1 1 1 1 1 1 1 1 1 1 1 1 1 0 1 1 1 @3 pid 8401 #
string_attrib-name_attrib-gen-attrib $-1 -1 $-1 $6497 $6141 2 1 2 1 1 1 1 1 1 1 1 1 1 1 0 1 1 1 @15 ATTRIB_XACIS_ID @5 44108 #
rgb_color-st-attrib $-1 -1 $6532 $6499 $6287 2 1 2 1 1 1 1 1 1 1 1 1 1 1 0 1 1 1 0.93699997663497925 0.7850000262260437 0 #
rh_material-rh_entity $-1 -1 4 4 @5 plain @5 color -4 1 1 1 @5 phong @14 ambient factor -2 1 @14 diffuse factor -2 0.75 @15 specular factor -2 0.5 @8 exponent -2 10 @14 specular color -4 1 1 1 @4 none @5 plain @5 color -4 0 0 0 #
string_attrib-name_attrib-gen-attrib $-1 -1 $-1 $6501 $6158 2 1 2 1 1 1 1 1 1 1 1 1 1 1 0 1 1 1 @15 ATTRIB_XACIS_ID @5 42743 #
rgb_color-st-attrib $-1 -1 $6533 $6503 $6300 2 1 2 1 1 1 1 1 1 1 1 1 1 1 0 1 1 1 0.93699997663497925 0.7850000262260437 0 #
rh_material-rh_entity $-1 -1 4 4 @5 plain @5 color -4 1 1 1 @5 phong @14 ambient factor -2 1 @14 diffuse factor -2 0.75 @15 specular factor -2 0.5 @8 exponent -2 10 @14 specular color -4 1 1 1 @4 none @5 plain @5 color -4 0 0 0 #
render-rbase-attrib $-1 -1 $6534 $6504 $6394 1 1 1 1 1 1 1 1 1 1 1 1 0 1 0 1 1 1 $6535 $-1 0 2 0 -1 0 1 0 0 0 0 1 -36.899999999999999 52.719999999999999 0.079999999999999988 1 rotate no_reflect no_shear #
string_attrib-name_attrib-gen-attrib $-1 -1 $-1 $6512 $6213 2 1 2 1 1 1 1 1 1 1 1 1 1 1 0 1 1 1 @15 ATTRIB_XACIS_ID @5 45499 #
rgb_color-st-attrib $-1 -1 $6536 $6516 $6366 2 1 2 1 1 1 1 1 1 1 1 1 1 1 0 1 1 1 0.93699997663497925 0.7850000262260437 0 #
rh_material-rh_entity $-1 -1 4 4 @5 plain @5 color -4 1 1 1 @5 phong @14 ambient factor -2 1 @14 diffuse factor -2 0.75 @15 specular factor -2 0.5 @8 exponent -2 10 @14 specular color -4 1 1 1 @4 none @5 plain @5 color -4 0 0 0 #
integer_attrib-name_attrib-gen-attrib $-1 -1 $-1 $6518 $6491 2 1 1 1 1 1 1 1 1 1 1 1 1 1 0 1 1 1 @3 pid 8402 #
string_attrib-name_attrib-gen-attrib $-1 -1 $-1 $6522 $6287 2 1 2 1 1 1 1 1 1 1 1 1 1 1 0 1 1 1 @15 ATTRIB_XACIS_ID @5 40420 #
string_attrib-name_attrib-gen-attrib $-1 -1 $-1 $6525 $6300 2 1 2 1 1 1 1 1 1 1 1 1 1 1 0 1 1 1 @15 ATTRIB_XACIS_ID @5 42608 #
rgb_color-st-attrib $-1 -1 $6537 $6527 $6394 2 1 2 1 1 1 1 1 1 1 1 1 1 1 0 1 1 1 0.93699997663497925 0.7850000262260437 0 #
rh_material-rh_entity $-1 -1 4 4 @5 plain @5 color -4 1 1 1 @5 phong @14 ambient factor -2 1 @14 diffuse factor -2 0.75 @15 specular factor -2 0.5 @8 exponent -2 10 @14 specular color -4 1 1 1 @4 none @5 plain @5 color -4 0 0 0 #
string_attrib-name_attrib-gen-attrib $-1 -1 $-1 $6529 $6366 2 1 2 1 1 1 1 1 1 1 1 1 1 1 0 1 1 1 @15 ATTRIB_XACIS_ID @5 42660 #
string_attrib-name_attrib-gen-attrib $-1 -1 $-1 $6534 $6394 2 1 2 1 1 1 1 1 1 1 1 1 1 1 0 1 1 1 @15 ATTRIB_XACIS_ID @5 40722 #
End-of-ACIS-data 